Descri??o do Alimento,GRUPO,Medida Caseira,Gramas
Aba de filé  cru(a),CARNE BOVINA,File,100
Aba de filé  cru(a),CARNE BOVINA,Bife,100
Aba de filé  cru(a),CARNE BOVINA,Fatia,90
Aba de filé  cru(a),CARNE BOVINA,Pedaço,35
Aba de filé  cru(a),CARNE BOVINA,Porção,75
Aba de filé  cru(a),CARNE BOVINA,Colher de Arroz,70
Aba de filé  cru(a),CARNE BOVINA,Colher de Sopa,30
Aba de filé  cru(a),CARNE BOVINA,Concha,140
Aba de filé  cru(a),CARNE BOVINA,Escumadeira,70
Aba de filé  frito(a),CARNE BOVINA,File,100
Aba de filé  frito(a),CARNE BOVINA,Bife,100
Aba de filé  frito(a),CARNE BOVINA,Fatia,90
Aba de filé  frito(a),CARNE BOVINA,Pedaço,35
Aba de filé  frito(a),CARNE BOVINA,Porção,75
Aba de filé  frito(a),CARNE BOVINA,Colher de Arroz,70
Aba de filé  frito(a),CARNE BOVINA,Colher de Sopa,30
Aba de filé  frito(a),CARNE BOVINA,Concha,140
Aba de filé  frito(a),CARNE BOVINA,Escumadeira,70
Aba de filé  grelhado(a)/brasa/churrasco,CARNE BOVINA,File,100
Aba de filé  grelhado(a)/brasa/churrasco,CARNE BOVINA,Bife,100
Aba de filé  grelhado(a)/brasa/churrasco,CARNE BOVINA,Fatia,90
Aba de filé  grelhado(a)/brasa/churrasco,CARNE BOVINA,Pedaço,35
Aba de filé  grelhado(a)/brasa/churrasco,CARNE BOVINA,Porção,75
Aba de filé  grelhado(a)/brasa/churrasco,CARNE BOVINA,Colher de Arroz,70
Aba de filé  grelhado(a)/brasa/churrasco,CARNE BOVINA,Colher de Sopa,30
Aba de filé  grelhado(a)/brasa/churrasco,CARNE BOVINA,Concha,140
Aba de filé  grelhado(a)/brasa/churrasco,CARNE BOVINA,Escumadeira,70
Abacate (IBGE),OLEAGINOSAS,Pedaço,22
Abacate (IBGE),OLEAGINOSAS,Porção,45
Abacate (IBGE),OLEAGINOSAS,Colher de Sopa,45
Abacate (IBGE),OLEAGINOSAS,Copo Grande,200
Abacate (IBGE),OLEAGINOSAS,Unidade,430
Abacate (IBGE),OLEAGINOSAS,Unidade Pequena,370
Abacate (IBGE),OLEAGINOSAS,Metade,215
Abacate (IBGE),OLEAGINOSAS,Banda,215
Abacate (Tucunduva),,Pedaço,22
Abacate (Tucunduva),,Porção,45
Abacate (Tucunduva),,Colher de Sopa,45
Abacate (Tucunduva),,Copo Grande,200
Abacate (Tucunduva),,Unidade,430
Abacate (Tucunduva),,Unidade Pequena,370
Abacate (Tucunduva),,Metade,215
Abacate (Tucunduva),,Banda,215
"Abacate, cru",,Pedaço,22
"Abacate, cru",,Porção,45
"Abacate, cru",,Colher de Sopa,45
"Abacate, cru",,Copo Grande,200
"Abacate, cru",,Unidade,430
"Abacate, cru",,Unidade Pequena,370
"Abacate, cru",,Metade,215
"Abacate, cru",,Banda,215
Abacaxi (IBGE),FRUTAS/SUCOS/VITAMINAS,Fatia,75
Abacaxi (IBGE),FRUTAS/SUCOS/VITAMINAS,Pedaço,11
Abacaxi (IBGE),FRUTAS/SUCOS/VITAMINAS,Unidade,750
Abacaxi (IBGE),FRUTAS/SUCOS/VITAMINAS,Unidade Pequena,480
Abacaxi (IBGE),FRUTAS/SUCOS/VITAMINAS,Metade,375
Abacaxi (IBGE),FRUTAS/SUCOS/VITAMINAS,Banda,375
Abacaxi (Tucunduva),,Fatia,75
Abacaxi (Tucunduva),,Pedaço,11
Abacaxi (Tucunduva),,Unidade,750
Abacaxi (Tucunduva),,Unidade Pequena,480
Abacaxi (Tucunduva),,Metade,375
Abacaxi (Tucunduva),,Banda,375
"Abacaxi e melão, suco natural, c/ açúcar refinado",,Copo Americano,150
"Abacaxi e melão, suco natural, c/ açúcar refinado",,Copo Médio,240
"Abacaxi e melão, suco natural, c/ açúcar refinado",,Copo Grande,300
"Abacaxi e melão, suco natural, c/ açúcar refinado",,Garrafa 200ml,200
"Abacaxi e melão, suco natural, c/ açúcar refinado",,Caneca,300
"Abacaxi e melão, suco natural, s/ açúcar",,Copo Americano,150
"Abacaxi e melão, suco natural, s/ açúcar",,Copo Médio,240
"Abacaxi e melão, suco natural, s/ açúcar",,Copo Grande,300
"Abacaxi e melão, suco natural, s/ açúcar",,Garrafa 200ml,200
"Abacaxi e melão, suco natural, s/ açúcar",,Caneca,300
"Abacaxi, banana e cenoura, suco natural (néctar), c/ açúcar refinado",,Copo Americano,150
"Abacaxi, banana e cenoura, suco natural (néctar), c/ açúcar refinado",,Copo Médio,240
"Abacaxi, banana e cenoura, suco natural (néctar), c/ açúcar refinado",,Copo Grande,300
"Abacaxi, banana e cenoura, suco natural (néctar), c/ açúcar refinado",,Garrafa 200ml,200
"Abacaxi, banana e cenoura, suco natural (néctar), c/ açúcar refinado",,Caneca,300
"Abacaxi, banana e cenoura, suco natural (néctar), s/ açúcar",,Copo Americano,150
"Abacaxi, banana e cenoura, suco natural (néctar), s/ açúcar",,Copo Médio,240
"Abacaxi, banana e cenoura, suco natural (néctar), s/ açúcar",,Copo Grande,300
"Abacaxi, banana e cenoura, suco natural (néctar), s/ açúcar",,Garrafa 200ml,200
"Abacaxi, banana e cenoura, suco natural (néctar), s/ açúcar",,Caneca,300
"Abacaxi, cru",,Fatia,75
"Abacaxi, cru",,Pedaço,11
"Abacaxi, cru",,Unidade,750
"Abacaxi, cru",,Unidade Pequena,480
"Abacaxi, cru",,Metade,375
"Abacaxi, cru",,Banda,375
"Abacaxi, maracujá e caju, suco natural (néctar), c/ açúcar refinado",,Copo Americano,150
"Abacaxi, maracujá e caju, suco natural (néctar), c/ açúcar refinado",,Copo Médio,240
"Abacaxi, maracujá e caju, suco natural (néctar), c/ açúcar refinado",,Copo Grande,300
"Abacaxi, maracujá e caju, suco natural (néctar), c/ açúcar refinado",,Garrafa 200ml,200
"Abacaxi, maracujá e caju, suco natural (néctar), c/ açúcar refinado",,Caneca,300
"Abacaxi, maracujá e caju, suco natural, s/ açúcar",,Copo Americano,150
"Abacaxi, maracujá e caju, suco natural, s/ açúcar",,Copo Médio,240
"Abacaxi, maracujá e caju, suco natural, s/ açúcar",,Copo Grande,300
"Abacaxi, maracujá e caju, suco natural, s/ açúcar",,Garrafa 200ml,200
"Abacaxi, maracujá e caju, suco natural, s/ açúcar",,Caneca,300
"Abacaxi, melão e maracujá, suco natural (néctar), c/ açúcar refinado",,Copo Americano,150
"Abacaxi, melão e maracujá, suco natural (néctar), c/ açúcar refinado",,Copo Médio,240
"Abacaxi, melão e maracujá, suco natural (néctar), c/ açúcar refinado",,Copo Grande,300
"Abacaxi, melão e maracujá, suco natural (néctar), c/ açúcar refinado",,Garrafa 200ml,200
"Abacaxi, melão e maracujá, suco natural (néctar), c/ açúcar refinado",,Caneca,300
"Abacaxi, melão e maracujá, suco natural (néctar), s/ açúcar",,Copo Americano,150
"Abacaxi, melão e maracujá, suco natural (néctar), s/ açúcar",,Copo Médio,240
"Abacaxi, melão e maracujá, suco natural (néctar), s/ açúcar",,Copo Grande,300
"Abacaxi, melão e maracujá, suco natural (néctar), s/ açúcar",,Garrafa 200ml,200
"Abacaxi, melão e maracujá, suco natural (néctar), s/ açúcar",,Caneca,300
"Abacaxi, suco natural (néctar), c/ açúcar refinado",,Copo Americano,150
"Abacaxi, suco natural (néctar), c/ açúcar refinado",,Copo Médio,240
"Abacaxi, suco natural (néctar), c/ açúcar refinado",,Copo Grande,300
"Abacaxi, suco natural (néctar), c/ açúcar refinado",,Garrafa 200ml,200
"Abacaxi, suco natural (néctar), c/ açúcar refinado",,Caneca,300
"Abacaxi, suco natural (néctar), s/ açúcar",,Copo Americano,150
"Abacaxi, suco natural (néctar), s/ açúcar",,Copo Médio,240
"Abacaxi, suco natural (néctar), s/ açúcar",,Copo Grande,300
"Abacaxi, suco natural (néctar), s/ açúcar",,Garrafa 200ml,200
"Abacaxi, suco natural (néctar), s/ açúcar",,Caneca,300
Abóbora,VERDURAS,Fatia,50
Abóbora,VERDURAS,Pedaço,50
Abóbora,VERDURAS,Porção,70
Abóbora,VERDURAS,Colher de Arroz,72
Abóbora,VERDURAS,Colher de Sopa,36
Abóbora,VERDURAS,Concha,100
Abóbora,VERDURAS,Escumadeira,100
Abóbora,VERDURAS,Colher de Sobremesa,18
Abóbora,VERDURAS,Pegador,36
Abóbora,VERDURAS,Prato Fundo,280
Abóbora,VERDURAS,Prato Raso,140
Abóbora,VERDURAS,Tigela,100
Abóbora assado(a),VERDURAS,Fatia,50
Abóbora assado(a),VERDURAS,Pedaço,50
Abóbora com quiabo,VERDURAS,Colher de Arroz,78
Abóbora com quiabo,VERDURAS,Colher de Sopa,20
Abóbora com quiabo,VERDURAS,Concha,103
Abóbora cozido(a),VERDURAS,Fatia,50
Abóbora cozido(a),VERDURAS,Pedaço,50
Abóbora cozido(a),VERDURAS,Porção,70
Abóbora cozido(a),VERDURAS,Colher de Arroz,72
Abóbora cozido(a),VERDURAS,Colher de Sopa,36
Abóbora cozido(a),VERDURAS,Concha,100
Abóbora cozido(a),VERDURAS,Escumadeira,100
Abóbora cozido(a),VERDURAS,Colher de Sobremesa,18
Abóbora cozido(a),VERDURAS,Pegador,36
Abóbora cozido(a),VERDURAS,Prato Fundo,280
Abóbora cozido(a),VERDURAS,Prato Raso,140
Abóbora cozido(a),VERDURAS,Tigela,100
Abóbora cru(a),VERDURAS,Fatia,50
Abóbora cru(a),VERDURAS,Pedaço,50
Abóbora cru(a),VERDURAS,Porção,70
Abóbora cru(a),VERDURAS,Colher de Arroz,72
Abóbora cru(a),VERDURAS,Colher de Sopa,36
Abóbora cru(a),VERDURAS,Concha,100
Abóbora cru(a),VERDURAS,Escumadeira,100
Abóbora cru(a),VERDURAS,Colher de Sobremesa,18
Abóbora cru(a),VERDURAS,Pegador,36
Abóbora cru(a),VERDURAS,Prato Fundo,280
Abóbora cru(a),VERDURAS,Prato Raso,140
Abóbora cru(a),VERDURAS,Tigela,100
Abóbora ensopado,VERDURAS,Fatia,50
Abóbora ensopado,VERDURAS,Pedaço,50
Abóbora ensopado,VERDURAS,Porção,70
Abóbora ensopado,VERDURAS,Colher de Arroz,72
Abóbora ensopado,VERDURAS,Colher de Sopa,36
Abóbora ensopado,VERDURAS,Concha,100
Abóbora ensopado,VERDURAS,Escumadeira,100
Abóbora ensopado,VERDURAS,Colher de Sobremesa,18
Abóbora ensopado,VERDURAS,Pegador,36
Abóbora ensopado,VERDURAS,Prato Fundo,280
Abóbora ensopado,VERDURAS,Prato Raso,140
Abóbora ensopado,VERDURAS,Tigela,100
Abóbora frito(a),VERDURAS,Pedaço,50
Abóbora frito(a),VERDURAS,Porção,70
Abóbora frito(a),VERDURAS,Colher de Sopa,36
Abóbora molho vermelho,VERDURAS,Fatia,50
Abóbora molho vermelho,VERDURAS,Pedaço,50
Abóbora molho vermelho,VERDURAS,Porção,70
Abóbora molho vermelho,VERDURAS,Colher de Arroz,72
Abóbora molho vermelho,VERDURAS,Colher de Sopa,36
Abóbora molho vermelho,VERDURAS,Concha,100
Abóbora molho vermelho,VERDURAS,Escumadeira,100
Abóbora molho vermelho,VERDURAS,Colher de Sobremesa,18
Abóbora molho vermelho,VERDURAS,Pegador,36
Abóbora molho vermelho,VERDURAS,Prato Fundo,280
Abóbora molho vermelho,VERDURAS,Prato Raso,140
Abóbora molho vermelho,VERDURAS,Tigela,100
Abóbora refogado(a),VERDURAS,Fatia,50
Abóbora refogado(a),VERDURAS,Pedaço,50
Abóbora refogado(a),VERDURAS,Porção,70
Abóbora refogado(a),VERDURAS,Colher de Arroz,72
Abóbora refogado(a),VERDURAS,Colher de Sopa,36
Abóbora refogado(a),VERDURAS,Concha,100
Abóbora refogado(a),VERDURAS,Escumadeira,100
Abóbora refogado(a),VERDURAS,Colher de Sobremesa,18
Abóbora refogado(a),VERDURAS,Pegador,36
Abóbora refogado(a),VERDURAS,Prato Fundo,280
Abóbora refogado(a),VERDURAS,Prato Raso,140
Abóbora refogado(a),VERDURAS,Tigela,100
"Abóbora, cabotian, cozida",,Fatia,50
"Abóbora, cabotian, cozida",,Pedaço,50
"Abóbora, cabotian, cozida",,Porção,70
"Abóbora, cabotian, cozida",,Colher de Arroz,72
"Abóbora, cabotian, cozida",,Colher de Sopa,36
"Abóbora, cabotian, cozida",,Concha,100
"Abóbora, cabotian, cozida",,Escumadeira,100
"Abóbora, cabotian, cozida",,Colher de Sobremesa,18
"Abóbora, cabotian, cozida",,Pegador,36
"Abóbora, cabotian, cozida",,Prato Fundo,280
"Abóbora, cabotian, cozida",,Prato Raso,140
"Abóbora, cabotian, cozida",,Tigela,100
"Abóbora, cabotian, crua",,Fatia,50
"Abóbora, cabotian, crua",,Pedaço,50
"Abóbora, cabotian, crua",,Porção,70
"Abóbora, cabotian, crua",,Colher de Arroz,72
"Abóbora, cabotian, crua",,Colher de Sopa,36
"Abóbora, cabotian, crua",,Concha,100
"Abóbora, cabotian, crua",,Escumadeira,100
"Abóbora, cabotian, crua",,Colher de Sobremesa,18
"Abóbora, cabotian, crua",,Pegador,36
"Abóbora, cabotian, crua",,Prato Fundo,280
"Abóbora, cabotian, crua",,Prato Raso,140
"Abóbora, cabotian, crua",,Tigela,100
"Abóbora, menina brasileira, crua",,Fatia,50
"Abóbora, menina brasileira, crua",,Pedaço,50
"Abóbora, menina brasileira, crua",,Porção,70
"Abóbora, menina brasileira, crua",,Colher de Arroz,72
"Abóbora, menina brasileira, crua",,Colher de Sopa,36
"Abóbora, menina brasileira, crua",,Concha,100
"Abóbora, menina brasileira, crua",,Escumadeira,100
"Abóbora, menina brasileira, crua",,Colher de Sobremesa,18
"Abóbora, menina brasileira, crua",,Pegador,36
"Abóbora, menina brasileira, crua",,Prato Fundo,280
"Abóbora, menina brasileira, crua",,Prato Raso,140
"Abóbora, menina brasileira, crua",,Tigela,100
"Abóbora, moranga, crua",,Fatia,50
"Abóbora, moranga, crua",,Pedaço,50
"Abóbora, moranga, crua",,Porção,70
"Abóbora, moranga, crua",,Colher de Arroz,72
"Abóbora, moranga, crua",,Colher de Sopa,36
"Abóbora, moranga, crua",,Concha,100
"Abóbora, moranga, crua",,Escumadeira,100
"Abóbora, moranga, crua",,Colher de Sobremesa,18
"Abóbora, moranga, crua",,Pegador,36
"Abóbora, moranga, crua",,Prato Fundo,280
"Abóbora, moranga, crua",,Prato Raso,140
"Abóbora, moranga, crua",,Tigela,100
"Abóbora, moranga, refogada",,Fatia,50
"Abóbora, moranga, refogada",,Pedaço,50
"Abóbora, moranga, refogada",,Porção,70
"Abóbora, moranga, refogada",,Colher de Arroz,72
"Abóbora, moranga, refogada",,Colher de Sopa,36
"Abóbora, moranga, refogada",,Concha,100
"Abóbora, moranga, refogada",,Escumadeira,100
"Abóbora, pescoço, crua",,Fatia,50
"Abóbora, pescoço, crua",,Pedaço,50
"Abóbora, pescoço, crua",,Porção,70
"Abóbora, pescoço, crua",,Colher de Arroz,72
"Abóbora, pescoço, crua",,Colher de Sopa,36
"Abóbora, pescoço, crua",,Concha,100
"Abóbora, pescoço, crua",,Escumadeira,100
"Abóbora, pescoço, crua",,Colher de Sobremesa,18
"Abóbora, pescoço, crua",,Pegador,36
"Abóbora, pescoço, crua",,Prato Fundo,280
"Abóbora, pescoço, crua",,Prato Raso,140
"Abóbora, pescoço, crua",,Tigela,100
Abóbora-kabotcha (crua),,Fatia,50
Abóbora-kabotcha (crua),,Pedaço,50
Abóbora-kabotcha (crua),,Porção,70
Abóbora-kabotcha (crua),,Colher de Arroz,72
Abóbora-kabotcha (crua),,Colher de Sopa,36
Abóbora-kabotcha (crua),,Concha,100
Abóbora-kabotcha (crua),,Escumadeira,100
Abóbora-kabotcha (crua),,Colher de Sobremesa,18
Abóbora-kabotcha (crua),,Pegador,36
Abóbora-kabotcha (crua),,Prato Fundo,280
Abóbora-kabotcha (crua),,Prato Raso,140
Abóbora-kabotcha (crua),,Tigela,100
Abóbora-moranga (cozida),,Fatia,50
Abóbora-moranga (cozida),,Pedaço,50
Abóbora-moranga (cozida),,Porção,70
Abóbora-moranga (cozida),,Colher de Arroz,72
Abóbora-moranga (cozida),,Colher de Sopa,36
Abóbora-moranga (cozida),,Concha,100
Abóbora-moranga (cozida),,Escumadeira,100
Abóbora-moranga (cozida),,Colher de Sobremesa,18
Abóbora-moranga (cozida),,Pegador,36
Abóbora-moranga (cozida),,Prato Fundo,280
Abóbora-moranga (cozida),,Prato Raso,140
Abóbora-moranga (cozida),,Tigela,100
Abóbora-moranga (crua),,Fatia,50
Abóbora-moranga (crua),,Pedaço,50
Abóbora-moranga (crua),,Porção,70
Abóbora-moranga (crua),,Colher de Arroz,72
Abóbora-moranga (crua),,Colher de Sopa,36
Abóbora-moranga (crua),,Concha,100
Abóbora-moranga (crua),,Escumadeira,100
Abóbora-moranga (crua),,Colher de Sobremesa,18
Abóbora-moranga (crua),,Pegador,36
Abóbora-moranga (crua),,Prato Fundo,280
Abóbora-moranga (crua),,Prato Raso,140
Abóbora-moranga (crua),,Tigela,100
Abobrinha assado(a),VERDURAS,Fatia,61
Abobrinha assado(a),VERDURAS,Pedaço,17
Abobrinha assado(a),VERDURAS,Porção,57
Abobrinha cozido(a),VERDURAS,Fatia,61
Abobrinha cozido(a),VERDURAS,Pedaço,17
Abobrinha cozido(a),VERDURAS,Porção,57
Abobrinha cozido(a),VERDURAS,Colher de Arroz,70
Abobrinha cozido(a),VERDURAS,Colher de Sopa,30
Abobrinha cozido(a),VERDURAS,Concha,90
Abobrinha cozido(a),VERDURAS,Escumadeira,90
Abobrinha cozido(a),VERDURAS,Pegador,30
Abobrinha cozido(a),VERDURAS,Unidade,335
Abobrinha cru(a),VERDURAS,Fatia,61
Abobrinha cru(a),VERDURAS,Pedaço,17
Abobrinha cru(a),VERDURAS,Porção,57
Abobrinha cru(a),VERDURAS,Colher de Arroz,70
Abobrinha cru(a),VERDURAS,Colher de Sopa,30
Abobrinha cru(a),VERDURAS,Concha,90
Abobrinha cru(a),VERDURAS,Escumadeira,90
Abobrinha cru(a),VERDURAS,Pegador,30
Abobrinha cru(a),VERDURAS,Unidade,335
Abobrinha empanado(a)/a milanesa,VERDURAS,Fatia,61
Abobrinha empanado(a)/a milanesa,VERDURAS,Porção,57
Abobrinha empanado(a)/a milanesa,VERDURAS,Concha,90
Abobrinha ensopado,VERDURAS,Fatia,61
Abobrinha ensopado,VERDURAS,Pedaço,17
Abobrinha ensopado,VERDURAS,Porção,57
Abobrinha ensopado,VERDURAS,Colher de Arroz,70
Abobrinha ensopado,VERDURAS,Colher de Sopa,30
Abobrinha ensopado,VERDURAS,Concha,90
Abobrinha ensopado,VERDURAS,Escumadeira,90
Abobrinha ensopado,VERDURAS,Pegador,30
Abobrinha ensopado,VERDURAS,Unidade,335
Abobrinha frito(a),VERDURAS,Porção,57
Abobrinha frito(a),VERDURAS,Colher de Arroz,70
Abobrinha frito(a),VERDURAS,Colher de Sopa,30
Abobrinha grelhado(a)/brasa/churrasco,VERDURAS,Porção,57
Abobrinha grelhado(a)/brasa/churrasco,VERDURAS,Unidade,335
Abobrinha refogado(a),VERDURAS,Fatia,61
Abobrinha refogado(a),VERDURAS,Pedaço,17
Abobrinha refogado(a),VERDURAS,Porção,57
Abobrinha refogado(a),VERDURAS,Colher de Arroz,70
Abobrinha refogado(a),VERDURAS,Colher de Sopa,30
Abobrinha refogado(a),VERDURAS,Concha,90
Abobrinha refogado(a),VERDURAS,Escumadeira,90
Abobrinha refogado(a),VERDURAS,Pegador,30
Abobrinha refogado(a),VERDURAS,Unidade,335
"Abobrinha, italiana, cozida",,Fatia,61
"Abobrinha, italiana, cozida",,Pedaço,17
"Abobrinha, italiana, cozida",,Porção,57
"Abobrinha, italiana, cozida",,Colher de Arroz,70
"Abobrinha, italiana, cozida",,Colher de Sopa,30
"Abobrinha, italiana, cozida",,Concha,90
"Abobrinha, italiana, cozida",,Escumadeira,90
"Abobrinha, italiana, cozida",,Pegador,30
"Abobrinha, italiana, cozida",,Unidade,335
"Abobrinha, italiana, crua",,Fatia,61
"Abobrinha, italiana, crua",,Pedaço,17
"Abobrinha, italiana, crua",,Porção,57
"Abobrinha, italiana, crua",,Colher de Arroz,70
"Abobrinha, italiana, crua",,Colher de Sopa,30
"Abobrinha, italiana, crua",,Concha,90
"Abobrinha, italiana, crua",,Escumadeira,90
"Abobrinha, italiana, crua",,Pegador,30
"Abobrinha, italiana, crua",,Unidade,335
"Abobrinha, italiana, refogada",,Fatia,61
"Abobrinha, italiana, refogada",,Pedaço,17
"Abobrinha, italiana, refogada",,Porção,57
"Abobrinha, italiana, refogada",,Colher de Arroz,70
"Abobrinha, italiana, refogada",,Colher de Sopa,30
"Abobrinha, italiana, refogada",,Concha,90
"Abobrinha, italiana, refogada",,Escumadeira,90
"Abobrinha, italiana, refogada",,Pegador,30
"Abobrinha, italiana, refogada",,Unidade,335
"Abobrinha, paulista, crua",,Fatia,61
"Abobrinha, paulista, crua",,Pedaço,17
"Abobrinha, paulista, crua",,Porção,57
"Abobrinha, paulista, crua",,Colher de Arroz,70
"Abobrinha, paulista, crua",,Colher de Sopa,30
"Abobrinha, paulista, crua",,Concha,90
"Abobrinha, paulista, crua",,Escumadeira,90
"Abobrinha, paulista, crua",,Pegador,30
"Abobrinha, paulista, crua",,Unidade,335
Abobrinha-italiana (cozida),,Fatia,61
Abobrinha-italiana (cozida),,Pedaço,17
Abobrinha-italiana (cozida),,Porção,57
Abobrinha-italiana (cozida),,Colher de Arroz,70
Abobrinha-italiana (cozida),,Colher de Sopa,30
Abobrinha-italiana (cozida),,Concha,90
Abobrinha-italiana (cozida),,Escumadeira,90
Abobrinha-italiana (cozida),,Pegador,30
Abobrinha-italiana (cozida),,Unidade,335
Abobrinha-italiana (crua),,Fatia,61
Abobrinha-italiana (crua),,Pedaço,17
Abobrinha-italiana (crua),,Porção,57
Abobrinha-italiana (crua),,Colher de Arroz,70
Abobrinha-italiana (crua),,Colher de Sopa,30
Abobrinha-italiana (crua),,Concha,90
Abobrinha-italiana (crua),,Escumadeira,90
Abobrinha-italiana (crua),,Pegador,30
Abobrinha-italiana (crua),,Unidade,335
Açaí (IBGE),FRUTAS/SUCOS/VITAMINAS,Colher de Sopa,10
Açaí (Tucunduva),,Colher de Sopa,10
Açaí com banana - Frooty®,,Porção,60
Açaí com banana - Frooty®,,Colher de Sopa,10
Açaí com granola,FRUTAS/SUCOS/VITAMINAS,Porção,60
Açaí com granola,FRUTAS/SUCOS/VITAMINAS,Colher de Sopa,10
Açaí morango - Açaí Frooty®,,Porção,60
Açaí morango - Açaí Frooty®,,Colher de Sopa,10
Açaí natural - Açaí Frooty®,,Porção,60
Açaí natural - Açaí Frooty®,,Colher de Sopa,10
"Açaí Whey Box, 12Uni/35G",,Colher de Sopa,10
"Açaí Whey Lata, 420G, 12Doses",,Colher de Sopa,10
"Açaí Whey Sachê, 1Uni/35G",,Colher de Sopa,10
Açaí zero açúcar - AçaíFrooty®,,Porção,60
Açaí zero açúcar - AçaíFrooty®,,Colher de Sopa,10
"Açaí, c/ xarope de guaraná e glucose, suco",,Colher de Sopa,10
"Açaí, c/ xarope de guaraná e glucose, suco",,Copo Americano,150
"Açaí, c/ xarope de guaraná e glucose, suco",,Copo Médio,240
"Açaí, c/ xarope de guaraná e glucose, suco",,Copo Grande,300
"Açaí, c/ xarope de guaraná e glucose, suco",,Garrafa 200ml,200
"Açaí, c/ xarope de guaraná e glucose, suco",,Caneca,300
"Açaí, polpa, com xarope de guaraná e glucose (TACO)",,Colher de Sopa,10
"Açaí, polpa, com xarope de guaraná e glucose (TBCA)",,Colher de Sopa,10
"Açaí, polpa, congelada",,Colher de Sopa,10
"Açaí, polpa, Euterpe oleracea Mart.",,Colher de Sopa,10
Acelga,HORTALIÇAS,Porção,60
Acelga,HORTALIÇAS,Colher de Arroz,10
Acelga,HORTALIÇAS,Colher de Sopa,60
Acelga,HORTALIÇAS,Pegador,6
Acelga,HORTALIÇAS,Prato Fundo,60
Acelga,HORTALIÇAS,Folha,10
Acelga (crua),,Porção,60
Acelga (crua),,Colher de Arroz,10
Acelga (crua),,Colher de Sopa,60
Acelga (crua),,Pegador,6
Acelga (crua),,Prato Fundo,60
Acelga (crua),,Folha,10
Acelga cozido(a),HORTALIÇAS,Porção,60
Acelga cozido(a),HORTALIÇAS,Colher de Arroz,10
Acelga cozido(a),HORTALIÇAS,Colher de Sopa,6
Acelga cozido(a),HORTALIÇAS,Pegador,6
Acelga cozido(a),HORTALIÇAS,Prato Fundo,60
Acelga cozido(a),HORTALIÇAS,Folha,10
Acelga cru(a),HORTALIÇAS,Porção,60
Acelga cru(a),HORTALIÇAS,Colher de Arroz,10
Acelga cru(a),HORTALIÇAS,Colher de Sopa,6
Acelga cru(a),HORTALIÇAS,Pegador,6
Acelga cru(a),HORTALIÇAS,Prato Fundo,60
Acelga cru(a),HORTALIÇAS,Folha,10
Acelga refogado(a),HORTALIÇAS,Porção,60
Acelga refogado(a),HORTALIÇAS,Colher de Arroz,10
Acelga refogado(a),HORTALIÇAS,Colher de Sopa,6
Acelga refogado(a),HORTALIÇAS,Pegador,6
Acelga refogado(a),HORTALIÇAS,Prato Fundo,60
Acelga refogado(a),HORTALIÇAS,Folha,10
"Acelga, crua",,Porção,60
"Acelga, crua",,Colher de Arroz,10
"Acelga, crua",,Colher de Sopa,6
"Acelga, crua",,Pegador,6
"Acelga, crua",,Prato Fundo,60
"Acelga, crua",,Folha,10
Acém assado(a),CARNE BOVINA,File,100
Acém assado(a),CARNE BOVINA,Bife,100
Acém assado(a),CARNE BOVINA,Fatia,90
Acém assado(a),CARNE BOVINA,Pedaço,35
Acém assado(a),CARNE BOVINA,Porção,75
Acém assado(a),CARNE BOVINA,Colher de Arroz,70
Acém assado(a),CARNE BOVINA,Colher de Sopa,30
Acém assado(a),CARNE BOVINA,Concha,140
Acém assado(a),CARNE BOVINA,Escumadeira,70
Acém cozido(a),CARNE BOVINA,File,100
Acém cozido(a),CARNE BOVINA,Bife,100
Acém cozido(a),CARNE BOVINA,Fatia,90
Acém cozido(a),CARNE BOVINA,Pedaço,35
Acém cozido(a),CARNE BOVINA,Porção,75
Acém cozido(a),CARNE BOVINA,Colher de Arroz,70
Acém cozido(a),CARNE BOVINA,Colher de Sopa,30
Acém cozido(a),CARNE BOVINA,Concha,140
Acém cozido(a),CARNE BOVINA,Escumadeira,70
Acém empanado(a)/a milanesa,CARNE BOVINA,File,100
Acém empanado(a)/a milanesa,CARNE BOVINA,Bife,100
Acém empanado(a)/a milanesa,CARNE BOVINA,Fatia,90
Acém empanado(a)/a milanesa,CARNE BOVINA,Pedaço,35
Acém empanado(a)/a milanesa,CARNE BOVINA,Porção,75
Acém empanado(a)/a milanesa,CARNE BOVINA,Colher de Arroz,70
Acém empanado(a)/a milanesa,CARNE BOVINA,Colher de Sopa,30
Acém empanado(a)/a milanesa,CARNE BOVINA,Concha,140
Acém empanado(a)/a milanesa,CARNE BOVINA,Escumadeira,70
Acém ensopado,CARNE BOVINA,File,100
Acém ensopado,CARNE BOVINA,Bife,100
Acém ensopado,CARNE BOVINA,Fatia,90
Acém ensopado,CARNE BOVINA,Pedaço,35
Acém ensopado,CARNE BOVINA,Porção,75
Acém ensopado,CARNE BOVINA,Colher de Arroz,70
Acém ensopado,CARNE BOVINA,Colher de Sopa,30
Acém ensopado,CARNE BOVINA,Concha,140
Acém ensopado,CARNE BOVINA,Escumadeira,70
Acém frito(a),CARNE BOVINA,File,100
Acém frito(a),CARNE BOVINA,Bife,100
Acém frito(a),CARNE BOVINA,Fatia,90
Acém frito(a),CARNE BOVINA,Pedaço,35
Acém frito(a),CARNE BOVINA,Porção,75
Acém frito(a),CARNE BOVINA,Colher de Arroz,70
Acém frito(a),CARNE BOVINA,Colher de Sopa,30
Acém frito(a),CARNE BOVINA,Concha,140
Acém frito(a),CARNE BOVINA,Escumadeira,70
Acém moído (cozido) - carnebovina,,File,100
Acém moído (cozido) - carnebovina,,Bife,100
Acém moído (cozido) - carnebovina,,Fatia,90
Acém moído (cozido) - carnebovina,,Pedaço,35
Acém moído (cozido) - carnebovina,,Porção,75
Acém moído (cozido) - carnebovina,,Colher de Arroz,70
Acém moído (cozido) - carnebovina,,Colher de Sopa,30
Acém moído (cozido) - carnebovina,,Concha,140
Acém moído (cozido) - carnebovina,,Escumadeira,70
Acém moído (cru) - carnebovina,,File,100
Acém moído (cru) - carnebovina,,Bife,100
Acém moído (cru) - carnebovina,,Fatia,90
Acém moído (cru) - carnebovina,,Pedaço,35
Acém moído (cru) - carnebovina,,Porção,75
Acém moído (cru) - carnebovina,,Colher de Arroz,70
Acém moído (cru) - carnebovina,,Colher de Sopa,30
Acém moído (cru) - carnebovina,,Concha,140
Acém moído (cru) - carnebovina,,Escumadeira,70
Acém refogado(a),CARNE BOVINA,File,100
Acém refogado(a),CARNE BOVINA,Bife,100
Acém refogado(a),CARNE BOVINA,Fatia,90
Acém refogado(a),CARNE BOVINA,Pedaço,35
Acém refogado(a),CARNE BOVINA,Porção,75
Acém refogado(a),CARNE BOVINA,Colher de Arroz,70
Acém refogado(a),CARNE BOVINA,Colher de Sopa,30
Acém refogado(a),CARNE BOVINA,Concha,140
Acém refogado(a),CARNE BOVINA,Escumadeira,70
Acém sem gordura (cozido) -carne bovina,,File,100
Acém sem gordura (cozido) -carne bovina,,Bife,100
Acém sem gordura (cozido) -carne bovina,,Fatia,90
Acém sem gordura (cozido) -carne bovina,,Pedaço,35
Acém sem gordura (cozido) -carne bovina,,Porção,75
Acém sem gordura (cozido) -carne bovina,,Colher de Arroz,70
Acém sem gordura (cozido) -carne bovina,,Colher de Sopa,30
Acém sem gordura (cozido) -carne bovina,,Concha,140
Acém sem gordura (cozido) -carne bovina,,Escumadeira,70
Acém sem gordura (cru) -carne bovina,,File,100
Acém sem gordura (cru) -carne bovina,,Bife,100
Acém sem gordura (cru) -carne bovina,,Fatia,90
Acém sem gordura (cru) -carne bovina,,Pedaço,35
Acém sem gordura (cru) -carne bovina,,Porção,75
Acém sem gordura (cru) -carne bovina,,Colher de Arroz,70
Acém sem gordura (cru) -carne bovina,,Colher de Sopa,30
Acém sem gordura (cru) -carne bovina,,Concha,140
Acém sem gordura (cru) -carne bovina,,Escumadeira,70
"Acerola, suco natural (néctar), c/ açúcar refinado",,Copo Americano,150
"Acerola, suco natural (néctar), c/ açúcar refinado",,Copo Médio,240
"Acerola, suco natural (néctar), c/ açúcar refinado",,Copo Grande,300
"Acerola, suco natural (néctar), c/ açúcar refinado",,Garrafa 200ml,200
"Acerola, suco natural (néctar), c/ açúcar refinado",,Caneca,300
"Acerola, suco natural (néctar), s/ açúcar",,Copo Americano,150
"Acerola, suco natural (néctar), s/ açúcar",,Copo Médio,240
"Acerola, suco natural (néctar), s/ açúcar",,Copo Grande,300
"Acerola, suco natural (néctar), s/ açúcar",,Garrafa 200ml,200
"Acerola, suco natural (néctar), s/ açúcar",,Caneca,300
Achocolatado Choco leco -Vigor®,,Unidade,200
Achocolatado Choco Milk -Batavo®,,Unidade Pequena,200
Achocolatado Choco Milk -Batavo®,,Garrafa 200ml,200
Achocolatado em pó,AÇUCARES/CONFEITARIA,Colher de Arroz,30
Achocolatado em pó,AÇUCARES/CONFEITARIA,Colher de Sopa,16
Achocolatado em pó,AÇUCARES/CONFEITARIA,Colher de Chá,4
Achocolatado em pó,AÇUCARES/CONFEITARIA,Colher de Café,2
Achocolatado em pó,AÇUCARES/CONFEITARIA,Colher de Sobremesa,11
Achocolatado em pó,AÇUCARES/CONFEITARIA,Caneca,40
Achocolatado em pó diet,AÇUCARES/CONFEITARIA,Colher de Arroz,30
Achocolatado em pó diet,AÇUCARES/CONFEITARIA,Colher de Sopa,16
Achocolatado em pó diet,AÇUCARES/CONFEITARIA,Colher de Chá,4
Achocolatado em pó diet,AÇUCARES/CONFEITARIA,Colher de Café,2
Achocolatado em pó diet,AÇUCARES/CONFEITARIA,Colher de Sobremesa,11
Achocolatado em pó diet -Gold®,,Colher de Arroz,30
Achocolatado em pó diet -Gold®,,Colher de Sopa,16
Achocolatado em pó diet -Gold®,,Colher de Chá,4
Achocolatado em pó diet -Gold®,,Colher de Café,2
Achocolatado em pó diet -Gold®,,Colher de Sobremesa,11
Achocolatado em pó light,AÇUCARES/CONFEITARIA,Colher de Arroz,30
Achocolatado em pó light,AÇUCARES/CONFEITARIA,Colher de Sopa,16
Achocolatado em pó light,AÇUCARES/CONFEITARIA,Colher de Chá,4
Achocolatado em pó light,AÇUCARES/CONFEITARIA,Colher de Café,2
Achocolatado em pó light,AÇUCARES/CONFEITARIA,Colher de Sobremesa,11
"Achocolatado, pó",,Colher de Arroz,30
"Achocolatado, pó",,Colher de Sopa,16
"Achocolatado, pó",,Colher de Chá,4
"Achocolatado, pó",,Colher de Café,2
"Achocolatado, pó",,Colher de Sobremesa,11
"Achocolatado, pó , ""Nescau""",,Colher de Arroz,30
"Achocolatado, pó , ""Nescau""",,Colher de Sopa,16
"Achocolatado, pó , ""Nescau""",,Colher de Chá,4
"Achocolatado, pó , ""Nescau""",,Colher de Café,2
"Achocolatado, pó , ""Nescau""",,Colher de Sobremesa,11
"Achocolatado, pó , (média diferentes amostras)",,Colher de Arroz,30
"Achocolatado, pó , (média diferentes amostras)",,Colher de Sopa,16
"Achocolatado, pó , (média diferentes amostras)",,Colher de Chá,4
"Achocolatado, pó , (média diferentes amostras)",,Colher de Café,2
"Achocolatado, pó , (média diferentes amostras)",,Colher de Sobremesa,11
"Achocolatado, pó, ""Toddy""",,Colher de Arroz,30
"Achocolatado, pó, ""Toddy""",,Colher de Sopa,16
"Achocolatado, pó, ""Toddy""",,Colher de Chá,4
"Achocolatado, pó, ""Toddy""",,Colher de Café,2
"Achocolatado, pó, ""Toddy""",,Colher de Sobremesa,11
Açúcar,ADOÇANTES,Porção,28
Açúcar,ADOÇANTES,Colher de Sopa,24
Açúcar,ADOÇANTES,Colher de Chá,5
Açúcar,ADOÇANTES,Colher de Café,2
Açúcar,ADOÇANTES,Colher de Sobremesa,16
Açúcar,ADOÇANTES,Copo Americano,160
Açúcar cristal,,Porção,28
Açúcar cristal,,Colher de Sopa,24
Açúcar cristal,,Colher de Chá,5
Açúcar cristal,,Colher de Café,2
Açúcar cristal,,Colher de Sobremesa,16
Açúcar cristal,,Copo Americano,160
Açúcar de confeiteiro,,Porção,28
Açúcar de confeiteiro,,Colher de Sopa,24
Açúcar de confeiteiro,,Colher de Chá,5
Açúcar de confeiteiro,,Colher de Café,2
Açúcar de confeiteiro,,Colher de Sobremesa,16
Açúcar de confeiteiro,,Copo Americano,160
Açúcar light,ADOÇANTES,Porção,28
Açúcar light,ADOÇANTES,Colher de Sopa,24
Açúcar light,ADOÇANTES,Colher de Chá,5
Açúcar light,ADOÇANTES,Colher de Café,2
Açúcar light,ADOÇANTES,Colher de Sobremesa,16
Açúcar light,ADOÇANTES,Copo Americano,160
Açúcar mascavo (IBGE),ADOÇANTES,Colher de Sopa,19
Açúcar mascavo (IBGE),ADOÇANTES,Colher de Chá,5
Açúcar mascavo (Tucunduva),,Colher de Sopa,19
Açúcar mascavo (Tucunduva),,Colher de Chá,5
Açúcar orgânico cristal -Native®,,Porção,28
Açúcar orgânico cristal -Native®,,Colher de Sopa,24
Açúcar orgânico cristal -Native®,,Colher de Chá,5
Açúcar orgânico cristal -Native®,,Colher de Café,2
Açúcar orgânico cristal -Native®,,Colher de Sobremesa,16
Açúcar orgânico cristal -Native®,,Copo Americano,160
Açúcar orgânico demerara -Native®,,Porção,28
Açúcar orgânico demerara -Native®,,Colher de Sopa,24
Açúcar orgânico demerara -Native®,,Colher de Chá,5
Açúcar orgânico demerara -Native®,,Colher de Café,2
Açúcar orgânico demerara -Native®,,Colher de Sobremesa,16
Açúcar orgânico demerara -Native®,,Copo Americano,160
Açúcar refinado - União®,,Porção,28
Açúcar refinado - União®,,Colher de Sopa,24
Açúcar refinado - União®,,Colher de Chá,5
Açúcar refinado - União®,,Colher de Café,2
Açúcar refinado - União®,,Colher de Sobremesa,16
Açúcar refinado - União®,,Copo Americano,160
Açúcar refinado premium -União®,,Porção,28
Açúcar refinado premium -União®,,Colher de Sopa,24
Açúcar refinado premium -União®,,Colher de Chá,5
Açúcar refinado premium -União®,,Colher de Café,2
Açúcar refinado premium -União®,,Colher de Sobremesa,16
Açúcar refinado premium -União®,,Copo Americano,160
"Açúcar, (média diferentes tipos)",,Porção,28
"Açúcar, (média diferentes tipos)",,Colher de Sopa,24
"Açúcar, (média diferentes tipos)",,Colher de Chá,5
"Açúcar, (média diferentes tipos)",,Colher de Café,2
"Açúcar, (média diferentes tipos)",,Colher de Sobremesa,16
"Açúcar, (média diferentes tipos)",,Copo Americano,160
"Açúcar, cristal (TACO)",,Porção,28
"Açúcar, cristal (TACO)",,Colher de Sopa,24
"Açúcar, cristal (TACO)",,Colher de Chá,5
"Açúcar, cristal (TACO)",,Colher de Café,2
"Açúcar, cristal (TACO)",,Colher de Sobremesa,16
"Açúcar, cristal (TACO)",,Copo Americano,160
"Açúcar, cristal (TBCA)",,Porção,28
"Açúcar, cristal (TBCA)",,Colher de Sopa,24
"Açúcar, cristal (TBCA)",,Colher de Chá,5
"Açúcar, cristal (TBCA)",,Colher de Café,2
"Açúcar, cristal (TBCA)",,Colher de Sobremesa,16
"Açúcar, cristal (TBCA)",,Copo Americano,160
"Açúcar, mascavo (TACO)",,Colher de Sopa,19
"Açúcar, mascavo (TACO)",,Colher de Chá,5
"Açúcar, mascavo (TBCA)",,Colher de Sopa,19
"Açúcar, mascavo (TBCA)",,Colher de Chá,5
"Açúcar, refinado",,Colher de Sopa,23
"Açúcar, refinado",,Colher de Chá,4
Ades light,FRUTAS/SUCOS/VITAMINAS,Copo Americano,150
Ades light,FRUTAS/SUCOS/VITAMINAS,Copo Médio,240
Ades light,FRUTAS/SUCOS/VITAMINAS,Copo Grande,300
Ades light,FRUTAS/SUCOS/VITAMINAS,Garrafa 200ml,200
Ades original,FRUTAS/SUCOS/VITAMINAS,Copo Americano,150
Ades original,FRUTAS/SUCOS/VITAMINAS,Copo Médio,240
Ades original,FRUTAS/SUCOS/VITAMINAS,Copo Grande,300
Ades original,FRUTAS/SUCOS/VITAMINAS,Garrafa 200ml,200
Ades® (sabor abacaxi),,Copo Americano,150
Ades® (sabor abacaxi),,Copo Médio,240
Ades® (sabor abacaxi),,Copo Grande,300
Ades® (sabor abacaxi),,Garrafa 200ml,200
Ades® (sabor laranja),,Copo Americano,150
Ades® (sabor laranja),,Copo Médio,240
Ades® (sabor laranja),,Copo Grande,300
Ades® (sabor laranja),,Garrafa 200ml,200
Ades® (sabor maçã),,Copo Americano,150
Ades® (sabor maçã),,Copo Médio,240
Ades® (sabor maçã),,Copo Grande,300
Ades® (sabor maçã),,Garrafa 200ml,200
Ades® (sabor maracujá),,Copo Americano,150
Ades® (sabor maracujá),,Copo Médio,240
Ades® (sabor maracujá),,Copo Grande,300
Ades® (sabor maracujá),,Garrafa 200ml,200
Ades® (sabor pêssego),,Copo Americano,150
Ades® (sabor pêssego),,Copo Médio,240
Ades® (sabor pêssego),,Copo Grande,300
Ades® (sabor pêssego),,Garrafa 200ml,200
Ades® (sabor uva),,Copo Americano,150
Ades® (sabor uva),,Copo Médio,240
Ades® (sabor uva),,Copo Grande,300
Ades® (sabor uva),,Garrafa 200ml,200
Agrião (IBGE),HORTALIÇAS,Porção,38
Agrião (IBGE),HORTALIÇAS,Colher de Arroz,50
Agrião (IBGE),HORTALIÇAS,Colher de Sopa,7
Agrião (IBGE),HORTALIÇAS,Pegador,7
Agrião (IBGE),HORTALIÇAS,Prato Fundo,80
Agrião (IBGE),HORTALIÇAS,Prato Raso,80
Agrião (IBGE),HORTALIÇAS,Folha,5
Agrião (Tucunduva),,Porção,38
Agrião (Tucunduva),,Colher de Arroz,50
Agrião (Tucunduva),,Colher de Sopa,7
Agrião (Tucunduva),,Pegador,7
Agrião (Tucunduva),,Prato Fundo,80
Agrião (Tucunduva),,Prato Raso,80
Agrião (Tucunduva),,Folha,5
Agrião ao vinagrete,HORTALIÇAS,Porção,38
Agrião ao vinagrete,HORTALIÇAS,Colher de Arroz,50
Agrião ao vinagrete,HORTALIÇAS,Colher de Sopa,7
Agrião ao vinagrete,HORTALIÇAS,Pegador,7
Agrião ao vinagrete,HORTALIÇAS,Prato Fundo,80
Agrião ao vinagrete,HORTALIÇAS,Prato Raso,80
Agrião ao vinagrete,HORTALIÇAS,Folha,5
Agrião cozido(a),HORTALIÇAS,Porção,38
Agrião cozido(a),HORTALIÇAS,Colher de Arroz,50
Agrião cozido(a),HORTALIÇAS,Colher de Sopa,7
Agrião cozido(a),HORTALIÇAS,Pegador,7
Agrião cozido(a),HORTALIÇAS,Prato Fundo,80
Agrião cozido(a),HORTALIÇAS,Prato Raso,80
Agrião cozido(a),HORTALIÇAS,Folha,5
Agrião cru(a),HORTALIÇAS,Porção,38
Agrião cru(a),HORTALIÇAS,Colher de Arroz,50
Agrião cru(a),HORTALIÇAS,Colher de Sopa,7
Agrião cru(a),HORTALIÇAS,Pegador,7
Agrião cru(a),HORTALIÇAS,Prato Fundo,80
Agrião cru(a),HORTALIÇAS,Prato Raso,80
Agrião cru(a),HORTALIÇAS,Folha,5
Agrião ensopado,HORTALIÇAS,Porção,38
Agrião ensopado,HORTALIÇAS,Colher de Arroz,50
Agrião ensopado,HORTALIÇAS,Colher de Sopa,7
Agrião ensopado,HORTALIÇAS,Pegador,7
Agrião ensopado,HORTALIÇAS,Prato Fundo,80
Agrião ensopado,HORTALIÇAS,Prato Raso,80
Agrião ensopado,HORTALIÇAS,Folha,5
"Agrião, cru",,Porção,38
"Agrião, cru",,Colher de Arroz,50
"Agrião, cru",,Colher de Sopa,7
"Agrião, cru",,Pegador,7
"Agrião, cru",,Prato Fundo,80
"Agrião, cru",,Prato Raso,80
Água de coco (IBGE),FRUTAS/SUCOS/VITAMINAS,Copo Americano,150
Água de coco (IBGE),FRUTAS/SUCOS/VITAMINAS,Copo Médio,240
Água de coco (IBGE),FRUTAS/SUCOS/VITAMINAS,Copo Grande,300
Água de coco (IBGE),FRUTAS/SUCOS/VITAMINAS,Garrafa 200ml,200
Água de coco (IBGE),FRUTAS/SUCOS/VITAMINAS,Caneca,300
Água de coco (Tucunduva),,Copo Americano,150
Água de coco (Tucunduva),,Copo Médio,240
Água de coco (Tucunduva),,Copo Grande,300
Água de coco (Tucunduva),,Garrafa 200ml,200
Água de coco (Tucunduva),,Caneca,300
Água de coco - Ducôco0,,Copo Americano,150
Água de coco - Ducôco0,,Copo Médio,240
Água de coco - Ducôco0,,Copo Grande,300
Água de coco - Ducôco0,,Garrafa 200ml,200
Água de coco - Ducôco0,,Caneca,300
Água de coco - Kero Coco®,,Copo Americano,150
Água de coco - Kero Coco®,,Copo Médio,240
Água de coco - Kero Coco®,,Copo Grande,300
Água de coco - Kero Coco®,,Garrafa 200ml,200
Água de coco - Kero Coco®,,Caneca,300
Água de coco - Socôco®,,Copo Americano,150
Água de coco - Socôco®,,Copo Médio,240
Água de coco - Socôco®,,Copo Grande,300
Água de coco - Socôco®,,Garrafa 200ml,200
Água de coco - Socôco®,,Caneca,300
Água de coco -Trairi®,,Copo Americano,150
Água de coco -Trairi®,,Copo Médio,240
Água de coco -Trairi®,,Copo Grande,300
Água de coco -Trairi®,,Garrafa 200ml,200
Água de coco -Trairi®,,Caneca,300
Água tônica - Antartica®,,Copo Americano,150
Água tônica - Antartica®,,Copo Médio,240
Água tônica - Antartica®,,Copo Grande,300
Água tônica citrus - Schweppes®,,Copo Americano,150
Água tônica citrus - Schweppes®,,Copo Médio,240
Água tônica citrus - Schweppes®,,Copo Grande,300
Água tonica diet,BEBIDAS,Copo Americano,150
Água tonica diet,BEBIDAS,Copo Médio,240
Água tonica diet,BEBIDAS,Copo Grande,300
Água tônica diet - Antartica®,,Copo Americano,150
Água tônica diet - Antartica®,,Copo Médio,240
Água tônica diet - Antartica®,,Copo Grande,300
Água tonica light,BEBIDAS,Copo Americano,150
Água tonica light,BEBIDAS,Copo Médio,240
Água tonica light,BEBIDAS,Copo Grande,300
Água tonica tradicional,BEBIDAS,Copo Americano,150
Água tonica tradicional,BEBIDAS,Copo Médio,240
Água tonica tradicional,BEBIDAS,Copo Grande,300
Agulha (acém) assado(a),CARNE BOVINA,File,100
Agulha (acém) assado(a),CARNE BOVINA,Bife,100
Agulha (acém) assado(a),CARNE BOVINA,Fatia,90
Agulha (acém) assado(a),CARNE BOVINA,Pedaço,35
Agulha (acém) assado(a),CARNE BOVINA,Porção,75
Agulha (acém) assado(a),CARNE BOVINA,Colher de Arroz,70
Agulha (acém) assado(a),CARNE BOVINA,Colher de Sopa,30
Agulha (acém) assado(a),CARNE BOVINA,Concha,140
Agulha (acém) assado(a),CARNE BOVINA,Escumadeira,70
Agulha (acém) cozido(a),CARNE BOVINA,File,100
Agulha (acém) cozido(a),CARNE BOVINA,Bife,100
Agulha (acém) cozido(a),CARNE BOVINA,Fatia,90
Agulha (acém) cozido(a),CARNE BOVINA,Pedaço,35
Agulha (acém) cozido(a),CARNE BOVINA,Porção,75
Agulha (acém) cozido(a),CARNE BOVINA,Colher de Arroz,70
Agulha (acém) cozido(a),CARNE BOVINA,Colher de Sopa,30
Agulha (acém) cozido(a),CARNE BOVINA,Concha,140
Agulha (acém) cozido(a),CARNE BOVINA,Escumadeira,70
Agulha (acém) frito(a),CARNE BOVINA,File,100
Agulha (acém) frito(a),CARNE BOVINA,Bife,100
Agulha (acém) frito(a),CARNE BOVINA,Fatia,90
Agulha (acém) frito(a),CARNE BOVINA,Pedaço,35
Agulha (acém) frito(a),CARNE BOVINA,Porção,75
Agulha (acém) frito(a),CARNE BOVINA,Colher de Arroz,70
Agulha (acém) frito(a),CARNE BOVINA,Colher de Sopa,30
Agulha (acém) frito(a),CARNE BOVINA,Concha,140
Agulha (acém) frito(a),CARNE BOVINA,Escumadeira,70
Aipim,TUBERCULOS,Fatia,100
Aipim,TUBERCULOS,Pedaço,100
Aipim,TUBERCULOS,Porção,128
Aipim,TUBERCULOS,Colher de Arroz,60
Aipim,TUBERCULOS,Colher de Sopa,30
Aipim,TUBERCULOS,Concha,120
Aipim,TUBERCULOS,Escumadeira,60
Aipim,TUBERCULOS,Colher de Sobremesa,15
Aipim assado(a),TUBERCULOS,Fatia,100
Aipim assado(a),TUBERCULOS,Pedaço,100
Aipim assado(a),TUBERCULOS,Porção,128
Aipim assado(a),TUBERCULOS,Colher de Arroz,60
Aipim assado(a),TUBERCULOS,Colher de Sopa,30
Aipim assado(a),TUBERCULOS,Concha,120
Aipim assado(a),TUBERCULOS,Escumadeira,60
Aipim assado(a),TUBERCULOS,Colher de Sobremesa,15
Aipim com manteiga/oleo,TUBERCULOS,Fatia,100
Aipim com manteiga/oleo,TUBERCULOS,Pedaço,100
Aipim com manteiga/oleo,TUBERCULOS,Porção,128
Aipim com manteiga/oleo,TUBERCULOS,Colher de Arroz,60
Aipim com manteiga/oleo,TUBERCULOS,Colher de Sopa,30
Aipim com manteiga/oleo,TUBERCULOS,Concha,120
Aipim com manteiga/oleo,TUBERCULOS,Escumadeira,60
Aipim com manteiga/oleo,TUBERCULOS,Colher de Sobremesa,15
Aipim cozido(a),TUBERCULOS,Fatia,100
Aipim cozido(a),TUBERCULOS,Pedaço,100
Aipim cozido(a),TUBERCULOS,Porção,128
Aipim cozido(a),TUBERCULOS,Colher de Arroz,60
Aipim cozido(a),TUBERCULOS,Colher de Sopa,30
Aipim cozido(a),TUBERCULOS,Concha,120
Aipim cozido(a),TUBERCULOS,Escumadeira,60
Aipim cozido(a),TUBERCULOS,Colher de Sobremesa,15
Aipim empanado(a)/a milanesa,TUBERCULOS,Fatia,100
Aipim empanado(a)/a milanesa,TUBERCULOS,Pedaço,100
Aipim empanado(a)/a milanesa,TUBERCULOS,Porção,128
Aipim empanado(a)/a milanesa,TUBERCULOS,Colher de Arroz,60
Aipim empanado(a)/a milanesa,TUBERCULOS,Colher de Sopa,30
Aipim empanado(a)/a milanesa,TUBERCULOS,Concha,120
Aipim empanado(a)/a milanesa,TUBERCULOS,Escumadeira,60
Aipim empanado(a)/a milanesa,TUBERCULOS,Colher de Sobremesa,15
Aipim ensopado,TUBERCULOS,Fatia,100
Aipim ensopado,TUBERCULOS,Pedaço,100
Aipim ensopado,TUBERCULOS,Porção,128
Aipim ensopado,TUBERCULOS,Colher de Arroz,60
Aipim ensopado,TUBERCULOS,Colher de Sopa,30
Aipim ensopado,TUBERCULOS,Concha,120
Aipim ensopado,TUBERCULOS,Escumadeira,60
Aipim ensopado,TUBERCULOS,Colher de Sobremesa,15
Aipim frito(a),TUBERCULOS,Fatia,100
Aipim frito(a),TUBERCULOS,Pedaço,100
Aipim frito(a),TUBERCULOS,Porção,128
Aipim frito(a),TUBERCULOS,Colher de Arroz,60
Aipim frito(a),TUBERCULOS,Colher de Sopa,30
Aipim frito(a),TUBERCULOS,Concha,120
Aipim frito(a),TUBERCULOS,Escumadeira,60
Aipim frito(a),TUBERCULOS,Colher de Sobremesa,15
Aipim molho vermelho,TUBERCULOS,Fatia,100
Aipim molho vermelho,TUBERCULOS,Pedaço,100
Aipim molho vermelho,TUBERCULOS,Porção,128
Aipim molho vermelho,TUBERCULOS,Colher de Arroz,60
Aipim molho vermelho,TUBERCULOS,Colher de Sopa,30
Aipim molho vermelho,TUBERCULOS,Concha,120
Aipim molho vermelho,TUBERCULOS,Escumadeira,60
Aipim molho vermelho,TUBERCULOS,Colher de Sobremesa,15
Aipim refogado(a),TUBERCULOS,Fatia,100
Aipim refogado(a),TUBERCULOS,Pedaço,100
Aipim refogado(a),TUBERCULOS,Porção,128
Aipim refogado(a),TUBERCULOS,Colher de Arroz,60
Aipim refogado(a),TUBERCULOS,Colher de Sopa,30
Aipim refogado(a),TUBERCULOS,Concha,120
Aipim refogado(a),TUBERCULOS,Escumadeira,60
Aipim refogado(a),TUBERCULOS,Colher de Sobremesa,15
Aipim sopa,SOPAS/CALDOS/MINGAUS,Fatia,100
Aipim sopa,SOPAS/CALDOS/MINGAUS,Pedaço,100
Aipim sopa,SOPAS/CALDOS/MINGAUS,Porção,128
Aipim sopa,SOPAS/CALDOS/MINGAUS,Colher de Arroz,60
Aipim sopa,SOPAS/CALDOS/MINGAUS,Colher de Sopa,30
Aipim sopa,SOPAS/CALDOS/MINGAUS,Concha,120
Aipim sopa,SOPAS/CALDOS/MINGAUS,Escumadeira,60
Aipim sopa,SOPAS/CALDOS/MINGAUS,Colher de Sobremesa,15
Aipo (cozido),,Pedaço,15
Aipo (cru),,Pedaço,15
"Aipo, cru",,Pedaço,15
Alcachofra,HORTALIÇAS,Unidade,140
Alcachofra (cozida),,Unidade,140
Alcachofra cozida (coração),,Unidade,140
Alcatra  cozido(a),CARNE BOVINA,File,100
Alcatra  cozido(a),CARNE BOVINA,Bife,100
Alcatra  cozido(a),CARNE BOVINA,Fatia,90
Alcatra  cozido(a),CARNE BOVINA,Pedaço,35
Alcatra  cozido(a),CARNE BOVINA,Porção,75
Alcatra  cozido(a),CARNE BOVINA,Colher de Arroz,70
Alcatra  cozido(a),CARNE BOVINA,Colher de Sopa,30
Alcatra  cozido(a),CARNE BOVINA,Concha,140
Alcatra  cozido(a),CARNE BOVINA,Escumadeira,70
Alcatra (crua) - carne bovina,,File,100
Alcatra (crua) - carne bovina,,Bife,100
Alcatra (crua) - carne bovina,,Fatia,90
Alcatra (crua) - carne bovina,,Pedaço,35
Alcatra (crua) - carne bovina,,Porção,75
Alcatra (crua) - carne bovina,,Colher de Arroz,70
Alcatra (crua) - carne bovina,,Colher de Sopa,30
Alcatra (crua) - carne bovina,,Concha,140
Alcatra (crua) - carne bovina,,Escumadeira,70
Alcatra ao vinagrete,CARNE BOVINA,File,100
Alcatra ao vinagrete,CARNE BOVINA,Bife,100
Alcatra ao vinagrete,CARNE BOVINA,Fatia,90
Alcatra ao vinagrete,CARNE BOVINA,Pedaço,35
Alcatra ao vinagrete,CARNE BOVINA,Porção,75
Alcatra ao vinagrete,CARNE BOVINA,Colher de Arroz,70
Alcatra ao vinagrete,CARNE BOVINA,Colher de Sopa,30
Alcatra ao vinagrete,CARNE BOVINA,Concha,140
Alcatra ao vinagrete,CARNE BOVINA,Escumadeira,70
Alcatra assado(a),CARNE BOVINA,File,100
Alcatra assado(a),CARNE BOVINA,Bife,100
Alcatra assado(a),CARNE BOVINA,Fatia,90
Alcatra assado(a),CARNE BOVINA,Pedaço,35
Alcatra assado(a),CARNE BOVINA,Porção,75
Alcatra assado(a),CARNE BOVINA,Colher de Arroz,70
Alcatra assado(a),CARNE BOVINA,Colher de Sopa,30
Alcatra assado(a),CARNE BOVINA,Concha,140
Alcatra assado(a),CARNE BOVINA,Escumadeira,70
Alcatra cru(a),CARNE BOVINA,File,100
Alcatra cru(a),CARNE BOVINA,Bife,100
Alcatra cru(a),CARNE BOVINA,Fatia,90
Alcatra cru(a),CARNE BOVINA,Pedaço,35
Alcatra cru(a),CARNE BOVINA,Porção,75
Alcatra cru(a),CARNE BOVINA,Colher de Arroz,70
Alcatra cru(a),CARNE BOVINA,Colher de Sopa,30
Alcatra cru(a),CARNE BOVINA,Concha,140
Alcatra cru(a),CARNE BOVINA,Escumadeira,70
Alcatra empanado(a)/a milanesa,CARNE BOVINA,File,100
Alcatra empanado(a)/a milanesa,CARNE BOVINA,Bife,100
Alcatra empanado(a)/a milanesa,CARNE BOVINA,Fatia,90
Alcatra empanado(a)/a milanesa,CARNE BOVINA,Pedaço,35
Alcatra empanado(a)/a milanesa,CARNE BOVINA,Porção,75
Alcatra empanado(a)/a milanesa,CARNE BOVINA,Colher de Arroz,70
Alcatra empanado(a)/a milanesa,CARNE BOVINA,Colher de Sopa,30
Alcatra empanado(a)/a milanesa,CARNE BOVINA,Concha,140
Alcatra empanado(a)/a milanesa,CARNE BOVINA,Escumadeira,70
Alcatra ensopado,CARNE BOVINA,File,100
Alcatra ensopado,CARNE BOVINA,Bife,100
Alcatra ensopado,CARNE BOVINA,Fatia,90
Alcatra ensopado,CARNE BOVINA,Pedaço,35
Alcatra ensopado,CARNE BOVINA,Porção,75
Alcatra ensopado,CARNE BOVINA,Colher de Arroz,70
Alcatra ensopado,CARNE BOVINA,Colher de Sopa,30
Alcatra ensopado,CARNE BOVINA,Concha,140
Alcatra ensopado,CARNE BOVINA,Escumadeira,70
Alcatra frito(a),CARNE BOVINA,File,100
Alcatra frito(a),CARNE BOVINA,Bife,100
Alcatra frito(a),CARNE BOVINA,Fatia,90
Alcatra frito(a),CARNE BOVINA,Pedaço,35
Alcatra frito(a),CARNE BOVINA,Porção,75
Alcatra frito(a),CARNE BOVINA,Colher de Arroz,70
Alcatra frito(a),CARNE BOVINA,Colher de Sopa,30
Alcatra frito(a),CARNE BOVINA,Concha,140
Alcatra frito(a),CARNE BOVINA,Escumadeira,70
Alcatra grelhado(a)/brasa/churrasco,CARNE BOVINA,File,100
Alcatra grelhado(a)/brasa/churrasco,CARNE BOVINA,Bife,100
Alcatra grelhado(a)/brasa/churrasco,CARNE BOVINA,Fatia,90
Alcatra grelhado(a)/brasa/churrasco,CARNE BOVINA,Pedaço,35
Alcatra grelhado(a)/brasa/churrasco,CARNE BOVINA,Porção,75
Alcatra grelhado(a)/brasa/churrasco,CARNE BOVINA,Colher de Arroz,70
Alcatra grelhado(a)/brasa/churrasco,CARNE BOVINA,Colher de Sopa,30
Alcatra grelhado(a)/brasa/churrasco,CARNE BOVINA,Concha,140
Alcatra grelhado(a)/brasa/churrasco,CARNE BOVINA,Escumadeira,70
Alcatra molho vermelho,CARNE BOVINA,File,100
Alcatra molho vermelho,CARNE BOVINA,Bife,100
Alcatra molho vermelho,CARNE BOVINA,Fatia,90
Alcatra molho vermelho,CARNE BOVINA,Pedaço,35
Alcatra molho vermelho,CARNE BOVINA,Porção,75
Alcatra molho vermelho,CARNE BOVINA,Colher de Arroz,70
Alcatra molho vermelho,CARNE BOVINA,Colher de Sopa,30
Alcatra molho vermelho,CARNE BOVINA,Concha,140
Alcatra molho vermelho,CARNE BOVINA,Escumadeira,70
Alcatra refogado(a),CARNE BOVINA,File,100
Alcatra refogado(a),CARNE BOVINA,Bife,100
Alcatra refogado(a),CARNE BOVINA,Fatia,90
Alcatra refogado(a),CARNE BOVINA,Pedaço,35
Alcatra refogado(a),CARNE BOVINA,Porção,75
Alcatra refogado(a),CARNE BOVINA,Colher de Arroz,70
Alcatra refogado(a),CARNE BOVINA,Colher de Sopa,30
Alcatra refogado(a),CARNE BOVINA,Concha,140
Alcatra refogado(a),CARNE BOVINA,Escumadeira,70
Alcatra sem capa de gordura(crua) - carne bovina,,File,100
Alcatra sem capa de gordura(crua) - carne bovina,,Bife,100
Alcatra sem capa de gordura(crua) - carne bovina,,Fatia,90
Alcatra sem capa de gordura(crua) - carne bovina,,Pedaço,35
Alcatra sem capa de gordura(crua) - carne bovina,,Porção,75
Alcatra sem capa de gordura(crua) - carne bovina,,Colher de Arroz,70
Alcatra sem capa de gordura(crua) - carne bovina,,Colher de Sopa,30
Alcatra sem capa de gordura(crua) - carne bovina,,Concha,140
Alcatra sem capa de gordura(crua) - carne bovina,,Escumadeira,70
Alcatra suína  frito(a),CARNE BOVINA,File,100
Alcatra suína  frito(a),CARNE BOVINA,Bife,100
Alcatra suína  frito(a),CARNE BOVINA,Fatia,90
Alcatra suína  frito(a),CARNE BOVINA,Pedaço,35
Alcatra suína  frito(a),CARNE BOVINA,Porção,75
Alcatra suína  frito(a),CARNE BOVINA,Colher de Arroz,70
Alcatra suína  frito(a),CARNE BOVINA,Colher de Sopa,30
Alcatra suína  frito(a),CARNE BOVINA,Concha,140
Alcatra suína  frito(a),CARNE BOVINA,Escumadeira,70
Alcatra suína assado(a),CARNE BOVINA,File,100
Alcatra suína assado(a),CARNE BOVINA,Bife,100
Alcatra suína assado(a),CARNE BOVINA,Fatia,90
Alcatra suína assado(a),CARNE BOVINA,Pedaço,35
Alcatra suína assado(a),CARNE BOVINA,Porção,75
Alcatra suína assado(a),CARNE BOVINA,Colher de Arroz,70
Alcatra suína assado(a),CARNE BOVINA,Colher de Sopa,30
Alcatra suína assado(a),CARNE BOVINA,Concha,140
Alcatra suína assado(a),CARNE BOVINA,Escumadeira,70
Alcatra suína cozido(a),CARNE BOVINA,File,100
Alcatra suína cozido(a),CARNE BOVINA,Bife,100
Alcatra suína cozido(a),CARNE BOVINA,Fatia,90
Alcatra suína cozido(a),CARNE BOVINA,Pedaço,35
Alcatra suína cozido(a),CARNE BOVINA,Porção,75
Alcatra suína cozido(a),CARNE BOVINA,Colher de Arroz,70
Alcatra suína cozido(a),CARNE BOVINA,Colher de Sopa,30
Alcatra suína cozido(a),CARNE BOVINA,Concha,140
Alcatra suína cozido(a),CARNE BOVINA,Escumadeira,70
Alface,HORTALIÇAS,Porção,27
Alface,HORTALIÇAS,Colher de Arroz,16
Alface,HORTALIÇAS,Colher de Sopa,8
Alface,HORTALIÇAS,Concha,32
Alface,HORTALIÇAS,Pegador,8
Alface,HORTALIÇAS,Prato Fundo,60
Alface,HORTALIÇAS,Prato Raso,50
Alface,HORTALIÇAS,Unidade,200
Alface,HORTALIÇAS,Unidade Pequena,130
Alface,HORTALIÇAS,Folha,10
Alface orgânica,HORTALIÇAS,Porção,27
Alface orgânica,HORTALIÇAS,Colher de Arroz,16
Alface orgânica,HORTALIÇAS,Colher de Sopa,8
Alface orgânica,HORTALIÇAS,Concha,32
Alface orgânica,HORTALIÇAS,Pegador,8
Alface orgânica,HORTALIÇAS,Prato Fundo,60
Alface orgânica,HORTALIÇAS,Prato Raso,50
Alface orgânica,HORTALIÇAS,Unidade,200
Alface orgânica,HORTALIÇAS,Unidade Pequena,130
Alface orgânica,HORTALIÇAS,Folha,10
"Alface, americana, crua",,Porção,27
"Alface, americana, crua",,Colher de Arroz,16
"Alface, americana, crua",,Colher de Sopa,8
"Alface, americana, crua",,Concha,32
"Alface, americana, crua",,Pegador,8
"Alface, americana, crua",,Prato Fundo,60
"Alface, americana, crua",,Prato Raso,50
"Alface, americana, crua",,Unidade,200
"Alface, americana, crua",,Unidade Pequena,130
"Alface, americana, crua",,Folha,10
"Alface, crespa, crua",,Porção,27
"Alface, crespa, crua",,Colher de Arroz,16
"Alface, crespa, crua",,Colher de Sopa,8
"Alface, crespa, crua",,Concha,32
"Alface, crespa, crua",,Pegador,8
"Alface, crespa, crua",,Prato Fundo,60
"Alface, crespa, crua",,Prato Raso,50
"Alface, crespa, crua",,Unidade,200
"Alface, crespa, crua",,Unidade Pequena,130
"Alface, crespa, crua",,Folha,10
"Alface, lisa, crua",,Porção,27
"Alface, lisa, crua",,Colher de Arroz,16
"Alface, lisa, crua",,Colher de Sopa,8
"Alface, lisa, crua",,Concha,32
"Alface, lisa, crua",,Pegador,8
"Alface, lisa, crua",,Prato Fundo,60
"Alface, lisa, crua",,Prato Raso,50
"Alface, lisa, crua",,Unidade,200
"Alface, lisa, crua",,Unidade Pequena,130
"Alface, lisa, crua",,Folha,10
"Alface, roxa, crua",,Porção,27
"Alface, roxa, crua",,Colher de Arroz,16
"Alface, roxa, crua",,Colher de Sopa,8
"Alface, roxa, crua",,Concha,32
"Alface, roxa, crua",,Pegador,8
"Alface, roxa, crua",,Prato Fundo,60
"Alface, roxa, crua",,Prato Raso,50
"Alface, roxa, crua",,Unidade,200
"Alface, roxa, crua",,Unidade Pequena,130
"Alface, roxa, crua",,Folha,10
Alface-americana,,Porção,27
Alface-americana,,Colher de Arroz,16
Alface-americana,,Colher de Sopa,8
Alface-americana,,Concha,32
Alface-americana,,Pegador,8
Alface-americana,,Prato Fundo,60
Alface-americana,,Prato Raso,50
Alface-americana,,Unidade,200
Alface-americana,,Unidade Pequena,130
Alface-americana,,Folha,10
Alface-crespa,,Porção,27
Alface-crespa,,Colher de Arroz,16
Alface-crespa,,Colher de Sopa,8
Alface-crespa,,Concha,32
Alface-crespa,,Pegador,8
Alface-crespa,,Prato Fundo,60
Alface-crespa,,Prato Raso,50
Alface-crespa,,Unidade,200
Alface-crespa,,Unidade Pequena,130
Alface-crespa,,Folha,10
Alface-lisa,,Porção,27
Alface-lisa,,Colher de Arroz,16
Alface-lisa,,Colher de Sopa,8
Alface-lisa,,Concha,32
Alface-lisa,,Pegador,8
Alface-lisa,,Prato Fundo,60
Alface-lisa,,Prato Raso,50
Alface-lisa,,Unidade,200
Alface-lisa,,Unidade Pequena,130
Alface-lisa,,Folha,10
Alface-romana,,Porção,27
Alface-romana,,Colher de Arroz,16
Alface-romana,,Colher de Sopa,8
Alface-romana,,Concha,32
Alface-romana,,Pegador,8
Alface-romana,,Prato Fundo,60
Alface-romana,,Prato Raso,50
Alface-romana,,Unidade,200
Alface-romana,,Unidade Pequena,130
Alface-romana,,Folha,10
Alho (IBGE),HORTALIÇAS,Unidade,4
Alho (Tucunduva),,Unidade,4
Alho poró,HORTALIÇAS,Porção,15
"Alho, cru",,Unidade,4
Alho-poró,,Porção,15
"Alho-poró, cru",,Porção,15
Almeirão,,Porção,27
Almeirão,,Colher de Arroz,50
Almeirão,,Colher de Sopa,25
Almeirão,,Prato Fundo,48
Almeirão,,Prato Raso,24
Almeirão,,Folha,12
Almeirão ao vinagrete,HORTALIÇAS,Porção,27
Almeirão ao vinagrete,HORTALIÇAS,Colher de Arroz,50
Almeirão ao vinagrete,HORTALIÇAS,Colher de Sopa,25
Almeirão ao vinagrete,HORTALIÇAS,Prato Fundo,48
Almeirão ao vinagrete,HORTALIÇAS,Prato Raso,24
Almeirão ao vinagrete,HORTALIÇAS,Folha,12
Almeirão cozido(a),HORTALIÇAS,Porção,27
Almeirão cozido(a),HORTALIÇAS,Colher de Arroz,50
Almeirão cozido(a),HORTALIÇAS,Colher de Sopa,25
Almeirão cozido(a),HORTALIÇAS,Prato Fundo,48
Almeirão cozido(a),HORTALIÇAS,Prato Raso,24
Almeirão cozido(a),HORTALIÇAS,Folha,12
Almeirão cru(a),HORTALIÇAS,Porção,27
Almeirão cru(a),HORTALIÇAS,Colher de Arroz,50
Almeirão cru(a),HORTALIÇAS,Colher de Sopa,25
Almeirão cru(a),HORTALIÇAS,Prato Fundo,48
Almeirão cru(a),HORTALIÇAS,Prato Raso,24
Almeirão cru(a),HORTALIÇAS,Folha,12
Almeirão refogado(a),HORTALIÇAS,Porção,27
Almeirão refogado(a),HORTALIÇAS,Colher de Arroz,50
Almeirão refogado(a),HORTALIÇAS,Colher de Sopa,25
Almeirão refogado(a),HORTALIÇAS,Prato Fundo,48
Almeirão refogado(a),HORTALIÇAS,Prato Raso,24
Almeirão refogado(a),HORTALIÇAS,Folha,12
"Almeirão, cru",,Porção,27
"Almeirão, cru",,Colher de Arroz,50
"Almeirão, cru",,Colher de Sopa,25
"Almeirão, cru",,Prato Fundo,48
"Almeirão, cru",,Prato Raso,24
"Almeirão, cru",,Folha,12
"Almeirão, refogado",,Porção,27
"Almeirão, refogado",,Colher de Arroz,50
"Almeirão, refogado",,Colher de Sopa,25
"Almeirão, refogado",,Prato Fundo,48
"Almeirão, refogado",,Prato Raso,24
"Almeirão, refogado",,Folha,12
Almôndega bovina congelada- Sadia®,,Unidade,27
Almôndega com molho detomate - carne bovina,,Unidade,27
Almôndega de frangocongelada - Sadia®,,Unidade,27
"Almôndega, ave, crua",,Unidade,27
"Almôndega, boi, crua, ""Sadia""",,Unidade,27
"Almôndega, boi, frita",,Unidade,27
"Almôndega, carne, crua",,Unidade,27
"Almôndega, frango, crua, ""Sadia""",,Unidade,27
Ameixa,FRUTAS/SUCOS/VITAMINAS,Porção,50
Ameixa,FRUTAS/SUCOS/VITAMINAS,Unidade,7
"Ameixa, crua",,Porção,50
"Ameixa, crua",,Unidade,7
"Ameixa, in natura, Prunus domestica",,Porção,50
Ameixa-preta seca,,Porção,50
Ameixa-preta seca,,Unidade,7
Ameixa-preta sem caroço -Celmar®,,Porção,50
Ameixa-preta sem caroço -Celmar®,,Unidade,7
Ameixa-vermelha,,Porção,50
Ameixa-vermelha,,Unidade,16
Amendoa,OLEAGINOSAS,Colher de Sopa,15
Amendoa,OLEAGINOSAS,Unidade,1
Amêndoa,,Colher de Sopa,15
Amêndoa,,Unidade,1
Amêndoa torrada com sal,,Colher de Sopa,15
Amêndoa torrada com sal,,Unidade,1
Amêndoa torrada sem sal,,Colher de Sopa,15
Amêndoa torrada sem sal,,Unidade,1
"Amêndoa, crua, s/ sal, Prunua amygdalus L.",,Colher de Sopa,15
"Amêndoa, crua, s/ sal, Prunua amygdalus L.",,Unidade,1
"Amêndoa, torrada, c/ sal, Ara?bic amygdalu var. Dulcis",,Colher de Sopa,15
"Amêndoa, torrada, c/ sal, Ara?bic amygdalu var. Dulcis",,Unidade,1
"Amêndoa, torrada, salgada",,Colher de Sopa,15
"Amêndoa, torrada, salgada",,Unidade,1
Amêndoas - Mr. Va I leyQualitá®,,Colher de Sopa,15
Amêndoas - Mr. Va I leyQualitá®,,Unidade,1
Amendoim (em grão) (in natura),OLEAGINOSAS,Porção,9
Amendoim (em grão) (in natura),OLEAGINOSAS,Colher de Sopa,17
Amendoim (em grão) (in natura),OLEAGINOSAS,Concha,65
Amendoim (em grão) (in natura),OLEAGINOSAS,Unidade,1
Amendoim (em grão) (in natura),OLEAGINOSAS,Punhado,30
Amendoim com pele (cru),,Porção,9
Amendoim com pele (cru),,Colher de Sopa,17
Amendoim com pele (cru),,Concha,65
Amendoim com pele (cru),,Unidade,1
Amendoim com pele (cru),,Punhado,30
Amendoim cozido,OLEAGINOSAS,Porção,32
Amendoim cozido,OLEAGINOSAS,Colher de Sopa,16
Amendoim cozido,OLEAGINOSAS,Concha,64
Amendoim cozido,OLEAGINOSAS,Punhado,17
Amendoim moido,OLEAGINOSAS,Porção,9
Amendoim moido,OLEAGINOSAS,Colher de Sopa,15
Amendoim torrado com sal,,Colher de Sopa,15
Amendoim torrado e salgado- Dori®,,Colher de Sopa,15
"Amendoim, grão, cru",,Porção,9
"Amendoim, grão, cru",,Colher de Sopa,17
"Amendoim, grão, cru",,Concha,65
"Amendoim, grão, cru",,Unidade,1
"Amendoim, grão, cru",,Punhado,30
"Amendoim, grão, cru, Arachis hypogaea L.",,Porção,9
"Amendoim, grão, cru, Arachis hypogaea L.",,Colher de Sopa,17
"Amendoim, grão, cru, Arachis hypogaea L.",,Concha,65
"Amendoim, grão, cru, Arachis hypogaea L.",,Unidade,1
"Amendoim, grão, cru, Arachis hypogaea L.",,Punhado,30
"Amendoim, torrado, salgado",,Colher de Sopa,15
Amido de arroz,FARINHAS/FÉCULAS/MASSAS,Colher de Arroz,55
Amido de arroz,FARINHAS/FÉCULAS/MASSAS,Colher de Sopa,37
Amido de arroz,FARINHAS/FÉCULAS/MASSAS,Concha,110
Amido de milho,FARINHAS/FÉCULAS/MASSAS,Colher de Arroz,55
Amido de milho,FARINHAS/FÉCULAS/MASSAS,Colher de Sopa,37
Amido de milho,FARINHAS/FÉCULAS/MASSAS,Concha,110
Amido de milho -Ma izena®,,Colher de Arroz,55
Amido de milho -Ma izena®,,Colher de Sopa,37
Amido de milho -Ma izena®,,Concha,110
Amora (IBGE),FRUTAS/SUCOS/VITAMINAS,Colher de Sopa,10
Amora (Tucunduva),,Colher de Sopa,10
Amora congelada -DeMarchi®,,Xícara de Chá,140
Andu,LEGUMINOSAS,Colher de Sopa,17
Andu,LEGUMINOSAS,Concha,140
Andu,LEGUMINOSAS,Prato Raso,140
Angusor de milho,FARINHAS/FÉCULAS/MASSAS,Pedaço,60
Apresuntado (IBGE),CARNES INDUSTRIALIDAS,Fatia,15
Apresuntado (TACO),,Fatia,15
Apresuntado (Tucunduva),,Fatia,15
"Apresuntado, cozido",,Fatia,15
"Apresuntado, cozido, fatiado, ""Sadia""",,Fatia,15
"Apresuntado, metro, Seara",,Fatia,15
"Apresuntado, retangular, Seara",,Fatia,15
Arrasto suíno,OUTRAS CARNES,File,100
Arrasto suíno,OUTRAS CARNES,Bife,100
Arrasto suíno,OUTRAS CARNES,Fatia,90
Arrasto suíno,OUTRAS CARNES,Pedaço,35
Arrasto suíno,OUTRAS CARNES,Porção,75
Arrasto suíno,OUTRAS CARNES,Colher de Arroz,70
Arrasto suíno,OUTRAS CARNES,Colher de Sopa,30
Arrasto suíno,OUTRAS CARNES,Concha,140
Arrasto suíno,OUTRAS CARNES,Escumadeira,70
Arroz  orgânico,CEREAIS,Colher de Arroz,45
Arroz  orgânico,CEREAIS,Colher de Sopa,25
Arroz  orgânico,CEREAIS,Concha,100
Arroz  orgânico,CEREAIS,Escumadeira,85
Arroz  orgânico,CEREAIS,Colher de Chá,6
Arroz  orgânico,CEREAIS,Colher de Café,3
Arroz  orgânico,CEREAIS,Colher de Sobremesa,12
Arroz  orgânico,CEREAIS,Copo Americano,100
Arroz  orgânico,CEREAIS,Copo Médio,200
Arroz  orgânico,CEREAIS,Copo Grande,200
Arroz  orgânico,CEREAIS,Pegador,25
Arroz  orgânico,CEREAIS,Pote,100
Arroz  orgânico,CEREAIS,Prato Sobremesa,50
Arroz  orgânico,CEREAIS,Prato Fundo,200
Arroz  orgânico,CEREAIS,Prato Raso,100
Arroz  orgânico,CEREAIS,Tigela,100
Arroz  orgânico,CEREAIS,Xícara de Chá,100
"Arroz (polido, parboilizado, agulha, agulhinha, etc)",CEREAIS,Colher de Arroz,45
"Arroz (polido, parboilizado, agulha, agulhinha, etc)",CEREAIS,Colher de Sopa,25
"Arroz (polido, parboilizado, agulha, agulhinha, etc)",CEREAIS,Concha,100
"Arroz (polido, parboilizado, agulha, agulhinha, etc)",CEREAIS,Escumadeira,85
"Arroz (polido, parboilizado, agulha, agulhinha, etc)",CEREAIS,Colher de Chá,6
"Arroz (polido, parboilizado, agulha, agulhinha, etc)",CEREAIS,Colher de Café,3
"Arroz (polido, parboilizado, agulha, agulhinha, etc)",CEREAIS,Colher de Sobremesa,12
"Arroz (polido, parboilizado, agulha, agulhinha, etc)",CEREAIS,Copo Americano,100
"Arroz (polido, parboilizado, agulha, agulhinha, etc)",CEREAIS,Copo Médio,200
"Arroz (polido, parboilizado, agulha, agulhinha, etc)",CEREAIS,Copo Grande,200
"Arroz (polido, parboilizado, agulha, agulhinha, etc)",CEREAIS,Pegador,25
"Arroz (polido, parboilizado, agulha, agulhinha, etc)",CEREAIS,Pote,100
"Arroz (polido, parboilizado, agulha, agulhinha, etc)",CEREAIS,Prato Sobremesa,50
"Arroz (polido, parboilizado, agulha, agulhinha, etc)",CEREAIS,Prato Fundo,200
"Arroz (polido, parboilizado, agulha, agulhinha, etc)",CEREAIS,Prato Raso,100
"Arroz (polido, parboilizado, agulha, agulhinha, etc)",CEREAIS,Tigela,100
"Arroz (polido, parboilizado, agulha, agulhinha, etc)",CEREAIS,Xícara de Chá,100
Arroz branco (cozido),,Colher de Arroz,45
Arroz branco (cozido),,Colher de Sopa,25
Arroz branco (cozido),,Concha,100
Arroz branco (cozido),,Escumadeira,85
Arroz branco (cozido),,Colher de Chá,6
Arroz branco (cozido),,Colher de Café,3
Arroz branco (cozido),,Colher de Sobremesa,12
Arroz branco (cozido),,Copo Americano,100
Arroz branco (cozido),,Copo Médio,200
Arroz branco (cozido),,Copo Grande,200
Arroz branco (cozido),,Pegador,25
Arroz branco (cozido),,Pote,100
Arroz branco (cozido),,Prato Sobremesa,50
Arroz branco (cozido),,Prato Fundo,200
Arroz branco (cozido),,Prato Raso,100
Arroz branco (cozido),,Tigela,100
Arroz branco (cozido),,Xícara de Chá,100
Arroz branco (cru),,Colher de Arroz,45
Arroz branco (cru),,Colher de Sopa,25
Arroz branco (cru),,Concha,100
Arroz branco (cru),,Escumadeira,85
Arroz branco (cru),,Colher de Chá,6
Arroz branco (cru),,Colher de Café,3
Arroz branco (cru),,Colher de Sobremesa,12
Arroz branco (cru),,Copo Americano,100
Arroz branco (cru),,Copo Médio,200
Arroz branco (cru),,Copo Grande,200
Arroz branco (cru),,Pegador,25
Arroz branco (cru),,Pote,100
Arroz branco (cru),,Prato Sobremesa,50
Arroz branco (cru),,Prato Fundo,200
Arroz branco (cru),,Prato Raso,100
Arroz branco (cru),,Tigela,100
Arroz branco (cru),,Xícara de Chá,100
Arroz integral,CEREAIS,Colher de Arroz,45
Arroz integral,CEREAIS,Colher de Sopa,25
Arroz integral,CEREAIS,Concha,100
Arroz integral,CEREAIS,Escumadeira,85
Arroz integral,CEREAIS,Colher de Chá,6
Arroz integral,CEREAIS,Colher de Café,3
Arroz integral,CEREAIS,Colher de Sobremesa,12
Arroz integral,CEREAIS,Copo Americano,100
Arroz integral,CEREAIS,Copo Médio,200
Arroz integral,CEREAIS,Copo Grande,200
Arroz integral,CEREAIS,Pegador,25
Arroz integral,CEREAIS,Pote,100
Arroz integral,CEREAIS,Prato Sobremesa,50
Arroz integral,CEREAIS,Prato Fundo,200
Arroz integral,CEREAIS,Prato Raso,100
Arroz integral,CEREAIS,Tigela,100
Arroz integral,CEREAIS,Xícara de Chá,100
Arroz integral (cozido),,Colher de Arroz,45
Arroz integral (cozido),,Colher de Sopa,25
Arroz integral (cozido),,Concha,100
Arroz integral (cozido),,Escumadeira,85
Arroz integral (cozido),,Colher de Chá,6
Arroz integral (cozido),,Colher de Café,3
Arroz integral (cozido),,Colher de Sobremesa,12
Arroz integral (cozido),,Copo Americano,100
Arroz integral (cozido),,Copo Médio,200
Arroz integral (cozido),,Copo Grande,200
Arroz integral (cozido),,Pegador,25
Arroz integral (cozido),,Pote,100
Arroz integral (cozido),,Prato Sobremesa,50
Arroz integral (cozido),,Prato Fundo,200
Arroz integral (cozido),,Prato Raso,100
Arroz integral (cozido),,Tigela,100
Arroz integral (cozido),,Xícara de Chá,100
Arroz integral (cru),,Colher de Arroz,45
Arroz integral (cru),,Colher de Sopa,25
Arroz integral (cru),,Concha,100
Arroz integral (cru),,Escumadeira,85
Arroz integral (cru),,Colher de Chá,6
Arroz integral (cru),,Colher de Café,3
Arroz integral (cru),,Colher de Sobremesa,12
Arroz integral (cru),,Copo Americano,100
Arroz integral (cru),,Copo Médio,200
Arroz integral (cru),,Copo Grande,200
Arroz integral (cru),,Pegador,25
Arroz integral (cru),,Pote,100
Arroz integral (cru),,Prato Sobremesa,50
Arroz integral (cru),,Prato Fundo,200
Arroz integral (cru),,Prato Raso,100
Arroz integral (cru),,Tigela,100
Arroz integral (cru),,Xícara de Chá,100
Arroz integral (cru) -Tio João(),,Colher de Arroz,45
Arroz integral (cru) -Tio João(),,Colher de Sopa,25
Arroz integral (cru) -Tio João(),,Concha,100
Arroz integral (cru) -Tio João(),,Escumadeira,85
Arroz integral (cru) -Tio João(),,Colher de Chá,6
Arroz integral (cru) -Tio João(),,Colher de Café,3
Arroz integral (cru) -Tio João(),,Colher de Sobremesa,12
Arroz integral (cru) -Tio João(),,Copo Americano,100
Arroz integral (cru) -Tio João(),,Copo Médio,200
Arroz integral (cru) -Tio João(),,Copo Grande,200
Arroz integral (cru) -Tio João(),,Pegador,25
Arroz integral (cru) -Tio João(),,Pote,100
Arroz integral (cru) -Tio João(),,Prato Sobremesa,50
Arroz integral (cru) -Tio João(),,Prato Fundo,200
Arroz integral (cru) -Tio João(),,Prato Raso,100
Arroz integral (cru) -Tio João(),,Tigela,100
Arroz integral (cru) -Tio João(),,Xícara de Chá,100
Arroz integral orgânico,CEREAIS,Colher de Arroz,45
Arroz integral orgânico,CEREAIS,Colher de Sopa,25
Arroz integral orgânico,CEREAIS,Concha,100
Arroz integral orgânico,CEREAIS,Escumadeira,85
Arroz integral orgânico,CEREAIS,Colher de Chá,6
Arroz integral orgânico,CEREAIS,Colher de Café,3
Arroz integral orgânico,CEREAIS,Colher de Sobremesa,12
Arroz integral orgânico,CEREAIS,Copo Americano,100
Arroz integral orgânico,CEREAIS,Copo Médio,200
Arroz integral orgânico,CEREAIS,Copo Grande,200
Arroz integral orgânico,CEREAIS,Pegador,25
Arroz integral orgânico,CEREAIS,Pote,100
Arroz integral orgânico,CEREAIS,Prato Sobremesa,50
Arroz integral orgânico,CEREAIS,Prato Fundo,200
Arroz integral orgânico,CEREAIS,Prato Raso,100
Arroz integral orgânico,CEREAIS,Tigela,100
Arroz integral orgânico,CEREAIS,Xícara de Chá,100
Arroz integral orgânico (cru) - Tio João(),,Colher de Arroz,45
Arroz integral orgânico (cru) - Tio João(),,Colher de Sopa,25
Arroz integral orgânico (cru) - Tio João(),,Concha,100
Arroz integral orgânico (cru) - Tio João(),,Escumadeira,85
Arroz integral orgânico (cru) - Tio João(),,Colher de Chá,6
Arroz integral orgânico (cru) - Tio João(),,Colher de Café,3
Arroz integral orgânico (cru) - Tio João(),,Colher de Sobremesa,12
Arroz integral orgânico (cru) - Tio João(),,Copo Americano,100
Arroz integral orgânico (cru) - Tio João(),,Copo Médio,200
Arroz integral orgânico (cru) - Tio João(),,Copo Grande,200
Arroz integral orgânico (cru) - Tio João(),,Pegador,25
Arroz integral orgânico (cru) - Tio João(),,Pote,100
Arroz integral orgânico (cru) - Tio João(),,Prato Sobremesa,50
Arroz integral orgânico (cru) - Tio João(),,Prato Fundo,200
Arroz integral orgânico (cru) - Tio João(),,Prato Raso,100
Arroz integral orgânico (cru) - Tio João(),,Tigela,100
Arroz integral orgânico (cru) - Tio João(),,Xícara de Chá,100
Arroz integral parboilizaclo - Uncle Ben's0,,Colher de Arroz,45
Arroz integral parboilizaclo - Uncle Ben's0,,Colher de Sopa,25
Arroz integral parboilizaclo - Uncle Ben's0,,Concha,100
Arroz integral parboilizaclo - Uncle Ben's0,,Escumadeira,85
Arroz integral parboilizaclo - Uncle Ben's0,,Colher de Chá,6
Arroz integral parboilizaclo - Uncle Ben's0,,Colher de Café,3
Arroz integral parboilizaclo - Uncle Ben's0,,Colher de Sobremesa,12
Arroz integral parboilizaclo - Uncle Ben's0,,Copo Americano,100
Arroz integral parboilizaclo - Uncle Ben's0,,Copo Médio,200
Arroz integral parboilizaclo - Uncle Ben's0,,Copo Grande,200
Arroz integral parboilizaclo - Uncle Ben's0,,Pegador,25
Arroz integral parboilizaclo - Uncle Ben's0,,Pote,100
Arroz integral parboilizaclo - Uncle Ben's0,,Prato Sobremesa,50
Arroz integral parboilizaclo - Uncle Ben's0,,Prato Fundo,200
Arroz integral parboilizaclo - Uncle Ben's0,,Prato Raso,100
Arroz integral parboilizaclo - Uncle Ben's0,,Tigela,100
Arroz integral parboilizaclo - Uncle Ben's0,,Xícara de Chá,100
Arroz parboilizado (cru) -Tio João®,,Colher de Arroz,45
Arroz parboilizado (cru) -Tio João®,,Colher de Sopa,25
Arroz parboilizado (cru) -Tio João®,,Concha,100
Arroz parboilizado (cru) -Tio João®,,Escumadeira,85
Arroz parboilizado (cru) -Tio João®,,Colher de Chá,6
Arroz parboilizado (cru) -Tio João®,,Colher de Café,3
Arroz parboilizado (cru) -Tio João®,,Colher de Sobremesa,12
Arroz parboilizado (cru) -Tio João®,,Copo Americano,100
Arroz parboilizado (cru) -Tio João®,,Copo Médio,200
Arroz parboilizado (cru) -Tio João®,,Copo Grande,200
Arroz parboilizado (cru) -Tio João®,,Pegador,25
Arroz parboilizado (cru) -Tio João®,,Pote,100
Arroz parboilizado (cru) -Tio João®,,Prato Sobremesa,50
Arroz parboilizado (cru) -Tio João®,,Prato Fundo,200
Arroz parboilizado (cru) -Tio João®,,Prato Raso,100
Arroz parboilizado (cru) -Tio João®,,Tigela,100
Arroz parboilizado (cru) -Tio João®,,Xícara de Chá,100
"Arroz, integral, cozido",,Colher de Arroz,45
"Arroz, integral, cozido",,Colher de Sopa,25
"Arroz, integral, cozido",,Concha,100
"Arroz, integral, cozido",,Escumadeira,85
"Arroz, integral, cozido",,Colher de Chá,6
"Arroz, integral, cozido",,Colher de Café,3
"Arroz, integral, cozido",,Colher de Sobremesa,12
"Arroz, integral, cozido",,Copo Americano,100
"Arroz, integral, cozido",,Copo Médio,200
"Arroz, integral, cozido",,Copo Grande,200
"Arroz, integral, cozido",,Pegador,25
"Arroz, integral, cozido",,Pote,100
"Arroz, integral, cozido",,Prato Sobremesa,50
"Arroz, integral, cozido",,Prato Fundo,200
"Arroz, integral, cozido",,Prato Raso,100
"Arroz, integral, cozido",,Tigela,100
"Arroz, integral, cozido",,Xícara de Chá,100
"Arroz, integral, cozido, c/ óleo e temperos, c/ sal",,Colher de Arroz,45
"Arroz, integral, cozido, c/ óleo e temperos, c/ sal",,Colher de Sopa,25
"Arroz, integral, cozido, c/ óleo e temperos, c/ sal",,Concha,100
"Arroz, integral, cozido, c/ óleo e temperos, c/ sal",,Escumadeira,85
"Arroz, integral, cozido, c/ óleo e temperos, c/ sal",,Colher de Chá,6
"Arroz, integral, cozido, c/ óleo e temperos, c/ sal",,Colher de Café,3
"Arroz, integral, cozido, c/ óleo e temperos, c/ sal",,Colher de Sobremesa,12
"Arroz, integral, cozido, c/ óleo e temperos, c/ sal",,Copo Americano,100
"Arroz, integral, cozido, c/ óleo e temperos, c/ sal",,Copo Médio,200
"Arroz, integral, cozido, c/ óleo e temperos, c/ sal",,Copo Grande,200
"Arroz, integral, cozido, c/ óleo e temperos, c/ sal",,Pegador,25
"Arroz, integral, cozido, c/ óleo e temperos, c/ sal",,Pote,100
"Arroz, integral, cozido, c/ óleo e temperos, c/ sal",,Prato Sobremesa,50
"Arroz, integral, cozido, c/ óleo e temperos, c/ sal",,Prato Fundo,200
"Arroz, integral, cozido, c/ óleo e temperos, c/ sal",,Prato Raso,100
"Arroz, integral, cozido, c/ óleo e temperos, c/ sal",,Tigela,100
"Arroz, integral, cozido, c/ óleo e temperos, c/ sal",,Xícara de Chá,100
"Arroz, integral, cozido, c/ óleo e temperos, s/ sal",,Colher de Arroz,45
"Arroz, integral, cozido, c/ óleo e temperos, s/ sal",,Colher de Sopa,25
"Arroz, integral, cozido, c/ óleo e temperos, s/ sal",,Concha,100
"Arroz, integral, cozido, c/ óleo e temperos, s/ sal",,Escumadeira,85
"Arroz, integral, cozido, c/ óleo e temperos, s/ sal",,Colher de Chá,6
"Arroz, integral, cozido, c/ óleo e temperos, s/ sal",,Colher de Café,3
"Arroz, integral, cozido, c/ óleo e temperos, s/ sal",,Colher de Sobremesa,12
"Arroz, integral, cozido, c/ óleo e temperos, s/ sal",,Copo Americano,100
"Arroz, integral, cozido, c/ óleo e temperos, s/ sal",,Copo Médio,200
"Arroz, integral, cozido, c/ óleo e temperos, s/ sal",,Copo Grande,200
"Arroz, integral, cozido, c/ óleo e temperos, s/ sal",,Pegador,25
"Arroz, integral, cozido, c/ óleo e temperos, s/ sal",,Pote,100
"Arroz, integral, cozido, c/ óleo e temperos, s/ sal",,Prato Sobremesa,50
"Arroz, integral, cozido, c/ óleo e temperos, s/ sal",,Prato Fundo,200
"Arroz, integral, cozido, c/ óleo e temperos, s/ sal",,Prato Raso,100
"Arroz, integral, cozido, c/ óleo e temperos, s/ sal",,Tigela,100
"Arroz, integral, cozido, c/ óleo e temperos, s/ sal",,Xícara de Chá,100
"Arroz, integral, cozido, s/ sal e temperos, Orysa sativa L.",,Colher de Arroz,45
"Arroz, integral, cozido, s/ sal e temperos, Orysa sativa L.",,Colher de Sopa,25
"Arroz, integral, cozido, s/ sal e temperos, Orysa sativa L.",,Concha,100
"Arroz, integral, cozido, s/ sal e temperos, Orysa sativa L.",,Escumadeira,85
"Arroz, integral, cozido, s/ sal e temperos, Orysa sativa L.",,Colher de Chá,6
"Arroz, integral, cozido, s/ sal e temperos, Orysa sativa L.",,Colher de Café,3
"Arroz, integral, cozido, s/ sal e temperos, Orysa sativa L.",,Colher de Sobremesa,12
"Arroz, integral, cozido, s/ sal e temperos, Orysa sativa L.",,Copo Americano,100
"Arroz, integral, cozido, s/ sal e temperos, Orysa sativa L.",,Copo Médio,200
"Arroz, integral, cozido, s/ sal e temperos, Orysa sativa L.",,Copo Grande,200
"Arroz, integral, cozido, s/ sal e temperos, Orysa sativa L.",,Pegador,25
"Arroz, integral, cozido, s/ sal e temperos, Orysa sativa L.",,Pote,100
"Arroz, integral, cozido, s/ sal e temperos, Orysa sativa L.",,Prato Sobremesa,50
"Arroz, integral, cozido, s/ sal e temperos, Orysa sativa L.",,Prato Fundo,200
"Arroz, integral, cozido, s/ sal e temperos, Orysa sativa L.",,Prato Raso,100
"Arroz, integral, cozido, s/ sal e temperos, Orysa sativa L.",,Tigela,100
"Arroz, integral, cozido, s/ sal e temperos, Orysa sativa L.",,Xícara de Chá,100
"Arroz, integral, cru",,Colher de Arroz,45
"Arroz, integral, cru",,Colher de Sopa,25
"Arroz, integral, cru",,Concha,100
"Arroz, integral, cru",,Escumadeira,85
"Arroz, integral, cru",,Colher de Chá,6
"Arroz, integral, cru",,Colher de Café,3
"Arroz, integral, cru",,Colher de Sobremesa,12
"Arroz, integral, cru",,Copo Americano,100
"Arroz, integral, cru",,Copo Médio,200
"Arroz, integral, cru",,Copo Grande,200
"Arroz, integral, cru",,Pegador,25
"Arroz, integral, cru",,Pote,100
"Arroz, integral, cru",,Prato Sobremesa,50
"Arroz, integral, cru",,Prato Fundo,200
"Arroz, integral, cru",,Prato Raso,100
"Arroz, integral, cru",,Tigela,100
"Arroz, integral, cru",,Xícara de Chá,100
"Arroz, integral, cru, Oryza sativa L., (média diferentes cultivares)",,Colher de Arroz,45
"Arroz, integral, cru, Oryza sativa L., (média diferentes cultivares)",,Colher de Sopa,25
"Arroz, integral, cru, Oryza sativa L., (média diferentes cultivares)",,Concha,100
"Arroz, integral, cru, Oryza sativa L., (média diferentes cultivares)",,Escumadeira,85
"Arroz, integral, cru, Oryza sativa L., (média diferentes cultivares)",,Colher de Chá,6
"Arroz, integral, cru, Oryza sativa L., (média diferentes cultivares)",,Colher de Café,3
"Arroz, integral, cru, Oryza sativa L., (média diferentes cultivares)",,Colher de Sobremesa,12
"Arroz, integral, cru, Oryza sativa L., (média diferentes cultivares)",,Copo Americano,100
"Arroz, integral, cru, Oryza sativa L., (média diferentes cultivares)",,Copo Médio,200
"Arroz, integral, cru, Oryza sativa L., (média diferentes cultivares)",,Copo Grande,200
"Arroz, integral, cru, Oryza sativa L., (média diferentes cultivares)",,Pegador,25
"Arroz, integral, cru, Oryza sativa L., (média diferentes cultivares)",,Pote,100
"Arroz, integral, cru, Oryza sativa L., (média diferentes cultivares)",,Prato Sobremesa,50
"Arroz, integral, cru, Oryza sativa L., (média diferentes cultivares)",,Prato Fundo,200
"Arroz, integral, cru, Oryza sativa L., (média diferentes cultivares)",,Prato Raso,100
"Arroz, integral, cru, Oryza sativa L., (média diferentes cultivares)",,Tigela,100
"Arroz, integral, cru, Oryza sativa L., (média diferentes cultivares)",,Xícara de Chá,100
"Arroz, polido, cozido, c/ óleo e temperos, c/ sal",,Colher de Arroz,45
"Arroz, polido, cozido, c/ óleo e temperos, c/ sal",,Colher de Sopa,25
"Arroz, polido, cozido, c/ óleo e temperos, c/ sal",,Concha,100
"Arroz, polido, cozido, c/ óleo e temperos, c/ sal",,Escumadeira,85
"Arroz, polido, cozido, c/ óleo e temperos, c/ sal",,Colher de Chá,6
"Arroz, polido, cozido, c/ óleo e temperos, c/ sal",,Colher de Café,3
"Arroz, polido, cozido, c/ óleo e temperos, c/ sal",,Colher de Sobremesa,12
"Arroz, polido, cozido, c/ óleo e temperos, c/ sal",,Copo Americano,100
"Arroz, polido, cozido, c/ óleo e temperos, c/ sal",,Copo Médio,200
"Arroz, polido, cozido, c/ óleo e temperos, c/ sal",,Copo Grande,200
"Arroz, polido, cozido, c/ óleo e temperos, c/ sal",,Pegador,25
"Arroz, polido, cozido, c/ óleo e temperos, c/ sal",,Pote,100
"Arroz, polido, cozido, c/ óleo e temperos, c/ sal",,Prato Sobremesa,50
"Arroz, polido, cozido, c/ óleo e temperos, c/ sal",,Prato Fundo,200
"Arroz, polido, cozido, c/ óleo e temperos, c/ sal",,Prato Raso,100
"Arroz, polido, cozido, c/ óleo e temperos, c/ sal",,Tigela,100
"Arroz, polido, cozido, c/ óleo e temperos, c/ sal",,Xícara de Chá,100
"Arroz, polido, cozido, c/ óleo e temperos, s/ sal",,Colher de Arroz,45
"Arroz, polido, cozido, c/ óleo e temperos, s/ sal",,Colher de Sopa,25
"Arroz, polido, cozido, c/ óleo e temperos, s/ sal",,Concha,100
"Arroz, polido, cozido, c/ óleo e temperos, s/ sal",,Escumadeira,85
"Arroz, polido, cozido, c/ óleo e temperos, s/ sal",,Colher de Chá,6
"Arroz, polido, cozido, c/ óleo e temperos, s/ sal",,Colher de Café,3
"Arroz, polido, cozido, c/ óleo e temperos, s/ sal",,Colher de Sobremesa,12
"Arroz, polido, cozido, c/ óleo e temperos, s/ sal",,Copo Americano,100
"Arroz, polido, cozido, c/ óleo e temperos, s/ sal",,Copo Médio,200
"Arroz, polido, cozido, c/ óleo e temperos, s/ sal",,Copo Grande,200
"Arroz, polido, cozido, c/ óleo e temperos, s/ sal",,Pegador,25
"Arroz, polido, cozido, c/ óleo e temperos, s/ sal",,Pote,100
"Arroz, polido, cozido, c/ óleo e temperos, s/ sal",,Prato Sobremesa,50
"Arroz, polido, cozido, c/ óleo e temperos, s/ sal",,Prato Fundo,200
"Arroz, polido, cozido, c/ óleo e temperos, s/ sal",,Prato Raso,100
"Arroz, polido, cozido, c/ óleo e temperos, s/ sal",,Tigela,100
"Arroz, polido, cozido, c/ óleo e temperos, s/ sal",,Xícara de Chá,100
"Arroz, polido, cozido, s/ sal e temperos, Orysa sativa L., (média de diferentes amostras)",,Colher de Arroz,45
"Arroz, polido, cozido, s/ sal e temperos, Orysa sativa L., (média de diferentes amostras)",,Colher de Sopa,25
"Arroz, polido, cozido, s/ sal e temperos, Orysa sativa L., (média de diferentes amostras)",,Concha,100
"Arroz, polido, cozido, s/ sal e temperos, Orysa sativa L., (média de diferentes amostras)",,Escumadeira,85
"Arroz, polido, cozido, s/ sal e temperos, Orysa sativa L., (média de diferentes amostras)",,Colher de Chá,6
"Arroz, polido, cozido, s/ sal e temperos, Orysa sativa L., (média de diferentes amostras)",,Colher de Café,3
"Arroz, polido, cozido, s/ sal e temperos, Orysa sativa L., (média de diferentes amostras)",,Colher de Sobremesa,12
"Arroz, polido, cozido, s/ sal e temperos, Orysa sativa L., (média de diferentes amostras)",,Copo Americano,100
"Arroz, polido, cozido, s/ sal e temperos, Orysa sativa L., (média de diferentes amostras)",,Copo Médio,200
"Arroz, polido, cozido, s/ sal e temperos, Orysa sativa L., (média de diferentes amostras)",,Copo Grande,200
"Arroz, polido, cozido, s/ sal e temperos, Orysa sativa L., (média de diferentes amostras)",,Pegador,25
"Arroz, polido, cozido, s/ sal e temperos, Orysa sativa L., (média de diferentes amostras)",,Pote,100
"Arroz, polido, cozido, s/ sal e temperos, Orysa sativa L., (média de diferentes amostras)",,Prato Sobremesa,50
"Arroz, polido, cozido, s/ sal e temperos, Orysa sativa L., (média de diferentes amostras)",,Prato Fundo,200
"Arroz, polido, cozido, s/ sal e temperos, Orysa sativa L., (média de diferentes amostras)",,Prato Raso,100
"Arroz, polido, cozido, s/ sal e temperos, Orysa sativa L., (média de diferentes amostras)",,Tigela,100
"Arroz, polido, cozido, s/ sal e temperos, Orysa sativa L., (média de diferentes amostras)",,Xícara de Chá,100
"Arroz, polido, cru, Orysa sativa L., (média de diferentes amostras)",,Colher de Arroz,45
"Arroz, polido, cru, Orysa sativa L., (média de diferentes amostras)",,Colher de Sopa,25
"Arroz, polido, cru, Orysa sativa L., (média de diferentes amostras)",,Concha,100
"Arroz, polido, cru, Orysa sativa L., (média de diferentes amostras)",,Escumadeira,85
"Arroz, polido, cru, Orysa sativa L., (média de diferentes amostras)",,Colher de Chá,6
"Arroz, polido, cru, Orysa sativa L., (média de diferentes amostras)",,Colher de Café,3
"Arroz, polido, cru, Orysa sativa L., (média de diferentes amostras)",,Colher de Sobremesa,12
"Arroz, polido, cru, Orysa sativa L., (média de diferentes amostras)",,Copo Americano,100
"Arroz, polido, cru, Orysa sativa L., (média de diferentes amostras)",,Copo Médio,200
"Arroz, polido, cru, Orysa sativa L., (média de diferentes amostras)",,Copo Grande,200
"Arroz, polido, cru, Orysa sativa L., (média de diferentes amostras)",,Pegador,25
"Arroz, polido, cru, Orysa sativa L., (média de diferentes amostras)",,Pote,100
"Arroz, polido, cru, Orysa sativa L., (média de diferentes amostras)",,Prato Sobremesa,50
"Arroz, polido, cru, Orysa sativa L., (média de diferentes amostras)",,Prato Fundo,200
"Arroz, polido, cru, Orysa sativa L., (média de diferentes amostras)",,Prato Raso,100
"Arroz, polido, cru, Orysa sativa L., (média de diferentes amostras)",,Tigela,100
"Arroz, polido, cru, Orysa sativa L., (média de diferentes amostras)",,Xícara de Chá,100
"Arroz, tipo 1, cozido",,Colher de Arroz,45
"Arroz, tipo 1, cozido",,Colher de Sopa,25
"Arroz, tipo 1, cozido",,Concha,100
"Arroz, tipo 1, cozido",,Escumadeira,85
"Arroz, tipo 1, cozido",,Colher de Chá,6
"Arroz, tipo 1, cozido",,Colher de Café,3
"Arroz, tipo 1, cozido",,Colher de Sobremesa,12
"Arroz, tipo 1, cozido",,Copo Americano,100
"Arroz, tipo 1, cozido",,Copo Médio,200
"Arroz, tipo 1, cozido",,Copo Grande,200
"Arroz, tipo 1, cozido",,Pegador,25
"Arroz, tipo 1, cozido",,Pote,100
"Arroz, tipo 1, cozido",,Prato Sobremesa,50
"Arroz, tipo 1, cozido",,Prato Fundo,200
"Arroz, tipo 1, cozido",,Prato Raso,100
"Arroz, tipo 1, cozido",,Tigela,100
"Arroz, tipo 1, cozido",,Xícara de Chá,100
"Arroz, tipo 1, cru",,Colher de Arroz,45
"Arroz, tipo 1, cru",,Colher de Sopa,25
"Arroz, tipo 1, cru",,Concha,100
"Arroz, tipo 1, cru",,Escumadeira,85
"Arroz, tipo 1, cru",,Colher de Chá,6
"Arroz, tipo 1, cru",,Colher de Café,3
"Arroz, tipo 1, cru",,Colher de Sobremesa,12
"Arroz, tipo 1, cru",,Copo Americano,100
"Arroz, tipo 1, cru",,Copo Médio,200
"Arroz, tipo 1, cru",,Copo Grande,200
"Arroz, tipo 1, cru",,Pegador,25
"Arroz, tipo 1, cru",,Pote,100
"Arroz, tipo 1, cru",,Prato Sobremesa,50
"Arroz, tipo 1, cru",,Prato Fundo,200
"Arroz, tipo 1, cru",,Prato Raso,100
"Arroz, tipo 1, cru",,Tigela,100
"Arroz, tipo 1, cru",,Xícara de Chá,100
"Arroz, tipo 2, cozido",,Colher de Arroz,45
"Arroz, tipo 2, cozido",,Colher de Sopa,25
"Arroz, tipo 2, cozido",,Concha,100
"Arroz, tipo 2, cozido",,Escumadeira,85
"Arroz, tipo 2, cozido",,Colher de Chá,6
"Arroz, tipo 2, cozido",,Colher de Café,3
"Arroz, tipo 2, cozido",,Colher de Sobremesa,12
"Arroz, tipo 2, cozido",,Copo Americano,100
"Arroz, tipo 2, cozido",,Copo Médio,200
"Arroz, tipo 2, cozido",,Copo Grande,200
"Arroz, tipo 2, cozido",,Pegador,25
"Arroz, tipo 2, cozido",,Pote,100
"Arroz, tipo 2, cozido",,Prato Sobremesa,50
"Arroz, tipo 2, cozido",,Prato Fundo,200
"Arroz, tipo 2, cozido",,Prato Raso,100
"Arroz, tipo 2, cozido",,Tigela,100
"Arroz, tipo 2, cozido",,Xícara de Chá,100
"Arroz, tipo 2, cru",,Colher de Arroz,45
"Arroz, tipo 2, cru",,Colher de Sopa,25
"Arroz, tipo 2, cru",,Concha,100
"Arroz, tipo 2, cru",,Escumadeira,85
"Arroz, tipo 2, cru",,Colher de Chá,6
"Arroz, tipo 2, cru",,Colher de Café,3
"Arroz, tipo 2, cru",,Colher de Sobremesa,12
"Arroz, tipo 2, cru",,Copo Americano,100
"Arroz, tipo 2, cru",,Copo Médio,200
"Arroz, tipo 2, cru",,Copo Grande,200
"Arroz, tipo 2, cru",,Pegador,25
"Arroz, tipo 2, cru",,Pote,100
"Arroz, tipo 2, cru",,Prato Sobremesa,50
"Arroz, tipo 2, cru",,Prato Fundo,200
"Arroz, tipo 2, cru",,Prato Raso,100
"Arroz, tipo 2, cru",,Tigela,100
"Arroz, tipo 2, cru",,Xícara de Chá,100
Arrozina,FARINHAS/FÉCULAS/MASSAS,Copo Médio,230
Asa de frango com pele (crua),,Porção,100
Asa de frango com pele (crua),,Colher de Arroz,40
Asa de frango com pele (crua),,Colher de Sopa,20
Asa de frango com pele (crua),,Concha,80
Asa de frango com pele (crua),,Asa,40
Asa de frango com pele (crua),,Unidade,40
Asa de galinha ou frango assado(a),AVES,Porção,100
Asa de galinha ou frango assado(a),AVES,Colher de Arroz,40
Asa de galinha ou frango assado(a),AVES,Colher de Sopa,20
Asa de galinha ou frango assado(a),AVES,Concha,80
Asa de galinha ou frango assado(a),AVES,Asa,40
Asa de galinha ou frango assado(a),AVES,Unidade,40
Asa de galinha ou frango cozido(a),AVES,Porção,100
Asa de galinha ou frango cozido(a),AVES,Colher de Arroz,40
Asa de galinha ou frango cozido(a),AVES,Colher de Sopa,20
Asa de galinha ou frango cozido(a),AVES,Concha,80
Asa de galinha ou frango cozido(a),AVES,Asa,40
Asa de galinha ou frango cozido(a),AVES,Unidade,40
Asa de galinha ou frango cru(a),AVES,Porção,100
Asa de galinha ou frango cru(a),AVES,Colher de Arroz,40
Asa de galinha ou frango cru(a),AVES,Colher de Sopa,20
Asa de galinha ou frango cru(a),AVES,Concha,80
Asa de galinha ou frango cru(a),AVES,Asa,40
Asa de galinha ou frango cru(a),AVES,Unidade,40
Asa de galinha ou frango empanado(a)/a milanesa,AVES,Porção,100
Asa de galinha ou frango empanado(a)/a milanesa,AVES,Colher de Arroz,40
Asa de galinha ou frango empanado(a)/a milanesa,AVES,Colher de Sopa,20
Asa de galinha ou frango empanado(a)/a milanesa,AVES,Concha,80
Asa de galinha ou frango empanado(a)/a milanesa,AVES,Asa,40
Asa de galinha ou frango empanado(a)/a milanesa,AVES,Unidade,40
Asa de galinha ou frango ensopado,AVES,Porção,100
Asa de galinha ou frango ensopado,AVES,Colher de Arroz,40
Asa de galinha ou frango ensopado,AVES,Colher de Sopa,20
Asa de galinha ou frango ensopado,AVES,Concha,80
Asa de galinha ou frango ensopado,AVES,Asa,40
Asa de galinha ou frango ensopado,AVES,Unidade,40
Asa de galinha ou frango frito(a),AVES,Porção,100
Asa de galinha ou frango frito(a),AVES,Colher de Arroz,40
Asa de galinha ou frango frito(a),AVES,Colher de Sopa,20
Asa de galinha ou frango frito(a),AVES,Concha,80
Asa de galinha ou frango frito(a),AVES,Asa,40
Asa de galinha ou frango frito(a),AVES,Unidade,40
Asa de galinha ou frango grelhado(a)/brasa/churrasco,AVES,Porção,100
Asa de galinha ou frango grelhado(a)/brasa/churrasco,AVES,Colher de Arroz,40
Asa de galinha ou frango grelhado(a)/brasa/churrasco,AVES,Colher de Sopa,20
Asa de galinha ou frango grelhado(a)/brasa/churrasco,AVES,Concha,80
Asa de galinha ou frango grelhado(a)/brasa/churrasco,AVES,Asa,40
Asa de galinha ou frango grelhado(a)/brasa/churrasco,AVES,Unidade,40
Asa de galinha ou frango molho vermelho,AVES,Porção,100
Asa de galinha ou frango molho vermelho,AVES,Colher de Arroz,40
Asa de galinha ou frango molho vermelho,AVES,Colher de Sopa,20
Asa de galinha ou frango molho vermelho,AVES,Concha,80
Asa de galinha ou frango molho vermelho,AVES,Asa,40
Asa de galinha ou frango molho vermelho,AVES,Unidade,40
Asa de galinha ou frango refogado(a),AVES,Porção,100
Asa de galinha ou frango refogado(a),AVES,Colher de Arroz,40
Asa de galinha ou frango refogado(a),AVES,Colher de Sopa,20
Asa de galinha ou frango refogado(a),AVES,Concha,80
Asa de galinha ou frango refogado(a),AVES,Asa,40
Asa de galinha ou frango refogado(a),AVES,Unidade,40
Asa de peru assado(a),AVES,Pedaço,174
Asa de peru assado(a),AVES,Asa,174
Asa de peru cozido(a),AVES,Pedaço,174
Asa de peru cozido(a),AVES,Asa,174
Atum em conserva,CONSERVAS,Colher de Sopa,20
Atum em conserva light,CONSERVAS,Colher de Sopa,20
Atum em óleo,,Colher de Sopa,20
Atum em pedaços -Coqueiro®,,Colher de Sopa,20
Atum em pedaços light -Coqueiro®,,Colher de Sopa,20
Atum fresco (cru),,Porção,120
Atum fresco (cru),,Colher de Sopa,20
Atum sólido - Coqueiro®,,Colher de Sopa,20
Atum sólido ao natural -CPC®,,Porção,120
Atum sólido ao natural -CPC®,,Colher de Sopa,20
Atum sólido em óleo vegetal - Gomes da Costa®,,Porção,120
Atum sólido em óleo vegetal - Gomes da Costa®,,Colher de Sopa,20
Atum sólido light - Coqueiro®,,Porção,120
Atum sólido light - Coqueiro®,,Colher de Sopa,20
"Atum, conserva em óleo",,Colher de Sopa,20
"Atum, fresco, cru",,Porção,120
"Atum, fresco, cru",,Colher de Sopa,20
Aveia em flocos,CEREAIS,Porção,38
Aveia em flocos,CEREAIS,Colher de Arroz,30
Aveia em flocos,CEREAIS,Colher de Sopa,15
Aveia em flocos,CEREAIS,Colher de Chá,2
Aveia em flocos,CEREAIS,Colher de Café,1
Aveia em flocos,CEREAIS,Colher de Sobremesa,7
Aveia em flocos - Quaker®,,Porção,38
Aveia em flocos - Quaker®,,Colher de Arroz,30
Aveia em flocos - Quaker®,,Colher de Sopa,15
Aveia em flocos - Quaker®,,Colher de Chá,2
Aveia em flocos - Quaker®,,Colher de Café,1
Aveia em flocos - Quaker®,,Colher de Sobremesa,7
Aveia em flocos finos -Quaker®,,Porção,38
Aveia em flocos finos -Quaker®,,Colher de Arroz,30
Aveia em flocos finos -Quaker®,,Colher de Sopa,15
Aveia em flocos finos -Quaker®,,Colher de Chá,2
Aveia em flocos finos -Quaker®,,Colher de Café,1
Aveia em flocos finos -Quaker®,,Colher de Sobremesa,7
Aveia integral em farinha --Mãe Terra°,,Porção,38
Aveia integral em farinha --Mãe Terra°,,Colher de Arroz,36
Aveia integral em farinha --Mãe Terra°,,Colher de Sopa,12
Aveia integral em farinha --Mãe Terra°,,Colher de Chá,4
Aveia integral em farinha --Mãe Terra°,,Colher de Café,2
Aveia integral em farinha --Mãe Terra°,,Colher de Sobremesa,8
"Aveia, crua, Avena sativa, (média diferentes tipos)",,Porção,38
"Aveia, crua, Avena sativa, (média diferentes tipos)",,Colher de Arroz,30
"Aveia, crua, Avena sativa, (média diferentes tipos)",,Colher de Sopa,15
"Aveia, crua, Avena sativa, (média diferentes tipos)",,Colher de Chá,2
"Aveia, crua, Avena sativa, (média diferentes tipos)",,Colher de Café,1
"Aveia, crua, Avena sativa, (média diferentes tipos)",,Colher de Sobremesa,7
"Aveia, farinha, crua, ""Mac Bits"", Avena sativa",,Porção,38
"Aveia, farinha, crua, ""Mac Bits"", Avena sativa",,Colher de Arroz,36
"Aveia, farinha, crua, ""Mac Bits"", Avena sativa",,Colher de Sopa,12
"Aveia, farinha, crua, ""Mac Bits"", Avena sativa",,Colher de Chá,4
"Aveia, farinha, crua, ""Mac Bits"", Avena sativa",,Colher de Café,2
"Aveia, farinha, crua, ""Mac Bits"", Avena sativa",,Colher de Sobremesa,8
"Aveia, flocos, crua",,Porção,38
"Aveia, flocos, crua",,Colher de Arroz,30
"Aveia, flocos, crua",,Colher de Sopa,15
"Aveia, flocos, crua",,Colher de Chá,2
"Aveia, flocos, crua",,Colher de Café,1
"Aveia, flocos, crua",,Colher de Sobremesa,7
"Aveia, flocos, crua, Avena sativa",,Porção,38
"Aveia, flocos, crua, Avena sativa",,Colher de Arroz,30
"Aveia, flocos, crua, Avena sativa",,Colher de Sopa,15
"Aveia, flocos, crua, Avena sativa",,Colher de Chá,2
"Aveia, flocos, crua, Avena sativa",,Colher de Café,1
"Aveia, flocos, crua, Avena sativa",,Colher de Sobremesa,7
"Aveia, flocos, finos, ""Float"", Avena sativa",,Porção,38
"Aveia, flocos, finos, ""Float"", Avena sativa",,Colher de Arroz,30
"Aveia, flocos, finos, ""Float"", Avena sativa",,Colher de Sopa,15
"Aveia, flocos, finos, ""Float"", Avena sativa",,Colher de Chá,2
"Aveia, flocos, finos, ""Float"", Avena sativa",,Colher de Café,1
"Aveia, flocos, finos, ""Float"", Avena sativa",,Colher de Sobremesa,7
"Aveia, flocos, finos, ""Neston"", Avena sativa",,Porção,38
"Aveia, flocos, finos, ""Neston"", Avena sativa",,Colher de Arroz,30
"Aveia, flocos, finos, ""Neston"", Avena sativa",,Colher de Sopa,15
"Aveia, flocos, finos, ""Neston"", Avena sativa",,Colher de Chá,2
"Aveia, flocos, finos, ""Neston"", Avena sativa",,Colher de Café,1
"Aveia, flocos, finos, ""Neston"", Avena sativa",,Colher de Sobremesa,7
"Aveia, flocos, finos, instantânea, ""Float"", Avena sativa",,Porção,38
"Aveia, flocos, finos, instantânea, ""Float"", Avena sativa",,Colher de Arroz,30
"Aveia, flocos, finos, instantânea, ""Float"", Avena sativa",,Colher de Sopa,15
"Aveia, flocos, finos, instantânea, ""Float"", Avena sativa",,Colher de Chá,2
"Aveia, flocos, finos, instantânea, ""Float"", Avena sativa",,Colher de Café,1
"Aveia, flocos, finos, instantânea, ""Float"", Avena sativa",,Colher de Sobremesa,7
Avela,OLEAGINOSAS,Colher de Sobremesa,25
Azeite de dendê,,Porção,8
Azeite de dendê,,Colher de Arroz,16
Azeite de dendê,,Colher de Sopa,8
Azeite de dendê,,Colher de Chá,2
Azeite de dendê,,Colher de Café,1
Azeite de dendê,,Colher de Sobremesa,5
Azeite de dendê -Masterfoods®,,Porção,8
Azeite de dendê -Masterfoods®,,Colher de Arroz,16
Azeite de dendê -Masterfoods®,,Colher de Sopa,8
Azeite de dendê -Masterfoods®,,Colher de Chá,2
Azeite de dendê -Masterfoods®,,Colher de Café,1
Azeite de dendê -Masterfoods®,,Colher de Sobremesa,5
Azeite de oliva (IBGE),OLEAGINOSAS,Porção,8
Azeite de oliva (IBGE),OLEAGINOSAS,Colher de Arroz,16
Azeite de oliva (IBGE),OLEAGINOSAS,Colher de Sopa,8
Azeite de oliva (IBGE),OLEAGINOSAS,Colher de Chá,2
Azeite de oliva (IBGE),OLEAGINOSAS,Colher de Café,1
Azeite de oliva (IBGE),OLEAGINOSAS,Colher de Sobremesa,5
Azeite de oliva (Tucunduva),,Porção,8
Azeite de oliva (Tucunduva),,Colher de Arroz,16
Azeite de oliva (Tucunduva),,Colher de Sopa,8
Azeite de oliva (Tucunduva),,Colher de Chá,2
Azeite de oliva (Tucunduva),,Colher de Café,1
Azeite de oliva (Tucunduva),,Colher de Sobremesa,5
Azeite de oliva - Casa deBragança®,,Porção,8
Azeite de oliva - Casa deBragança®,,Colher de Arroz,16
Azeite de oliva - Casa deBragança®,,Colher de Sopa,8
Azeite de oliva - Casa deBragança®,,Colher de Chá,2
Azeite de oliva - Casa deBragança®,,Colher de Café,1
Azeite de oliva - Casa deBragança®,,Colher de Sobremesa,5
Azeite de oliva - Figueira daFoz®,,Porção,8
Azeite de oliva - Figueira daFoz®,,Colher de Arroz,16
Azeite de oliva - Figueira daFoz®,,Colher de Sopa,8
Azeite de oliva - Figueira daFoz®,,Colher de Chá,2
Azeite de oliva - Figueira daFoz®,,Colher de Café,1
Azeite de oliva - Figueira daFoz®,,Colher de Sobremesa,5
Azeite de oliva - Gallo®,,Porção,8
Azeite de oliva - Gallo®,,Colher de Arroz,16
Azeite de oliva - Gallo®,,Colher de Sopa,8
Azeite de oliva - Gallo®,,Colher de Chá,2
Azeite de oliva - Gallo®,,Colher de Café,1
Azeite de oliva - Gallo®,,Colher de Sobremesa,5
Azeite de oliva - Musa@,,Porção,8
Azeite de oliva - Musa@,,Colher de Arroz,16
Azeite de oliva - Musa@,,Colher de Sopa,8
Azeite de oliva - Musa@,,Colher de Chá,2
Azeite de oliva - Musa@,,Colher de Café,1
Azeite de oliva - Musa@,,Colher de Sobremesa,5
Azeite de oliva -Andorinha®,,Porção,8
Azeite de oliva -Andorinha®,,Colher de Arroz,16
Azeite de oliva -Andorinha®,,Colher de Sopa,8
Azeite de oliva -Andorinha®,,Colher de Chá,2
Azeite de oliva -Andorinha®,,Colher de Café,1
Azeite de oliva -Andorinha®,,Colher de Sobremesa,5
Azeite de oliva -Carbonell®,,Porção,8
Azeite de oliva -Carbonell®,,Colher de Arroz,16
Azeite de oliva -Carbonell®,,Colher de Sopa,8
Azeite de oliva -Carbonell®,,Colher de Chá,2
Azeite de oliva -Carbonell®,,Colher de Café,1
Azeite de oliva -Carbonell®,,Colher de Sobremesa,5
Azeite de oliva com molhoshoyu e gengibre - Borges®,,Porção,8
Azeite de oliva com molhoshoyu e gengibre - Borges®,,Colher de Arroz,16
Azeite de oliva com molhoshoyu e gengibre - Borges®,,Colher de Sopa,8
Azeite de oliva com molhoshoyu e gengibre - Borges®,,Colher de Chá,2
Azeite de oliva com molhoshoyu e gengibre - Borges®,,Colher de Café,1
Azeite de oliva com molhoshoyu e gengibre - Borges®,,Colher de Sobremesa,5
Azeite de oliva comalecrim - Borges®,,Porção,8
Azeite de oliva comalecrim - Borges®,,Colher de Arroz,16
Azeite de oliva comalecrim - Borges®,,Colher de Sopa,8
Azeite de oliva comalecrim - Borges®,,Colher de Chá,2
Azeite de oliva comalecrim - Borges®,,Colher de Café,1
Azeite de oliva comalecrim - Borges®,,Colher de Sobremesa,5
Azeite de oliva commanjericão - Borges®,,Porção,8
Azeite de oliva commanjericão - Borges®,,Colher de Arroz,16
Azeite de oliva commanjericão - Borges®,,Colher de Sopa,8
Azeite de oliva commanjericão - Borges®,,Colher de Chá,2
Azeite de oliva commanjericão - Borges®,,Colher de Café,1
Azeite de oliva commanjericão - Borges®,,Colher de Sobremesa,5
Azeite de oliva condi extra -Pieira Coricelli®,,Porção,8
Azeite de oliva condi extra -Pieira Coricelli®,,Colher de Arroz,16
Azeite de oliva condi extra -Pieira Coricelli®,,Colher de Sopa,8
Azeite de oliva condi extra -Pieira Coricelli®,,Colher de Chá,2
Azeite de oliva condi extra -Pieira Coricelli®,,Colher de Café,1
Azeite de oliva condi extra -Pieira Coricelli®,,Colher de Sobremesa,5
Azeite de oliva extravirgem,,Porção,8
Azeite de oliva extravirgem,,Colher de Arroz,16
Azeite de oliva extravirgem,,Colher de Sopa,8
Azeite de oliva extravirgem,,Colher de Chá,2
Azeite de oliva extravirgem,,Colher de Café,1
Azeite de oliva extravirgem,,Colher de Sobremesa,5
Azeite de oliva extravirgem -Andorinha®,,Porção,8
Azeite de oliva extravirgem -Andorinha®,,Colher de Arroz,16
Azeite de oliva extravirgem -Andorinha®,,Colher de Sopa,8
Azeite de oliva extravirgem -Andorinha®,,Colher de Chá,2
Azeite de oliva extravirgem -Andorinha®,,Colher de Café,1
Azeite de oliva extravirgem -Andorinha®,,Colher de Sobremesa,5
Azeite de oliva extravirgem -Borges®,,Porção,8
Azeite de oliva extravirgem -Borges®,,Colher de Arroz,16
Azeite de oliva extravirgem -Borges®,,Colher de Sopa,8
Azeite de oliva extravirgem -Borges®,,Colher de Chá,2
Azeite de oliva extravirgem -Borges®,,Colher de Café,1
Azeite de oliva extravirgem -Borges®,,Colher de Sobremesa,5
Azeite de oliva extravirgem -Cocineiro®,,Porção,8
Azeite de oliva extravirgem -Cocineiro®,,Colher de Arroz,16
Azeite de oliva extravirgem -Cocineiro®,,Colher de Sopa,8
Azeite de oliva extravirgem -Cocineiro®,,Colher de Chá,2
Azeite de oliva extravirgem -Cocineiro®,,Colher de Café,1
Azeite de oliva extravirgem -Cocineiro®,,Colher de Sobremesa,5
Azeite de oliva extravirgem -Colavita®,,Porção,8
Azeite de oliva extravirgem -Colavita®,,Colher de Arroz,16
Azeite de oliva extravirgem -Colavita®,,Colher de Sopa,8
Azeite de oliva extravirgem -Colavita®,,Colher de Chá,2
Azeite de oliva extravirgem -Colavita®,,Colher de Café,1
Azeite de oliva extravirgem -Colavita®,,Colher de Sobremesa,5
Azeite de oliva extravirgem -Cordovil Esporão®,,Porção,8
Azeite de oliva extravirgem -Cordovil Esporão®,,Colher de Arroz,16
Azeite de oliva extravirgem -Cordovil Esporão®,,Colher de Sopa,8
Azeite de oliva extravirgem -Cordovil Esporão®,,Colher de Chá,2
Azeite de oliva extravirgem -Cordovil Esporão®,,Colher de Café,1
Azeite de oliva extravirgem -Cordovil Esporão®,,Colher de Sobremesa,5
Azeite de oliva extravirgem -Costa D'oro®,,Porção,8
Azeite de oliva extravirgem -Costa D'oro®,,Colher de Arroz,16
Azeite de oliva extravirgem -Costa D'oro®,,Colher de Sopa,8
Azeite de oliva extravirgem -Costa D'oro®,,Colher de Chá,2
Azeite de oliva extravirgem -Costa D'oro®,,Colher de Café,1
Azeite de oliva extravirgem -Costa D'oro®,,Colher de Sobremesa,5
Azeite de oliva extravirgem -Cremonini®,,Porção,8
Azeite de oliva extravirgem -Cremonini®,,Colher de Arroz,16
Azeite de oliva extravirgem -Cremonini®,,Colher de Sopa,8
Azeite de oliva extravirgem -Cremonini®,,Colher de Chá,2
Azeite de oliva extravirgem -Cremonini®,,Colher de Café,1
Azeite de oliva extravirgem -Cremonini®,,Colher de Sobremesa,5
Azeite de oliva extravirgem -Gallo®,,Porção,8
Azeite de oliva extravirgem -Gallo®,,Colher de Arroz,16
Azeite de oliva extravirgem -Gallo®,,Colher de Sopa,8
Azeite de oliva extravirgem -Gallo®,,Colher de Chá,2
Azeite de oliva extravirgem -Gallo®,,Colher de Café,1
Azeite de oliva extravirgem -Gallo®,,Colher de Sobremesa,5
Azeite de oliva extravirgem -Hacienda Guzmán®,,Porção,8
Azeite de oliva extravirgem -Hacienda Guzmán®,,Colher de Arroz,16
Azeite de oliva extravirgem -Hacienda Guzmán®,,Colher de Sopa,8
Azeite de oliva extravirgem -Hacienda Guzmán®,,Colher de Chá,2
Azeite de oliva extravirgem -Hacienda Guzmán®,,Colher de Café,1
Azeite de oliva extravirgem -Hacienda Guzmán®,,Colher de Sobremesa,5
Azeite de oliva extravirgem -II Grezzo®,,Porção,8
Azeite de oliva extravirgem -II Grezzo®,,Colher de Arroz,16
Azeite de oliva extravirgem -II Grezzo®,,Colher de Sopa,8
Azeite de oliva extravirgem -II Grezzo®,,Colher de Chá,2
Azeite de oliva extravirgem -II Grezzo®,,Colher de Café,1
Azeite de oliva extravirgem -II Grezzo®,,Colher de Sobremesa,5
Azeite de oliva extravirgem -Serrata®,,Porção,8
Azeite de oliva extravirgem -Serrata®,,Colher de Arroz,16
Azeite de oliva extravirgem -Serrata®,,Colher de Sopa,8
Azeite de oliva extravirgem -Serrata®,,Colher de Chá,2
Azeite de oliva extravirgem -Serrata®,,Colher de Café,1
Azeite de oliva extravirgem -Serrata®,,Colher de Sobremesa,5
Azeite de oliva extravirgem -Ta eq®,,Porção,8
Azeite de oliva extravirgem -Ta eq®,,Colher de Arroz,16
Azeite de oliva extravirgem -Ta eq®,,Colher de Sopa,8
Azeite de oliva extravirgem -Ta eq®,,Colher de Chá,2
Azeite de oliva extravirgem -Ta eq®,,Colher de Café,1
Azeite de oliva extravirgem -Ta eq®,,Colher de Sobremesa,5
Azeite de oliva extravirgem -Toscano®,,Porção,8
Azeite de oliva extravirgem -Toscano®,,Colher de Arroz,16
Azeite de oliva extravirgem -Toscano®,,Colher de Sopa,8
Azeite de oliva extravirgem -Toscano®,,Colher de Chá,2
Azeite de oliva extravirgem -Toscano®,,Colher de Café,1
Azeite de oliva extravirgem -Toscano®,,Colher de Sobremesa,5
Azeite de oliva extravirgem -Vila Flor®,,Porção,8
Azeite de oliva extravirgem -Vila Flor®,,Colher de Arroz,16
Azeite de oliva extravirgem -Vila Flor®,,Colher de Sopa,8
Azeite de oliva extravirgem -Vila Flor®,,Colher de Chá,2
Azeite de oliva extravirgem -Vila Flor®,,Colher de Café,1
Azeite de oliva extravirgem -Vila Flor®,,Colher de Sobremesa,5
Azeite de oliva extravirgemAmabile - San Giuliano®,,Porção,8
Azeite de oliva extravirgemAmabile - San Giuliano®,,Colher de Arroz,16
Azeite de oliva extravirgemAmabile - San Giuliano®,,Colher de Sopa,8
Azeite de oliva extravirgemAmabile - San Giuliano®,,Colher de Chá,2
Azeite de oliva extravirgemAmabile - San Giuliano®,,Colher de Café,1
Azeite de oliva extravirgemAmabile - San Giuliano®,,Colher de Sobremesa,5
Azeite de oliva extravirgemarbequina - Oliovita®,,Porção,8
Azeite de oliva extravirgemarbequina - Oliovita®,,Colher de Arroz,16
Azeite de oliva extravirgemarbequina - Oliovita®,,Colher de Sopa,8
Azeite de oliva extravirgemarbequina - Oliovita®,,Colher de Chá,2
Azeite de oliva extravirgemarbequina - Oliovita®,,Colher de Café,1
Azeite de oliva extravirgemarbequina - Oliovita®,,Colher de Sobremesa,5
Azeite de oliva extravirgemclássico - Oliovita®,,Porção,8
Azeite de oliva extravirgemclássico - Oliovita®,,Colher de Arroz,16
Azeite de oliva extravirgemclássico - Oliovita®,,Colher de Sopa,8
Azeite de oliva extravirgemclássico - Oliovita®,,Colher de Chá,2
Azeite de oliva extravirgemclássico - Oliovita®,,Colher de Café,1
Azeite de oliva extravirgemclássico - Oliovita®,,Colher de Sobremesa,5
Azeite de oliva extravirgemfrantoio - Oliovita®,,Porção,8
Azeite de oliva extravirgemfrantoio - Oliovita®,,Colher de Arroz,16
Azeite de oliva extravirgemfrantoio - Oliovita®,,Colher de Sopa,8
Azeite de oliva extravirgemfrantoio - Oliovita®,,Colher de Chá,2
Azeite de oliva extravirgemfrantoio - Oliovita®,,Colher de Café,1
Azeite de oliva extravirgemfrantoio - Oliovita®,,Colher de Sobremesa,5
Azeite de oliva extravirgemfrantoio e arbequina - Oliovita®,,Porção,8
Azeite de oliva extravirgemfrantoio e arbequina - Oliovita®,,Colher de Arroz,16
Azeite de oliva extravirgemfrantoio e arbequina - Oliovita®,,Colher de Sopa,8
Azeite de oliva extravirgemfrantoio e arbequina - Oliovita®,,Colher de Chá,2
Azeite de oliva extravirgemfrantoio e arbequina - Oliovita®,,Colher de Café,1
Azeite de oliva extravirgemfrantoio e arbequina - Oliovita®,,Colher de Sobremesa,5
Azeite de oliva extravirgemreserva da família - Borges®,,Porção,8
Azeite de oliva extravirgemreserva da família - Borges®,,Colher de Arroz,16
Azeite de oliva extravirgemreserva da família - Borges®,,Colher de Sopa,8
Azeite de oliva extravirgemreserva da família - Borges®,,Colher de Chá,2
Azeite de oliva extravirgemreserva da família - Borges®,,Colher de Café,1
Azeite de oliva extravirgemreserva da família - Borges®,,Colher de Sobremesa,5
Azeite de oliva extravirgemYbarra®,,Porção,8
Azeite de oliva extravirgemYbarra®,,Colher de Arroz,16
Azeite de oliva extravirgemYbarra®,,Colher de Sopa,8
Azeite de oliva extravirgemYbarra®,,Colher de Chá,2
Azeite de oliva extravirgemYbarra®,,Colher de Café,1
Azeite de oliva extravirgemYbarra®,,Colher de Sobremesa,5
Azeite de oliva fruttato granclasse - Pietro Coricelli®,,Porção,8
Azeite de oliva fruttato granclasse - Pietro Coricelli®,,Colher de Arroz,16
Azeite de oliva fruttato granclasse - Pietro Coricelli®,,Colher de Sopa,8
Azeite de oliva fruttato granclasse - Pietro Coricelli®,,Colher de Chá,2
Azeite de oliva fruttato granclasse - Pietro Coricelli®,,Colher de Café,1
Azeite de oliva fruttato granclasse - Pietro Coricelli®,,Colher de Sobremesa,5
"Azeite, de dendê",,Porção,8
"Azeite, de dendê",,Colher de Arroz,16
"Azeite, de dendê",,Colher de Sopa,8
"Azeite, de dendê",,Colher de Chá,2
"Azeite, de dendê",,Colher de Café,1
"Azeite, de dendê",,Colher de Sobremesa,5
"Azeite, de oliva, extra virgem",,Porção,8
"Azeite, de oliva, extra virgem",,Colher de Arroz,16
"Azeite, de oliva, extra virgem",,Colher de Sopa,8
"Azeite, de oliva, extra virgem",,Colher de Chá,2
"Azeite, de oliva, extra virgem",,Colher de Café,1
"Azeite, de oliva, extra virgem",,Colher de Sobremesa,5
"Azeite, dendê, Elaeis guineensis Jacq.",,Porção,8
"Azeite, dendê, Elaeis guineensis Jacq.",,Colher de Arroz,16
"Azeite, dendê, Elaeis guineensis Jacq.",,Colher de Sopa,8
"Azeite, dendê, Elaeis guineensis Jacq.",,Colher de Chá,2
"Azeite, dendê, Elaeis guineensis Jacq.",,Colher de Café,1
"Azeite, dendê, Elaeis guineensis Jacq.",,Colher de Sobremesa,5
"Azeite, oliva, Olea europaea L.",,Porção,8
"Azeite, oliva, Olea europaea L.",,Colher de Arroz,16
"Azeite, oliva, Olea europaea L.",,Colher de Sopa,8
"Azeite, oliva, Olea europaea L.",,Colher de Chá,2
"Azeite, oliva, Olea europaea L.",,Colher de Café,1
"Azeite, oliva, Olea europaea L.",,Colher de Sobremesa,5
Azeitona,OLEAGINOSAS,Porção,20
Azeitona,OLEAGINOSAS,Colher de Sopa,25
Azeitona,OLEAGINOSAS,Colher de Sobremesa,14
Azeitona,OLEAGINOSAS,Copo Americano,132
Azeitona,OLEAGINOSAS,Unidade,4
Azeitona preta,,Porção,20
Azeitona preta,,Colher de Sopa,25
Azeitona preta,,Colher de Sobremesa,14
Azeitona preta,,Copo Americano,132
Azeitona preta,,Unidade,4
Azeitona vercle,,Porção,20
Azeitona vercle,,Colher de Sopa,25
Azeitona vercle,,Colher de Sobremesa,14
Azeitona vercle,,Copo Americano,132
Azeitona vercle,,Unidade,4
"Azeitona, preta, conserva",,Porção,20
"Azeitona, preta, conserva",,Colher de Sopa,25
"Azeitona, preta, conserva",,Colher de Sobremesa,14
"Azeitona, preta, conserva",,Copo Americano,132
"Azeitona, preta, conserva",,Unidade,4
"Azeitona, verde, conserva",,Porção,20
"Azeitona, verde, conserva",,Colher de Sopa,25
"Azeitona, verde, conserva",,Colher de Sobremesa,14
"Azeitona, verde, conserva",,Copo Americano,132
"Azeitona, verde, conserva",,Unidade,4
Azeitonas pretas - Rivolli®,,Porção,20
Azeitonas pretas - Rivolli®,,Colher de Sopa,25
Azeitonas pretas - Rivolli®,,Colher de Sobremesa,14
Azeitonas pretas - Rivolli®,,Copo Americano,132
Azeitonas pretas - Rivolli®,,Unidade,4
Azeitonas verdes - Rivolli®,,Porção,20
Azeitonas verdes - Rivolli®,,Colher de Sopa,25
Azeitonas verdes - Rivolli®,,Colher de Sobremesa,14
Azeitonas verdes - Rivolli®,,Copo Americano,132
Azeitonas verdes - Rivolli®,,Unidade,4
Bacalhau (refogado),,Colher de Sopa,20
Bacalhau cozido(a),PESCADOS/FRUTOS DO MAR,Colher de Sopa,20
Bacalhau ensopado,PESCADOS/FRUTOS DO MAR,Colher de Sopa,20
Bacalhau molho vermelho,PESCADOS/FRUTOS DO MAR,Colher de Sopa,20
Bacalhau refogado(a),PESCADOS/FRUTOS DO MAR,Colher de Sopa,20
Bacon (IBGE),CARNES INDUSTRIALIDAS,Fatia,20
Bacon (IBGE),CARNES INDUSTRIALIDAS,Pedaço,20
Bacon (IBGE),CARNES INDUSTRIALIDAS,Colher de Sopa,15
Bacon (Tucunduva),,Fatia,20
Bacon (Tucunduva),,Pedaço,20
Bacon (Tucunduva),,Colher de Sopa,15
Bacon em cubos - Perdigão®,,Colher de Sopa,10
Bacon em cubos - Sadia®,,Colher de Sopa,10
Baconzitos,CARNES INDUSTRIALIDAS,Colher de Sopa,10
Baconzitos - Elma Chips®,,Unidade,110
Baconzitos - Elma Chips®,,Unidade Pequena,55
"Banana (ouro, prata, d´água, da terra, etc)",FRUTAS/SUCOS/VITAMINAS,Unidade,75
"Banana (ouro, prata, d´água, da terra, etc)",FRUTAS/SUCOS/VITAMINAS,Unidade Pequena,56
"Banana (ouro, prata, d´água, da terra, etc) assado(a)",FRUTAS/SUCOS/VITAMINAS,Unidade,75
"Banana (ouro, prata, d´água, da terra, etc) assado(a)",FRUTAS/SUCOS/VITAMINAS,Unidade Pequena,56
"Banana (ouro, prata, d´água, da terra, etc) com manteiga/oleo",FRUTAS/SUCOS/VITAMINAS,Unidade,75
"Banana (ouro, prata, d´água, da terra, etc) com manteiga/oleo",FRUTAS/SUCOS/VITAMINAS,Unidade Pequena,56
"Banana (ouro, prata, d´água, da terra, etc) cozido(a)",FRUTAS/SUCOS/VITAMINAS,Unidade,75
"Banana (ouro, prata, d´água, da terra, etc) cozido(a)",FRUTAS/SUCOS/VITAMINAS,Unidade Pequena,56
"Banana (ouro, prata, d´água, da terra, etc) cru(a)",FRUTAS/SUCOS/VITAMINAS,Unidade,75
"Banana (ouro, prata, d´água, da terra, etc) cru(a)",FRUTAS/SUCOS/VITAMINAS,Unidade Pequena,56
"Banana, da terra, crua",,Unidade,90
"Banana, da terra, crua",,Unidade Pequena,70
"Banana, da terra, frita, c/ óleo de soja, Musa acuminata Colla x Musa balbisiana Colla",,Unidade,90
"Banana, da terra, frita, c/ óleo de soja, Musa acuminata Colla x Musa balbisiana Colla",,Unidade Pequena,70
"Banana, da terra, frita, na manteiga, Musa acuminata Colla x Musa balbisiana Colla",,Unidade,90
"Banana, da terra, frita, na manteiga, Musa acuminata Colla x Musa balbisiana Colla",,Unidade Pequena,70
"Banana, da terra, in natura, Musa acuminata Colla x Musa balbisiana Colla",,Unidade,90
"Banana, da terra, in natura, Musa acuminata Colla x Musa balbisiana Colla",,Unidade Pequena,70
"Banana, maçã, crua",,Unidade,80
"Banana, maçã, crua",,Unidade Pequena,60
"Banana, maçã, in natura, Musa spp.",,Unidade,80
"Banana, maçã, in natura, Musa spp.",,Unidade Pequena,60
"Banana, nanica, crua",,Unidade,60
"Banana, nanica, crua",,Unidade Pequena,40
"Banana, nanica, in natura, Musa spp.",,Unidade,60
"Banana, nanica, in natura, Musa spp.",,Unidade Pequena,40
"Banana, ouro, crua",,Unidade,60
"Banana, ouro, crua",,Unidade Pequena,40
"Banana, ouro, in natura, Musa spp.",,Unidade,60
"Banana, ouro, in natura, Musa spp.",,Unidade Pequena,40
"Banana, prata, crua",,Unidade,90
"Banana, prata, crua",,Unidade Pequena,70
"Banana, prata, in natura, Musa spp.",,Unidade,90
"Banana, prata, in natura, Musa spp.",,Unidade Pequena,70
Banana-da-terra,,Unidade,90
Banana-da-terra,,Unidade Pequena,70
Banana-maçã,,Unidade,80
Banana-maçã,,Unidade Pequena,60
Banana-nanica,,Unidade,80
Banana-nanica,,Unidade Pequena,60
Banana-ouro,,Unidade,60
Banana-ouro,,Unidade Pequena,40
Banana-prata,,Unidade,90
Banana-prata,,Unidade Pequena,70
Barra de banana passa cobertacom chocolate branco light Supino - Banana Brasil(),,Porção,24
Barra de banana passa cobertacom chocolate branco Supino - Banana Brasil®,,Porção,24
"Barra de banana, fibras elinhaça dourada light Supino - Banana Brasil®",,Porção,27
Barra de cereais,INTEGRAIS,Porção,27
"Barra de cereais aveia, bananae mel Nutry - Nutrimental®",,Porção,22
Barra de cereais chocolateNutry - Nutrimental®,,Porção,22
Barra de cereais de castanha-de-caju com cobertura sabor chocolate Nutry - Nutrimental®,,Porção,22
Barra de cereais diet,INTEGRAIS,Porção,25
Barra de cereais doce,INTEGRAIS,Porção,25
Barra de cereais doce diet,INTEGRAIS,Porção,25
Barra de cereais frutasvermelhas com biscoito de chocolate Nutry - Nutrimental®,,Porção,22
Barra de cereais morangocom chocolate Nutry - Nutrimental®,,Porção,22
Barra de cereais salgada,INTEGRAIS,Porção,27
Barra de cereal avelã comcobertura sabor chocolate - Nutry®,,Porção,22
Barra de cereal banana echocolate - Quaker®,,Porção,22
"Barra de cereal banana, aveiae mel light - Trio®",,Porção,20
"Barra de cereal banana, aveiae mel light -Taeq®",,Porção,20
Barra de cereal brigadeiro -Trio®,,Porção,20
Barra de cereal castanha e chocolate - Quaker®,,Porção,22
Barra de cereal castanha echocolate light - Taeq®,,Porção,22
Barra de cereal coco comchocolate light -Trio®,,Porção,22
Barra de cereal coco comcobertura sabor chocolate Nutry - Nutrimental°,,Porção,22
Barra de cereal laranja comchocolate light -Taeq®,,Porção,22
"Barra de cereal maçã, canela euva passa light -Taeq®",,Porção,22
Barra de cereal morango echocolate light -Taeq®,,Porção,22
Barra de cereal morango light- Taeq®,,Porção,22
Barra de cereal mousse dechocolate light -Trio®,,Porção,22
Barra de cereal pêssego edamasco light -Taeq®,,Porção,22
Barra de cereal torta de limão- Quaker®,,Porção,22
Barra de cereal torta demorango - Quaker®,,Porção,22
Barra de fruta orgânica açaí -Ebar Bio2®,,Porção,23
Barra de fruta orgânica açaí -Ebar Organic®,,Porção,23
Barra de fruta orgânica acerola- Ebar Organic®,,Porção,23
Barra de fruta orgânica acerolae banana - Ebar Bio2®,,Porção,23
Barra de fruta orgânica banana- Power®,,Porção,23
Barra de fruta orgânica goiaba- Ebar Bio2®,,Porção,23
Barra de fruta orgânica goiaba- Ebar Organic®,,Porção,23
"Barra de fruta orgânicabanana, abacaxi e maçã - Ebar Organic®",,Porção,23
Barra de fruta orgânicacupuaçu - Ebar Bio2®,,Porção,23
Barra de fruta orgânicacupuaçu - Ebar Organic®,,Porção,23
Batata (não especificada),TUBERCULOS,Pedaço,16
Batata (não especificada),TUBERCULOS,Porção,90
Batata (não especificada),TUBERCULOS,Colher de Arroz,60
Batata (não especificada),TUBERCULOS,Colher de Sopa,30
Batata (não especificada),TUBERCULOS,Concha,80
Batata (não especificada),TUBERCULOS,Escumadeira,80
Batata (não especificada),TUBERCULOS,Unidade,140
Batata (não especificada),TUBERCULOS,Unidade Pequena,70
Batata (não especificada),TUBERCULOS,Metade,70
Batata (não especificada),TUBERCULOS,Banda,70
Batata (não especificada) ao vinagrete,TUBERCULOS,Pedaço,16
Batata (não especificada) ao vinagrete,TUBERCULOS,Porção,90
Batata (não especificada) ao vinagrete,TUBERCULOS,Colher de Arroz,60
Batata (não especificada) ao vinagrete,TUBERCULOS,Colher de Sopa,30
Batata (não especificada) ao vinagrete,TUBERCULOS,Concha,80
Batata (não especificada) ao vinagrete,TUBERCULOS,Escumadeira,80
Batata (não especificada) ao vinagrete,TUBERCULOS,Unidade,140
Batata (não especificada) ao vinagrete,TUBERCULOS,Unidade Pequena,70
Batata (não especificada) ao vinagrete,TUBERCULOS,Metade,70
Batata (não especificada) ao vinagrete,TUBERCULOS,Banda,70
Batata (não especificada) assado(a),TUBERCULOS,Pedaço,16
Batata (não especificada) assado(a),TUBERCULOS,Porção,90
Batata (não especificada) assado(a),TUBERCULOS,Colher de Arroz,60
Batata (não especificada) assado(a),TUBERCULOS,Colher de Sopa,30
Batata (não especificada) assado(a),TUBERCULOS,Concha,80
Batata (não especificada) assado(a),TUBERCULOS,Escumadeira,80
Batata (não especificada) assado(a),TUBERCULOS,Unidade,140
Batata (não especificada) assado(a),TUBERCULOS,Unidade Pequena,70
Batata (não especificada) assado(a),TUBERCULOS,Metade,70
Batata (não especificada) assado(a),TUBERCULOS,Banda,70
Batata (não especificada) cozido(a),TUBERCULOS,Pedaço,16
Batata (não especificada) cozido(a),TUBERCULOS,Porção,90
Batata (não especificada) cozido(a),TUBERCULOS,Colher de Arroz,60
Batata (não especificada) cozido(a),TUBERCULOS,Colher de Sopa,30
Batata (não especificada) cozido(a),TUBERCULOS,Concha,80
Batata (não especificada) cozido(a),TUBERCULOS,Escumadeira,80
Batata (não especificada) cozido(a),TUBERCULOS,Unidade,140
Batata (não especificada) cozido(a),TUBERCULOS,Unidade Pequena,70
Batata (não especificada) cozido(a),TUBERCULOS,Metade,70
Batata (não especificada) cozido(a),TUBERCULOS,Banda,70
Batata (não especificada) cru(a),TUBERCULOS,Pedaço,16
Batata (não especificada) cru(a),TUBERCULOS,Porção,90
Batata (não especificada) cru(a),TUBERCULOS,Colher de Arroz,60
Batata (não especificada) cru(a),TUBERCULOS,Colher de Sopa,30
Batata (não especificada) cru(a),TUBERCULOS,Concha,80
Batata (não especificada) cru(a),TUBERCULOS,Escumadeira,80
Batata (não especificada) cru(a),TUBERCULOS,Unidade,140
Batata (não especificada) cru(a),TUBERCULOS,Unidade Pequena,70
Batata (não especificada) cru(a),TUBERCULOS,Metade,70
Batata (não especificada) cru(a),TUBERCULOS,Banda,70
Batata (não especificada) ensopado,TUBERCULOS,Pedaço,16
Batata (não especificada) ensopado,TUBERCULOS,Porção,90
Batata (não especificada) ensopado,TUBERCULOS,Colher de Arroz,60
Batata (não especificada) ensopado,TUBERCULOS,Colher de Sopa,30
Batata (não especificada) ensopado,TUBERCULOS,Concha,80
Batata (não especificada) ensopado,TUBERCULOS,Escumadeira,80
Batata (não especificada) ensopado,TUBERCULOS,Unidade,140
Batata (não especificada) ensopado,TUBERCULOS,Unidade Pequena,70
Batata (não especificada) ensopado,TUBERCULOS,Metade,70
Batata (não especificada) ensopado,TUBERCULOS,Banda,70
Batata (não especificada) frito(a),TUBERCULOS,Pedaço,16
Batata (não especificada) frito(a),TUBERCULOS,Porção,90
Batata (não especificada) frito(a),TUBERCULOS,Colher de Arroz,60
Batata (não especificada) frito(a),TUBERCULOS,Colher de Sopa,30
Batata (não especificada) frito(a),TUBERCULOS,Concha,80
Batata (não especificada) frito(a),TUBERCULOS,Escumadeira,80
Batata (não especificada) frito(a),TUBERCULOS,Unidade,140
Batata (não especificada) frito(a),TUBERCULOS,Unidade Pequena,70
Batata (não especificada) frito(a),TUBERCULOS,Metade,70
Batata (não especificada) frito(a),TUBERCULOS,Banda,70
Batata (não especificada) grelhado(a)/brasa/churrasco,TUBERCULOS,Pedaço,16
Batata (não especificada) grelhado(a)/brasa/churrasco,TUBERCULOS,Porção,90
Batata (não especificada) grelhado(a)/brasa/churrasco,TUBERCULOS,Colher de Arroz,60
Batata (não especificada) grelhado(a)/brasa/churrasco,TUBERCULOS,Colher de Sopa,30
Batata (não especificada) grelhado(a)/brasa/churrasco,TUBERCULOS,Concha,80
Batata (não especificada) grelhado(a)/brasa/churrasco,TUBERCULOS,Escumadeira,80
Batata (não especificada) grelhado(a)/brasa/churrasco,TUBERCULOS,Unidade,140
Batata (não especificada) grelhado(a)/brasa/churrasco,TUBERCULOS,Unidade Pequena,70
Batata (não especificada) grelhado(a)/brasa/churrasco,TUBERCULOS,Metade,70
Batata (não especificada) grelhado(a)/brasa/churrasco,TUBERCULOS,Banda,70
Batata (não especificada) molho branco,TUBERCULOS,Pedaço,16
Batata (não especificada) molho branco,TUBERCULOS,Porção,90
Batata (não especificada) molho branco,TUBERCULOS,Colher de Arroz,60
Batata (não especificada) molho branco,TUBERCULOS,Colher de Sopa,30
Batata (não especificada) molho branco,TUBERCULOS,Concha,80
Batata (não especificada) molho branco,TUBERCULOS,Escumadeira,80
Batata (não especificada) molho branco,TUBERCULOS,Unidade,140
Batata (não especificada) molho branco,TUBERCULOS,Unidade Pequena,70
Batata (não especificada) molho branco,TUBERCULOS,Metade,70
Batata (não especificada) molho branco,TUBERCULOS,Banda,70
Batata (não especificada) molho vermelho,TUBERCULOS,Pedaço,16
Batata (não especificada) molho vermelho,TUBERCULOS,Porção,90
Batata (não especificada) molho vermelho,TUBERCULOS,Colher de Arroz,60
Batata (não especificada) molho vermelho,TUBERCULOS,Colher de Sopa,30
Batata (não especificada) molho vermelho,TUBERCULOS,Concha,80
Batata (não especificada) molho vermelho,TUBERCULOS,Escumadeira,80
Batata (não especificada) molho vermelho,TUBERCULOS,Unidade,140
Batata (não especificada) molho vermelho,TUBERCULOS,Unidade Pequena,70
Batata (não especificada) molho vermelho,TUBERCULOS,Metade,70
Batata (não especificada) molho vermelho,TUBERCULOS,Banda,70
Batata (não especificada) refogado(a),TUBERCULOS,Pedaço,16
Batata (não especificada) refogado(a),TUBERCULOS,Porção,90
Batata (não especificada) refogado(a),TUBERCULOS,Colher de Arroz,60
Batata (não especificada) refogado(a),TUBERCULOS,Colher de Sopa,30
Batata (não especificada) refogado(a),TUBERCULOS,Concha,80
Batata (não especificada) refogado(a),TUBERCULOS,Escumadeira,80
Batata (não especificada) refogado(a),TUBERCULOS,Unidade,140
Batata (não especificada) refogado(a),TUBERCULOS,Unidade Pequena,70
Batata (não especificada) refogado(a),TUBERCULOS,Metade,70
Batata (não especificada) refogado(a),TUBERCULOS,Banda,70
Batata doce,TUBERCULOS,Fatia,70
Batata doce,TUBERCULOS,Pedaço,70
Batata doce,TUBERCULOS,Porção,150
Batata doce,TUBERCULOS,Colher de Arroz,100
Batata doce,TUBERCULOS,Colher de Sopa,42
Batata doce,TUBERCULOS,Concha,100
Batata doce,TUBERCULOS,Prato Fundo,300
Batata doce,TUBERCULOS,Prato Raso,100
Batata doce,TUBERCULOS,Unidade,355
Batata doce,TUBERCULOS,Unidade Pequena,266
Batata doce assado(a),TUBERCULOS,Fatia,70
Batata doce assado(a),TUBERCULOS,Pedaço,70
Batata doce assado(a),TUBERCULOS,Porção,150
Batata doce assado(a),TUBERCULOS,Colher de Arroz,100
Batata doce assado(a),TUBERCULOS,Colher de Sopa,42
Batata doce assado(a),TUBERCULOS,Concha,100
Batata doce assado(a),TUBERCULOS,Prato Fundo,300
Batata doce assado(a),TUBERCULOS,Prato Raso,100
Batata doce assado(a),TUBERCULOS,Unidade,355
Batata doce assado(a),TUBERCULOS,Unidade Pequena,266
Batata doce cozido(a),TUBERCULOS,Fatia,70
Batata doce cozido(a),TUBERCULOS,Pedaço,70
Batata doce cozido(a),TUBERCULOS,Porção,150
Batata doce cozido(a),TUBERCULOS,Colher de Arroz,100
Batata doce cozido(a),TUBERCULOS,Colher de Sopa,42
Batata doce cozido(a),TUBERCULOS,Concha,100
Batata doce cozido(a),TUBERCULOS,Prato Fundo,300
Batata doce cozido(a),TUBERCULOS,Prato Raso,100
Batata doce cozido(a),TUBERCULOS,Unidade,355
Batata doce cozido(a),TUBERCULOS,Unidade Pequena,266
Batata doce cru(a),TUBERCULOS,Fatia,70
Batata doce cru(a),TUBERCULOS,Pedaço,70
Batata doce cru(a),TUBERCULOS,Porção,150
Batata doce cru(a),TUBERCULOS,Colher de Arroz,100
Batata doce cru(a),TUBERCULOS,Colher de Sopa,42
Batata doce cru(a),TUBERCULOS,Concha,100
Batata doce cru(a),TUBERCULOS,Prato Fundo,300
Batata doce cru(a),TUBERCULOS,Prato Raso,100
Batata doce cru(a),TUBERCULOS,Unidade,355
Batata doce cru(a),TUBERCULOS,Unidade Pequena,266
Batata doce ensopado,TUBERCULOS,Fatia,70
Batata doce ensopado,TUBERCULOS,Pedaço,70
Batata doce ensopado,TUBERCULOS,Porção,150
Batata doce ensopado,TUBERCULOS,Colher de Arroz,100
Batata doce ensopado,TUBERCULOS,Colher de Sopa,42
Batata doce ensopado,TUBERCULOS,Concha,100
Batata doce ensopado,TUBERCULOS,Prato Fundo,300
Batata doce ensopado,TUBERCULOS,Prato Raso,100
Batata doce ensopado,TUBERCULOS,Unidade,355
Batata doce ensopado,TUBERCULOS,Unidade Pequena,266
Batata doce frito(a),TUBERCULOS,Fatia,70
Batata doce frito(a),TUBERCULOS,Pedaço,70
Batata doce frito(a),TUBERCULOS,Porção,150
Batata doce frito(a),TUBERCULOS,Colher de Arroz,100
Batata doce frito(a),TUBERCULOS,Colher de Sopa,42
Batata doce frito(a),TUBERCULOS,Concha,100
Batata doce frito(a),TUBERCULOS,Prato Fundo,300
Batata doce frito(a),TUBERCULOS,Prato Raso,100
Batata doce frito(a),TUBERCULOS,Unidade,355
Batata doce frito(a),TUBERCULOS,Unidade Pequena,266
Batata doce refogado(a),TUBERCULOS,Fatia,70
Batata doce refogado(a),TUBERCULOS,Pedaço,70
Batata doce refogado(a),TUBERCULOS,Porção,150
Batata doce refogado(a),TUBERCULOS,Colher de Arroz,100
Batata doce refogado(a),TUBERCULOS,Colher de Sopa,42
Batata doce refogado(a),TUBERCULOS,Concha,100
Batata doce refogado(a),TUBERCULOS,Prato Fundo,300
Batata doce refogado(a),TUBERCULOS,Prato Raso,100
Batata doce refogado(a),TUBERCULOS,Unidade,355
Batata doce refogado(a),TUBERCULOS,Unidade Pequena,266
Batata frita,,Porção,50
Batata frita - Mc Donald's®,,Porção,50
Batata frita de creme decebola - Pringles®,,Porção,25
Batata frita de queijo -Pringles®,,Porção,25
Batata frita original -Pringles®,,Porção,25
Batata inglesa orgânica frito(a),TUBERCULOS,Fatia,16
Batata inglesa orgânica frito(a),TUBERCULOS,Pedaço,16
Batata inglesa orgânica frito(a),TUBERCULOS,Porção,90
Batata inglesa orgânica frito(a),TUBERCULOS,Colher de Arroz,60
Batata inglesa orgânica frito(a),TUBERCULOS,Colher de Sopa,30
Batata inglesa orgânica frito(a),TUBERCULOS,Concha,80
Batata inglesa orgânica frito(a),TUBERCULOS,Escumadeira,80
Batata inglesa orgânica frito(a),TUBERCULOS,Prato Raso,100
Batata inglesa orgânica frito(a),TUBERCULOS,Unidade,140
Batata inglesa orgânica frito(a),TUBERCULOS,Unidade Pequena,70
Batata inglesa orgânica frito(a),TUBERCULOS,Metade,70
Batata inglesa orgânica frito(a),TUBERCULOS,Banda,70
Batata palha (IBGE),LANCHES,Porção,25
Batata palha (IBGE),LANCHES,Xícara de Chá,25
Batata palha (Tucunduva),,Porção,25
Batata palha (Tucunduva),,Xícara de Chá,25
Batata palha - Carrefour®,,Porção,25
Batata palha - Carrefour®,,Xícara de Chá,25
Batata palha - Frilex®,,Porção,25
Batata palha - Frilex®,,Xícara de Chá,25
Batata palha extrafina -Yoki®,,Porção,25
Batata palha extrafina -Yoki®,,Xícara de Chá,25
Batata palha -Yoki0,,Porção,25
Batata palha -Yoki0,,Xícara de Chá,25
Batata palito,LANCHES,Xícara de Chá,85
Batata palito congelada -McCain®,,Xícara de Chá,85
Batata palito para fornocongelada - McCain®,,Xícara de Chá,85
Batata palito pré-fritacongelada - CACO,,Xícara de Chá,85
Batata palito tradicionalcongelada - Bem Brasil®,,Xícara de Chá,85
"Batata, baroa, cozida",,Fatia,50
"Batata, baroa, cozida",,Pedaço,50
"Batata, baroa, cozida",,Porção,70
"Batata, baroa, cozida",,Colher de Arroz,55
"Batata, baroa, cozida",,Colher de Sopa,35
"Batata, baroa, crua",,Fatia,50
"Batata, baroa, crua",,Pedaço,50
"Batata, baroa, crua",,Porção,70
"Batata, baroa, crua",,Colher de Arroz,55
"Batata, baroa, crua",,Colher de Sopa,35
"Batata, doce, cozida",,Fatia,70
"Batata, doce, cozida",,Pedaço,70
"Batata, doce, cozida",,Porção,150
"Batata, doce, cozida",,Colher de Arroz,100
"Batata, doce, cozida",,Colher de Sopa,42
"Batata, doce, cozida",,Concha,100
"Batata, doce, cozida",,Prato Fundo,300
"Batata, doce, cozida",,Prato Raso,100
"Batata, doce, cozida",,Unidade,355
"Batata, doce, cozida",,Unidade Pequena,266
"Batata, doce, crua",,Fatia,70
"Batata, doce, crua",,Pedaço,70
"Batata, doce, crua",,Porção,150
"Batata, doce, crua",,Colher de Arroz,100
"Batata, doce, crua",,Colher de Sopa,42
"Batata, doce, crua",,Concha,100
"Batata, doce, crua",,Prato Fundo,300
"Batata, doce, crua",,Prato Raso,100
"Batata, doce, crua",,Unidade,355
"Batata, doce, crua",,Unidade Pequena,266
"Batata, inglesa, cozida",,Fatia,16
"Batata, inglesa, cozida",,Pedaço,16
"Batata, inglesa, cozida",,Porção,90
"Batata, inglesa, cozida",,Colher de Arroz,60
"Batata, inglesa, cozida",,Colher de Sopa,30
"Batata, inglesa, cozida",,Concha,80
"Batata, inglesa, cozida",,Escumadeira,80
"Batata, inglesa, cozida",,Prato Raso,100
"Batata, inglesa, cozida",,Unidade,140
"Batata, inglesa, cozida",,Unidade Pequena,70
"Batata, inglesa, cozida",,Metade,70
"Batata, inglesa, cozida",,Banda,70
"Batata, inglesa, crua",,Fatia,16
"Batata, inglesa, crua",,Pedaço,16
"Batata, inglesa, crua",,Porção,90
"Batata, inglesa, crua",,Colher de Arroz,60
"Batata, inglesa, crua",,Colher de Sopa,30
"Batata, inglesa, crua",,Concha,80
"Batata, inglesa, crua",,Escumadeira,80
"Batata, inglesa, crua",,Prato Raso,100
"Batata, inglesa, crua",,Unidade,140
"Batata, inglesa, crua",,Unidade Pequena,70
"Batata, inglesa, crua",,Metade,70
"Batata, inglesa, crua",,Banda,70
"Batata, inglesa, frita",,Fatia,16
"Batata, inglesa, frita",,Pedaço,16
"Batata, inglesa, frita",,Porção,90
"Batata, inglesa, frita",,Colher de Arroz,60
"Batata, inglesa, frita",,Colher de Sopa,30
"Batata, inglesa, frita",,Concha,80
"Batata, inglesa, frita",,Escumadeira,80
"Batata, inglesa, frita",,Prato Raso,100
"Batata, inglesa, frita",,Unidade,140
"Batata, inglesa, frita",,Unidade Pequena,70
"Batata, inglesa, frita",,Metade,70
"Batata, inglesa, frita",,Banda,70
"Batata, inglesa, sauté",,Fatia,16
"Batata, inglesa, sauté",,Pedaço,16
"Batata, inglesa, sauté",,Porção,90
"Batata, inglesa, sauté",,Colher de Arroz,60
"Batata, inglesa, sauté",,Colher de Sopa,30
"Batata, inglesa, sauté",,Concha,80
"Batata, inglesa, sauté",,Escumadeira,80
"Batata, inglesa, sauté",,Prato Raso,100
"Batata, inglesa, sauté",,Unidade,140
"Batata, inglesa, sauté",,Unidade Pequena,70
"Batata, inglesa, sauté",,Metade,70
"Batata, inglesa, sauté",,Banda,70
Batata-doce (cozida),,Fatia,70
Batata-doce (cozida),,Pedaço,70
Batata-doce (cozida),,Porção,150
Batata-doce (cozida),,Colher de Arroz,100
Batata-doce (cozida),,Colher de Sopa,42
Batata-doce (cozida),,Concha,100
Batata-doce (cozida),,Prato Fundo,300
Batata-doce (cozida),,Prato Raso,100
Batata-doce (cozida),,Unidade,355
Batata-doce (cozida),,Unidade Pequena,266
Batata-doce (frita),,Fatia,70
Batata-doce (frita),,Pedaço,70
Batata-doce (frita),,Porção,150
Batata-doce (frita),,Colher de Arroz,100
Batata-doce (frita),,Colher de Sopa,42
Batata-doce (frita),,Concha,100
Batata-doce (frita),,Prato Fundo,300
Batata-doce (frita),,Prato Raso,100
Batata-doce (frita),,Unidade,355
Batata-doce (frita),,Unidade Pequena,266
Batata-doce branca (casca),,Fatia,70
Batata-doce branca (casca),,Pedaço,70
Batata-doce branca (casca),,Porção,150
Batata-doce branca (casca),,Colher de Arroz,100
Batata-doce branca (casca),,Colher de Sopa,42
Batata-doce branca (casca),,Concha,100
Batata-doce branca (casca),,Prato Fundo,300
Batata-doce branca (casca),,Prato Raso,100
Batata-doce branca (casca),,Unidade,355
Batata-doce branca (casca),,Unidade Pequena,266
Batata-doce roxa (casca),,Fatia,70
Batata-doce roxa (casca),,Pedaço,70
Batata-doce roxa (casca),,Porção,150
Batata-doce roxa (casca),,Colher de Arroz,100
Batata-doce roxa (casca),,Colher de Sopa,42
Batata-doce roxa (casca),,Concha,100
Batata-doce roxa (casca),,Prato Fundo,300
Batata-doce roxa (casca),,Prato Raso,100
Batata-doce roxa (casca),,Unidade,355
Batata-doce roxa (casca),,Unidade Pequena,266
Batata-inglesa,TUBERCULOS,Fatia,16
Batata-inglesa,TUBERCULOS,Pedaço,16
Batata-inglesa,TUBERCULOS,Porção,90
Batata-inglesa,TUBERCULOS,Colher de Arroz,60
Batata-inglesa,TUBERCULOS,Colher de Sopa,30
Batata-inglesa,TUBERCULOS,Concha,80
Batata-inglesa,TUBERCULOS,Escumadeira,80
Batata-inglesa,TUBERCULOS,Prato Raso,100
Batata-inglesa,TUBERCULOS,Unidade,140
Batata-inglesa,TUBERCULOS,Unidade Pequena,70
Batata-inglesa,TUBERCULOS,Metade,70
Batata-inglesa,TUBERCULOS,Banda,70
Batata-inglesa ao alho e oleo,TUBERCULOS,Fatia,16
Batata-inglesa ao alho e oleo,TUBERCULOS,Pedaço,16
Batata-inglesa ao alho e oleo,TUBERCULOS,Porção,90
Batata-inglesa ao alho e oleo,TUBERCULOS,Colher de Arroz,60
Batata-inglesa ao alho e oleo,TUBERCULOS,Colher de Sopa,30
Batata-inglesa ao alho e oleo,TUBERCULOS,Concha,80
Batata-inglesa ao alho e oleo,TUBERCULOS,Escumadeira,80
Batata-inglesa ao alho e oleo,TUBERCULOS,Prato Raso,100
Batata-inglesa ao alho e oleo,TUBERCULOS,Unidade,140
Batata-inglesa ao alho e oleo,TUBERCULOS,Unidade Pequena,70
Batata-inglesa ao alho e oleo,TUBERCULOS,Metade,70
Batata-inglesa ao alho e oleo,TUBERCULOS,Banda,70
Batata-inglesa assado(a),TUBERCULOS,Fatia,16
Batata-inglesa assado(a),TUBERCULOS,Pedaço,16
Batata-inglesa assado(a),TUBERCULOS,Porção,90
Batata-inglesa assado(a),TUBERCULOS,Colher de Arroz,60
Batata-inglesa assado(a),TUBERCULOS,Colher de Sopa,30
Batata-inglesa assado(a),TUBERCULOS,Concha,80
Batata-inglesa assado(a),TUBERCULOS,Escumadeira,80
Batata-inglesa assado(a),TUBERCULOS,Prato Raso,100
Batata-inglesa assado(a),TUBERCULOS,Unidade,140
Batata-inglesa assado(a),TUBERCULOS,Unidade Pequena,70
Batata-inglesa assado(a),TUBERCULOS,Metade,70
Batata-inglesa assado(a),TUBERCULOS,Banda,70
Batata-inglesa com manteiga/oleo,TUBERCULOS,Fatia,16
Batata-inglesa com manteiga/oleo,TUBERCULOS,Pedaço,16
Batata-inglesa com manteiga/oleo,TUBERCULOS,Porção,90
Batata-inglesa com manteiga/oleo,TUBERCULOS,Colher de Arroz,60
Batata-inglesa com manteiga/oleo,TUBERCULOS,Colher de Sopa,30
Batata-inglesa com manteiga/oleo,TUBERCULOS,Concha,80
Batata-inglesa com manteiga/oleo,TUBERCULOS,Escumadeira,80
Batata-inglesa com manteiga/oleo,TUBERCULOS,Prato Raso,100
Batata-inglesa com manteiga/oleo,TUBERCULOS,Unidade,140
Batata-inglesa com manteiga/oleo,TUBERCULOS,Unidade Pequena,70
Batata-inglesa com manteiga/oleo,TUBERCULOS,Metade,70
Batata-inglesa com manteiga/oleo,TUBERCULOS,Banda,70
Batata-inglesa cozido(a),TUBERCULOS,Fatia,16
Batata-inglesa cozido(a),TUBERCULOS,Pedaço,16
Batata-inglesa cozido(a),TUBERCULOS,Porção,90
Batata-inglesa cozido(a),TUBERCULOS,Colher de Arroz,60
Batata-inglesa cozido(a),TUBERCULOS,Colher de Sopa,30
Batata-inglesa cozido(a),TUBERCULOS,Concha,80
Batata-inglesa cozido(a),TUBERCULOS,Escumadeira,80
Batata-inglesa cozido(a),TUBERCULOS,Prato Raso,100
Batata-inglesa cozido(a),TUBERCULOS,Unidade,140
Batata-inglesa cozido(a),TUBERCULOS,Unidade Pequena,70
Batata-inglesa cozido(a),TUBERCULOS,Metade,70
Batata-inglesa cozido(a),TUBERCULOS,Banda,70
Batata-inglesa cru(a),TUBERCULOS,Fatia,16
Batata-inglesa cru(a),TUBERCULOS,Pedaço,16
Batata-inglesa cru(a),TUBERCULOS,Porção,90
Batata-inglesa cru(a),TUBERCULOS,Colher de Arroz,60
Batata-inglesa cru(a),TUBERCULOS,Colher de Sopa,30
Batata-inglesa cru(a),TUBERCULOS,Concha,80
Batata-inglesa cru(a),TUBERCULOS,Escumadeira,80
Batata-inglesa cru(a),TUBERCULOS,Prato Raso,100
Batata-inglesa cru(a),TUBERCULOS,Unidade,140
Batata-inglesa cru(a),TUBERCULOS,Unidade Pequena,70
Batata-inglesa cru(a),TUBERCULOS,Metade,70
Batata-inglesa cru(a),TUBERCULOS,Banda,70
Batata-inglesa ensopado,TUBERCULOS,Fatia,16
Batata-inglesa ensopado,TUBERCULOS,Pedaço,16
Batata-inglesa ensopado,TUBERCULOS,Porção,90
Batata-inglesa ensopado,TUBERCULOS,Colher de Arroz,60
Batata-inglesa ensopado,TUBERCULOS,Colher de Sopa,30
Batata-inglesa ensopado,TUBERCULOS,Concha,80
Batata-inglesa ensopado,TUBERCULOS,Escumadeira,80
Batata-inglesa ensopado,TUBERCULOS,Prato Raso,100
Batata-inglesa ensopado,TUBERCULOS,Unidade,140
Batata-inglesa ensopado,TUBERCULOS,Unidade Pequena,70
Batata-inglesa ensopado,TUBERCULOS,Metade,70
Batata-inglesa ensopado,TUBERCULOS,Banda,70
Batata-inglesa frito(a),TUBERCULOS,Fatia,16
Batata-inglesa frito(a),TUBERCULOS,Pedaço,16
Batata-inglesa frito(a),TUBERCULOS,Porção,90
Batata-inglesa frito(a),TUBERCULOS,Colher de Arroz,60
Batata-inglesa frito(a),TUBERCULOS,Colher de Sopa,30
Batata-inglesa frito(a),TUBERCULOS,Concha,80
Batata-inglesa frito(a),TUBERCULOS,Escumadeira,80
Batata-inglesa frito(a),TUBERCULOS,Prato Raso,100
Batata-inglesa frito(a),TUBERCULOS,Unidade,140
Batata-inglesa frito(a),TUBERCULOS,Unidade Pequena,70
Batata-inglesa frito(a),TUBERCULOS,Metade,70
Batata-inglesa frito(a),TUBERCULOS,Banda,70
Batata-inglesa grelhado(a)/brasa/churrasco,TUBERCULOS,Fatia,16
Batata-inglesa grelhado(a)/brasa/churrasco,TUBERCULOS,Pedaço,16
Batata-inglesa grelhado(a)/brasa/churrasco,TUBERCULOS,Porção,90
Batata-inglesa grelhado(a)/brasa/churrasco,TUBERCULOS,Colher de Arroz,60
Batata-inglesa grelhado(a)/brasa/churrasco,TUBERCULOS,Colher de Sopa,30
Batata-inglesa grelhado(a)/brasa/churrasco,TUBERCULOS,Concha,80
Batata-inglesa grelhado(a)/brasa/churrasco,TUBERCULOS,Escumadeira,80
Batata-inglesa grelhado(a)/brasa/churrasco,TUBERCULOS,Prato Raso,100
Batata-inglesa grelhado(a)/brasa/churrasco,TUBERCULOS,Unidade,140
Batata-inglesa grelhado(a)/brasa/churrasco,TUBERCULOS,Unidade Pequena,70
Batata-inglesa grelhado(a)/brasa/churrasco,TUBERCULOS,Metade,70
Batata-inglesa grelhado(a)/brasa/churrasco,TUBERCULOS,Banda,70
Batata-inglesa molho branco,TUBERCULOS,Fatia,16
Batata-inglesa molho branco,TUBERCULOS,Pedaço,16
Batata-inglesa molho branco,TUBERCULOS,Porção,90
Batata-inglesa molho branco,TUBERCULOS,Colher de Arroz,60
Batata-inglesa molho branco,TUBERCULOS,Colher de Sopa,30
Batata-inglesa molho branco,TUBERCULOS,Concha,80
Batata-inglesa molho branco,TUBERCULOS,Escumadeira,80
Batata-inglesa molho branco,TUBERCULOS,Prato Raso,100
Batata-inglesa molho branco,TUBERCULOS,Unidade,140
Batata-inglesa molho branco,TUBERCULOS,Unidade Pequena,70
Batata-inglesa molho branco,TUBERCULOS,Metade,70
Batata-inglesa molho branco,TUBERCULOS,Banda,70
Batata-inglesa molho vermelho,TUBERCULOS,Fatia,16
Batata-inglesa molho vermelho,TUBERCULOS,Pedaço,16
Batata-inglesa molho vermelho,TUBERCULOS,Porção,90
Batata-inglesa molho vermelho,TUBERCULOS,Colher de Arroz,60
Batata-inglesa molho vermelho,TUBERCULOS,Colher de Sopa,30
Batata-inglesa molho vermelho,TUBERCULOS,Concha,80
Batata-inglesa molho vermelho,TUBERCULOS,Escumadeira,80
Batata-inglesa molho vermelho,TUBERCULOS,Prato Raso,100
Batata-inglesa molho vermelho,TUBERCULOS,Unidade,140
Batata-inglesa molho vermelho,TUBERCULOS,Unidade Pequena,70
Batata-inglesa molho vermelho,TUBERCULOS,Metade,70
Batata-inglesa molho vermelho,TUBERCULOS,Banda,70
Batata-inglesa refogado(a),TUBERCULOS,Fatia,16
Batata-inglesa refogado(a),TUBERCULOS,Pedaço,16
Batata-inglesa refogado(a),TUBERCULOS,Porção,90
Batata-inglesa refogado(a),TUBERCULOS,Colher de Arroz,60
Batata-inglesa refogado(a),TUBERCULOS,Colher de Sopa,30
Batata-inglesa refogado(a),TUBERCULOS,Concha,80
Batata-inglesa refogado(a),TUBERCULOS,Escumadeira,80
Batata-inglesa refogado(a),TUBERCULOS,Prato Raso,100
Batata-inglesa refogado(a),TUBERCULOS,Unidade,140
Batata-inglesa refogado(a),TUBERCULOS,Unidade Pequena,70
Batata-inglesa refogado(a),TUBERCULOS,Metade,70
Batata-inglesa refogado(a),TUBERCULOS,Banda,70
Bebida à base de soja pêssego- Ali day®,,Copo Americano,150
Bebida à base de soja pêssego- Ali day®,,Copo Médio,240
Bebida à base de soja pêssego- Ali day®,,Copo Grande,300
Bebida à base de soja pêssego- Ali day®,,Garrafa 200ml,200
Bebida achocolatada,BEBIDAS DOCES,Copo Americano,150
Bebida achocolatada,BEBIDAS DOCES,Copo Médio,240
Bebida achocolatada,BEBIDAS DOCES,Copo Grande,300
Bebida achocolatada,BEBIDAS DOCES,Garrafa 200ml,200
Bebida achocolatada diet,BEBIDAS DOCES,Copo Americano,150
Bebida achocolatada diet,BEBIDAS DOCES,Copo Médio,240
Bebida achocolatada diet,BEBIDAS DOCES,Copo Grande,300
Bebida achocolatada diet,BEBIDAS DOCES,Garrafa 200ml,200
Bebida achocolatada light,BEBIDAS DOCES,Copo Americano,150
Bebida achocolatada light,BEBIDAS DOCES,Copo Médio,240
Bebida achocolatada light,BEBIDAS DOCES,Copo Grande,300
Bebida achocolatada light,BEBIDAS DOCES,Garrafa 200ml,200
Bebida energetica,BEBIDA ALCOOLICA,Copo Americano,150
Bebida energetica,BEBIDA ALCOOLICA,Copo Médio,240
Bebida energetica,BEBIDA ALCOOLICA,Copo Grande,300
Bebida energetica,BEBIDA ALCOOLICA,Garrafa 200ml,200
"Bebida isotônica, sabores variados (TACO)",,Copo Americano,150
"Bebida isotônica, sabores variados (TACO)",,Copo Médio,240
"Bebida isotônica, sabores variados (TACO)",,Copo Grande,300
"Bebida isotônica, sabores variados (TACO)",,Garrafa 200ml,200
"Bebida isotônica, sabores variados (TBCA)",,Copo Americano,150
"Bebida isotônica, sabores variados (TBCA)",,Copo Médio,240
"Bebida isotônica, sabores variados (TBCA)",,Copo Grande,300
"Bebida isotônica, sabores variados (TBCA)",,Garrafa 200ml,200
Bebida lactea,LATICINIOS,Copo Americano,150
Bebida lactea,LATICINIOS,Copo Médio,240
Bebida lactea,LATICINIOS,Copo Grande,300
Bebida lactea,LATICINIOS,Garrafa 200ml,200
Bebida láctea (média de diferentes sabores),,Copo Americano,150
Bebida láctea (média de diferentes sabores),,Copo Médio,240
Bebida láctea (média de diferentes sabores),,Copo Grande,300
Bebida láctea (média de diferentes sabores),,Garrafa 200ml,200
Bebida láctea Fast Neston -Nestlé®,,Copo Americano,150
Bebida láctea Fast Neston -Nestlé®,,Copo Médio,240
Bebida láctea Fast Neston -Nestlé®,,Copo Grande,300
Bebida láctea Fast Neston -Nestlé®,,Garrafa 200ml,200
Bebida láctea morangoe banana Ninho Soleil - Nestlé®,,Copo Americano,150
Bebida láctea morangoe banana Ninho Soleil - Nestlé®,,Copo Médio,240
Bebida láctea morangoe banana Ninho Soleil - Nestlé®,,Copo Grande,300
Bebida láctea morangoe banana Ninho Soleil - Nestlé®,,Garrafa 200ml,200
"Bebida láctea, frutas vermelhas, ""Dan Up""",,Copo Americano,150
"Bebida láctea, frutas vermelhas, ""Dan Up""",,Copo Médio,240
"Bebida láctea, frutas vermelhas, ""Dan Up""",,Copo Grande,300
"Bebida láctea, frutas vermelhas, ""Dan Up""",,Garrafa 200ml,200
"Bebida láctea, morango, ""Dan Up""",,Copo Americano,150
"Bebida láctea, morango, ""Dan Up""",,Copo Médio,240
"Bebida láctea, morango, ""Dan Up""",,Copo Grande,300
"Bebida láctea, morango, ""Dan Up""",,Garrafa 200ml,200
"Bebida láctea, morango, light, ""Corpus""",,Copo Americano,150
"Bebida láctea, morango, light, ""Corpus""",,Copo Médio,240
"Bebida láctea, morango, light, ""Corpus""",,Copo Grande,300
"Bebida láctea, morango, light, ""Corpus""",,Garrafa 200ml,200
"Bebida láctea, pêssego",,Copo Americano,150
"Bebida láctea, pêssego",,Copo Médio,240
"Bebida láctea, pêssego",,Copo Grande,300
"Bebida láctea, pêssego",,Garrafa 200ml,200
"Bebida, café, infusão 10%, s/ açúcar",,Copo Americano,150
"Bebida, café, infusão 10%, s/ açúcar",,Copo Médio,240
"Bebida, café, infusão 10%, s/ açúcar",,Copo Grande,300
"Bebida, café, infusão 10%, s/ açúcar",,Garrafa 200ml,200
"Bebida, chá, erva-doce, infusão 5%, s/ açúcar",,Copo Americano,150
"Bebida, chá, erva-doce, infusão 5%, s/ açúcar",,Copo Médio,240
"Bebida, chá, erva-doce, infusão 5%, s/ açúcar",,Copo Grande,300
"Bebida, chá, erva-doce, infusão 5%, s/ açúcar",,Garrafa 200ml,200
"Bebida, chá, infusão, anador grande, planta, folha, s/ açúcar, Justicia gendarussa L.",,Copo Americano,150
"Bebida, chá, infusão, anador grande, planta, folha, s/ açúcar, Justicia gendarussa L.",,Copo Médio,240
"Bebida, chá, infusão, anador grande, planta, folha, s/ açúcar, Justicia gendarussa L.",,Copo Grande,300
"Bebida, chá, infusão, anador grande, planta, folha, s/ açúcar, Justicia gendarussa L.",,Garrafa 200ml,200
"Bebida, chá, infusão, capim-santo, planta, folha, s/ açúcar, Cymbopogon citratus Stapf.",,Copo Americano,150
"Bebida, chá, infusão, capim-santo, planta, folha, s/ açúcar, Cymbopogon citratus Stapf.",,Copo Médio,240
"Bebida, chá, infusão, capim-santo, planta, folha, s/ açúcar, Cymbopogon citratus Stapf.",,Copo Grande,300
"Bebida, chá, infusão, capim-santo, planta, folha, s/ açúcar, Cymbopogon citratus Stapf.",,Garrafa 200ml,200
"Bebida, chá, infusão, cidreira, planta, folha, s/ açúcar, Lippia alba (Mill.) N.E. Brown, Ceará",,Copo Americano,150
"Bebida, chá, infusão, cidreira, planta, folha, s/ açúcar, Lippia alba (Mill.) N.E. Brown, Ceará",,Copo Médio,240
"Bebida, chá, infusão, cidreira, planta, folha, s/ açúcar, Lippia alba (Mill.) N.E. Brown, Ceará",,Copo Grande,300
"Bebida, chá, infusão, cidreira, planta, folha, s/ açúcar, Lippia alba (Mill.) N.E. Brown, Ceará",,Garrafa 200ml,200
"Bebida, chá, infusão, colônia, planta, folha, s/ açúcar, Alpinia speciosa Schum, Ceará",,Copo Americano,150
"Bebida, chá, infusão, colônia, planta, folha, s/ açúcar, Alpinia speciosa Schum, Ceará",,Copo Médio,240
"Bebida, chá, infusão, colônia, planta, folha, s/ açúcar, Alpinia speciosa Schum, Ceará",,Copo Grande,300
"Bebida, chá, infusão, colônia, planta, folha, s/ açúcar, Alpinia speciosa Schum, Ceará",,Garrafa 200ml,200
"Bebida, chá, infusão, eparema, planta, folha, s/ açúcar, Costus aff. Discolor Roscoe, Ceará",,Copo Americano,150
"Bebida, chá, infusão, eparema, planta, folha, s/ açúcar, Costus aff. Discolor Roscoe, Ceará",,Copo Médio,240
"Bebida, chá, infusão, eparema, planta, folha, s/ açúcar, Costus aff. Discolor Roscoe, Ceará",,Copo Grande,300
"Bebida, chá, infusão, eparema, planta, folha, s/ açúcar, Costus aff. Discolor Roscoe, Ceará",,Garrafa 200ml,200
"Bebida, chá, infusão, s/ açúcar, (média de várias ervas)",,Copo Americano,150
"Bebida, chá, infusão, s/ açúcar, (média de várias ervas)",,Copo Médio,240
"Bebida, chá, infusão, s/ açúcar, (média de várias ervas)",,Copo Grande,300
"Bebida, chá, infusão, s/ açúcar, (média de várias ervas)",,Garrafa 200ml,200
"Bebida, chá, limão, lata/garrafa, ""Lipton""",,Copo Americano,150
"Bebida, chá, limão, lata/garrafa, ""Lipton""",,Copo Médio,240
"Bebida, chá, limão, lata/garrafa, ""Lipton""",,Copo Grande,300
"Bebida, chá, limão, lata/garrafa, ""Lipton""",,Garrafa 200ml,200
"Bebida, chá, limão, lata/garrfa, light, ""Lipton""",,Copo Americano,150
"Bebida, chá, limão, lata/garrfa, light, ""Lipton""",,Copo Médio,240
"Bebida, chá, limão, lata/garrfa, light, ""Lipton""",,Copo Grande,300
"Bebida, chá, limão, lata/garrfa, light, ""Lipton""",,Garrafa 200ml,200
"Bebida, chá, mate, infusão 5%, s/ açúcar",,Copo Americano,150
"Bebida, chá, mate, infusão 5%, s/ açúcar",,Copo Médio,240
"Bebida, chá, mate, infusão 5%, s/ açúcar",,Copo Grande,300
"Bebida, chá, mate, infusão 5%, s/ açúcar",,Garrafa 200ml,200
"Bebida, chá, pêssego, lata/garrafa, light, ""Lipton""",,Copo Americano,150
"Bebida, chá, pêssego, lata/garrafa, light, ""Lipton""",,Copo Médio,240
"Bebida, chá, pêssego, lata/garrafa, light, ""Lipton""",,Copo Grande,300
"Bebida, chá, pêssego, lata/garrafa, light, ""Lipton""",,Garrafa 200ml,200
"Bebida, chá, preto, infusão 5%, s/ açúcar",,Copo Americano,150
"Bebida, chá, preto, infusão 5%, s/ açúcar",,Copo Médio,240
"Bebida, chá, preto, infusão 5%, s/ açúcar",,Copo Grande,300
"Bebida, chá, preto, infusão 5%, s/ açúcar",,Garrafa 200ml,200
"Bebida, infusão, erva-mate, chimarrão, (70g de matéria seca - 30% de ramos e 70% de folhas - em 1 L de água), Ilex paraguariensis St. Hil.",,Copo Americano,150
"Bebida, infusão, erva-mate, chimarrão, (70g de matéria seca - 30% de ramos e 70% de folhas - em 1 L de água), Ilex paraguariensis St. Hil.",,Copo Médio,240
"Bebida, infusão, erva-mate, chimarrão, (70g de matéria seca - 30% de ramos e 70% de folhas - em 1 L de água), Ilex paraguariensis St. Hil.",,Copo Grande,300
"Bebida, infusão, erva-mate, chimarrão, (70g de matéria seca - 30% de ramos e 70% de folhas - em 1 L de água), Ilex paraguariensis St. Hil.",,Garrafa 200ml,200
"Bebida, infusão, hortelã rasteira, planta, folha, s/ açúcar, Mentha x vilosa Huds, Ceará",,Copo Americano,150
"Bebida, infusão, hortelã rasteira, planta, folha, s/ açúcar, Mentha x vilosa Huds, Ceará",,Copo Médio,240
"Bebida, infusão, hortelã rasteira, planta, folha, s/ açúcar, Mentha x vilosa Huds, Ceará",,Copo Grande,300
"Bebida, infusão, hortelã rasteira, planta, folha, s/ açúcar, Mentha x vilosa Huds, Ceará",,Garrafa 200ml,200
"Bebida, infusão, malvariço, planta, folha, s/ açúcar, Plectraanthus amboinicus (Lour.) Spreng., Ceará",,Copo Americano,150
"Bebida, infusão, malvariço, planta, folha, s/ açúcar, Plectraanthus amboinicus (Lour.) Spreng., Ceará",,Copo Médio,240
"Bebida, infusão, malvariço, planta, folha, s/ açúcar, Plectraanthus amboinicus (Lour.) Spreng., Ceará",,Copo Grande,300
"Bebida, infusão, malvariço, planta, folha, s/ açúcar, Plectraanthus amboinicus (Lour.) Spreng., Ceará",,Garrafa 200ml,200
"Bebida, infusão, malva-santa, planta, folha, s/ açúcar, Plectranthus barbatus Andr., Ceará",,Copo Americano,150
"Bebida, infusão, malva-santa, planta, folha, s/ açúcar, Plectranthus barbatus Andr., Ceará",,Copo Médio,240
"Bebida, infusão, malva-santa, planta, folha, s/ açúcar, Plectranthus barbatus Andr., Ceará",,Copo Grande,300
"Bebida, infusão, malva-santa, planta, folha, s/ açúcar, Plectranthus barbatus Andr., Ceará",,Garrafa 200ml,200
"Bebida, infusão, mastruço, planta, folha, s/ açúcar, Chenopodium ambrosioides L., Ceará",,Copo Americano,150
"Bebida, infusão, mastruço, planta, folha, s/ açúcar, Chenopodium ambrosioides L., Ceará",,Copo Médio,240
"Bebida, infusão, mastruço, planta, folha, s/ açúcar, Chenopodium ambrosioides L., Ceará",,Copo Grande,300
"Bebida, infusão, mastruço, planta, folha, s/ açúcar, Chenopodium ambrosioides L., Ceará",,Garrafa 200ml,200
"Bebida, infusão, mentrasto, planta, folha, s/ açúcar, Ageratum conyzoides L., Ceará",,Copo Americano,150
"Bebida, infusão, mentrasto, planta, folha, s/ açúcar, Ageratum conyzoides L., Ceará",,Copo Médio,240
"Bebida, infusão, mentrasto, planta, folha, s/ açúcar, Ageratum conyzoides L., Ceará",,Copo Grande,300
"Bebida, infusão, mentrasto, planta, folha, s/ açúcar, Ageratum conyzoides L., Ceará",,Garrafa 200ml,200
Beiju,FARINHAS/FÉCULAS/MASSAS,Pedaço,31
Beiju,FARINHAS/FÉCULAS/MASSAS,Unidade,125
Beiju,FARINHAS/FÉCULAS/MASSAS,Unidade Pequena,70
Berinjela,VERDURAS,Fatia,20
Berinjela,VERDURAS,Pedaço,20
Berinjela,VERDURAS,Porção,60
Berinjela,VERDURAS,Colher de Arroz,75
Berinjela,VERDURAS,Colher de Sopa,25
Berinjela,VERDURAS,Escumadeira,125
Berinjela,VERDURAS,Unidade,112
Berinjela  ao vinagrete,VERDURAS,Fatia,20
Berinjela  ao vinagrete,VERDURAS,Pedaço,20
Berinjela  ao vinagrete,VERDURAS,Porção,60
Berinjela  ao vinagrete,VERDURAS,Colher de Arroz,75
Berinjela  ao vinagrete,VERDURAS,Colher de Sopa,25
Berinjela  ao vinagrete,VERDURAS,Escumadeira,125
Berinjela  ao vinagrete,VERDURAS,Unidade,112
Berinjela (casca),,Fatia,20
Berinjela (casca),,Pedaço,20
Berinjela (casca),,Porção,60
Berinjela (casca),,Colher de Arroz,75
Berinjela (casca),,Colher de Sopa,25
Berinjela (casca),,Escumadeira,125
Berinjela (casca),,Unidade,112
Berinjela (cozida),,Fatia,20
Berinjela (cozida),,Pedaço,20
Berinjela (cozida),,Porção,60
Berinjela (cozida),,Colher de Arroz,75
Berinjela (cozida),,Colher de Sopa,25
Berinjela (cozida),,Escumadeira,125
Berinjela (cozida),,Unidade,112
Berinjela (crua),,Fatia,20
Berinjela (crua),,Pedaço,20
Berinjela (crua),,Porção,60
Berinjela (crua),,Colher de Arroz,75
Berinjela (crua),,Colher de Sopa,25
Berinjela (crua),,Escumadeira,125
Berinjela (crua),,Unidade,112
Berinjela assado(a),VERDURAS,Pedaço,20
Berinjela assado(a),VERDURAS,Porção,60
Berinjela assado(a),VERDURAS,Colher de Sopa,25
Berinjela cozido(a),VERDURAS,Fatia,20
Berinjela cozido(a),VERDURAS,Pedaço,20
Berinjela cozido(a),VERDURAS,Porção,60
Berinjela cozido(a),VERDURAS,Colher de Arroz,75
Berinjela cozido(a),VERDURAS,Colher de Sopa,25
Berinjela cozido(a),VERDURAS,Escumadeira,125
Berinjela cozido(a),VERDURAS,Unidade,112
Berinjela cru(a),VERDURAS,Fatia,20
Berinjela cru(a),VERDURAS,Pedaço,20
Berinjela cru(a),VERDURAS,Porção,60
Berinjela cru(a),VERDURAS,Colher de Arroz,75
Berinjela cru(a),VERDURAS,Colher de Sopa,25
Berinjela cru(a),VERDURAS,Escumadeira,125
Berinjela cru(a),VERDURAS,Unidade,112
Berinjela empanado(a)/a milanesa,VERDURAS,Fatia,20
Berinjela empanado(a)/a milanesa,VERDURAS,Pedaço,20
Berinjela empanado(a)/a milanesa,VERDURAS,Colher de Arroz,75
Berinjela empanado(a)/a milanesa,VERDURAS,Unidade,200
Berinjela ensopado,VERDURAS,Fatia,20
Berinjela ensopado,VERDURAS,Pedaço,20
Berinjela ensopado,VERDURAS,Porção,60
Berinjela ensopado,VERDURAS,Colher de Arroz,75
Berinjela ensopado,VERDURAS,Colher de Sopa,25
Berinjela ensopado,VERDURAS,Escumadeira,125
Berinjela ensopado,VERDURAS,Unidade,112
Berinjela frito(a),VERDURAS,Pedaço,20
Berinjela frito(a),VERDURAS,Porção,60
Berinjela frito(a),VERDURAS,Colher de Sopa,25
Berinjela frito(a),VERDURAS,Unidade,112
Berinjela refogado(a),VERDURAS,Fatia,20
Berinjela refogado(a),VERDURAS,Pedaço,20
Berinjela refogado(a),VERDURAS,Porção,60
Berinjela refogado(a),VERDURAS,Colher de Arroz,75
Berinjela refogado(a),VERDURAS,Colher de Sopa,25
Berinjela refogado(a),VERDURAS,Escumadeira,125
Berinjela refogado(a),VERDURAS,Unidade,112
"Berinjela, cozida",,Fatia,20
"Berinjela, cozida",,Pedaço,20
"Berinjela, cozida",,Porção,60
"Berinjela, cozida",,Colher de Arroz,75
"Berinjela, cozida",,Colher de Sopa,25
"Berinjela, cozida",,Escumadeira,125
"Berinjela, cozida",,Unidade,112
"Berinjela, crua",,Fatia,20
"Berinjela, crua",,Pedaço,20
"Berinjela, crua",,Porção,60
"Berinjela, crua",,Colher de Arroz,75
"Berinjela, crua",,Colher de Sopa,25
"Berinjela, crua",,Escumadeira,125
"Berinjela, crua",,Unidade,112
"Berryki Lata, 300G, 20Doses",,Fatia,20
"Berryki Lata, 300G, 20Doses",,Pedaço,20
"Berryki Lata, 300G, 20Doses",,Porção,60
"Berryki Lata, 300G, 20Doses",,Colher de Arroz,75
"Berryki Lata, 300G, 20Doses",,Colher de Sopa,25
"Berryki Lata, 300G, 20Doses",,Escumadeira,125
"Berryki Lata, 300G, 20Doses",,Unidade,112
Beterraba,TUBERCULOS,Fatia,12
Beterraba,TUBERCULOS,Pedaço,12
Beterraba,TUBERCULOS,Porção,43
Beterraba,TUBERCULOS,Colher de Arroz,38
Beterraba,TUBERCULOS,Colher de Sopa,20
Beterraba,TUBERCULOS,Concha,76
Beterraba,TUBERCULOS,Escumadeira,45
Beterraba,TUBERCULOS,Prato Raso,168
Beterraba,TUBERCULOS,Xícara de Chá,84
Beterraba,TUBERCULOS,Unidade,125
Beterraba,TUBERCULOS,Unidade Pequena,75
Beterraba,TUBERCULOS,Metade,62
Beterraba,TUBERCULOS,Banda,62
Beterraba (casca),,Fatia,12
Beterraba (casca),,Pedaço,12
Beterraba (casca),,Porção,43
Beterraba (casca),,Colher de Arroz,38
Beterraba (casca),,Colher de Sopa,20
Beterraba (casca),,Concha,76
Beterraba (casca),,Escumadeira,45
Beterraba (casca),,Prato Raso,168
Beterraba (casca),,Xícara de Chá,84
Beterraba (casca),,Unidade,125
Beterraba (casca),,Unidade Pequena,75
Beterraba (casca),,Metade,62
Beterraba (casca),,Banda,62
Beterraba (cozida),,Fatia,12
Beterraba (cozida),,Pedaço,12
Beterraba (cozida),,Porção,43
Beterraba (cozida),,Colher de Arroz,38
Beterraba (cozida),,Colher de Sopa,20
Beterraba (cozida),,Concha,76
Beterraba (cozida),,Escumadeira,45
Beterraba (cozida),,Prato Raso,168
Beterraba (cozida),,Xícara de Chá,84
Beterraba (cozida),,Unidade,125
Beterraba (cozida),,Unidade Pequena,75
Beterraba (cozida),,Metade,62
Beterraba (cozida),,Banda,62
Beterraba (crua),,Fatia,12
Beterraba (crua),,Pedaço,12
Beterraba (crua),,Porção,43
Beterraba (crua),,Colher de Arroz,38
Beterraba (crua),,Colher de Sopa,20
Beterraba (crua),,Concha,76
Beterraba (crua),,Escumadeira,45
Beterraba (crua),,Prato Raso,168
Beterraba (crua),,Xícara de Chá,84
Beterraba (crua),,Unidade,125
Beterraba (crua),,Unidade Pequena,75
Beterraba (crua),,Metade,62
Beterraba (crua),,Banda,62
Beterraba ao vinagrete,TUBERCULOS,Fatia,12
Beterraba ao vinagrete,TUBERCULOS,Pedaço,12
Beterraba ao vinagrete,TUBERCULOS,Porção,43
Beterraba ao vinagrete,TUBERCULOS,Colher de Arroz,38
Beterraba ao vinagrete,TUBERCULOS,Colher de Sopa,20
Beterraba ao vinagrete,TUBERCULOS,Concha,76
Beterraba ao vinagrete,TUBERCULOS,Escumadeira,45
Beterraba ao vinagrete,TUBERCULOS,Prato Raso,168
Beterraba ao vinagrete,TUBERCULOS,Xícara de Chá,84
Beterraba ao vinagrete,TUBERCULOS,Unidade,125
Beterraba ao vinagrete,TUBERCULOS,Unidade Pequena,75
Beterraba ao vinagrete,TUBERCULOS,Metade,62
Beterraba ao vinagrete,TUBERCULOS,Banda,62
Beterraba branca (acelga)  cozido(a),TUBERCULOS,Fatia,12
Beterraba branca (acelga)  cozido(a),TUBERCULOS,Pedaço,12
Beterraba branca (acelga)  cozido(a),TUBERCULOS,Porção,43
Beterraba branca (acelga)  cozido(a),TUBERCULOS,Colher de Arroz,38
Beterraba branca (acelga)  cozido(a),TUBERCULOS,Colher de Sopa,20
Beterraba branca (acelga)  cozido(a),TUBERCULOS,Concha,76
Beterraba branca (acelga)  cozido(a),TUBERCULOS,Escumadeira,45
Beterraba branca (acelga)  cozido(a),TUBERCULOS,Prato Raso,168
Beterraba branca (acelga)  cozido(a),TUBERCULOS,Xícara de Chá,84
Beterraba branca (acelga)  cozido(a),TUBERCULOS,Unidade,125
Beterraba branca (acelga)  cozido(a),TUBERCULOS,Unidade Pequena,75
Beterraba branca (acelga)  cozido(a),TUBERCULOS,Metade,62
Beterraba branca (acelga)  cozido(a),TUBERCULOS,Banda,62
Beterraba cozido(a),TUBERCULOS,Fatia,12
Beterraba cozido(a),TUBERCULOS,Pedaço,12
Beterraba cozido(a),TUBERCULOS,Porção,43
Beterraba cozido(a),TUBERCULOS,Colher de Arroz,38
Beterraba cozido(a),TUBERCULOS,Colher de Sopa,20
Beterraba cozido(a),TUBERCULOS,Concha,76
Beterraba cozido(a),TUBERCULOS,Escumadeira,45
Beterraba cozido(a),TUBERCULOS,Prato Raso,168
Beterraba cozido(a),TUBERCULOS,Xícara de Chá,84
Beterraba cozido(a),TUBERCULOS,Unidade,125
Beterraba cozido(a),TUBERCULOS,Unidade Pequena,75
Beterraba cozido(a),TUBERCULOS,Metade,62
Beterraba cozido(a),TUBERCULOS,Banda,62
Beterraba cru(a),TUBERCULOS,Fatia,12
Beterraba cru(a),TUBERCULOS,Pedaço,12
Beterraba cru(a),TUBERCULOS,Porção,43
Beterraba cru(a),TUBERCULOS,Colher de Arroz,38
Beterraba cru(a),TUBERCULOS,Colher de Sopa,20
Beterraba cru(a),TUBERCULOS,Concha,76
Beterraba cru(a),TUBERCULOS,Escumadeira,45
Beterraba cru(a),TUBERCULOS,Prato Raso,168
Beterraba cru(a),TUBERCULOS,Xícara de Chá,84
Beterraba cru(a),TUBERCULOS,Unidade,125
Beterraba cru(a),TUBERCULOS,Unidade Pequena,75
Beterraba cru(a),TUBERCULOS,Metade,62
Beterraba cru(a),TUBERCULOS,Banda,62
Beterraba refogado(a),TUBERCULOS,Fatia,12
Beterraba refogado(a),TUBERCULOS,Pedaço,12
Beterraba refogado(a),TUBERCULOS,Porção,43
Beterraba refogado(a),TUBERCULOS,Colher de Arroz,38
Beterraba refogado(a),TUBERCULOS,Colher de Sopa,20
Beterraba refogado(a),TUBERCULOS,Concha,76
Beterraba refogado(a),TUBERCULOS,Escumadeira,45
Beterraba refogado(a),TUBERCULOS,Prato Raso,168
Beterraba refogado(a),TUBERCULOS,Xícara de Chá,84
Beterraba refogado(a),TUBERCULOS,Unidade,125
Beterraba refogado(a),TUBERCULOS,Unidade Pequena,75
Beterraba refogado(a),TUBERCULOS,Metade,62
Beterraba refogado(a),TUBERCULOS,Banda,62
"Beterraba, cozida",,Fatia,12
"Beterraba, cozida",,Pedaço,12
"Beterraba, cozida",,Porção,43
"Beterraba, cozida",,Colher de Arroz,38
"Beterraba, cozida",,Colher de Sopa,20
"Beterraba, cozida",,Concha,76
"Beterraba, cozida",,Escumadeira,45
"Beterraba, cozida",,Prato Raso,168
"Beterraba, cozida",,Xícara de Chá,84
"Beterraba, cozida",,Unidade,125
"Beterraba, cozida",,Unidade Pequena,75
"Beterraba, cozida",,Metade,62
"Beterraba, cozida",,Banda,62
"Beterraba, crua",,Fatia,12
"Beterraba, crua",,Pedaço,12
"Beterraba, crua",,Porção,43
"Beterraba, crua",,Colher de Arroz,38
"Beterraba, crua",,Colher de Sopa,20
"Beterraba, crua",,Concha,76
"Beterraba, crua",,Escumadeira,45
"Beterraba, crua",,Prato Raso,168
"Beterraba, crua",,Xícara de Chá,84
"Beterraba, crua",,Unidade,125
"Beterraba, crua",,Unidade Pequena,75
"Beterraba, crua",,Metade,62
"Beterraba, crua",,Banda,62
Bife à cavalo - carne bovina,,File,100
Bife à cavalo - carne bovina,,Bife,100
Bife à cavalo - carne bovina,,Fatia,90
Bife à cavalo - carne bovina,,Pedaço,35
Bife à cavalo - carne bovina,,Porção,75
Bife à cavalo - carne bovina,,Colher de Arroz,70
Bife à cavalo - carne bovina,,Colher de Sopa,30
Bife à cavalo - carne bovina,,Concha,140
Bife à cavalo - carne bovina,,Escumadeira,70
"Bife a cavalo, bife c/ ovos fritos, c/ sal, c/ temperos, c/ sal",,File,100
"Bife a cavalo, bife c/ ovos fritos, c/ sal, c/ temperos, c/ sal",,Bife,100
"Bife a cavalo, bife c/ ovos fritos, c/ sal, c/ temperos, c/ sal",,Fatia,90
"Bife a cavalo, bife c/ ovos fritos, c/ sal, c/ temperos, c/ sal",,Pedaço,35
"Bife a cavalo, bife c/ ovos fritos, c/ sal, c/ temperos, c/ sal",,Porção,75
"Bife a cavalo, bife c/ ovos fritos, c/ sal, c/ temperos, c/ sal",,Colher de Arroz,70
"Bife a cavalo, bife c/ ovos fritos, c/ sal, c/ temperos, c/ sal",,Colher de Sopa,30
"Bife a cavalo, bife c/ ovos fritos, c/ sal, c/ temperos, c/ sal",,Concha,140
"Bife a cavalo, bife c/ ovos fritos, c/ sal, c/ temperos, c/ sal",,Escumadeira,70
"Bife à cavalo, com contra filé",,File,100
"Bife à cavalo, com contra filé",,Bife,100
"Bife à cavalo, com contra filé",,Fatia,90
"Bife à cavalo, com contra filé",,Pedaço,35
"Bife à cavalo, com contra filé",,Porção,75
"Bife à cavalo, com contra filé",,Colher de Arroz,70
"Bife à cavalo, com contra filé",,Colher de Sopa,30
"Bife à cavalo, com contra filé",,Concha,140
"Bife à cavalo, com contra filé",,Escumadeira,70
Bife à milanesa de coxão mole- carne bovina,,File,100
Bife à milanesa de coxão mole- carne bovina,,Bife,100
Bife à milanesa de coxão mole- carne bovina,,Fatia,90
Bife à milanesa de coxão mole- carne bovina,,Pedaço,35
Bife à milanesa de coxão mole- carne bovina,,Porção,75
Bife à milanesa de coxão mole- carne bovina,,Colher de Arroz,70
Bife à milanesa de coxão mole- carne bovina,,Colher de Sopa,30
Bife à milanesa de coxão mole- carne bovina,,Concha,140
Bife à milanesa de coxão mole- carne bovina,,Escumadeira,70
Bife à relê - carne bovina,,File,100
Bife à relê - carne bovina,,Bife,100
Bife à relê - carne bovina,,Fatia,90
Bife à relê - carne bovina,,Pedaço,35
Bife à relê - carne bovina,,Porção,75
Bife à relê - carne bovina,,Colher de Arroz,70
Bife à relê - carne bovina,,Colher de Sopa,30
Bife à relê - carne bovina,,Concha,140
Bife à relê - carne bovina,,Escumadeira,70
Bife à rolê de contrafilé -carne bovina,,File,100
Bife à rolê de contrafilé -carne bovina,,Bife,100
Bife à rolê de contrafilé -carne bovina,,Fatia,90
Bife à rolê de contrafilé -carne bovina,,Pedaço,35
Bife à rolê de contrafilé -carne bovina,,Porção,75
Bife à rolê de contrafilé -carne bovina,,Colher de Arroz,70
Bife à rolê de contrafilé -carne bovina,,Colher de Sopa,30
Bife à rolê de contrafilé -carne bovina,,Concha,140
Bife à rolê de contrafilé -carne bovina,,Escumadeira,70
Bife frito de contrafilé - carnebovina,,File,100
Bife frito de contrafilé - carnebovina,,Bife,100
Bife frito de contrafilé - carnebovina,,Fatia,90
Bife frito de contrafilé - carnebovina,,Pedaço,35
Bife frito de contrafilé - carnebovina,,Porção,75
Bife frito de contrafilé - carnebovina,,Colher de Arroz,70
Bife frito de contrafilé - carnebovina,,Colher de Sopa,30
Bife frito de contrafilé - carnebovina,,Concha,140
Bife frito de contrafilé - carnebovina,,Escumadeira,70
Bife grelhado de contrafilé -carne bovina,,File,100
Bife grelhado de contrafilé -carne bovina,,Bife,100
Bife grelhado de contrafilé -carne bovina,,Fatia,90
Bife grelhado de contrafilé -carne bovina,,Pedaço,35
Bife grelhado de contrafilé -carne bovina,,Porção,75
Bife grelhado de contrafilé -carne bovina,,Colher de Arroz,70
Bife grelhado de contrafilé -carne bovina,,Colher de Sopa,30
Bife grelhado de contrafilé -carne bovina,,Concha,140
Bife grelhado de contrafilé -carne bovina,,Escumadeira,70
Bife role cru,PREPARADOS,File,100
Bife role cru,PREPARADOS,Bife,100
Bife role cru,PREPARADOS,Fatia,90
Bife role cru,PREPARADOS,Pedaço,35
Bife role cru,PREPARADOS,Porção,75
Bife role cru,PREPARADOS,Colher de Arroz,70
Bife role cru,PREPARADOS,Colher de Sopa,30
Bife role cru,PREPARADOS,Concha,140
Bife role cru,PREPARADOS,Escumadeira,70
Biscoito água e gergelim -Piraquê0,,Porção,30
Biscoito água e gergelim -Piraquê0,,Unidade,7
Biscoito água e sal - Adria®,,Porção,30
Biscoito água e sal - Adria®,,Unidade,5
Biscoito água e sal - Triunfo®,,Porção,30
Biscoito água e sal - Triunfo®,,Unidade,5
Biscoito água e sal Levíssimo - Bauducco®,,Porção,30
Biscoito água e sal Levíssimo - Bauducco®,,Unidade,4
Biscoito água e sal Levíssimo- Bauducco®,,Porção,30
Biscoito água e sal Levíssimo- Bauducco®,,Unidade,4
Biscoito água light - Piraquê®,,Porção,30
Biscoito água light - Piraquê®,,Unidade,4
Biscoito água Tostines -Nestlé®,,Porção,30
Biscoito água Tostines -Nestlé®,,Unidade,4
Biscoito aveia e mel Nesfit -Nestlé®,,Porção,30
Biscoito aveia e mel Nesfit -Nestlé®,,Unidade,5
Biscoito champanhe açúcar fino - Bauducco Premium®,,Porção,30
Biscoito champanhe açúcar fino - Bauducco Premium®,,Unidade,7
Biscoito champanhe açúcarcristal - Bauducco Premium0,,Porção,30
Biscoito champanhe açúcarcristal - Bauducco Premium0,,Unidade,7
Biscoito chocolate ao leite e chocolate branco Trakinas Mondelez Brasil®,,Porção,30
Biscoito chocolate ao leite e chocolate branco Trakinas Mondelez Brasil®,,Unidade,10
Biscoito chocolate ao leite emorango Trakinas - Mondelez Brasil®,,Porção,30
Biscoito chocolate ao leite emorango Trakinas - Mondelez Brasil®,,Unidade,10
Biscoito chocolate Trakinas - Mondelez Brasil®,,Porção,30
Biscoito chocolate Trakinas - Mondelez Brasil®,,Unidade,10
Biscoito Club Social integral - Mondelez Brasil®,,Porção,24
Biscoito Club Social integral - Mondelez Brasil®,,Unidade,8
Biscoito Club Social original - Mondelez Brasil®,,Porção,24
Biscoito Club Social original - Mondelez Brasil®,,Unidade,8
Biscoito Club Social recheado de pizza - Mondelez Brasil®,,Porção,24
Biscoito Club Social recheado de pizza - Mondelez Brasil®,,Unidade,8
Biscoito Club Social recheado de queijo - Mondelez Brasil®,,Porção,24
Biscoito Club Social recheado de queijo - Mondelez Brasil®,,Unidade,8
Biscoito coco Nesfit - Nestlé® ,,Porção,30
Biscoito coco Nesfit - Nestlé® ,,Unidade,5
Biscoito cracker original - Adria®,,Porção,30
Biscoito cracker original - Adria®,,Unidade,5
Biscoito crackers reduced fat Ritz - Nabisco®,,Porção,30
Biscoito crackers reduced fat Ritz - Nabisco®,,Unidade,5
Biscoito cream cracker - Mabel®,,Porção,30
Biscoito cream cracker - Mabel®,,Unidade,5
Biscoito cream cracker - Man lane,,Porção,30
Biscoito cream cracker - Man lane,,Unidade,5
Biscoito cream cracker - Triunfo®,,Porção,30
Biscoito cream cracker - Triunfo®,,Unidade,5
Biscoito cream cracker - Zadimel®,,Porção,30
Biscoito cream cracker - Zadimel®,,Unidade,5
Biscoito cream cracker folhata - Adria®,,Porção,30
Biscoito cream cracker folhata - Adria®,,Unidade,5
Biscoito cream cracker integral Levíssimo - Bauducco®,,Porção,30
Biscoito cream cracker integral Levíssimo - Bauducco®,,Unidade,5
Biscoito cream cracker Levíssimo - Bauducco®,,Porção,30
Biscoito cream cracker Levíssimo - Bauducco®,,Unidade,5
Biscoito cream cracker light Levíssimo - Bauducco®,,Porção,30
Biscoito cream cracker light Levíssimo - Bauducco®,,Unidade,5
Biscoito cream cracker Tostines - Nestlé®,,Porção,30
Biscoito cream cracker Tostines - Nestlé®,,Unidade,4
Biscoito de chocolaterecheado de morango Passatempo - Nestlé®,,Porção,30
Biscoito de chocolaterecheado de morango Passatempo - Nestlé®,,Unidade,10
Biscoito de cupuaçu recheado,,Porção,30
Biscoito de cupuaçu recheado,,Unidade,10
Biscoito de polvilho (IBGE),AÇUCARES/CONFEITARIA,Porção,30
Biscoito de polvilho (IBGE),AÇUCARES/CONFEITARIA,Unidade,1
Biscoito de polvilho (Tucunduva),,Porção,30
Biscoito de polvilho (Tucunduva),,Unidade,1
Biscoito de polvilho de queijo - Cassini®,,Porção,30
Biscoito de polvilho de queijo - Cassini®,,Unidade,1
Biscoito de polvilho doce -Carrefour0,,Porção,30
Biscoito de polvilho doce -Carrefour0,,Unidade,1
Biscoito de polvilho salgado - Cassini®,,Porção,30
Biscoito de polvilho salgado - Cassini®,,Unidade,1
Biscoito de polvilho salgado --Qualitá®,,Porção,30
Biscoito de polvilho salgado --Qualitá®,,Unidade,1
Biscoito de presunto -Piraquê®,,Porção,25
Biscoito de presunto -Piraquê®,,Xícara de Chá,50
Biscoito de queijo - Piraquê®,,Porção,25
Biscoito de queijo - Piraquê®,,Xícara de Chá,50
Biscoito doce,AÇUCARES/CONFEITARIA,Porção,30
Biscoito doce,AÇUCARES/CONFEITARIA,Unidade,5
Biscoito doce diet,AÇUCARES/CONFEITARIA,Porção,30
Biscoito doce diet,AÇUCARES/CONFEITARIA,Unidade,5
Biscoito doce light,AÇUCARES/CONFEITARIA,Porção,30
Biscoito doce light,AÇUCARES/CONFEITARIA,Unidade,5
Biscoito integral com centeioNesfit - Nestlé®,,Porção,30
Biscoito integral com centeioNesfit - Nestlé®,,Unidade,4
Biscoito integral Nesfit -Nest1ét,,Porção,30
Biscoito integral Nesfit -Nest1ét,,Unidade,4
Biscoito leite Passatempo -Nestlé®,,Porção,30
Biscoito leite Passatempo -Nestlé®,,Unidade,6
Biscoito maisena chocolate -Tr u nfo®,,Porção,30
Biscoito maisena chocolate -Tr u nfo®,,Unidade,5
Biscoito maisena Tostines -Nestlé®,,Porção,30
Biscoito maisena Tostines -Nestlé®,,Unidade,5
Biscoito mini recheado dechocolate -Trakinas®,,Porção,25
Biscoito mini recheado dechocolate -Trakinas®,,Unidade,3
Biscoito mini recheado demorango -Trakinas®,,Porção,25
Biscoito mini recheado demorango -Trakinas®,,Unidade,3
Biscoito não especificado,AÇUCARES/CONFEITARIA,Porção,30
Biscoito não especificado,AÇUCARES/CONFEITARIA,Unidade,5
Biscoito pit stop de queijo -Marilan®,,Porção,27
Biscoito pit stop de queijo -Marilan®,,Unidade,4
Biscoito pit stop integral -Marilan®,,Porção,27
Biscoito pit stop integral -Marilan®,,Unidade,4
Biscoito pit stop light emgorduras - Marilan®,,Porção,27
Biscoito pit stop light emgorduras - Marilan®,,Unidade,4
Biscoito pit stop original -Mari ia n,,Porção,27
Biscoito pit stop original -Mari ia n,,Unidade,4
Biscoito pizzaquê - Piraquê®,,Porção,30
Biscoito pizzaquê - Piraquê®,,Unidade,3
Biscoito recheado,AÇUCARES/CONFEITARIA,Porção,30
Biscoito recheado,AÇUCARES/CONFEITARIA,Unidade,10
Biscoito recheado chocolate Gulosos - Bauducco®,,Porção,30
Biscoito recheado chocolate Gulosos - Bauducco®,,Unidade,10
Biscoito recheado chocolatePassatempo - Nestlé®,,Porção,30
Biscoito recheado chocolatePassatempo - Nestlé®,,Unidade,10
Biscoito recheado de chocochoco - Triunfo®,,Porção,30
Biscoito recheado de chocochoco - Triunfo®,,Unidade,10
Biscoito recheado de chocolate PI ug@dos - Adria®,,Porção,30
Biscoito recheado de chocolate PI ug@dos - Adria®,,Unidade,10
Biscoito recheado de chocolate Turmix - Marilan®,,Porção,30
Biscoito recheado de chocolate Turmix - Marilan®,,Unidade,10
Biscoito recheado de doce de leite Bono - Nestlé®,,Porção,30
Biscoito recheado de doce de leite Bono - Nestlé®,,Unidade,10
Biscoito recheado de flocos Plug@dos - Adria®,,Porção,30
Biscoito recheado de flocos Plug@dos - Adria®,,Unidade,10
Biscoito recheado de goiaba - Bauducco®,,Porção,30
Biscoito recheado de goiaba - Bauducco®,,Unidade,10
Biscoito recheado de morango Carinhas -Trakinas®,,Porção,30
Biscoito recheado de morango Carinhas -Trakinas®,,Unidade,10
Biscoito recheado de morango Plug@dos - Adria®,,Porção,30
Biscoito recheado de morango Plug@dos - Adria®,,Unidade,10
Biscoito recheado de morango -Trakinas Mais®,,Porção,30
Biscoito recheado de morango -Trakinas Mais®,,Unidade,10
Biscoito recheado de morango -Triunfo®,,Porção,30
Biscoito recheado de morango -Triunfo®,,Unidade,10
Biscoito recheado dechocolate Bono - Nestlé®,,Porção,30
Biscoito recheado dechocolate Bono - Nestlé®,,Unidade,10
Biscoito recheado dechocolate branco Teens - Mari lan ®,,Porção,30
Biscoito recheado dechocolate branco Teens - Mari lan ®,,Unidade,10
Biscoito recheado dechocolate Carinhas - Trakinas,,Porção,30
Biscoito recheado dechocolate Carinhas - Trakinas,,Unidade,10
Biscoito recheado dechocolate Chocolícia - Nabisco®,,Porção,30
Biscoito recheado dechocolate Chocolícia - Nabisco®,,Unidade,10
Biscoito recheado diet,AÇUCARES/CONFEITARIA,Porção,30
Biscoito recheado diet,AÇUCARES/CONFEITARIA,Unidade,10
Biscoito recheado light,AÇUCARES/CONFEITARIA,Porção,30
Biscoito recheado light,AÇUCARES/CONFEITARIA,Unidade,10
Biscoito recheado morango Bono - Nestlé®,,Porção,30
Biscoito recheado morango Bono - Nestlé®,,Unidade,10
Biscoito recheado morango Gulosos - Bauducco®,,Porção,30
Biscoito recheado morango Gulosos - Bauducco®,,Unidade,10
Biscoito recheado Negresco - Nestlé®,,Porção,30
Biscoito recheado Negresco - Nestlé®,,Unidade,10
Biscoito recheado Nescau - Nestlé®,,Porção,30
Biscoito recheado Nescau - Nestlé®,,Unidade,10
Biscoito recheado Prestígio - Nestlé®,,Porção,30
Biscoito recheado Prestígio - Nestlé®,,Unidade,10
Biscoito roladinho degoiabinha - Piraquê®,,Porção,30
Biscoito roladinho degoiabinha - Piraquê®,,Unidade,10
Biscoito salgadinho - Piraquê®,,Porção,30
Biscoito salgado,FARINHAS/FÉCULAS/MASSAS,Porção,30
Biscoito salgado,FARINHAS/FÉCULAS/MASSAS,Unidade,5
Biscoito salgado de polvilho - Pão de Açúcar®,,Porção,30
Biscoito salgado de polvilho - Pão de Açúcar®,,Unidade,1
Biscoito salgado integral,FARINHAS/FÉCULAS/MASSAS,Porção,30
Biscoito salgado integral,FARINHAS/FÉCULAS/MASSAS,Unidade,5
Biscoito salgado light,FARINHAS/FÉCULAS/MASSAS,Porção,30
Biscoito salgado light,FARINHAS/FÉCULAS/MASSAS,Unidade,5
Biscoito todinhas de chocolate- Adria®,,Porção,30
Biscoito todinhas de chocolate- Adria®,,Unidade,7
Biscoito todinhas de morango- Adria®,,Porção,30
Biscoito todinhas de morango- Adria®,,Unidade,7
Biscoito tortinhas de chocolatebranco -Adria®,,Porção,30
Biscoito tortinhas de chocolatebranco -Adria®,,Unidade,7
Biscoito tortinhas de chocolatee avelã - Adria®,,Porção,30
Biscoito tortinhas de chocolatee avelã - Adria®,,Unidade,7
Biscoito tortinhas de chocolatesuíço - Adria®,,Porção,30
Biscoito tortinhas de chocolatesuíço - Adria®,,Unidade,7
Biscoito tortinhas de limão -Adria®,,Porção,30
Biscoito tortinhas de limão -Adria®,,Unidade,7
Biscoito tortini de chocolate - Triunfo®,,Porção,30
Biscoito tortini de chocolate - Triunfo®,,Unidade,6
Biscoito tortini morango -Triunfo®,,Porção,30
Biscoito tortini morango -Triunfo®,,Unidade,6
Biscoito tortini trufa -Triunfo®,,Porção,30
Biscoito tortini trufa -Triunfo®,,Unidade,6
Biscoito wafer brigadeiro -Bauducco®,,Porção,30
Biscoito wafer brigadeiro -Bauducco®,,Unidade,7
Biscoito wafer chocolate - LUWafer®,,Porção,30
Biscoito wafer chocolate - LUWafer®,,Unidade,7
Biscoito wafer chocolate -Bauducco®,,Porção,30
Biscoito wafer chocolate -Bauducco®,,Unidade,7
Biscoito wafer chocolate comavelã - Bauducco®,,Porção,30
Biscoito wafer chocolate comavelã - Bauducco®,,Unidade,7
Biscoito wafer chocolate comavelã - LU Wafer®,,Porção,30
Biscoito wafer chocolate comavelã - LU Wafer®,,Unidade,7
Biscoito wafer chocolateMabel - Pepsico®,,Porção,30
Biscoito wafer chocolateMabel - Pepsico®,,Unidade,7
Biscoito wafer coco Mabel -Pepsico®,,Porção,30
Biscoito wafer coco Mabel -Pepsico®,,Unidade,7
Biscoito wafer limão Mabel -Pepsico®,,Porção,30
Biscoito wafer limão Mabel -Pepsico®,,Unidade,7
Biscoito wafer morango -Bauducco®,,Porção,30
Biscoito wafer morango -Bauducco®,,Unidade,7
Biscoito wafer morango Mabel- Pepsico®,,Porção,30
Biscoito wafer morango Mabel- Pepsico®,,Unidade,7
"Biscoito, doce, amanteigado, ""Marilan""",,Porção,30
"Biscoito, doce, amanteigado, ""Marilan""",,Unidade,4
"Biscoito, doce, amanteigado, (média diferentes sabores)",,Porção,30
"Biscoito, doce, amanteigado, (média diferentes sabores)",,Unidade,5
"Biscoito, doce, amanteigado, banana c/ canela, ""Bauducco""",,Porção,30
"Biscoito, doce, amanteigado, banana c/ canela, ""Bauducco""",,Unidade,5
"Biscoito, doce, amanteigado, chocolate, ""Bauducco""",,Porção,30
"Biscoito, doce, amanteigado, chocolate, ""Bauducco""",,Unidade,5
"Biscoito, doce, amanteigado, coco, ""Bauducco""",,Porção,30
"Biscoito, doce, amanteigado, coco, ""Bauducco""",,Unidade,5
"Biscoito, doce, amanteigado, leite, ""Bauducco""",,Porção,30
"Biscoito, doce, amanteigado, leite, ""Bauducco""",,Unidade,5
"Biscoito, doce, amanteigado, leite, ""Marilan""",,Porção,30
"Biscoito, doce, amanteigado, leite, ""Marilan""",,Unidade,4
"Biscoito, doce, amanteigado, manteiga, ""Bauducco""",,Porção,30
"Biscoito, doce, amanteigado, manteiga, ""Bauducco""",,Unidade,5
"Biscoito, doce, amanteigado, recheio sabor chocolate, ""Marilan""",,Porção,30
"Biscoito, doce, amanteigado, recheio sabor chocolate, ""Marilan""",,Unidade,4
"Biscoito, doce, amanteigado, recheio sabor coco, ""Marilan"" (TBCA)",,Porção,30
"Biscoito, doce, amanteigado, recheio sabor coco, ""Marilan"" (TBCA)",,Unidade,4
"Biscoito, doce, amanteigado, recheio sabor coco, ""Marilan"" (TBCA)",,Porção,30
"Biscoito, doce, amanteigado, recheio sabor coco, ""Marilan"" (TBCA)",,Unidade,4
"Biscoito, doce, c/ cereais e/ou mel",,Porção,30
"Biscoito, doce, c/ cereais e/ou mel",,Unidade,5
"Biscoito, doce, maisena (TACO)",,Porção,30
"Biscoito, doce, maisena (TACO)",,Unidade,5
"Biscoito, doce, maisena (TBCA)",,Porção,30
"Biscoito, doce, maisena (TBCA)",,Unidade,5
"Biscoito, doce, Maria, ""Marilan""",,Porção,30
"Biscoito, doce, Maria, ""Marilan""",,Unidade,5
"Biscoito, doce, recheado com chocolate",,Porção,30
"Biscoito, doce, recheado com chocolate",,Unidade,10
"Biscoito, doce, recheado com morango",,Porção,30
"Biscoito, doce, recheado com morango",,Unidade,10
"Biscoito, doce, recheado, chocolate, recheio sabor chocolate, ""Danone""",,Porção,30
"Biscoito, doce, recheado, chocolate, recheio sabor chocolate, ""Danone""",,Unidade,10
"Biscoito, doce, recheado, recheio sabor brigadeiro, ""Bauducco""",,Porção,30
"Biscoito, doce, recheado, recheio sabor brigadeiro, ""Bauducco""",,Unidade,10
"Biscoito, doce, recheado, recheio sabor chocolate, ""Marilan""",,Porção,30
"Biscoito, doce, recheado, recheio sabor chocolate, ""Marilan""",,Unidade,10
"Biscoito, doce, recheado, recheio sabor morango, ""Break-up""",,Porção,30
"Biscoito, doce, recheado, recheio sabor morango, ""Break-up""",,Unidade,10
"Biscoito, doce, recheado, recheio sabor morango, ""Marilan""",,Porção,30
"Biscoito, doce, recheado, recheio sabor morango, ""Marilan""",,Unidade,10
"Biscoito, doce, recheado, sabores diversos, (média diferentes sabores)",,Porção,30
"Biscoito, doce, recheado, sabores diversos, (média diferentes sabores)",,Unidade,10
"Biscoito, doce, simples, (média diferentes tipos)",,Porção,30
"Biscoito, doce, simples, (média diferentes tipos)",,Unidade,5
"Biscoito, doce, wafer, (média diferentes sabores)",,Porção,30
"Biscoito, doce, wafer, (média diferentes sabores)",,Unidade,7
"Biscoito, doce, wafer, chocolate, recheio sabor chocolate e avelã, ""Bauducco""",,Porção,30
"Biscoito, doce, wafer, chocolate, recheio sabor chocolate e avelã, ""Bauducco""",,Unidade,7
"Biscoito, doce, wafer, recheado de chocolate",,Porção,30
"Biscoito, doce, wafer, recheado de chocolate",,Unidade,7
"Biscoito, doce, wafer, recheado de morango",,Porção,30
"Biscoito, doce, wafer, recheado de morango",,Unidade,7
"Biscoito, doce, wafer, recheio sabor chocolate, ""Bauducco""",,Porção,30
"Biscoito, doce, wafer, recheio sabor chocolate, ""Bauducco""",,Unidade,7
"Biscoito, doce, wafer, recheio sabor chocolate, ""Marilan""",,Porção,30
"Biscoito, doce, wafer, recheio sabor chocolate, ""Marilan""",,Unidade,7
"Biscoito, doce, wafer, recheio sabor morango, ""Marilan""",,Porção,30
"Biscoito, doce, wafer, recheio sabor morango, ""Marilan""",,Unidade,7
"Biscoito, doce, wafer, recheio sabor nozes, ""Bauducco""",,Porção,30
"Biscoito, doce, wafer, recheio sabor nozes, ""Bauducco""",,Unidade,7
"Biscoito, polvilho doce",,Porção,30
"Biscoito, polvilho doce",,Unidade,1
"Biscoito, salgado, (média diferentes marcas e tipos)",,Porção,30
"Biscoito, salgado, (média diferentes marcas e tipos)",,Unidade,5
"Biscoito, salgado, água , ""Tostines""",,Porção,30
"Biscoito, salgado, água , ""Tostines""",,Unidade,5
"Biscoito, salgado, água e sal, ""Marilan""",,Porção,30
"Biscoito, salgado, água e sal, ""Marilan""",,Unidade,5
"Biscoito, salgado, água e sal, ""Tostines""",,Porção,30
"Biscoito, salgado, água e sal, ""Tostines""",,Unidade,4
"Biscoito, salgado, cream cracker (TACO)",,Porção,30
"Biscoito, salgado, cream cracker (TACO)",,Unidade,5
"Biscoito, salgado, cream cracker (TBCA)",,Porção,30
"Biscoito, salgado, cream cracker (TBCA)",,Unidade,5
"Biscoito, salgado, cream cracker , integral, ""Marilan""",,Porção,30
"Biscoito, salgado, cream cracker , integral, ""Marilan""",,Unidade,5
"Biscoito, salgado, cream cracker, ""Marilan""",,Porção,30
"Biscoito, salgado, cream cracker, ""Marilan""",,Unidade,5
"Biscoito, salgado, cream cracker, ""Tostines""",,Porção,30
"Biscoito, salgado, cream cracker, ""Tostines""",,Unidade,4
Bisteca bovina assado(a),CARNE BOVINA,File,100
Bisteca bovina assado(a),CARNE BOVINA,Bife,100
Bisteca bovina assado(a),CARNE BOVINA,Fatia,90
Bisteca bovina assado(a),CARNE BOVINA,Pedaço,35
Bisteca bovina assado(a),CARNE BOVINA,Porção,75
Bisteca bovina assado(a),CARNE BOVINA,Colher de Arroz,70
Bisteca bovina assado(a),CARNE BOVINA,Colher de Sopa,30
Bisteca bovina assado(a),CARNE BOVINA,Concha,140
Bisteca bovina assado(a),CARNE BOVINA,Escumadeira,70
Bisteca bovina cozido(a),CARNE BOVINA,File,100
Bisteca bovina cozido(a),CARNE BOVINA,Bife,100
Bisteca bovina cozido(a),CARNE BOVINA,Fatia,90
Bisteca bovina cozido(a),CARNE BOVINA,Pedaço,35
Bisteca bovina cozido(a),CARNE BOVINA,Porção,75
Bisteca bovina cozido(a),CARNE BOVINA,Colher de Arroz,70
Bisteca bovina cozido(a),CARNE BOVINA,Colher de Sopa,30
Bisteca bovina cozido(a),CARNE BOVINA,Concha,140
Bisteca bovina cozido(a),CARNE BOVINA,Escumadeira,70
Bisteca bovina cru(a),CARNE BOVINA,File,100
Bisteca bovina cru(a),CARNE BOVINA,Bife,100
Bisteca bovina cru(a),CARNE BOVINA,Fatia,90
Bisteca bovina cru(a),CARNE BOVINA,Pedaço,35
Bisteca bovina cru(a),CARNE BOVINA,Porção,75
Bisteca bovina cru(a),CARNE BOVINA,Colher de Arroz,70
Bisteca bovina cru(a),CARNE BOVINA,Colher de Sopa,30
Bisteca bovina cru(a),CARNE BOVINA,Concha,140
Bisteca bovina cru(a),CARNE BOVINA,Escumadeira,70
Bisteca bovina empanado(a)/a milanesa,CARNE BOVINA,File,100
Bisteca bovina empanado(a)/a milanesa,CARNE BOVINA,Bife,100
Bisteca bovina empanado(a)/a milanesa,CARNE BOVINA,Fatia,90
Bisteca bovina empanado(a)/a milanesa,CARNE BOVINA,Pedaço,35
Bisteca bovina empanado(a)/a milanesa,CARNE BOVINA,Porção,75
Bisteca bovina empanado(a)/a milanesa,CARNE BOVINA,Colher de Arroz,70
Bisteca bovina empanado(a)/a milanesa,CARNE BOVINA,Colher de Sopa,30
Bisteca bovina empanado(a)/a milanesa,CARNE BOVINA,Concha,140
Bisteca bovina empanado(a)/a milanesa,CARNE BOVINA,Escumadeira,70
Bisteca bovina frito(a),CARNE BOVINA,File,100
Bisteca bovina frito(a),CARNE BOVINA,Bife,100
Bisteca bovina frito(a),CARNE BOVINA,Fatia,90
Bisteca bovina frito(a),CARNE BOVINA,Pedaço,35
Bisteca bovina frito(a),CARNE BOVINA,Porção,75
Bisteca bovina frito(a),CARNE BOVINA,Colher de Arroz,70
Bisteca bovina frito(a),CARNE BOVINA,Colher de Sopa,30
Bisteca bovina frito(a),CARNE BOVINA,Concha,140
Bisteca bovina frito(a),CARNE BOVINA,Escumadeira,70
Bisteca bovina grelhado(a)/brasa/churrasco,CARNE BOVINA,File,100
Bisteca bovina grelhado(a)/brasa/churrasco,CARNE BOVINA,Bife,100
Bisteca bovina grelhado(a)/brasa/churrasco,CARNE BOVINA,Fatia,90
Bisteca bovina grelhado(a)/brasa/churrasco,CARNE BOVINA,Pedaço,35
Bisteca bovina grelhado(a)/brasa/churrasco,CARNE BOVINA,Porção,75
Bisteca bovina grelhado(a)/brasa/churrasco,CARNE BOVINA,Colher de Arroz,70
Bisteca bovina grelhado(a)/brasa/churrasco,CARNE BOVINA,Colher de Sopa,30
Bisteca bovina grelhado(a)/brasa/churrasco,CARNE BOVINA,Concha,140
Bisteca bovina grelhado(a)/brasa/churrasco,CARNE BOVINA,Escumadeira,70
Bisteca bovina molho vermelho,CARNE BOVINA,File,100
Bisteca bovina molho vermelho,CARNE BOVINA,Bife,100
Bisteca bovina molho vermelho,CARNE BOVINA,Fatia,90
Bisteca bovina molho vermelho,CARNE BOVINA,Pedaço,35
Bisteca bovina molho vermelho,CARNE BOVINA,Porção,75
Bisteca bovina molho vermelho,CARNE BOVINA,Colher de Arroz,70
Bisteca bovina molho vermelho,CARNE BOVINA,Colher de Sopa,30
Bisteca bovina molho vermelho,CARNE BOVINA,Concha,140
Bisteca bovina molho vermelho,CARNE BOVINA,Escumadeira,70
Bisteca bovina refogado(a),CARNE BOVINA,File,100
Bisteca bovina refogado(a),CARNE BOVINA,Bife,100
Bisteca bovina refogado(a),CARNE BOVINA,Fatia,90
Bisteca bovina refogado(a),CARNE BOVINA,Pedaço,35
Bisteca bovina refogado(a),CARNE BOVINA,Porção,75
Bisteca bovina refogado(a),CARNE BOVINA,Colher de Arroz,70
Bisteca bovina refogado(a),CARNE BOVINA,Colher de Sopa,30
Bisteca bovina refogado(a),CARNE BOVINA,Concha,140
Bisteca bovina refogado(a),CARNE BOVINA,Escumadeira,70
Bisteca orgânica assado(a),CARNE BOVINA,File,100
Bisteca orgânica assado(a),CARNE BOVINA,Bife,100
Bisteca orgânica assado(a),CARNE BOVINA,Fatia,90
Bisteca orgânica assado(a),CARNE BOVINA,Pedaço,35
Bisteca orgânica assado(a),CARNE BOVINA,Porção,75
Bisteca orgânica assado(a),CARNE BOVINA,Colher de Arroz,70
Bisteca orgânica assado(a),CARNE BOVINA,Colher de Sopa,30
Bisteca orgânica assado(a),CARNE BOVINA,Concha,140
Bisteca orgânica assado(a),CARNE BOVINA,Escumadeira,70
Bisteca orgânica frito(a),CARNE BOVINA,File,100
Bisteca orgânica frito(a),CARNE BOVINA,Bife,100
Bisteca orgânica frito(a),CARNE BOVINA,Fatia,90
Bisteca orgânica frito(a),CARNE BOVINA,Pedaço,35
Bisteca orgânica frito(a),CARNE BOVINA,Porção,75
Bisteca orgânica frito(a),CARNE BOVINA,Colher de Arroz,70
Bisteca orgânica frito(a),CARNE BOVINA,Colher de Sopa,30
Bisteca orgânica frito(a),CARNE BOVINA,Concha,140
Bisteca orgânica frito(a),CARNE BOVINA,Escumadeira,70
Bisteca suína,OUTRAS CARNES,Bife,100
Bisteca suína,OUTRAS CARNES,Fatia,90
Bisteca suína,OUTRAS CARNES,Pedaço,35
Bisteca suína,OUTRAS CARNES,Porção,75
Bisteca suína,OUTRAS CARNES,Colher de Arroz,70
Bisteca suína,OUTRAS CARNES,Colher de Sopa,30
Bisteca suína,OUTRAS CARNES,Concha,140
Bisteca suína,OUTRAS CARNES,Escumadeira,70
Bisteca suína assado(a),OUTRAS CARNES,Bife,100
Bisteca suína assado(a),OUTRAS CARNES,Fatia,90
Bisteca suína assado(a),OUTRAS CARNES,Pedaço,35
Bisteca suína assado(a),OUTRAS CARNES,Porção,75
Bisteca suína assado(a),OUTRAS CARNES,Colher de Arroz,70
Bisteca suína assado(a),OUTRAS CARNES,Colher de Sopa,30
Bisteca suína assado(a),OUTRAS CARNES,Concha,140
Bisteca suína assado(a),OUTRAS CARNES,Escumadeira,70
Bisteca suína cozido(a),OUTRAS CARNES,Bife,100
Bisteca suína cozido(a),OUTRAS CARNES,Fatia,90
Bisteca suína cozido(a),OUTRAS CARNES,Pedaço,35
Bisteca suína cozido(a),OUTRAS CARNES,Porção,75
Bisteca suína cozido(a),OUTRAS CARNES,Colher de Arroz,70
Bisteca suína cozido(a),OUTRAS CARNES,Colher de Sopa,30
Bisteca suína cozido(a),OUTRAS CARNES,Concha,140
Bisteca suína cozido(a),OUTRAS CARNES,Escumadeira,70
Bisteca suína empanado(a)/a milanesa,OUTRAS CARNES,Bife,100
Bisteca suína empanado(a)/a milanesa,OUTRAS CARNES,Fatia,90
Bisteca suína empanado(a)/a milanesa,OUTRAS CARNES,Pedaço,35
Bisteca suína empanado(a)/a milanesa,OUTRAS CARNES,Porção,75
Bisteca suína empanado(a)/a milanesa,OUTRAS CARNES,Colher de Arroz,70
Bisteca suína empanado(a)/a milanesa,OUTRAS CARNES,Colher de Sopa,30
Bisteca suína empanado(a)/a milanesa,OUTRAS CARNES,Concha,140
Bisteca suína empanado(a)/a milanesa,OUTRAS CARNES,Escumadeira,70
Bisteca suína frito(a),OUTRAS CARNES,Bife,100
Bisteca suína frito(a),OUTRAS CARNES,Fatia,90
Bisteca suína frito(a),OUTRAS CARNES,Pedaço,35
Bisteca suína frito(a),OUTRAS CARNES,Porção,75
Bisteca suína frito(a),OUTRAS CARNES,Colher de Arroz,70
Bisteca suína frito(a),OUTRAS CARNES,Colher de Sopa,30
Bisteca suína frito(a),OUTRAS CARNES,Concha,140
Bisteca suína frito(a),OUTRAS CARNES,Escumadeira,70
Bisteca suína grelhado(a)/brasa/churrasco,OUTRAS CARNES,Bife,100
Bisteca suína grelhado(a)/brasa/churrasco,OUTRAS CARNES,Fatia,90
Bisteca suína grelhado(a)/brasa/churrasco,OUTRAS CARNES,Pedaço,35
Bisteca suína grelhado(a)/brasa/churrasco,OUTRAS CARNES,Porção,75
Bisteca suína grelhado(a)/brasa/churrasco,OUTRAS CARNES,Colher de Arroz,70
Bisteca suína grelhado(a)/brasa/churrasco,OUTRAS CARNES,Colher de Sopa,30
Bisteca suína grelhado(a)/brasa/churrasco,OUTRAS CARNES,Concha,140
Bisteca suína grelhado(a)/brasa/churrasco,OUTRAS CARNES,Escumadeira,70
Bisteca suína refogado(a),OUTRAS CARNES,Bife,100
Bisteca suína refogado(a),OUTRAS CARNES,Fatia,90
Bisteca suína refogado(a),OUTRAS CARNES,Pedaço,35
Bisteca suína refogado(a),OUTRAS CARNES,Porção,75
Bisteca suína refogado(a),OUTRAS CARNES,Colher de Arroz,70
Bisteca suína refogado(a),OUTRAS CARNES,Colher de Sopa,30
Bisteca suína refogado(a),OUTRAS CARNES,Concha,140
Bisteca suína refogado(a),OUTRAS CARNES,Escumadeira,70
Blanquet de peru,AVES,Fatia,15
Blanquet de peru,AVES,Pedaço,32
Blanquet de peru Califórnia- Sadia®,,Fatia,15
Blanquet de peru Califórnia- Sadia®,,Pedaço,32
Blanquet de peru light,AVES,Fatia,15
Blanquet de peru light,AVES,Pedaço,32
"Blanquet, peru, fatiado, Seara",,Fatia,15
"Blanquet, peru, fatiado, Seara",,Pedaço,32
Bolacha doce,AÇUCARES/CONFEITARIA,Porção,30
Bolacha doce,AÇUCARES/CONFEITARIA,Unidade,5
Bolacha doce diet,AÇUCARES/CONFEITARIA,Porção,30
Bolacha doce diet,AÇUCARES/CONFEITARIA,Unidade,5
Bolacha doce light,AÇUCARES/CONFEITARIA,Porção,30
Bolacha doce light,AÇUCARES/CONFEITARIA,Unidade,5
Bolacha recheada,AÇUCARES/CONFEITARIA,Porção,30
Bolacha recheada,AÇUCARES/CONFEITARIA,Unidade,10
Bolacha recheada diet,AÇUCARES/CONFEITARIA,Porção,30
Bolacha recheada diet,AÇUCARES/CONFEITARIA,Unidade,10
Bolacha recheada light,AÇUCARES/CONFEITARIA,Porção,30
Bolacha recheada light,AÇUCARES/CONFEITARIA,Unidade,10
Bolacha salgada,AÇUCARES/CONFEITARIA,Porção,30
Bolacha salgada,AÇUCARES/CONFEITARIA,Unidade,5
Bolacha salgada light,AÇUCARES/CONFEITARIA,Porção,30
Bolacha salgada light,AÇUCARES/CONFEITARIA,Unidade,5
Bolo de chocolate - DonaBenta0,,Fatia,38
Bolo de coco - Dona Benta®,,Fatia,38
Braco bovino frito(a),CARNE BOVINA,File,100
Braco bovino frito(a),CARNE BOVINA,Bife,100
Braco bovino frito(a),CARNE BOVINA,Fatia,90
Braco bovino frito(a),CARNE BOVINA,Pedaço,35
Braco bovino frito(a),CARNE BOVINA,Porção,75
Braco bovino frito(a),CARNE BOVINA,Colher de Arroz,70
Braco bovino frito(a),CARNE BOVINA,Colher de Sopa,30
Braco bovino frito(a),CARNE BOVINA,Concha,140
Braco bovino frito(a),CARNE BOVINA,Escumadeira,70
Brócolis,HORTALIÇAS,Porção,60
Brócolis,HORTALIÇAS,Colher de Arroz,20
Brócolis,HORTALIÇAS,Colher de Sopa,10
Brócolis,HORTALIÇAS,Concha,40
Brócolis,HORTALIÇAS,Pegador,10
Brócolis,HORTALIÇAS,Unidade,60
Brócolis (cozido),,Porção,60
Brócolis (cozido),,Colher de Arroz,20
Brócolis (cozido),,Colher de Sopa,10
Brócolis (cozido),,Concha,40
Brócolis (cozido),,Pegador,10
Brócolis (cozido),,Unidade,60
Brócolis (cru),,Porção,60
Brócolis (cru),,Colher de Arroz,20
Brócolis (cru),,Colher de Sopa,10
Brócolis (cru),,Concha,40
Brócolis (cru),,Pegador,10
Brócolis (cru),,Unidade,60
Brócolis ao alho e oleo,HORTALIÇAS,Porção,60
Brócolis ao alho e oleo,HORTALIÇAS,Colher de Arroz,20
Brócolis ao alho e oleo,HORTALIÇAS,Colher de Sopa,10
Brócolis ao alho e oleo,HORTALIÇAS,Concha,40
Brócolis ao alho e oleo,HORTALIÇAS,Pegador,10
Brócolis ao alho e oleo,HORTALIÇAS,Unidade,60
Brócolis ao vinagrete,HORTALIÇAS,Porção,60
Brócolis ao vinagrete,HORTALIÇAS,Colher de Arroz,20
Brócolis ao vinagrete,HORTALIÇAS,Colher de Sopa,10
Brócolis ao vinagrete,HORTALIÇAS,Concha,40
Brócolis ao vinagrete,HORTALIÇAS,Pegador,10
Brócolis ao vinagrete,HORTALIÇAS,Unidade,60
Brócolis congelado - Pratigel®,,Colher de Sopa,35
Brócolis congelado - Pratigel®,,Xícara de Chá,70
Brócolis congelado -Bonduelle®,,Colher de Sopa,30
Brócolis congelado -Bonduelle®,,Xícara de Chá,65
Brócolis cozido(a),HORTALIÇAS,Porção,60
Brócolis cozido(a),HORTALIÇAS,Colher de Arroz,20
Brócolis cozido(a),HORTALIÇAS,Colher de Sopa,10
Brócolis cozido(a),HORTALIÇAS,Concha,40
Brócolis cozido(a),HORTALIÇAS,Pegador,10
Brócolis cozido(a),HORTALIÇAS,Unidade,60
Brócolis cru(a),HORTALIÇAS,Porção,60
Brócolis cru(a),HORTALIÇAS,Colher de Arroz,20
Brócolis cru(a),HORTALIÇAS,Colher de Sopa,10
Brócolis cru(a),HORTALIÇAS,Concha,40
Brócolis cru(a),HORTALIÇAS,Pegador,10
Brócolis cru(a),HORTALIÇAS,Unidade,60
Brócolis empanado(a)/a milanesa,HORTALIÇAS,Porção,60
Brócolis empanado(a)/a milanesa,HORTALIÇAS,Colher de Arroz,20
Brócolis empanado(a)/a milanesa,HORTALIÇAS,Colher de Sopa,10
Brócolis empanado(a)/a milanesa,HORTALIÇAS,Concha,40
Brócolis empanado(a)/a milanesa,HORTALIÇAS,Pegador,10
Brócolis empanado(a)/a milanesa,HORTALIÇAS,Unidade,60
Brócolis refogado(a),HORTALIÇAS,Porção,60
Brócolis refogado(a),HORTALIÇAS,Colher de Arroz,20
Brócolis refogado(a),HORTALIÇAS,Colher de Sopa,10
Brócolis refogado(a),HORTALIÇAS,Concha,40
Brócolis refogado(a),HORTALIÇAS,Pegador,10
Brócolis refogado(a),HORTALIÇAS,Unidade,60
"Brócolis, cozido",,Porção,60
"Brócolis, cozido",,Colher de Arroz,20
"Brócolis, cozido",,Colher de Sopa,10
"Brócolis, cozido",,Concha,40
"Brócolis, cozido",,Pegador,10
"Brócolis, cozido",,Unidade,60
"Brócolis, cru",,Porção,60
"Brócolis, cru",,Colher de Arroz,20
"Brócolis, cru",,Colher de Sopa,10
"Brócolis, cru",,Concha,40
"Brócolis, cru",,Pegador,10
"Brócolis, cru",,Unidade,60
Cabeça de lombo (carne bovina) assado(a),CARNE BOVINA,File,100
Cabeça de lombo (carne bovina) assado(a),CARNE BOVINA,Bife,100
Cabeça de lombo (carne bovina) assado(a),CARNE BOVINA,Fatia,90
Cabeça de lombo (carne bovina) assado(a),CARNE BOVINA,Pedaço,35
Cabeça de lombo (carne bovina) assado(a),CARNE BOVINA,Porção,75
Cabeça de lombo (carne bovina) assado(a),CARNE BOVINA,Colher de Arroz,70
Cabeça de lombo (carne bovina) assado(a),CARNE BOVINA,Colher de Sopa,30
Cabeça de lombo (carne bovina) assado(a),CARNE BOVINA,Concha,140
Cabeça de lombo (carne bovina) assado(a),CARNE BOVINA,Escumadeira,70
Cabeça de lombo (carne bovina) cozido(a),CARNE BOVINA,File,100
Cabeça de lombo (carne bovina) cozido(a),CARNE BOVINA,Bife,100
Cabeça de lombo (carne bovina) cozido(a),CARNE BOVINA,Fatia,90
Cabeça de lombo (carne bovina) cozido(a),CARNE BOVINA,Pedaço,35
Cabeça de lombo (carne bovina) cozido(a),CARNE BOVINA,Porção,75
Cabeça de lombo (carne bovina) cozido(a),CARNE BOVINA,Colher de Arroz,70
Cabeça de lombo (carne bovina) cozido(a),CARNE BOVINA,Colher de Sopa,30
Cabeça de lombo (carne bovina) cozido(a),CARNE BOVINA,Concha,140
Cabeça de lombo (carne bovina) cozido(a),CARNE BOVINA,Escumadeira,70
Cabeça de lombo (carne bovina) empanado(a)/a milanesa,CARNE BOVINA,File,100
Cabeça de lombo (carne bovina) empanado(a)/a milanesa,CARNE BOVINA,Bife,100
Cabeça de lombo (carne bovina) empanado(a)/a milanesa,CARNE BOVINA,Fatia,90
Cabeça de lombo (carne bovina) empanado(a)/a milanesa,CARNE BOVINA,Pedaço,35
Cabeça de lombo (carne bovina) empanado(a)/a milanesa,CARNE BOVINA,Porção,75
Cabeça de lombo (carne bovina) empanado(a)/a milanesa,CARNE BOVINA,Colher de Arroz,70
Cabeça de lombo (carne bovina) empanado(a)/a milanesa,CARNE BOVINA,Colher de Sopa,30
Cabeça de lombo (carne bovina) empanado(a)/a milanesa,CARNE BOVINA,Concha,140
Cabeça de lombo (carne bovina) empanado(a)/a milanesa,CARNE BOVINA,Escumadeira,70
Cabeça de lombo (carne bovina) frito(a),CARNE BOVINA,File,100
Cabeça de lombo (carne bovina) frito(a),CARNE BOVINA,Bife,100
Cabeça de lombo (carne bovina) frito(a),CARNE BOVINA,Fatia,90
Cabeça de lombo (carne bovina) frito(a),CARNE BOVINA,Pedaço,35
Cabeça de lombo (carne bovina) frito(a),CARNE BOVINA,Porção,75
Cabeça de lombo (carne bovina) frito(a),CARNE BOVINA,Colher de Arroz,70
Cabeça de lombo (carne bovina) frito(a),CARNE BOVINA,Colher de Sopa,30
Cabeça de lombo (carne bovina) frito(a),CARNE BOVINA,Concha,140
Cabeça de lombo (carne bovina) frito(a),CARNE BOVINA,Escumadeira,70
Cabeça de lombo (carne bovina) grelhado(a)/brasa/churrasco,CARNE BOVINA,File,100
Cabeça de lombo (carne bovina) grelhado(a)/brasa/churrasco,CARNE BOVINA,Bife,100
Cabeça de lombo (carne bovina) grelhado(a)/brasa/churrasco,CARNE BOVINA,Fatia,90
Cabeça de lombo (carne bovina) grelhado(a)/brasa/churrasco,CARNE BOVINA,Pedaço,35
Cabeça de lombo (carne bovina) grelhado(a)/brasa/churrasco,CARNE BOVINA,Porção,75
Cabeça de lombo (carne bovina) grelhado(a)/brasa/churrasco,CARNE BOVINA,Colher de Arroz,70
Cabeça de lombo (carne bovina) grelhado(a)/brasa/churrasco,CARNE BOVINA,Colher de Sopa,30
Cabeça de lombo (carne bovina) grelhado(a)/brasa/churrasco,CARNE BOVINA,Concha,140
Cabeça de lombo (carne bovina) grelhado(a)/brasa/churrasco,CARNE BOVINA,Escumadeira,70
Cabeça de lombo (carne bovina) orgânica assado(a),CARNE BOVINA,File,100
Cabeça de lombo (carne bovina) orgânica assado(a),CARNE BOVINA,Bife,100
Cabeça de lombo (carne bovina) orgânica assado(a),CARNE BOVINA,Fatia,90
Cabeça de lombo (carne bovina) orgânica assado(a),CARNE BOVINA,Pedaço,35
Cabeça de lombo (carne bovina) orgânica assado(a),CARNE BOVINA,Porção,75
Cabeça de lombo (carne bovina) orgânica assado(a),CARNE BOVINA,Colher de Arroz,70
Cabeça de lombo (carne bovina) orgânica assado(a),CARNE BOVINA,Colher de Sopa,30
Cabeça de lombo (carne bovina) orgânica assado(a),CARNE BOVINA,Concha,140
Cabeça de lombo (carne bovina) orgânica assado(a),CARNE BOVINA,Escumadeira,70
Cabeça de lombo (carne bovina) orgânica cru(a),CARNE BOVINA,File,100
Cabeça de lombo (carne bovina) orgânica cru(a),CARNE BOVINA,Bife,100
Cabeça de lombo (carne bovina) orgânica cru(a),CARNE BOVINA,Fatia,90
Cabeça de lombo (carne bovina) orgânica cru(a),CARNE BOVINA,Pedaço,35
Cabeça de lombo (carne bovina) orgânica cru(a),CARNE BOVINA,Porção,75
Cabeça de lombo (carne bovina) orgânica cru(a),CARNE BOVINA,Colher de Arroz,70
Cabeça de lombo (carne bovina) orgânica cru(a),CARNE BOVINA,Colher de Sopa,30
Cabeça de lombo (carne bovina) orgânica cru(a),CARNE BOVINA,Concha,140
Cabeça de lombo (carne bovina) orgânica cru(a),CARNE BOVINA,Escumadeira,70
Cabeça de lombo (carne bovina) orgânica frito(a),CARNE BOVINA,File,100
Cabeça de lombo (carne bovina) orgânica frito(a),CARNE BOVINA,Bife,100
Cabeça de lombo (carne bovina) orgânica frito(a),CARNE BOVINA,Fatia,90
Cabeça de lombo (carne bovina) orgânica frito(a),CARNE BOVINA,Pedaço,35
Cabeça de lombo (carne bovina) orgânica frito(a),CARNE BOVINA,Porção,75
Cabeça de lombo (carne bovina) orgânica frito(a),CARNE BOVINA,Colher de Arroz,70
Cabeça de lombo (carne bovina) orgânica frito(a),CARNE BOVINA,Colher de Sopa,30
Cabeça de lombo (carne bovina) orgânica frito(a),CARNE BOVINA,Concha,140
Cabeça de lombo (carne bovina) orgânica frito(a),CARNE BOVINA,Escumadeira,70
Cabeça de lombo (carne bovina) refogado(a),CARNE BOVINA,File,100
Cabeça de lombo (carne bovina) refogado(a),CARNE BOVINA,Bife,100
Cabeça de lombo (carne bovina) refogado(a),CARNE BOVINA,Fatia,90
Cabeça de lombo (carne bovina) refogado(a),CARNE BOVINA,Pedaço,35
Cabeça de lombo (carne bovina) refogado(a),CARNE BOVINA,Porção,75
Cabeça de lombo (carne bovina) refogado(a),CARNE BOVINA,Colher de Arroz,70
Cabeça de lombo (carne bovina) refogado(a),CARNE BOVINA,Colher de Sopa,30
Cabeça de lombo (carne bovina) refogado(a),CARNE BOVINA,Concha,140
Cabeça de lombo (carne bovina) refogado(a),CARNE BOVINA,Escumadeira,70
Café,BEBIDAS QUENTES,Copo Americano,150
Café,BEBIDAS QUENTES,Copo Médio,240
Café,BEBIDAS QUENTES,Copo Grande,300
Café,BEBIDAS QUENTES,Garrafa 200ml,200
Café,BEBIDAS QUENTES,Caneca,300
Café capuccino soluvel diet,BEBIDAS QUENTES,Colher de Sopa,10
Café capuccino soluvel diet,BEBIDAS QUENTES,Colher de Chá,1
Café capuccino soluvel diet,BEBIDAS QUENTES,Garrafa 200ml,200
Café capuccino soluvel diet,BEBIDAS QUENTES,Caneca,300
Café capuccino soluvel light,BEBIDAS QUENTES,Colher de Sopa,10
Café capuccino soluvel light,BEBIDAS QUENTES,Colher de Chá,1
Café capuccino soluvel light,BEBIDAS QUENTES,Garrafa 200ml,200
Café capuccino soluvel light,BEBIDAS QUENTES,Caneca,300
Café com açúcar (infusão),,Copo Americano,150
Café com açúcar (infusão),,Copo Médio,240
Café com açúcar (infusão),,Copo Grande,300
Café com leite,BEBIDAS QUENTES,Copo Americano,150
Café com leite,BEBIDAS QUENTES,Copo Médio,240
Café com leite,BEBIDAS QUENTES,Copo Grande,300
Café com leite,BEBIDAS QUENTES,Garrafa 200ml,200
Café com leite,BEBIDAS QUENTES,Caneca,300
Café em pó,,Colher de Sopa,10
Café em pó,,Colher de Chá,1
Café sem açúcar (infusão),,Copo Americano,150
Café sem açúcar (infusão),,Copo Médio,240
Café sem açúcar (infusão),,Copo Grande,300
Café solúvel - Melitta®,,Colher de Sopa,10
Café solúvel - Melitta®,,Colher de Chá,1
Café soluvel capuccino,BEBIDAS QUENTES,Colher de Sopa,10
Café soluvel capuccino,BEBIDAS QUENTES,Colher de Chá,1
Café soluvel capuccino,BEBIDAS QUENTES,Garrafa 200ml,200
Café soluvel capuccino,BEBIDAS QUENTES,Caneca,300
Café solúvel original Nescafé- Nestlé®,,Colher de Chá,1
Café tipo capuccino,BEBIDAS QUENTES,Copo Americano,150
Café tipo capuccino,BEBIDAS QUENTES,Copo Médio,240
Café tipo capuccino,BEBIDAS QUENTES,Copo Grande,300
Café tipo capuccino,BEBIDAS QUENTES,Garrafa 200ml,200
Café tipo capuccino,BEBIDAS QUENTES,Caneca,300
Café tipo expresso,BEBIDAS QUENTES,Copo Americano,150
Café tipo expresso,BEBIDAS QUENTES,Copo Médio,240
Café tipo expresso,BEBIDAS QUENTES,Copo Grande,300
Café tipo expresso,BEBIDAS QUENTES,Garrafa 200ml,200
Café tipo expresso,BEBIDAS QUENTES,Caneca,300
Café torrado e moído - Pelé®,,Colher de Sopa,10
Café torrado e moído - Pelé®,,Colher de Chá,1
"Café, infusão 10%",,Copo Americano,150
"Café, infusão 10%",,Copo Médio,240
"Café, infusão 10%",,Copo Grande,300
"Café, pó, torrado (TACO)",,Colher de Sopa,10
"Café, pó, torrado (TACO)",,Colher de Chá,1
"Café, pó, torrado (TBCA)",,Colher de Sopa,10
"Café, pó, torrado (TBCA)",,Colher de Chá,1
"Caju, castanha, torrada, c/ sal, Anacardium occidentale L.",,Porção,10
"Caju, castanha, torrada, c/ sal, Anacardium occidentale L.",,Colher de Sopa,15
"Caju, castanha, torrada, c/ sal, Anacardium occidentale L.",,Unidade,2
"Caju, refresco, c/ suco concentrado , c/ açúcar refinado",,Copo Americano,150
"Caju, refresco, c/ suco concentrado , c/ açúcar refinado",,Copo Médio,240
"Caju, refresco, c/ suco concentrado , c/ açúcar refinado",,Copo Grande,300
"Caju, refresco, c/ suco concentrado , c/ açúcar refinado",,Garrafa 200ml,200
"Caju, refresco, c/ suco concentrado , c/ açúcar refinado",,Caneca,300
"Caju, refresco, c/ suco concentrado , s/ açúcar",,Copo Americano,150
"Caju, refresco, c/ suco concentrado , s/ açúcar",,Copo Médio,240
"Caju, refresco, c/ suco concentrado , s/ açúcar",,Copo Grande,300
"Caju, refresco, c/ suco concentrado , s/ açúcar",,Garrafa 200ml,200
"Caju, refresco, c/ suco concentrado , s/ açúcar",,Caneca,300
"Caju, suco concentrado, envasado",,Copo Americano,150
"Caju, suco concentrado, envasado",,Copo Médio,240
"Caju, suco concentrado, envasado",,Copo Grande,300
"Caju, suco concentrado, envasado",,Garrafa 200ml,200
"Caju, suco concentrado, envasado",,Caneca,300
"Caju, suco, concentrado, envasado",,Copo Americano,150
"Caju, suco, concentrado, envasado",,Copo Médio,240
"Caju, suco, concentrado, envasado",,Copo Grande,300
"Caju, suco, concentrado, envasado",,Garrafa 200ml,200
"Caju, suco, concentrado, envasado",,Caneca,300
Caldo de bacon Maggi -Nestlé®,,Porção,11
Caldo de cana (IBGE),SOPAS/CALDOS/MINGAUS,Copo Americano,150
Caldo de cana (IBGE),SOPAS/CALDOS/MINGAUS,Copo Médio,240
Caldo de cana (IBGE),SOPAS/CALDOS/MINGAUS,Copo Grande,300
Caldo de cana (IBGE),SOPAS/CALDOS/MINGAUS,Garrafa 200ml,200
Caldo de cana (IBGE),SOPAS/CALDOS/MINGAUS,Caneca,300
Caldo de cana (Tucunduva),,Copo Americano,150
Caldo de cana (Tucunduva),,Copo Médio,240
Caldo de cana (Tucunduva),,Copo Grande,300
Caldo de carne,SOPAS/CALDOS/MINGAUS,Copo Americano,150
Caldo de carne,SOPAS/CALDOS/MINGAUS,Copo Médio,240
Caldo de carne,SOPAS/CALDOS/MINGAUS,Copo Grande,300
Caldo de carne Maggi -Nestlé®,,Porção,11
Caldo de carne Sazón -Ajinomotoe,,Porção,10
"Caldo de carne, tablete",,Porção,11
Caldo de galinha em pó (0%de gordura) - Maggie,,Porção,11
Caldo de galinha Maggi -Nestlé®,,Porção,11
"Caldo de galinha, tablete",,Porção,10
Caldo de peixe,SOPAS/CALDOS/MINGAUS,Copo Americano,150
Caldo de peixe,SOPAS/CALDOS/MINGAUS,Copo Médio,240
Caldo de peixe,SOPAS/CALDOS/MINGAUS,Copo Grande,300
"Caldo, carne, tablete, ""Maggi""",,Porção,11
"Caldo, carne/galinha, tablete (média diferentes sabores)",,Porção,11
"Caldo, galinha, tablete, ""Maggi""",,Porção,11
Camarão  cozido(a),PESCADOS/FRUTOS DO MAR,Porção,190
Camarão  cozido(a),PESCADOS/FRUTOS DO MAR,Colher de Arroz,35
Camarão  cozido(a),PESCADOS/FRUTOS DO MAR,Colher de Sopa,20
Camarão  cozido(a),PESCADOS/FRUTOS DO MAR,Concha,70
Camarão  cozido(a),PESCADOS/FRUTOS DO MAR,Punhado,40
Camarão (cozido),,Porção,190
Camarão (cozido),,Colher de Arroz,35
Camarão (cozido),,Colher de Sopa,20
Camarão (cozido),,Concha,70
Camarão (cozido),,Punhado,40
Camarão (cru),,Porção,190
Camarão (cru),,Colher de Arroz,35
Camarão (cru),,Colher de Sopa,20
Camarão (cru),,Concha,70
Camarão (cru),,Punhado,40
Camarão ao alho e oleo,PESCADOS/FRUTOS DO MAR,Porção,190
Camarão ao alho e oleo,PESCADOS/FRUTOS DO MAR,Colher de Arroz,35
Camarão ao alho e oleo,PESCADOS/FRUTOS DO MAR,Colher de Sopa,20
Camarão ao alho e oleo,PESCADOS/FRUTOS DO MAR,Concha,70
Camarão ao alho e oleo,PESCADOS/FRUTOS DO MAR,Punhado,40
Camarão assado(a),PESCADOS/FRUTOS DO MAR,Porção,190
Camarão assado(a),PESCADOS/FRUTOS DO MAR,Colher de Arroz,35
Camarão assado(a),PESCADOS/FRUTOS DO MAR,Colher de Sopa,20
Camarão assado(a),PESCADOS/FRUTOS DO MAR,Concha,70
Camarão cru(a),PESCADOS/FRUTOS DO MAR,Porção,190
Camarão cru(a),PESCADOS/FRUTOS DO MAR,Colher de Arroz,35
Camarão cru(a),PESCADOS/FRUTOS DO MAR,Colher de Sopa,20
Camarão cru(a),PESCADOS/FRUTOS DO MAR,Concha,70
Camarão cru(a),PESCADOS/FRUTOS DO MAR,Punhado,40
Camarão ensopado,PESCADOS/FRUTOS DO MAR,Porção,190
Camarão ensopado,PESCADOS/FRUTOS DO MAR,Colher de Arroz,35
Camarão ensopado,PESCADOS/FRUTOS DO MAR,Colher de Sopa,20
Camarão ensopado,PESCADOS/FRUTOS DO MAR,Concha,70
Camarão ensopado,PESCADOS/FRUTOS DO MAR,Punhado,40
Camarão frito(a),PESCADOS/FRUTOS DO MAR,Porção,190
Camarão frito(a),PESCADOS/FRUTOS DO MAR,Colher de Arroz,35
Camarão frito(a),PESCADOS/FRUTOS DO MAR,Colher de Sopa,20
Camarão frito(a),PESCADOS/FRUTOS DO MAR,Concha,70
Camarão frito(a),PESCADOS/FRUTOS DO MAR,Punhado,40
Camarão grelhado(a)/brasa/churrasco,PESCADOS/FRUTOS DO MAR,Porção,190
Camarão grelhado(a)/brasa/churrasco,PESCADOS/FRUTOS DO MAR,Colher de Arroz,35
Camarão grelhado(a)/brasa/churrasco,PESCADOS/FRUTOS DO MAR,Colher de Sopa,20
Camarão grelhado(a)/brasa/churrasco,PESCADOS/FRUTOS DO MAR,Concha,70
Camarão molho branco,PESCADOS/FRUTOS DO MAR,Porção,190
Camarão molho branco,PESCADOS/FRUTOS DO MAR,Colher de Arroz,35
Camarão molho branco,PESCADOS/FRUTOS DO MAR,Colher de Sopa,20
Camarão molho branco,PESCADOS/FRUTOS DO MAR,Concha,70
Camarão molho branco,PESCADOS/FRUTOS DO MAR,Punhado,40
Camarão molho vermelho,PESCADOS/FRUTOS DO MAR,Porção,190
Camarão molho vermelho,PESCADOS/FRUTOS DO MAR,Colher de Arroz,35
Camarão molho vermelho,PESCADOS/FRUTOS DO MAR,Colher de Sopa,20
Camarão molho vermelho,PESCADOS/FRUTOS DO MAR,Concha,70
Camarão molho vermelho,PESCADOS/FRUTOS DO MAR,Punhado,40
Camarão refogado(a),PESCADOS/FRUTOS DO MAR,Porção,190
Camarão refogado(a),PESCADOS/FRUTOS DO MAR,Colher de Arroz,35
Camarão refogado(a),PESCADOS/FRUTOS DO MAR,Colher de Sopa,20
Camarão refogado(a),PESCADOS/FRUTOS DO MAR,Concha,70
Camarão refogado(a),PESCADOS/FRUTOS DO MAR,Punhado,40
"Camarão, Rio Grande, grande, cozido",,Porção,190
"Camarão, Rio Grande, grande, cozido",,Colher de Arroz,35
"Camarão, Rio Grande, grande, cozido",,Colher de Sopa,20
"Camarão, Rio Grande, grande, cozido",,Concha,70
"Camarão, Rio Grande, grande, cozido",,Punhado,40
"Camarão, Rio Grande, grande, cru",,Porção,190
"Camarão, Rio Grande, grande, cru",,Colher de Arroz,35
"Camarão, Rio Grande, grande, cru",,Colher de Sopa,20
"Camarão, Rio Grande, grande, cru",,Concha,70
"Camarão, Rio Grande, grande, cru",,Punhado,40
"Cana, caldo",,Copo Americano,150
"Cana, caldo",,Copo Médio,240
"Cana, caldo",,Copo Grande,300
"Cana, caldo de",,Copo Americano,150
"Cana, caldo de",,Copo Médio,240
"Cana, caldo de",,Copo Grande,300
"Cana, caldo de",,Garrafa 200ml,200
"Cana, caldo de",,Caneca,300
Canela em pó,,Colher de Chá,1
Capote  assado(a),CARNE BOVINA,File,100
Capote  assado(a),CARNE BOVINA,Bife,100
Capote  assado(a),CARNE BOVINA,Fatia,90
Capote  assado(a),CARNE BOVINA,Pedaço,35
Capote  assado(a),CARNE BOVINA,Porção,75
Capote  assado(a),CARNE BOVINA,Colher de Arroz,70
Capote  assado(a),CARNE BOVINA,Colher de Sopa,30
Capote  assado(a),CARNE BOVINA,Concha,140
Capote  assado(a),CARNE BOVINA,Escumadeira,70
Capote  cozido(a),CARNE BOVINA,File,100
Capote  cozido(a),CARNE BOVINA,Bife,100
Capote  cozido(a),CARNE BOVINA,Fatia,90
Capote  cozido(a),CARNE BOVINA,Pedaço,35
Capote  cozido(a),CARNE BOVINA,Porção,75
Capote  cozido(a),CARNE BOVINA,Colher de Arroz,70
Capote  cozido(a),CARNE BOVINA,Colher de Sopa,30
Capote  cozido(a),CARNE BOVINA,Concha,140
Capote  cozido(a),CARNE BOVINA,Escumadeira,70
Capote  frito(a),CARNE BOVINA,File,100
Capote  frito(a),CARNE BOVINA,Bife,100
Capote  frito(a),CARNE BOVINA,Fatia,90
Capote  frito(a),CARNE BOVINA,Pedaço,35
Capote  frito(a),CARNE BOVINA,Porção,75
Capote  frito(a),CARNE BOVINA,Colher de Arroz,70
Capote  frito(a),CARNE BOVINA,Colher de Sopa,30
Capote  frito(a),CARNE BOVINA,Concha,140
Capote  frito(a),CARNE BOVINA,Escumadeira,70
Cappuccino em pó,,Colher de Sopa,20
Cappuccino em pó,,Escumadeira,1
Cappuccino em pó dietético - Doce Menor,,Colher de Sopa,20
Cappuccino em pó dietético - Doce Menor,,Escumadeira,1
"Capuccino, pó",,Colher de Sopa,10
"Capuccino, pó",,Escumadeira,1
Cara cozido(a),TUBERCULOS,Pedaço,100
Cara cozido(a),TUBERCULOS,Porção,126
Cara cozido(a),TUBERCULOS,Colher de Arroz,60
Cara cozido(a),TUBERCULOS,Colher de Sopa,30
Cara cozido(a),TUBERCULOS,Concha,120
Cara cozido(a),TUBERCULOS,Escumadeira,60
Cara ensopado,TUBERCULOS,Pedaço,100
Cara ensopado,TUBERCULOS,Porção,126
Cara ensopado,TUBERCULOS,Colher de Arroz,60
Cara ensopado,TUBERCULOS,Colher de Sopa,30
Cara ensopado,TUBERCULOS,Concha,120
Cara ensopado,TUBERCULOS,Escumadeira,60
Cara frito(a),TUBERCULOS,Pedaço,100
Cara frito(a),TUBERCULOS,Porção,126
Cara frito(a),TUBERCULOS,Colher de Arroz,60
Cara frito(a),TUBERCULOS,Colher de Sopa,30
Cara frito(a),TUBERCULOS,Concha,120
Cara frito(a),TUBERCULOS,Escumadeira,60
Cara refogado(a),TUBERCULOS,Pedaço,100
Cara refogado(a),TUBERCULOS,Porção,126
Cara refogado(a),TUBERCULOS,Colher de Arroz,60
Cara refogado(a),TUBERCULOS,Colher de Sopa,30
Cara refogado(a),TUBERCULOS,Concha,120
Cara refogado(a),TUBERCULOS,Escumadeira,60
"Cará, cru",,Pedaço,100
"Cará, cru",,Porção,126
"Cará, cru",,Colher de Arroz,60
"Cará, cru",,Colher de Sopa,30
"Cará, cru",,Concha,120
"Cará, cru",,Escumadeira,60
Carcaça de frango,,Pedaço,55
Carcaça de frango,,Porção,100
Carcaça de frango,,Colher de Arroz,40
Carcaça de frango,,Colher de Sopa,20
Carcaça de frango,,Concha,80
Carcaça de frango,,Asa,40
Carcaça de frango,,Peito,180
Carcaça de frango,,Coxa,55
Carcaça de frango,,Sobrecoxa,65
Carcaça de frango,,Costela,60
Carcaça de frango,,Pescoço,10
Carcaça de galinha ou frango assado(a),AVES,Pedaço,55
Carcaça de galinha ou frango assado(a),AVES,Porção,100
Carcaça de galinha ou frango assado(a),AVES,Colher de Arroz,40
Carcaça de galinha ou frango assado(a),AVES,Colher de Sopa,20
Carcaça de galinha ou frango assado(a),AVES,Concha,80
Carcaça de galinha ou frango assado(a),AVES,Asa,40
Carcaça de galinha ou frango assado(a),AVES,Peito,180
Carcaça de galinha ou frango assado(a),AVES,Coxa,55
Carcaça de galinha ou frango assado(a),AVES,Sobrecoxa,65
Carcaça de galinha ou frango assado(a),AVES,Costela,60
Carcaça de galinha ou frango assado(a),AVES,Pescoço,10
Carcaça de galinha ou frango cozido(a),AVES,Pedaço,55
Carcaça de galinha ou frango cozido(a),AVES,Porção,100
Carcaça de galinha ou frango cozido(a),AVES,Colher de Arroz,40
Carcaça de galinha ou frango cozido(a),AVES,Colher de Sopa,20
Carcaça de galinha ou frango cozido(a),AVES,Concha,80
Carcaça de galinha ou frango cozido(a),AVES,Asa,40
Carcaça de galinha ou frango cozido(a),AVES,Peito,180
Carcaça de galinha ou frango cozido(a),AVES,Coxa,55
Carcaça de galinha ou frango cozido(a),AVES,Sobrecoxa,65
Carcaça de galinha ou frango cozido(a),AVES,Costela,60
Carcaça de galinha ou frango cozido(a),AVES,Pescoço,10
Carcaça de galinha ou frango ensopado,AVES,Pedaço,55
Carcaça de galinha ou frango ensopado,AVES,Porção,100
Carcaça de galinha ou frango ensopado,AVES,Colher de Arroz,40
Carcaça de galinha ou frango ensopado,AVES,Colher de Sopa,20
Carcaça de galinha ou frango ensopado,AVES,Concha,80
Carcaça de galinha ou frango ensopado,AVES,Asa,40
Carcaça de galinha ou frango ensopado,AVES,Peito,180
Carcaça de galinha ou frango ensopado,AVES,Coxa,55
Carcaça de galinha ou frango ensopado,AVES,Sobrecoxa,65
Carcaça de galinha ou frango ensopado,AVES,Costela,60
Carcaça de galinha ou frango ensopado,AVES,Pescoço,10
Carcaça de galinha ou frango frito(a),AVES,Pedaço,55
Carcaça de galinha ou frango frito(a),AVES,Porção,100
Carcaça de galinha ou frango frito(a),AVES,Colher de Arroz,40
Carcaça de galinha ou frango frito(a),AVES,Colher de Sopa,20
Carcaça de galinha ou frango frito(a),AVES,Concha,80
Carcaça de galinha ou frango frito(a),AVES,Asa,40
Carcaça de galinha ou frango frito(a),AVES,Peito,180
Carcaça de galinha ou frango frito(a),AVES,Coxa,55
Carcaça de galinha ou frango frito(a),AVES,Sobrecoxa,65
Carcaça de galinha ou frango frito(a),AVES,Costela,60
Carcaça de galinha ou frango frito(a),AVES,Pescoço,10
Carcaça de galinha ou frango refogado(a),AVES,Pedaço,55
Carcaça de galinha ou frango refogado(a),AVES,Porção,100
Carcaça de galinha ou frango refogado(a),AVES,Colher de Arroz,40
Carcaça de galinha ou frango refogado(a),AVES,Colher de Sopa,20
Carcaça de galinha ou frango refogado(a),AVES,Concha,80
Carcaça de galinha ou frango refogado(a),AVES,Asa,40
Carcaça de galinha ou frango refogado(a),AVES,Peito,180
Carcaça de galinha ou frango refogado(a),AVES,Coxa,55
Carcaça de galinha ou frango refogado(a),AVES,Sobrecoxa,65
Carcaça de galinha ou frango refogado(a),AVES,Costela,60
Carcaça de galinha ou frango refogado(a),AVES,Pescoço,10
Carne bovina,CARNE BOVINA,File,100
Carne bovina,CARNE BOVINA,Bife,100
Carne bovina,CARNE BOVINA,Fatia,90
Carne bovina,CARNE BOVINA,Pedaço,35
Carne bovina,CARNE BOVINA,Porção,75
Carne bovina,CARNE BOVINA,Colher de Arroz,70
Carne bovina,CARNE BOVINA,Colher de Sopa,30
Carne bovina,CARNE BOVINA,Concha,140
Carne bovina,CARNE BOVINA,Escumadeira,70
Carne bovina  ao alho e oleo,CARNE BOVINA,File,100
Carne bovina  ao alho e oleo,CARNE BOVINA,Bife,100
Carne bovina  ao alho e oleo,CARNE BOVINA,Fatia,90
Carne bovina  ao alho e oleo,CARNE BOVINA,Pedaço,35
Carne bovina  ao alho e oleo,CARNE BOVINA,Porção,75
Carne bovina  ao alho e oleo,CARNE BOVINA,Colher de Arroz,70
Carne bovina  ao alho e oleo,CARNE BOVINA,Colher de Sopa,30
Carne bovina  ao alho e oleo,CARNE BOVINA,Concha,140
Carne bovina  ao alho e oleo,CARNE BOVINA,Escumadeira,70
Carne bovina  ao vinagrete,CARNE BOVINA,File,100
Carne bovina  ao vinagrete,CARNE BOVINA,Bife,100
Carne bovina  ao vinagrete,CARNE BOVINA,Fatia,90
Carne bovina  ao vinagrete,CARNE BOVINA,Pedaço,35
Carne bovina  ao vinagrete,CARNE BOVINA,Porção,75
Carne bovina  ao vinagrete,CARNE BOVINA,Colher de Arroz,70
Carne bovina  ao vinagrete,CARNE BOVINA,Colher de Sopa,30
Carne bovina  ao vinagrete,CARNE BOVINA,Concha,140
Carne bovina  ao vinagrete,CARNE BOVINA,Escumadeira,70
Carne bovina  cozido(a),CARNE BOVINA,File,100
Carne bovina  cozido(a),CARNE BOVINA,Bife,100
Carne bovina  cozido(a),CARNE BOVINA,Fatia,90
Carne bovina  cozido(a),CARNE BOVINA,Pedaço,35
Carne bovina  cozido(a),CARNE BOVINA,Porção,75
Carne bovina  cozido(a),CARNE BOVINA,Colher de Arroz,70
Carne bovina  cozido(a),CARNE BOVINA,Colher de Sopa,30
Carne bovina  cozido(a),CARNE BOVINA,Concha,140
Carne bovina  cozido(a),CARNE BOVINA,Escumadeira,70
Carne bovina  cru(a),CARNE BOVINA,File,100
Carne bovina  cru(a),CARNE BOVINA,Bife,100
Carne bovina  cru(a),CARNE BOVINA,Fatia,90
Carne bovina  cru(a),CARNE BOVINA,Pedaço,35
Carne bovina  cru(a),CARNE BOVINA,Porção,75
Carne bovina  cru(a),CARNE BOVINA,Colher de Arroz,70
Carne bovina  cru(a),CARNE BOVINA,Colher de Sopa,30
Carne bovina  cru(a),CARNE BOVINA,Concha,140
Carne bovina  cru(a),CARNE BOVINA,Escumadeira,70
Carne bovina  molho branco,CARNE BOVINA,File,100
Carne bovina  molho branco,CARNE BOVINA,Bife,100
Carne bovina  molho branco,CARNE BOVINA,Fatia,90
Carne bovina  molho branco,CARNE BOVINA,Pedaço,35
Carne bovina  molho branco,CARNE BOVINA,Porção,75
Carne bovina  molho branco,CARNE BOVINA,Colher de Arroz,70
Carne bovina  molho branco,CARNE BOVINA,Colher de Sopa,30
Carne bovina  molho branco,CARNE BOVINA,Concha,140
Carne bovina  molho branco,CARNE BOVINA,Escumadeira,70
Carne bovina  molho vermelho,CARNE BOVINA,File,100
Carne bovina  molho vermelho,CARNE BOVINA,Bife,100
Carne bovina  molho vermelho,CARNE BOVINA,Fatia,90
Carne bovina  molho vermelho,CARNE BOVINA,Pedaço,35
Carne bovina  molho vermelho,CARNE BOVINA,Porção,75
Carne bovina  molho vermelho,CARNE BOVINA,Colher de Arroz,70
Carne bovina  molho vermelho,CARNE BOVINA,Colher de Sopa,30
Carne bovina  molho vermelho,CARNE BOVINA,Concha,140
Carne bovina  molho vermelho,CARNE BOVINA,Escumadeira,70
Carne bovina  refogado(a),CARNE BOVINA,File,100
Carne bovina  refogado(a),CARNE BOVINA,Bife,100
Carne bovina  refogado(a),CARNE BOVINA,Fatia,90
Carne bovina  refogado(a),CARNE BOVINA,Pedaço,35
Carne bovina  refogado(a),CARNE BOVINA,Porção,75
Carne bovina  refogado(a),CARNE BOVINA,Colher de Arroz,70
Carne bovina  refogado(a),CARNE BOVINA,Colher de Sopa,30
Carne bovina  refogado(a),CARNE BOVINA,Concha,140
Carne bovina  refogado(a),CARNE BOVINA,Escumadeira,70
Carne bovina assada,,File,100
Carne bovina assada,,Bife,100
Carne bovina assada,,Fatia,90
Carne bovina assada,,Pedaço,35
Carne bovina assada,,Porção,75
Carne bovina assada,,Colher de Arroz,70
Carne bovina assada,,Colher de Sopa,30
Carne bovina assada,,Concha,140
Carne bovina assada,,Escumadeira,70
Carne bovina assado(a),CARNE BOVINA,File,100
Carne bovina assado(a),CARNE BOVINA,Bife,100
Carne bovina assado(a),CARNE BOVINA,Fatia,90
Carne bovina assado(a),CARNE BOVINA,Pedaço,35
Carne bovina assado(a),CARNE BOVINA,Porção,75
Carne bovina assado(a),CARNE BOVINA,Colher de Arroz,70
Carne bovina assado(a),CARNE BOVINA,Colher de Sopa,30
Carne bovina assado(a),CARNE BOVINA,Concha,140
Carne bovina assado(a),CARNE BOVINA,Escumadeira,70
Carne bovina com manteiga/oleo,CARNE BOVINA,File,100
Carne bovina com manteiga/oleo,CARNE BOVINA,Bife,100
Carne bovina com manteiga/oleo,CARNE BOVINA,Fatia,90
Carne bovina com manteiga/oleo,CARNE BOVINA,Pedaço,35
Carne bovina com manteiga/oleo,CARNE BOVINA,Porção,75
Carne bovina com manteiga/oleo,CARNE BOVINA,Colher de Arroz,70
Carne bovina com manteiga/oleo,CARNE BOVINA,Colher de Sopa,30
Carne bovina com manteiga/oleo,CARNE BOVINA,Concha,140
Carne bovina com manteiga/oleo,CARNE BOVINA,Escumadeira,70
Carne bovina empanado(a)/a milanesa,CARNE BOVINA,File,100
Carne bovina empanado(a)/a milanesa,CARNE BOVINA,Bife,100
Carne bovina empanado(a)/a milanesa,CARNE BOVINA,Fatia,90
Carne bovina empanado(a)/a milanesa,CARNE BOVINA,Pedaço,35
Carne bovina empanado(a)/a milanesa,CARNE BOVINA,Porção,75
Carne bovina empanado(a)/a milanesa,CARNE BOVINA,Colher de Arroz,70
Carne bovina empanado(a)/a milanesa,CARNE BOVINA,Colher de Sopa,30
Carne bovina empanado(a)/a milanesa,CARNE BOVINA,Concha,140
Carne bovina empanado(a)/a milanesa,CARNE BOVINA,Escumadeira,70
Carne bovina ensopado,CARNE BOVINA,File,100
Carne bovina ensopado,CARNE BOVINA,Bife,100
Carne bovina ensopado,CARNE BOVINA,Fatia,90
Carne bovina ensopado,CARNE BOVINA,Pedaço,35
Carne bovina ensopado,CARNE BOVINA,Porção,75
Carne bovina ensopado,CARNE BOVINA,Colher de Arroz,70
Carne bovina ensopado,CARNE BOVINA,Colher de Sopa,30
Carne bovina ensopado,CARNE BOVINA,Concha,140
Carne bovina ensopado,CARNE BOVINA,Escumadeira,70
Carne bovina frito(a),CARNE BOVINA,File,100
Carne bovina frito(a),CARNE BOVINA,Bife,100
Carne bovina frito(a),CARNE BOVINA,Fatia,90
Carne bovina frito(a),CARNE BOVINA,Pedaço,35
Carne bovina frito(a),CARNE BOVINA,Porção,75
Carne bovina frito(a),CARNE BOVINA,Colher de Arroz,70
Carne bovina frito(a),CARNE BOVINA,Colher de Sopa,30
Carne bovina frito(a),CARNE BOVINA,Concha,140
Carne bovina frito(a),CARNE BOVINA,Escumadeira,70
Carne bovina grelhado(a)/brasa/churrasco,CARNE BOVINA,File,100
Carne bovina grelhado(a)/brasa/churrasco,CARNE BOVINA,Bife,100
Carne bovina grelhado(a)/brasa/churrasco,CARNE BOVINA,Fatia,90
Carne bovina grelhado(a)/brasa/churrasco,CARNE BOVINA,Pedaço,35
Carne bovina grelhado(a)/brasa/churrasco,CARNE BOVINA,Porção,75
Carne bovina grelhado(a)/brasa/churrasco,CARNE BOVINA,Colher de Arroz,70
Carne bovina grelhado(a)/brasa/churrasco,CARNE BOVINA,Colher de Sopa,30
Carne bovina grelhado(a)/brasa/churrasco,CARNE BOVINA,Concha,140
Carne bovina grelhado(a)/brasa/churrasco,CARNE BOVINA,Escumadeira,70
Carne caprina assado(a),OUTRAS CARNES,Bife,100
Carne caprina assado(a),OUTRAS CARNES,Fatia,90
Carne caprina assado(a),OUTRAS CARNES,Pedaço,35
Carne caprina assado(a),OUTRAS CARNES,Porção,75
Carne caprina assado(a),OUTRAS CARNES,Colher de Arroz,70
Carne caprina assado(a),OUTRAS CARNES,Colher de Sopa,30
Carne caprina assado(a),OUTRAS CARNES,Concha,140
Carne caprina assado(a),OUTRAS CARNES,Escumadeira,70
Carne caprina cozido(a),OUTRAS CARNES,Bife,100
Carne caprina cozido(a),OUTRAS CARNES,Fatia,90
Carne caprina cozido(a),OUTRAS CARNES,Pedaço,35
Carne caprina cozido(a),OUTRAS CARNES,Porção,75
Carne caprina cozido(a),OUTRAS CARNES,Colher de Arroz,70
Carne caprina cozido(a),OUTRAS CARNES,Colher de Sopa,30
Carne caprina cozido(a),OUTRAS CARNES,Concha,140
Carne caprina cozido(a),OUTRAS CARNES,Escumadeira,70
Carne caprina ensopado,OUTRAS CARNES,Bife,100
Carne caprina ensopado,OUTRAS CARNES,Fatia,90
Carne caprina ensopado,OUTRAS CARNES,Pedaço,35
Carne caprina ensopado,OUTRAS CARNES,Porção,75
Carne caprina ensopado,OUTRAS CARNES,Colher de Arroz,70
Carne caprina ensopado,OUTRAS CARNES,Colher de Sopa,30
Carne caprina ensopado,OUTRAS CARNES,Concha,140
Carne caprina ensopado,OUTRAS CARNES,Escumadeira,70
Carne caprina frito(a),OUTRAS CARNES,Bife,100
Carne caprina frito(a),OUTRAS CARNES,Fatia,90
Carne caprina frito(a),OUTRAS CARNES,Pedaço,35
Carne caprina frito(a),OUTRAS CARNES,Porção,75
Carne caprina frito(a),OUTRAS CARNES,Colher de Arroz,70
Carne caprina frito(a),OUTRAS CARNES,Colher de Sopa,30
Carne caprina frito(a),OUTRAS CARNES,Concha,140
Carne caprina frito(a),OUTRAS CARNES,Escumadeira,70
Carne da paca assado(a),OUTRAS CARNES,Bife,100
Carne da paca assado(a),OUTRAS CARNES,Fatia,90
Carne da paca assado(a),OUTRAS CARNES,Pedaço,35
Carne da paca assado(a),OUTRAS CARNES,Porção,75
Carne da paca assado(a),OUTRAS CARNES,Colher de Arroz,70
Carne da paca assado(a),OUTRAS CARNES,Colher de Sopa,30
Carne da paca assado(a),OUTRAS CARNES,Concha,140
Carne da paca assado(a),OUTRAS CARNES,Escumadeira,70
Carne da paca cozido(a),OUTRAS CARNES,Bife,100
Carne da paca cozido(a),OUTRAS CARNES,Fatia,90
Carne da paca cozido(a),OUTRAS CARNES,Pedaço,35
Carne da paca cozido(a),OUTRAS CARNES,Porção,75
Carne da paca cozido(a),OUTRAS CARNES,Colher de Arroz,70
Carne da paca cozido(a),OUTRAS CARNES,Colher de Sopa,30
Carne da paca cozido(a),OUTRAS CARNES,Concha,140
Carne da paca cozido(a),OUTRAS CARNES,Escumadeira,70
Carne da paca frito(a),OUTRAS CARNES,Bife,100
Carne da paca frito(a),OUTRAS CARNES,Fatia,90
Carne da paca frito(a),OUTRAS CARNES,Pedaço,35
Carne da paca frito(a),OUTRAS CARNES,Porção,75
Carne da paca frito(a),OUTRAS CARNES,Colher de Arroz,70
Carne da paca frito(a),OUTRAS CARNES,Colher de Sopa,30
Carne da paca frito(a),OUTRAS CARNES,Concha,140
Carne da paca frito(a),OUTRAS CARNES,Escumadeira,70
Carne de bode  assado(a),OUTRAS CARNES,Bife,100
Carne de bode  assado(a),OUTRAS CARNES,Fatia,90
Carne de bode  assado(a),OUTRAS CARNES,Pedaço,35
Carne de bode  assado(a),OUTRAS CARNES,Porção,75
Carne de bode  assado(a),OUTRAS CARNES,Colher de Arroz,70
Carne de bode  assado(a),OUTRAS CARNES,Colher de Sopa,30
Carne de bode  assado(a),OUTRAS CARNES,Concha,140
Carne de bode  assado(a),OUTRAS CARNES,Escumadeira,70
Carne de bode  frito(a),OUTRAS CARNES,Bife,100
Carne de bode  frito(a),OUTRAS CARNES,Fatia,90
Carne de bode  frito(a),OUTRAS CARNES,Pedaço,35
Carne de bode  frito(a),OUTRAS CARNES,Porção,75
Carne de bode  frito(a),OUTRAS CARNES,Colher de Arroz,70
Carne de bode  frito(a),OUTRAS CARNES,Colher de Sopa,30
Carne de bode  frito(a),OUTRAS CARNES,Concha,140
Carne de bode  frito(a),OUTRAS CARNES,Escumadeira,70
Carne de bode  grelhado(a)/brasa/churrasco,OUTRAS CARNES,Bife,100
Carne de bode  grelhado(a)/brasa/churrasco,OUTRAS CARNES,Fatia,90
Carne de bode  grelhado(a)/brasa/churrasco,OUTRAS CARNES,Pedaço,35
Carne de bode  grelhado(a)/brasa/churrasco,OUTRAS CARNES,Porção,75
Carne de bode  grelhado(a)/brasa/churrasco,OUTRAS CARNES,Colher de Arroz,70
Carne de bode  grelhado(a)/brasa/churrasco,OUTRAS CARNES,Colher de Sopa,30
Carne de bode  grelhado(a)/brasa/churrasco,OUTRAS CARNES,Concha,140
Carne de bode  grelhado(a)/brasa/churrasco,OUTRAS CARNES,Escumadeira,70
Carne de bode cozido(a),OUTRAS CARNES,Bife,100
Carne de bode cozido(a),OUTRAS CARNES,Fatia,90
Carne de bode cozido(a),OUTRAS CARNES,Pedaço,35
Carne de bode cozido(a),OUTRAS CARNES,Porção,75
Carne de bode cozido(a),OUTRAS CARNES,Colher de Arroz,70
Carne de bode cozido(a),OUTRAS CARNES,Colher de Sopa,30
Carne de bode cozido(a),OUTRAS CARNES,Concha,140
Carne de bode cozido(a),OUTRAS CARNES,Escumadeira,70
Carne de cabrito  assado(a),OUTRAS CARNES,Bife,100
Carne de cabrito  assado(a),OUTRAS CARNES,Fatia,90
Carne de cabrito  assado(a),OUTRAS CARNES,Pedaço,35
Carne de cabrito  assado(a),OUTRAS CARNES,Porção,75
Carne de cabrito  assado(a),OUTRAS CARNES,Colher de Arroz,70
Carne de cabrito  assado(a),OUTRAS CARNES,Colher de Sopa,30
Carne de cabrito  assado(a),OUTRAS CARNES,Concha,140
Carne de cabrito  assado(a),OUTRAS CARNES,Escumadeira,70
Carne de cabrito  cozido(a),OUTRAS CARNES,Bife,100
Carne de cabrito  cozido(a),OUTRAS CARNES,Fatia,90
Carne de cabrito  cozido(a),OUTRAS CARNES,Pedaço,35
Carne de cabrito  cozido(a),OUTRAS CARNES,Porção,75
Carne de cabrito  cozido(a),OUTRAS CARNES,Colher de Arroz,70
Carne de cabrito  cozido(a),OUTRAS CARNES,Colher de Sopa,30
Carne de cabrito  cozido(a),OUTRAS CARNES,Concha,140
Carne de cabrito  cozido(a),OUTRAS CARNES,Escumadeira,70
Carne de cabrito  grelhado(a)/brasa/churrasco,OUTRAS CARNES,Bife,100
Carne de cabrito  grelhado(a)/brasa/churrasco,OUTRAS CARNES,Fatia,90
Carne de cabrito  grelhado(a)/brasa/churrasco,OUTRAS CARNES,Pedaço,35
Carne de cabrito  grelhado(a)/brasa/churrasco,OUTRAS CARNES,Porção,75
Carne de cabrito  grelhado(a)/brasa/churrasco,OUTRAS CARNES,Colher de Arroz,70
Carne de cabrito  grelhado(a)/brasa/churrasco,OUTRAS CARNES,Colher de Sopa,30
Carne de cabrito  grelhado(a)/brasa/churrasco,OUTRAS CARNES,Concha,140
Carne de cabrito  grelhado(a)/brasa/churrasco,OUTRAS CARNES,Escumadeira,70
Carne de capivara assado(a),OUTRAS CARNES,Bife,100
Carne de capivara assado(a),OUTRAS CARNES,Fatia,90
Carne de capivara assado(a),OUTRAS CARNES,Pedaço,35
Carne de capivara assado(a),OUTRAS CARNES,Porção,75
Carne de capivara assado(a),OUTRAS CARNES,Colher de Arroz,70
Carne de capivara assado(a),OUTRAS CARNES,Colher de Sopa,30
Carne de capivara assado(a),OUTRAS CARNES,Concha,140
Carne de capivara assado(a),OUTRAS CARNES,Escumadeira,70
Carne de capivara cozido(a),OUTRAS CARNES,Bife,100
Carne de capivara cozido(a),OUTRAS CARNES,Fatia,90
Carne de capivara cozido(a),OUTRAS CARNES,Pedaço,35
Carne de capivara cozido(a),OUTRAS CARNES,Porção,75
Carne de capivara cozido(a),OUTRAS CARNES,Colher de Arroz,70
Carne de capivara cozido(a),OUTRAS CARNES,Colher de Sopa,30
Carne de capivara cozido(a),OUTRAS CARNES,Concha,140
Carne de capivara cozido(a),OUTRAS CARNES,Escumadeira,70
Carne de capivara frito(a),OUTRAS CARNES,Bife,100
Carne de capivara frito(a),OUTRAS CARNES,Fatia,90
Carne de capivara frito(a),OUTRAS CARNES,Pedaço,35
Carne de capivara frito(a),OUTRAS CARNES,Porção,75
Carne de capivara frito(a),OUTRAS CARNES,Colher de Arroz,70
Carne de capivara frito(a),OUTRAS CARNES,Colher de Sopa,30
Carne de capivara frito(a),OUTRAS CARNES,Concha,140
Carne de capivara frito(a),OUTRAS CARNES,Escumadeira,70
Carne de caprino cozido(a),OUTRAS CARNES,Bife,100
Carne de caprino cozido(a),OUTRAS CARNES,Fatia,90
Carne de caprino cozido(a),OUTRAS CARNES,Pedaço,35
Carne de caprino cozido(a),OUTRAS CARNES,Porção,75
Carne de caprino cozido(a),OUTRAS CARNES,Colher de Arroz,70
Carne de caprino cozido(a),OUTRAS CARNES,Colher de Sopa,30
Carne de caprino cozido(a),OUTRAS CARNES,Concha,140
Carne de caprino cozido(a),OUTRAS CARNES,Escumadeira,70
Carne de caprino cru(a),OUTRAS CARNES,Bife,100
Carne de caprino cru(a),OUTRAS CARNES,Fatia,90
Carne de caprino cru(a),OUTRAS CARNES,Pedaço,35
Carne de caprino cru(a),OUTRAS CARNES,Porção,75
Carne de caprino cru(a),OUTRAS CARNES,Colher de Arroz,70
Carne de caprino cru(a),OUTRAS CARNES,Colher de Sopa,30
Carne de caprino cru(a),OUTRAS CARNES,Concha,140
Carne de caprino cru(a),OUTRAS CARNES,Escumadeira,70
Carne de caprino frito(a),OUTRAS CARNES,Bife,100
Carne de caprino frito(a),OUTRAS CARNES,Fatia,90
Carne de caprino frito(a),OUTRAS CARNES,Pedaço,35
Carne de caprino frito(a),OUTRAS CARNES,Porção,75
Carne de caprino frito(a),OUTRAS CARNES,Colher de Arroz,70
Carne de caprino frito(a),OUTRAS CARNES,Colher de Sopa,30
Carne de caprino frito(a),OUTRAS CARNES,Concha,140
Carne de caprino frito(a),OUTRAS CARNES,Escumadeira,70
Carne de carneiro assado(a),OUTRAS CARNES,Bife,100
Carne de carneiro assado(a),OUTRAS CARNES,Fatia,90
Carne de carneiro assado(a),OUTRAS CARNES,Pedaço,35
Carne de carneiro assado(a),OUTRAS CARNES,Porção,75
Carne de carneiro assado(a),OUTRAS CARNES,Colher de Arroz,70
Carne de carneiro assado(a),OUTRAS CARNES,Colher de Sopa,30
Carne de carneiro assado(a),OUTRAS CARNES,Concha,140
Carne de carneiro assado(a),OUTRAS CARNES,Escumadeira,70
Carne de carneiro cozido(a),OUTRAS CARNES,Bife,100
Carne de carneiro cozido(a),OUTRAS CARNES,Fatia,90
Carne de carneiro cozido(a),OUTRAS CARNES,Pedaço,35
Carne de carneiro cozido(a),OUTRAS CARNES,Porção,75
Carne de carneiro cozido(a),OUTRAS CARNES,Colher de Arroz,70
Carne de carneiro cozido(a),OUTRAS CARNES,Colher de Sopa,30
Carne de carneiro cozido(a),OUTRAS CARNES,Concha,140
Carne de carneiro cozido(a),OUTRAS CARNES,Escumadeira,70
Carne de carneiro ensopado,OUTRAS CARNES,Bife,100
Carne de carneiro ensopado,OUTRAS CARNES,Fatia,90
Carne de carneiro ensopado,OUTRAS CARNES,Pedaço,35
Carne de carneiro ensopado,OUTRAS CARNES,Porção,75
Carne de carneiro ensopado,OUTRAS CARNES,Colher de Arroz,70
Carne de carneiro ensopado,OUTRAS CARNES,Colher de Sopa,30
Carne de carneiro ensopado,OUTRAS CARNES,Concha,140
Carne de carneiro ensopado,OUTRAS CARNES,Escumadeira,70
Carne de carneiro frito(a),OUTRAS CARNES,Bife,100
Carne de carneiro frito(a),OUTRAS CARNES,Fatia,90
Carne de carneiro frito(a),OUTRAS CARNES,Pedaço,35
Carne de carneiro frito(a),OUTRAS CARNES,Porção,75
Carne de carneiro frito(a),OUTRAS CARNES,Colher de Arroz,70
Carne de carneiro frito(a),OUTRAS CARNES,Colher de Sopa,30
Carne de carneiro frito(a),OUTRAS CARNES,Concha,140
Carne de carneiro frito(a),OUTRAS CARNES,Escumadeira,70
Carne de carneiro grelhado(a)/brasa/churrasco,OUTRAS CARNES,Bife,100
Carne de carneiro grelhado(a)/brasa/churrasco,OUTRAS CARNES,Fatia,90
Carne de carneiro grelhado(a)/brasa/churrasco,OUTRAS CARNES,Pedaço,35
Carne de carneiro grelhado(a)/brasa/churrasco,OUTRAS CARNES,Porção,75
Carne de carneiro grelhado(a)/brasa/churrasco,OUTRAS CARNES,Colher de Arroz,70
Carne de carneiro grelhado(a)/brasa/churrasco,OUTRAS CARNES,Colher de Sopa,30
Carne de carneiro grelhado(a)/brasa/churrasco,OUTRAS CARNES,Concha,140
Carne de carneiro grelhado(a)/brasa/churrasco,OUTRAS CARNES,Escumadeira,70
Carne de charque assado(a),CARNE BOVINA,File,100
Carne de charque assado(a),CARNE BOVINA,Bife,100
Carne de charque assado(a),CARNE BOVINA,Fatia,90
Carne de charque assado(a),CARNE BOVINA,Pedaço,35
Carne de charque assado(a),CARNE BOVINA,Porção,75
Carne de charque assado(a),CARNE BOVINA,Colher de Arroz,70
Carne de charque assado(a),CARNE BOVINA,Colher de Sopa,30
Carne de charque assado(a),CARNE BOVINA,Concha,140
Carne de charque assado(a),CARNE BOVINA,Escumadeira,70
Carne de charque cozido(a),CARNE BOVINA,File,100
Carne de charque cozido(a),CARNE BOVINA,Bife,100
Carne de charque cozido(a),CARNE BOVINA,Fatia,90
Carne de charque cozido(a),CARNE BOVINA,Pedaço,35
Carne de charque cozido(a),CARNE BOVINA,Porção,75
Carne de charque cozido(a),CARNE BOVINA,Colher de Arroz,70
Carne de charque cozido(a),CARNE BOVINA,Colher de Sopa,30
Carne de charque cozido(a),CARNE BOVINA,Concha,140
Carne de charque cozido(a),CARNE BOVINA,Escumadeira,70
Carne de charque cru(a),CARNE BOVINA,File,100
Carne de charque cru(a),CARNE BOVINA,Bife,100
Carne de charque cru(a),CARNE BOVINA,Fatia,90
Carne de charque cru(a),CARNE BOVINA,Pedaço,35
Carne de charque cru(a),CARNE BOVINA,Porção,75
Carne de charque cru(a),CARNE BOVINA,Colher de Arroz,70
Carne de charque cru(a),CARNE BOVINA,Colher de Sopa,30
Carne de charque cru(a),CARNE BOVINA,Concha,140
Carne de charque cru(a),CARNE BOVINA,Escumadeira,70
Carne de charque ensopado,CARNE BOVINA,File,100
Carne de charque ensopado,CARNE BOVINA,Bife,100
Carne de charque ensopado,CARNE BOVINA,Fatia,90
Carne de charque ensopado,CARNE BOVINA,Pedaço,35
Carne de charque ensopado,CARNE BOVINA,Porção,75
Carne de charque ensopado,CARNE BOVINA,Colher de Arroz,70
Carne de charque ensopado,CARNE BOVINA,Colher de Sopa,30
Carne de charque ensopado,CARNE BOVINA,Concha,140
Carne de charque ensopado,CARNE BOVINA,Escumadeira,70
Carne de charque frito(a),CARNE BOVINA,File,100
Carne de charque frito(a),CARNE BOVINA,Bife,100
Carne de charque frito(a),CARNE BOVINA,Fatia,90
Carne de charque frito(a),CARNE BOVINA,Pedaço,35
Carne de charque frito(a),CARNE BOVINA,Porção,75
Carne de charque frito(a),CARNE BOVINA,Colher de Arroz,70
Carne de charque frito(a),CARNE BOVINA,Colher de Sopa,30
Carne de charque frito(a),CARNE BOVINA,Concha,140
Carne de charque frito(a),CARNE BOVINA,Escumadeira,70
Carne de charque grelhado(a)/brasa/churrasco,CARNE BOVINA,File,100
Carne de charque grelhado(a)/brasa/churrasco,CARNE BOVINA,Bife,100
Carne de charque grelhado(a)/brasa/churrasco,CARNE BOVINA,Fatia,90
Carne de charque grelhado(a)/brasa/churrasco,CARNE BOVINA,Pedaço,35
Carne de charque grelhado(a)/brasa/churrasco,CARNE BOVINA,Porção,75
Carne de charque grelhado(a)/brasa/churrasco,CARNE BOVINA,Colher de Arroz,70
Carne de charque grelhado(a)/brasa/churrasco,CARNE BOVINA,Colher de Sopa,30
Carne de charque grelhado(a)/brasa/churrasco,CARNE BOVINA,Concha,140
Carne de charque grelhado(a)/brasa/churrasco,CARNE BOVINA,Escumadeira,70
Carne de charque molho vermelho,CARNE BOVINA,File,100
Carne de charque molho vermelho,CARNE BOVINA,Bife,100
Carne de charque molho vermelho,CARNE BOVINA,Fatia,90
Carne de charque molho vermelho,CARNE BOVINA,Pedaço,35
Carne de charque molho vermelho,CARNE BOVINA,Porção,75
Carne de charque molho vermelho,CARNE BOVINA,Colher de Arroz,70
Carne de charque molho vermelho,CARNE BOVINA,Colher de Sopa,30
Carne de charque molho vermelho,CARNE BOVINA,Concha,140
Carne de charque molho vermelho,CARNE BOVINA,Escumadeira,70
Carne de charque refogado(a),CARNE BOVINA,File,100
Carne de charque refogado(a),CARNE BOVINA,Bife,100
Carne de charque refogado(a),CARNE BOVINA,Fatia,90
Carne de charque refogado(a),CARNE BOVINA,Pedaço,35
Carne de charque refogado(a),CARNE BOVINA,Porção,75
Carne de charque refogado(a),CARNE BOVINA,Colher de Arroz,70
Carne de charque refogado(a),CARNE BOVINA,Colher de Sopa,30
Carne de charque refogado(a),CARNE BOVINA,Concha,140
Carne de charque refogado(a),CARNE BOVINA,Escumadeira,70
Carne de cotia assado(a),OUTRAS CARNES,Bife,100
Carne de cotia assado(a),OUTRAS CARNES,Fatia,90
Carne de cotia assado(a),OUTRAS CARNES,Pedaço,35
Carne de cotia assado(a),OUTRAS CARNES,Porção,75
Carne de cotia assado(a),OUTRAS CARNES,Colher de Arroz,70
Carne de cotia assado(a),OUTRAS CARNES,Colher de Sopa,30
Carne de cotia assado(a),OUTRAS CARNES,Concha,140
Carne de cotia assado(a),OUTRAS CARNES,Escumadeira,70
Carne de cotia cozido(a),OUTRAS CARNES,Bife,100
Carne de cotia cozido(a),OUTRAS CARNES,Fatia,90
Carne de cotia cozido(a),OUTRAS CARNES,Pedaço,35
Carne de cotia cozido(a),OUTRAS CARNES,Porção,75
Carne de cotia cozido(a),OUTRAS CARNES,Colher de Arroz,70
Carne de cotia cozido(a),OUTRAS CARNES,Colher de Sopa,30
Carne de cotia cozido(a),OUTRAS CARNES,Concha,140
Carne de cotia cozido(a),OUTRAS CARNES,Escumadeira,70
Carne de galinha,AVES,File,100
Carne de galinha,AVES,Bife,100
Carne de galinha,AVES,Pedaço,55
Carne de galinha,AVES,Porção,100
Carne de galinha,AVES,Colher de Arroz,40
Carne de galinha,AVES,Colher de Sopa,20
Carne de galinha,AVES,Concha,80
Carne de galinha,AVES,Asa,40
Carne de galinha,AVES,Peito,180
Carne de galinha,AVES,Coxa,55
Carne de galinha,AVES,Sobrecoxa,65
Carne de galinha,AVES,Costela,60
Carne de galinha,AVES,Pescoço,10
Carne de galinha  assado(a),AVES,File,100
Carne de galinha  assado(a),AVES,Bife,100
Carne de galinha  assado(a),AVES,Pedaço,55
Carne de galinha  assado(a),AVES,Porção,100
Carne de galinha  assado(a),AVES,Colher de Arroz,40
Carne de galinha  assado(a),AVES,Colher de Sopa,20
Carne de galinha  assado(a),AVES,Concha,80
Carne de galinha  assado(a),AVES,Asa,40
Carne de galinha  assado(a),AVES,Peito,180
Carne de galinha  assado(a),AVES,Coxa,55
Carne de galinha  assado(a),AVES,Sobrecoxa,65
Carne de galinha  assado(a),AVES,Costela,60
Carne de galinha  assado(a),AVES,Pescoço,10
Carne de galinha  cozido(a),AVES,File,100
Carne de galinha  cozido(a),AVES,Bife,100
Carne de galinha  cozido(a),AVES,Pedaço,55
Carne de galinha  cozido(a),AVES,Porção,100
Carne de galinha  cozido(a),AVES,Colher de Arroz,40
Carne de galinha  cozido(a),AVES,Colher de Sopa,20
Carne de galinha  cozido(a),AVES,Concha,80
Carne de galinha  cozido(a),AVES,Asa,40
Carne de galinha  cozido(a),AVES,Peito,180
Carne de galinha  cozido(a),AVES,Coxa,55
Carne de galinha  cozido(a),AVES,Sobrecoxa,65
Carne de galinha  cozido(a),AVES,Costela,60
Carne de galinha  cozido(a),AVES,Pescoço,10
Carne de galinha  cru(a),AVES,File,100
Carne de galinha  cru(a),AVES,Bife,100
Carne de galinha  cru(a),AVES,Pedaço,55
Carne de galinha  cru(a),AVES,Porção,100
Carne de galinha  cru(a),AVES,Colher de Arroz,40
Carne de galinha  cru(a),AVES,Colher de Sopa,20
Carne de galinha  cru(a),AVES,Concha,80
Carne de galinha  cru(a),AVES,Asa,40
Carne de galinha  cru(a),AVES,Peito,180
Carne de galinha  cru(a),AVES,Coxa,55
Carne de galinha  cru(a),AVES,Sobrecoxa,65
Carne de galinha  cru(a),AVES,Costela,60
Carne de galinha  cru(a),AVES,Pescoço,10
Carne de galinha  empanado(a)/a milanesa,AVES,File,100
Carne de galinha  empanado(a)/a milanesa,AVES,Bife,100
Carne de galinha  empanado(a)/a milanesa,AVES,Pedaço,55
Carne de galinha  empanado(a)/a milanesa,AVES,Porção,100
Carne de galinha  empanado(a)/a milanesa,AVES,Colher de Arroz,40
Carne de galinha  empanado(a)/a milanesa,AVES,Colher de Sopa,20
Carne de galinha  empanado(a)/a milanesa,AVES,Concha,80
Carne de galinha  empanado(a)/a milanesa,AVES,Asa,40
Carne de galinha  empanado(a)/a milanesa,AVES,Peito,180
Carne de galinha  empanado(a)/a milanesa,AVES,Coxa,55
Carne de galinha  empanado(a)/a milanesa,AVES,Sobrecoxa,65
Carne de galinha  empanado(a)/a milanesa,AVES,Costela,60
Carne de galinha  empanado(a)/a milanesa,AVES,Pescoço,10
Carne de galinha  ensopado,AVES,File,100
Carne de galinha  ensopado,AVES,Bife,100
Carne de galinha  ensopado,AVES,Pedaço,55
Carne de galinha  ensopado,AVES,Porção,100
Carne de galinha  ensopado,AVES,Colher de Arroz,40
Carne de galinha  ensopado,AVES,Colher de Sopa,20
Carne de galinha  ensopado,AVES,Concha,80
Carne de galinha  ensopado,AVES,Asa,40
Carne de galinha  ensopado,AVES,Peito,180
Carne de galinha  ensopado,AVES,Coxa,55
Carne de galinha  ensopado,AVES,Sobrecoxa,65
Carne de galinha  ensopado,AVES,Costela,60
Carne de galinha  ensopado,AVES,Pescoço,10
Carne de galinha  frito(a),AVES,File,100
Carne de galinha  frito(a),AVES,Bife,100
Carne de galinha  frito(a),AVES,Pedaço,55
Carne de galinha  frito(a),AVES,Porção,100
Carne de galinha  frito(a),AVES,Colher de Arroz,40
Carne de galinha  frito(a),AVES,Colher de Sopa,20
Carne de galinha  frito(a),AVES,Concha,80
Carne de galinha  frito(a),AVES,Asa,40
Carne de galinha  frito(a),AVES,Peito,180
Carne de galinha  frito(a),AVES,Coxa,55
Carne de galinha  frito(a),AVES,Sobrecoxa,65
Carne de galinha  frito(a),AVES,Costela,60
Carne de galinha  frito(a),AVES,Pescoço,10
Carne de galinha  grelhado(a)/brasa/churrasco,AVES,File,100
Carne de galinha  grelhado(a)/brasa/churrasco,AVES,Bife,100
Carne de galinha  grelhado(a)/brasa/churrasco,AVES,Pedaço,55
Carne de galinha  grelhado(a)/brasa/churrasco,AVES,Porção,100
Carne de galinha  grelhado(a)/brasa/churrasco,AVES,Colher de Arroz,40
Carne de galinha  grelhado(a)/brasa/churrasco,AVES,Colher de Sopa,20
Carne de galinha  grelhado(a)/brasa/churrasco,AVES,Concha,80
Carne de galinha  grelhado(a)/brasa/churrasco,AVES,Asa,40
Carne de galinha  grelhado(a)/brasa/churrasco,AVES,Peito,180
Carne de galinha  grelhado(a)/brasa/churrasco,AVES,Coxa,55
Carne de galinha  grelhado(a)/brasa/churrasco,AVES,Sobrecoxa,65
Carne de galinha  grelhado(a)/brasa/churrasco,AVES,Costela,60
Carne de galinha  grelhado(a)/brasa/churrasco,AVES,Pescoço,10
Carne de galinha  molho branco,AVES,File,100
Carne de galinha  molho branco,AVES,Bife,100
Carne de galinha  molho branco,AVES,Pedaço,55
Carne de galinha  molho branco,AVES,Porção,100
Carne de galinha  molho branco,AVES,Colher de Arroz,40
Carne de galinha  molho branco,AVES,Colher de Sopa,20
Carne de galinha  molho branco,AVES,Concha,80
Carne de galinha  molho branco,AVES,Asa,40
Carne de galinha  molho branco,AVES,Peito,180
Carne de galinha  molho branco,AVES,Coxa,55
Carne de galinha  molho branco,AVES,Sobrecoxa,65
Carne de galinha  molho branco,AVES,Costela,60
Carne de galinha  molho branco,AVES,Pescoço,10
Carne de galinha  molho vermelho,AVES,File,100
Carne de galinha  molho vermelho,AVES,Bife,100
Carne de galinha  molho vermelho,AVES,Pedaço,55
Carne de galinha  molho vermelho,AVES,Porção,100
Carne de galinha  molho vermelho,AVES,Colher de Arroz,40
Carne de galinha  molho vermelho,AVES,Colher de Sopa,20
Carne de galinha  molho vermelho,AVES,Concha,80
Carne de galinha  molho vermelho,AVES,Asa,40
Carne de galinha  molho vermelho,AVES,Peito,180
Carne de galinha  molho vermelho,AVES,Coxa,55
Carne de galinha  molho vermelho,AVES,Sobrecoxa,65
Carne de galinha  molho vermelho,AVES,Costela,60
Carne de galinha  molho vermelho,AVES,Pescoço,10
Carne de galinha  refogado(a),AVES,File,100
Carne de galinha  refogado(a),AVES,Bife,100
Carne de galinha  refogado(a),AVES,Pedaço,55
Carne de galinha  refogado(a),AVES,Porção,100
Carne de galinha  refogado(a),AVES,Colher de Arroz,40
Carne de galinha  refogado(a),AVES,Colher de Sopa,20
Carne de galinha  refogado(a),AVES,Concha,80
Carne de galinha  refogado(a),AVES,Asa,40
Carne de galinha  refogado(a),AVES,Peito,180
Carne de galinha  refogado(a),AVES,Coxa,55
Carne de galinha  refogado(a),AVES,Sobrecoxa,65
Carne de galinha  refogado(a),AVES,Costela,60
Carne de galinha  refogado(a),AVES,Pescoço,10
Carne de jabuti cozido(a),OUTRAS CARNES,Bife,100
Carne de jabuti cozido(a),OUTRAS CARNES,Fatia,90
Carne de jabuti cozido(a),OUTRAS CARNES,Pedaço,35
Carne de jabuti cozido(a),OUTRAS CARNES,Porção,75
Carne de jabuti cozido(a),OUTRAS CARNES,Colher de Arroz,70
Carne de jabuti cozido(a),OUTRAS CARNES,Colher de Sopa,30
Carne de jabuti cozido(a),OUTRAS CARNES,Concha,140
Carne de jabuti cozido(a),OUTRAS CARNES,Escumadeira,70
Carne de jacare cozido(a),OUTRAS CARNES,Bife,100
Carne de jacare cozido(a),OUTRAS CARNES,Fatia,90
Carne de jacare cozido(a),OUTRAS CARNES,Pedaço,35
Carne de jacare cozido(a),OUTRAS CARNES,Porção,75
Carne de jacare cozido(a),OUTRAS CARNES,Colher de Arroz,70
Carne de jacare cozido(a),OUTRAS CARNES,Colher de Sopa,30
Carne de jacare cozido(a),OUTRAS CARNES,Concha,140
Carne de jacare cozido(a),OUTRAS CARNES,Escumadeira,70
Carne de jacare frito(a),OUTRAS CARNES,Bife,100
Carne de jacare frito(a),OUTRAS CARNES,Fatia,90
Carne de jacare frito(a),OUTRAS CARNES,Pedaço,35
Carne de jacare frito(a),OUTRAS CARNES,Porção,75
Carne de jacare frito(a),OUTRAS CARNES,Colher de Arroz,70
Carne de jacare frito(a),OUTRAS CARNES,Colher de Sopa,30
Carne de jacare frito(a),OUTRAS CARNES,Concha,140
Carne de jacare frito(a),OUTRAS CARNES,Escumadeira,70
Carne de outros animais,OUTRAS CARNES,Bife,100
Carne de outros animais,OUTRAS CARNES,Fatia,90
Carne de outros animais,OUTRAS CARNES,Pedaço,35
Carne de outros animais,OUTRAS CARNES,Porção,75
Carne de outros animais,OUTRAS CARNES,Colher de Arroz,70
Carne de outros animais,OUTRAS CARNES,Colher de Sopa,30
Carne de outros animais,OUTRAS CARNES,Concha,140
Carne de outros animais,OUTRAS CARNES,Escumadeira,70
Carne de outros animais assado(a),OUTRAS CARNES,Bife,100
Carne de outros animais assado(a),OUTRAS CARNES,Fatia,90
Carne de outros animais assado(a),OUTRAS CARNES,Pedaço,35
Carne de outros animais assado(a),OUTRAS CARNES,Porção,75
Carne de outros animais assado(a),OUTRAS CARNES,Colher de Arroz,70
Carne de outros animais assado(a),OUTRAS CARNES,Colher de Sopa,30
Carne de outros animais assado(a),OUTRAS CARNES,Concha,140
Carne de outros animais assado(a),OUTRAS CARNES,Escumadeira,70
Carne de outros animais cozido(a),OUTRAS CARNES,Bife,100
Carne de outros animais cozido(a),OUTRAS CARNES,Fatia,90
Carne de outros animais cozido(a),OUTRAS CARNES,Pedaço,35
Carne de outros animais cozido(a),OUTRAS CARNES,Porção,75
Carne de outros animais cozido(a),OUTRAS CARNES,Colher de Arroz,70
Carne de outros animais cozido(a),OUTRAS CARNES,Colher de Sopa,30
Carne de outros animais cozido(a),OUTRAS CARNES,Concha,140
Carne de outros animais cozido(a),OUTRAS CARNES,Escumadeira,70
Carne de outros animais cru(a),OUTRAS CARNES,Bife,100
Carne de outros animais cru(a),OUTRAS CARNES,Fatia,90
Carne de outros animais cru(a),OUTRAS CARNES,Pedaço,35
Carne de outros animais cru(a),OUTRAS CARNES,Porção,75
Carne de outros animais cru(a),OUTRAS CARNES,Colher de Arroz,70
Carne de outros animais cru(a),OUTRAS CARNES,Colher de Sopa,30
Carne de outros animais cru(a),OUTRAS CARNES,Concha,140
Carne de outros animais cru(a),OUTRAS CARNES,Escumadeira,70
Carne de outros animais ensopado,OUTRAS CARNES,Bife,100
Carne de outros animais ensopado,OUTRAS CARNES,Fatia,90
Carne de outros animais ensopado,OUTRAS CARNES,Pedaço,35
Carne de outros animais ensopado,OUTRAS CARNES,Porção,75
Carne de outros animais ensopado,OUTRAS CARNES,Colher de Arroz,70
Carne de outros animais ensopado,OUTRAS CARNES,Colher de Sopa,30
Carne de outros animais ensopado,OUTRAS CARNES,Concha,140
Carne de outros animais ensopado,OUTRAS CARNES,Escumadeira,70
Carne de outros animais frito(a),OUTRAS CARNES,Bife,100
Carne de outros animais frito(a),OUTRAS CARNES,Fatia,90
Carne de outros animais frito(a),OUTRAS CARNES,Pedaço,35
Carne de outros animais frito(a),OUTRAS CARNES,Porção,75
Carne de outros animais frito(a),OUTRAS CARNES,Colher de Arroz,70
Carne de outros animais frito(a),OUTRAS CARNES,Colher de Sopa,30
Carne de outros animais frito(a),OUTRAS CARNES,Concha,140
Carne de outros animais frito(a),OUTRAS CARNES,Escumadeira,70
Carne de outros animais grelhado(a)/brasa/churrasco,OUTRAS CARNES,Bife,100
Carne de outros animais grelhado(a)/brasa/churrasco,OUTRAS CARNES,Fatia,90
Carne de outros animais grelhado(a)/brasa/churrasco,OUTRAS CARNES,Pedaço,35
Carne de outros animais grelhado(a)/brasa/churrasco,OUTRAS CARNES,Porção,75
Carne de outros animais grelhado(a)/brasa/churrasco,OUTRAS CARNES,Colher de Arroz,70
Carne de outros animais grelhado(a)/brasa/churrasco,OUTRAS CARNES,Colher de Sopa,30
Carne de outros animais grelhado(a)/brasa/churrasco,OUTRAS CARNES,Concha,140
Carne de outros animais grelhado(a)/brasa/churrasco,OUTRAS CARNES,Escumadeira,70
Carne de outros animais molho vermelho,OUTRAS CARNES,Bife,100
Carne de outros animais molho vermelho,OUTRAS CARNES,Fatia,90
Carne de outros animais molho vermelho,OUTRAS CARNES,Pedaço,35
Carne de outros animais molho vermelho,OUTRAS CARNES,Porção,75
Carne de outros animais molho vermelho,OUTRAS CARNES,Colher de Arroz,70
Carne de outros animais molho vermelho,OUTRAS CARNES,Colher de Sopa,30
Carne de outros animais molho vermelho,OUTRAS CARNES,Concha,140
Carne de outros animais molho vermelho,OUTRAS CARNES,Escumadeira,70
Carne de outros animais refogado(a),OUTRAS CARNES,Bife,100
Carne de outros animais refogado(a),OUTRAS CARNES,Fatia,90
Carne de outros animais refogado(a),OUTRAS CARNES,Pedaço,35
Carne de outros animais refogado(a),OUTRAS CARNES,Porção,75
Carne de outros animais refogado(a),OUTRAS CARNES,Colher de Arroz,70
Carne de outros animais refogado(a),OUTRAS CARNES,Colher de Sopa,30
Carne de outros animais refogado(a),OUTRAS CARNES,Concha,140
Carne de outros animais refogado(a),OUTRAS CARNES,Escumadeira,70
Carne de ovelha assado(a),OUTRAS CARNES,Bife,100
Carne de ovelha assado(a),OUTRAS CARNES,Fatia,90
Carne de ovelha assado(a),OUTRAS CARNES,Pedaço,35
Carne de ovelha assado(a),OUTRAS CARNES,Porção,75
Carne de ovelha assado(a),OUTRAS CARNES,Colher de Arroz,70
Carne de ovelha assado(a),OUTRAS CARNES,Colher de Sopa,30
Carne de ovelha assado(a),OUTRAS CARNES,Concha,140
Carne de ovelha assado(a),OUTRAS CARNES,Escumadeira,70
Carne de ovelha cozido(a),OUTRAS CARNES,Bife,100
Carne de ovelha cozido(a),OUTRAS CARNES,Fatia,90
Carne de ovelha cozido(a),OUTRAS CARNES,Pedaço,35
Carne de ovelha cozido(a),OUTRAS CARNES,Porção,75
Carne de ovelha cozido(a),OUTRAS CARNES,Colher de Arroz,70
Carne de ovelha cozido(a),OUTRAS CARNES,Colher de Sopa,30
Carne de ovelha cozido(a),OUTRAS CARNES,Concha,140
Carne de ovelha cozido(a),OUTRAS CARNES,Escumadeira,70
Carne de ovelha frito(a),OUTRAS CARNES,Bife,100
Carne de ovelha frito(a),OUTRAS CARNES,Fatia,90
Carne de ovelha frito(a),OUTRAS CARNES,Pedaço,35
Carne de ovelha frito(a),OUTRAS CARNES,Porção,75
Carne de ovelha frito(a),OUTRAS CARNES,Colher de Arroz,70
Carne de ovelha frito(a),OUTRAS CARNES,Colher de Sopa,30
Carne de ovelha frito(a),OUTRAS CARNES,Concha,140
Carne de ovelha frito(a),OUTRAS CARNES,Escumadeira,70
Carne de ovelha grelhado(a)/brasa/churrasco,OUTRAS CARNES,Bife,100
Carne de ovelha grelhado(a)/brasa/churrasco,OUTRAS CARNES,Fatia,90
Carne de ovelha grelhado(a)/brasa/churrasco,OUTRAS CARNES,Pedaço,35
Carne de ovelha grelhado(a)/brasa/churrasco,OUTRAS CARNES,Porção,75
Carne de ovelha grelhado(a)/brasa/churrasco,OUTRAS CARNES,Colher de Arroz,70
Carne de ovelha grelhado(a)/brasa/churrasco,OUTRAS CARNES,Colher de Sopa,30
Carne de ovelha grelhado(a)/brasa/churrasco,OUTRAS CARNES,Concha,140
Carne de ovelha grelhado(a)/brasa/churrasco,OUTRAS CARNES,Escumadeira,70
Carne de pato  assado(a),AVES,Pedaço,80
Carne de pato  cozido(a),AVES,Pedaço,80
Carne de pato  frito(a),AVES,Pedaço,80
Carne de primeira  assado(a),CARNE BOVINA,File,100
Carne de primeira  assado(a),CARNE BOVINA,Bife,100
Carne de primeira  assado(a),CARNE BOVINA,Fatia,90
Carne de primeira  assado(a),CARNE BOVINA,Pedaço,35
Carne de primeira  assado(a),CARNE BOVINA,Porção,75
Carne de primeira  assado(a),CARNE BOVINA,Colher de Arroz,70
Carne de primeira  assado(a),CARNE BOVINA,Colher de Sopa,30
Carne de primeira  assado(a),CARNE BOVINA,Concha,140
Carne de primeira  assado(a),CARNE BOVINA,Escumadeira,70
Carne de primeira  com manteiga/oleo,CARNE BOVINA,File,100
Carne de primeira  com manteiga/oleo,CARNE BOVINA,Bife,100
Carne de primeira  com manteiga/oleo,CARNE BOVINA,Fatia,90
Carne de primeira  com manteiga/oleo,CARNE BOVINA,Pedaço,35
Carne de primeira  com manteiga/oleo,CARNE BOVINA,Porção,75
Carne de primeira  com manteiga/oleo,CARNE BOVINA,Colher de Arroz,70
Carne de primeira  com manteiga/oleo,CARNE BOVINA,Colher de Sopa,30
Carne de primeira  com manteiga/oleo,CARNE BOVINA,Concha,140
Carne de primeira  com manteiga/oleo,CARNE BOVINA,Escumadeira,70
Carne de primeira  cozido(a),CARNE BOVINA,File,100
Carne de primeira  cozido(a),CARNE BOVINA,Bife,100
Carne de primeira  cozido(a),CARNE BOVINA,Fatia,90
Carne de primeira  cozido(a),CARNE BOVINA,Pedaço,35
Carne de primeira  cozido(a),CARNE BOVINA,Porção,75
Carne de primeira  cozido(a),CARNE BOVINA,Colher de Arroz,70
Carne de primeira  cozido(a),CARNE BOVINA,Colher de Sopa,30
Carne de primeira  cozido(a),CARNE BOVINA,Concha,140
Carne de primeira  cozido(a),CARNE BOVINA,Escumadeira,70
Carne de primeira  empanado(a)/a milanesa,CARNE BOVINA,File,100
Carne de primeira  empanado(a)/a milanesa,CARNE BOVINA,Bife,100
Carne de primeira  empanado(a)/a milanesa,CARNE BOVINA,Fatia,90
Carne de primeira  empanado(a)/a milanesa,CARNE BOVINA,Pedaço,35
Carne de primeira  empanado(a)/a milanesa,CARNE BOVINA,Porção,75
Carne de primeira  empanado(a)/a milanesa,CARNE BOVINA,Colher de Arroz,70
Carne de primeira  empanado(a)/a milanesa,CARNE BOVINA,Colher de Sopa,30
Carne de primeira  empanado(a)/a milanesa,CARNE BOVINA,Concha,140
Carne de primeira  empanado(a)/a milanesa,CARNE BOVINA,Escumadeira,70
Carne de primeira  frito(a),CARNE BOVINA,File,100
Carne de primeira  frito(a),CARNE BOVINA,Bife,100
Carne de primeira  frito(a),CARNE BOVINA,Fatia,90
Carne de primeira  frito(a),CARNE BOVINA,Pedaço,35
Carne de primeira  frito(a),CARNE BOVINA,Porção,75
Carne de primeira  frito(a),CARNE BOVINA,Colher de Arroz,70
Carne de primeira  frito(a),CARNE BOVINA,Colher de Sopa,30
Carne de primeira  frito(a),CARNE BOVINA,Concha,140
Carne de primeira  frito(a),CARNE BOVINA,Escumadeira,70
Carne de primeira  grelhado(a)/brasa/churrasco,CARNE BOVINA,File,100
Carne de primeira  grelhado(a)/brasa/churrasco,CARNE BOVINA,Bife,100
Carne de primeira  grelhado(a)/brasa/churrasco,CARNE BOVINA,Fatia,90
Carne de primeira  grelhado(a)/brasa/churrasco,CARNE BOVINA,Pedaço,35
Carne de primeira  grelhado(a)/brasa/churrasco,CARNE BOVINA,Porção,75
Carne de primeira  grelhado(a)/brasa/churrasco,CARNE BOVINA,Colher de Arroz,70
Carne de primeira  grelhado(a)/brasa/churrasco,CARNE BOVINA,Colher de Sopa,30
Carne de primeira  grelhado(a)/brasa/churrasco,CARNE BOVINA,Concha,140
Carne de primeira  grelhado(a)/brasa/churrasco,CARNE BOVINA,Escumadeira,70
Carne de primeira  molho branco,CARNE BOVINA,File,100
Carne de primeira  molho branco,CARNE BOVINA,Bife,100
Carne de primeira  molho branco,CARNE BOVINA,Fatia,90
Carne de primeira  molho branco,CARNE BOVINA,Pedaço,35
Carne de primeira  molho branco,CARNE BOVINA,Porção,75
Carne de primeira  molho branco,CARNE BOVINA,Colher de Arroz,70
Carne de primeira  molho branco,CARNE BOVINA,Colher de Sopa,30
Carne de primeira  molho branco,CARNE BOVINA,Concha,140
Carne de primeira  molho branco,CARNE BOVINA,Escumadeira,70
Carne de primeira  molho vermelho,CARNE BOVINA,File,100
Carne de primeira  molho vermelho,CARNE BOVINA,Bife,100
Carne de primeira  molho vermelho,CARNE BOVINA,Fatia,90
Carne de primeira  molho vermelho,CARNE BOVINA,Pedaço,35
Carne de primeira  molho vermelho,CARNE BOVINA,Porção,75
Carne de primeira  molho vermelho,CARNE BOVINA,Colher de Arroz,70
Carne de primeira  molho vermelho,CARNE BOVINA,Colher de Sopa,30
Carne de primeira  molho vermelho,CARNE BOVINA,Concha,140
Carne de primeira  molho vermelho,CARNE BOVINA,Escumadeira,70
Carne de primeira  refogado(a),CARNE BOVINA,File,100
Carne de primeira  refogado(a),CARNE BOVINA,Bife,100
Carne de primeira  refogado(a),CARNE BOVINA,Fatia,90
Carne de primeira  refogado(a),CARNE BOVINA,Pedaço,35
Carne de primeira  refogado(a),CARNE BOVINA,Porção,75
Carne de primeira  refogado(a),CARNE BOVINA,Colher de Arroz,70
Carne de primeira  refogado(a),CARNE BOVINA,Colher de Sopa,30
Carne de primeira  refogado(a),CARNE BOVINA,Concha,140
Carne de primeira  refogado(a),CARNE BOVINA,Escumadeira,70
Carne de segunda  ao alho e oleo,CARNE BOVINA,File,100
Carne de segunda  ao alho e oleo,CARNE BOVINA,Bife,100
Carne de segunda  ao alho e oleo,CARNE BOVINA,Fatia,90
Carne de segunda  ao alho e oleo,CARNE BOVINA,Pedaço,35
Carne de segunda  ao alho e oleo,CARNE BOVINA,Porção,75
Carne de segunda  ao alho e oleo,CARNE BOVINA,Colher de Arroz,70
Carne de segunda  ao alho e oleo,CARNE BOVINA,Colher de Sopa,30
Carne de segunda  ao alho e oleo,CARNE BOVINA,Concha,140
Carne de segunda  ao alho e oleo,CARNE BOVINA,Escumadeira,70
Carne de segunda  assado(a),CARNE BOVINA,File,100
Carne de segunda  assado(a),CARNE BOVINA,Bife,100
Carne de segunda  assado(a),CARNE BOVINA,Fatia,90
Carne de segunda  assado(a),CARNE BOVINA,Pedaço,35
Carne de segunda  assado(a),CARNE BOVINA,Porção,75
Carne de segunda  assado(a),CARNE BOVINA,Colher de Arroz,70
Carne de segunda  assado(a),CARNE BOVINA,Colher de Sopa,30
Carne de segunda  assado(a),CARNE BOVINA,Concha,140
Carne de segunda  assado(a),CARNE BOVINA,Escumadeira,70
Carne de segunda  cozido(a),CARNE BOVINA,File,100
Carne de segunda  cozido(a),CARNE BOVINA,Bife,100
Carne de segunda  cozido(a),CARNE BOVINA,Fatia,90
Carne de segunda  cozido(a),CARNE BOVINA,Pedaço,35
Carne de segunda  cozido(a),CARNE BOVINA,Porção,75
Carne de segunda  cozido(a),CARNE BOVINA,Colher de Arroz,70
Carne de segunda  cozido(a),CARNE BOVINA,Colher de Sopa,30
Carne de segunda  cozido(a),CARNE BOVINA,Concha,140
Carne de segunda  cozido(a),CARNE BOVINA,Escumadeira,70
Carne de segunda  cru(a),CARNE BOVINA,File,100
Carne de segunda  cru(a),CARNE BOVINA,Bife,100
Carne de segunda  cru(a),CARNE BOVINA,Fatia,90
Carne de segunda  cru(a),CARNE BOVINA,Pedaço,35
Carne de segunda  cru(a),CARNE BOVINA,Porção,75
Carne de segunda  cru(a),CARNE BOVINA,Colher de Arroz,70
Carne de segunda  cru(a),CARNE BOVINA,Colher de Sopa,30
Carne de segunda  cru(a),CARNE BOVINA,Concha,140
Carne de segunda  cru(a),CARNE BOVINA,Escumadeira,70
Carne de segunda  empanado(a)/a milanesa,CARNE BOVINA,File,100
Carne de segunda  empanado(a)/a milanesa,CARNE BOVINA,Bife,100
Carne de segunda  empanado(a)/a milanesa,CARNE BOVINA,Fatia,90
Carne de segunda  empanado(a)/a milanesa,CARNE BOVINA,Pedaço,35
Carne de segunda  empanado(a)/a milanesa,CARNE BOVINA,Porção,75
Carne de segunda  empanado(a)/a milanesa,CARNE BOVINA,Colher de Arroz,70
Carne de segunda  empanado(a)/a milanesa,CARNE BOVINA,Colher de Sopa,30
Carne de segunda  empanado(a)/a milanesa,CARNE BOVINA,Concha,140
Carne de segunda  empanado(a)/a milanesa,CARNE BOVINA,Escumadeira,70
Carne de segunda  ensopado,CARNE BOVINA,File,100
Carne de segunda  ensopado,CARNE BOVINA,Bife,100
Carne de segunda  ensopado,CARNE BOVINA,Fatia,90
Carne de segunda  ensopado,CARNE BOVINA,Pedaço,35
Carne de segunda  ensopado,CARNE BOVINA,Porção,75
Carne de segunda  ensopado,CARNE BOVINA,Colher de Arroz,70
Carne de segunda  ensopado,CARNE BOVINA,Colher de Sopa,30
Carne de segunda  ensopado,CARNE BOVINA,Concha,140
Carne de segunda  ensopado,CARNE BOVINA,Escumadeira,70
Carne de segunda  frito(a),CARNE BOVINA,File,100
Carne de segunda  frito(a),CARNE BOVINA,Bife,100
Carne de segunda  frito(a),CARNE BOVINA,Fatia,90
Carne de segunda  frito(a),CARNE BOVINA,Pedaço,35
Carne de segunda  frito(a),CARNE BOVINA,Porção,75
Carne de segunda  frito(a),CARNE BOVINA,Colher de Arroz,70
Carne de segunda  frito(a),CARNE BOVINA,Colher de Sopa,30
Carne de segunda  frito(a),CARNE BOVINA,Concha,140
Carne de segunda  frito(a),CARNE BOVINA,Escumadeira,70
Carne de segunda  grelhado(a)/brasa/churrasco,CARNE BOVINA,File,100
Carne de segunda  grelhado(a)/brasa/churrasco,CARNE BOVINA,Bife,100
Carne de segunda  grelhado(a)/brasa/churrasco,CARNE BOVINA,Fatia,90
Carne de segunda  grelhado(a)/brasa/churrasco,CARNE BOVINA,Pedaço,35
Carne de segunda  grelhado(a)/brasa/churrasco,CARNE BOVINA,Porção,75
Carne de segunda  grelhado(a)/brasa/churrasco,CARNE BOVINA,Colher de Arroz,70
Carne de segunda  grelhado(a)/brasa/churrasco,CARNE BOVINA,Colher de Sopa,30
Carne de segunda  grelhado(a)/brasa/churrasco,CARNE BOVINA,Concha,140
Carne de segunda  grelhado(a)/brasa/churrasco,CARNE BOVINA,Escumadeira,70
Carne de segunda  molho vermelho,CARNE BOVINA,File,100
Carne de segunda  molho vermelho,CARNE BOVINA,Bife,100
Carne de segunda  molho vermelho,CARNE BOVINA,Fatia,90
Carne de segunda  molho vermelho,CARNE BOVINA,Pedaço,35
Carne de segunda  molho vermelho,CARNE BOVINA,Porção,75
Carne de segunda  molho vermelho,CARNE BOVINA,Colher de Arroz,70
Carne de segunda  molho vermelho,CARNE BOVINA,Colher de Sopa,30
Carne de segunda  molho vermelho,CARNE BOVINA,Concha,140
Carne de segunda  molho vermelho,CARNE BOVINA,Escumadeira,70
Carne de segunda  refogado(a),CARNE BOVINA,File,100
Carne de segunda  refogado(a),CARNE BOVINA,Bife,100
Carne de segunda  refogado(a),CARNE BOVINA,Fatia,90
Carne de segunda  refogado(a),CARNE BOVINA,Pedaço,35
Carne de segunda  refogado(a),CARNE BOVINA,Porção,75
Carne de segunda  refogado(a),CARNE BOVINA,Colher de Arroz,70
Carne de segunda  refogado(a),CARNE BOVINA,Colher de Sopa,30
Carne de segunda  refogado(a),CARNE BOVINA,Concha,140
Carne de segunda  refogado(a),CARNE BOVINA,Escumadeira,70
Carne de soja,LEGUMINOSAS,Bife,80
Carne de soja,LEGUMINOSAS,Pedaço,40
Carne de soja,LEGUMINOSAS,Colher de Arroz,48
Carne de soja,LEGUMINOSAS,Colher de Sopa,24
Carne de soja,LEGUMINOSAS,Concha,48
Carne de soja,LEGUMINOSAS,Unidade,80
Carne de sol assado(a),CARNE BOVINA,File,100
Carne de sol assado(a),CARNE BOVINA,Bife,100
Carne de sol assado(a),CARNE BOVINA,Fatia,90
Carne de sol assado(a),CARNE BOVINA,Pedaço,35
Carne de sol assado(a),CARNE BOVINA,Porção,75
Carne de sol assado(a),CARNE BOVINA,Colher de Arroz,70
Carne de sol assado(a),CARNE BOVINA,Colher de Sopa,30
Carne de sol assado(a),CARNE BOVINA,Concha,140
Carne de sol assado(a),CARNE BOVINA,Escumadeira,70
Carne de sol cozido(a),CARNE BOVINA,File,100
Carne de sol cozido(a),CARNE BOVINA,Bife,100
Carne de sol cozido(a),CARNE BOVINA,Fatia,90
Carne de sol cozido(a),CARNE BOVINA,Pedaço,35
Carne de sol cozido(a),CARNE BOVINA,Porção,75
Carne de sol cozido(a),CARNE BOVINA,Colher de Arroz,70
Carne de sol cozido(a),CARNE BOVINA,Colher de Sopa,30
Carne de sol cozido(a),CARNE BOVINA,Concha,140
Carne de sol cozido(a),CARNE BOVINA,Escumadeira,70
Carne de sol cru(a),CARNE BOVINA,File,100
Carne de sol cru(a),CARNE BOVINA,Bife,100
Carne de sol cru(a),CARNE BOVINA,Fatia,90
Carne de sol cru(a),CARNE BOVINA,Pedaço,35
Carne de sol cru(a),CARNE BOVINA,Porção,75
Carne de sol cru(a),CARNE BOVINA,Colher de Arroz,70
Carne de sol cru(a),CARNE BOVINA,Colher de Sopa,30
Carne de sol cru(a),CARNE BOVINA,Concha,140
Carne de sol cru(a),CARNE BOVINA,Escumadeira,70
Carne de sol ensopado,CARNE BOVINA,File,100
Carne de sol ensopado,CARNE BOVINA,Bife,100
Carne de sol ensopado,CARNE BOVINA,Fatia,90
Carne de sol ensopado,CARNE BOVINA,Pedaço,35
Carne de sol ensopado,CARNE BOVINA,Porção,75
Carne de sol ensopado,CARNE BOVINA,Colher de Arroz,70
Carne de sol ensopado,CARNE BOVINA,Colher de Sopa,30
Carne de sol ensopado,CARNE BOVINA,Concha,140
Carne de sol ensopado,CARNE BOVINA,Escumadeira,70
Carne de sol frito(a),CARNE BOVINA,File,100
Carne de sol frito(a),CARNE BOVINA,Bife,100
Carne de sol frito(a),CARNE BOVINA,Fatia,90
Carne de sol frito(a),CARNE BOVINA,Pedaço,35
Carne de sol frito(a),CARNE BOVINA,Porção,75
Carne de sol frito(a),CARNE BOVINA,Colher de Arroz,70
Carne de sol frito(a),CARNE BOVINA,Colher de Sopa,30
Carne de sol frito(a),CARNE BOVINA,Concha,140
Carne de sol frito(a),CARNE BOVINA,Escumadeira,70
Carne de sol grelhado(a)/brasa/churrasco,CARNE BOVINA,File,100
Carne de sol grelhado(a)/brasa/churrasco,CARNE BOVINA,Bife,100
Carne de sol grelhado(a)/brasa/churrasco,CARNE BOVINA,Fatia,90
Carne de sol grelhado(a)/brasa/churrasco,CARNE BOVINA,Pedaço,35
Carne de sol grelhado(a)/brasa/churrasco,CARNE BOVINA,Porção,75
Carne de sol grelhado(a)/brasa/churrasco,CARNE BOVINA,Colher de Arroz,70
Carne de sol grelhado(a)/brasa/churrasco,CARNE BOVINA,Colher de Sopa,30
Carne de sol grelhado(a)/brasa/churrasco,CARNE BOVINA,Concha,140
Carne de sol grelhado(a)/brasa/churrasco,CARNE BOVINA,Escumadeira,70
Carne do sertão assado(a),CARNE BOVINA,File,100
Carne do sertão assado(a),CARNE BOVINA,Bife,100
Carne do sertão assado(a),CARNE BOVINA,Fatia,90
Carne do sertão assado(a),CARNE BOVINA,Pedaço,35
Carne do sertão assado(a),CARNE BOVINA,Porção,75
Carne do sertão assado(a),CARNE BOVINA,Colher de Arroz,70
Carne do sertão assado(a),CARNE BOVINA,Colher de Sopa,30
Carne do sertão assado(a),CARNE BOVINA,Concha,140
Carne do sertão assado(a),CARNE BOVINA,Escumadeira,70
Carne do sertão cozido(a),CARNE BOVINA,File,100
Carne do sertão cozido(a),CARNE BOVINA,Bife,100
Carne do sertão cozido(a),CARNE BOVINA,Fatia,90
Carne do sertão cozido(a),CARNE BOVINA,Pedaço,35
Carne do sertão cozido(a),CARNE BOVINA,Porção,75
Carne do sertão cozido(a),CARNE BOVINA,Colher de Arroz,70
Carne do sertão cozido(a),CARNE BOVINA,Colher de Sopa,30
Carne do sertão cozido(a),CARNE BOVINA,Concha,140
Carne do sertão cozido(a),CARNE BOVINA,Escumadeira,70
Carne do sertão frito(a),CARNE BOVINA,File,100
Carne do sertão frito(a),CARNE BOVINA,Bife,100
Carne do sertão frito(a),CARNE BOVINA,Fatia,90
Carne do sertão frito(a),CARNE BOVINA,Pedaço,35
Carne do sertão frito(a),CARNE BOVINA,Porção,75
Carne do sertão frito(a),CARNE BOVINA,Colher de Arroz,70
Carne do sertão frito(a),CARNE BOVINA,Colher de Sopa,30
Carne do sertão frito(a),CARNE BOVINA,Concha,140
Carne do sertão frito(a),CARNE BOVINA,Escumadeira,70
Carne marica bovina cozido(a),CARNE BOVINA,File,100
Carne marica bovina cozido(a),CARNE BOVINA,Bife,100
Carne marica bovina cozido(a),CARNE BOVINA,Fatia,90
Carne marica bovina cozido(a),CARNE BOVINA,Pedaço,35
Carne marica bovina cozido(a),CARNE BOVINA,Porção,75
Carne marica bovina cozido(a),CARNE BOVINA,Colher de Arroz,70
Carne marica bovina cozido(a),CARNE BOVINA,Colher de Sopa,30
Carne marica bovina cozido(a),CARNE BOVINA,Concha,140
Carne marica bovina cozido(a),CARNE BOVINA,Escumadeira,70
Carne marica bovina frito(a),CARNE BOVINA,File,100
Carne marica bovina frito(a),CARNE BOVINA,Bife,100
Carne marica bovina frito(a),CARNE BOVINA,Fatia,90
Carne marica bovina frito(a),CARNE BOVINA,Pedaço,35
Carne marica bovina frito(a),CARNE BOVINA,Porção,75
Carne marica bovina frito(a),CARNE BOVINA,Colher de Arroz,70
Carne marica bovina frito(a),CARNE BOVINA,Colher de Sopa,30
Carne marica bovina frito(a),CARNE BOVINA,Concha,140
Carne marica bovina frito(a),CARNE BOVINA,Escumadeira,70
Carne marica bovina refogado(a),CARNE BOVINA,File,100
Carne marica bovina refogado(a),CARNE BOVINA,Bife,100
Carne marica bovina refogado(a),CARNE BOVINA,Fatia,90
Carne marica bovina refogado(a),CARNE BOVINA,Pedaço,35
Carne marica bovina refogado(a),CARNE BOVINA,Porção,75
Carne marica bovina refogado(a),CARNE BOVINA,Colher de Arroz,70
Carne marica bovina refogado(a),CARNE BOVINA,Colher de Sopa,30
Carne marica bovina refogado(a),CARNE BOVINA,Concha,140
Carne marica bovina refogado(a),CARNE BOVINA,Escumadeira,70
Carne moída,CARNE BOVINA,File,100
Carne moída,CARNE BOVINA,Bife,100
Carne moída,CARNE BOVINA,Fatia,90
Carne moída,CARNE BOVINA,Pedaço,35
Carne moída,CARNE BOVINA,Porção,75
Carne moída,CARNE BOVINA,Colher de Arroz,70
Carne moída,CARNE BOVINA,Colher de Sopa,30
Carne moída,CARNE BOVINA,Concha,140
Carne moída,CARNE BOVINA,Escumadeira,70
Carne moída  cru(a),CARNE BOVINA,File,100
Carne moída  cru(a),CARNE BOVINA,Bife,100
Carne moída  cru(a),CARNE BOVINA,Fatia,90
Carne moída  cru(a),CARNE BOVINA,Pedaço,35
Carne moída  cru(a),CARNE BOVINA,Porção,75
Carne moída  cru(a),CARNE BOVINA,Colher de Arroz,70
Carne moída  cru(a),CARNE BOVINA,Colher de Sopa,30
Carne moída  cru(a),CARNE BOVINA,Concha,140
Carne moída  cru(a),CARNE BOVINA,Escumadeira,70
Carne moída (crua),,File,100
Carne moída (crua),,Bife,100
Carne moída (crua),,Fatia,90
Carne moída (crua),,Pedaço,35
Carne moída (crua),,Porção,75
Carne moída (crua),,Colher de Arroz,70
Carne moída (crua),,Colher de Sopa,30
Carne moída (crua),,Concha,140
Carne moída (crua),,Escumadeira,70
Carne moída (refogada),,File,100
Carne moída (refogada),,Bife,100
Carne moída (refogada),,Fatia,90
Carne moída (refogada),,Pedaço,35
Carne moída (refogada),,Porção,75
Carne moída (refogada),,Colher de Arroz,70
Carne moída (refogada),,Colher de Sopa,30
Carne moída (refogada),,Concha,140
Carne moída (refogada),,Escumadeira,70
Carne moída ao alho e oleo,CARNE BOVINA,File,100
Carne moída ao alho e oleo,CARNE BOVINA,Bife,100
Carne moída ao alho e oleo,CARNE BOVINA,Fatia,90
Carne moída ao alho e oleo,CARNE BOVINA,Pedaço,35
Carne moída ao alho e oleo,CARNE BOVINA,Porção,75
Carne moída ao alho e oleo,CARNE BOVINA,Colher de Arroz,70
Carne moída ao alho e oleo,CARNE BOVINA,Colher de Sopa,30
Carne moída ao alho e oleo,CARNE BOVINA,Concha,140
Carne moída ao alho e oleo,CARNE BOVINA,Escumadeira,70
Carne moída assado(a),CARNE BOVINA,File,100
Carne moída assado(a),CARNE BOVINA,Bife,100
Carne moída assado(a),CARNE BOVINA,Fatia,90
Carne moída assado(a),CARNE BOVINA,Pedaço,35
Carne moída assado(a),CARNE BOVINA,Porção,75
Carne moída assado(a),CARNE BOVINA,Colher de Arroz,70
Carne moída assado(a),CARNE BOVINA,Colher de Sopa,30
Carne moída assado(a),CARNE BOVINA,Concha,140
Carne moída assado(a),CARNE BOVINA,Escumadeira,70
Carne moída cozido(a),CARNE BOVINA,File,100
Carne moída cozido(a),CARNE BOVINA,Bife,100
Carne moída cozido(a),CARNE BOVINA,Fatia,90
Carne moída cozido(a),CARNE BOVINA,Pedaço,35
Carne moída cozido(a),CARNE BOVINA,Porção,75
Carne moída cozido(a),CARNE BOVINA,Colher de Arroz,70
Carne moída cozido(a),CARNE BOVINA,Colher de Sopa,30
Carne moída cozido(a),CARNE BOVINA,Concha,140
Carne moída cozido(a),CARNE BOVINA,Escumadeira,70
Carne moída empanado(a)/a milanesa,CARNE BOVINA,File,100
Carne moída empanado(a)/a milanesa,CARNE BOVINA,Bife,100
Carne moída empanado(a)/a milanesa,CARNE BOVINA,Fatia,90
Carne moída empanado(a)/a milanesa,CARNE BOVINA,Pedaço,35
Carne moída empanado(a)/a milanesa,CARNE BOVINA,Porção,75
Carne moída empanado(a)/a milanesa,CARNE BOVINA,Colher de Arroz,70
Carne moída empanado(a)/a milanesa,CARNE BOVINA,Colher de Sopa,30
Carne moída empanado(a)/a milanesa,CARNE BOVINA,Concha,140
Carne moída empanado(a)/a milanesa,CARNE BOVINA,Escumadeira,70
Carne moída ensopado,CARNE BOVINA,File,100
Carne moída ensopado,CARNE BOVINA,Bife,100
Carne moída ensopado,CARNE BOVINA,Fatia,90
Carne moída ensopado,CARNE BOVINA,Pedaço,35
Carne moída ensopado,CARNE BOVINA,Porção,75
Carne moída ensopado,CARNE BOVINA,Colher de Arroz,70
Carne moída ensopado,CARNE BOVINA,Colher de Sopa,30
Carne moída ensopado,CARNE BOVINA,Concha,140
Carne moída ensopado,CARNE BOVINA,Escumadeira,70
Carne moída frito(a),CARNE BOVINA,File,100
Carne moída frito(a),CARNE BOVINA,Bife,100
Carne moída frito(a),CARNE BOVINA,Fatia,90
Carne moída frito(a),CARNE BOVINA,Pedaço,35
Carne moída frito(a),CARNE BOVINA,Porção,75
Carne moída frito(a),CARNE BOVINA,Colher de Arroz,70
Carne moída frito(a),CARNE BOVINA,Colher de Sopa,30
Carne moída frito(a),CARNE BOVINA,Concha,140
Carne moída frito(a),CARNE BOVINA,Escumadeira,70
Carne moída molho branco,CARNE BOVINA,File,100
Carne moída molho branco,CARNE BOVINA,Bife,100
Carne moída molho branco,CARNE BOVINA,Fatia,90
Carne moída molho branco,CARNE BOVINA,Pedaço,35
Carne moída molho branco,CARNE BOVINA,Porção,75
Carne moída molho branco,CARNE BOVINA,Colher de Arroz,70
Carne moída molho branco,CARNE BOVINA,Colher de Sopa,30
Carne moída molho branco,CARNE BOVINA,Concha,140
Carne moída molho branco,CARNE BOVINA,Escumadeira,70
Carne moída molho vermelho,CARNE BOVINA,File,100
Carne moída molho vermelho,CARNE BOVINA,Bife,100
Carne moída molho vermelho,CARNE BOVINA,Fatia,90
Carne moída molho vermelho,CARNE BOVINA,Pedaço,35
Carne moída molho vermelho,CARNE BOVINA,Porção,75
Carne moída molho vermelho,CARNE BOVINA,Colher de Arroz,70
Carne moída molho vermelho,CARNE BOVINA,Colher de Sopa,30
Carne moída molho vermelho,CARNE BOVINA,Concha,140
Carne moída molho vermelho,CARNE BOVINA,Escumadeira,70
Carne moída refogado(a),CARNE BOVINA,File,100
Carne moída refogado(a),CARNE BOVINA,Bife,100
Carne moída refogado(a),CARNE BOVINA,Fatia,90
Carne moída refogado(a),CARNE BOVINA,Pedaço,35
Carne moída refogado(a),CARNE BOVINA,Porção,75
Carne moída refogado(a),CARNE BOVINA,Colher de Arroz,70
Carne moída refogado(a),CARNE BOVINA,Colher de Sopa,30
Carne moída refogado(a),CARNE BOVINA,Concha,140
Carne moída refogado(a),CARNE BOVINA,Escumadeira,70
Carne salgada não especificada,CARNE BOVINA,File,100
Carne salgada não especificada,CARNE BOVINA,Bife,100
Carne salgada não especificada,CARNE BOVINA,Fatia,90
Carne salgada não especificada,CARNE BOVINA,Pedaço,35
Carne salgada não especificada,CARNE BOVINA,Porção,75
Carne salgada não especificada,CARNE BOVINA,Colher de Arroz,70
Carne salgada não especificada,CARNE BOVINA,Colher de Sopa,30
Carne salgada não especificada,CARNE BOVINA,Concha,140
Carne salgada não especificada,CARNE BOVINA,Escumadeira,70
Carne salgada não especificada assado(a),CARNE BOVINA,File,100
Carne salgada não especificada assado(a),CARNE BOVINA,Bife,100
Carne salgada não especificada assado(a),CARNE BOVINA,Fatia,90
Carne salgada não especificada assado(a),CARNE BOVINA,Pedaço,35
Carne salgada não especificada assado(a),CARNE BOVINA,Porção,75
Carne salgada não especificada assado(a),CARNE BOVINA,Colher de Arroz,70
Carne salgada não especificada assado(a),CARNE BOVINA,Colher de Sopa,30
Carne salgada não especificada assado(a),CARNE BOVINA,Concha,140
Carne salgada não especificada assado(a),CARNE BOVINA,Escumadeira,70
Carne salgada não especificada cozido(a),CARNE BOVINA,File,100
Carne salgada não especificada cozido(a),CARNE BOVINA,Bife,100
Carne salgada não especificada cozido(a),CARNE BOVINA,Fatia,90
Carne salgada não especificada cozido(a),CARNE BOVINA,Pedaço,35
Carne salgada não especificada cozido(a),CARNE BOVINA,Porção,75
Carne salgada não especificada cozido(a),CARNE BOVINA,Colher de Arroz,70
Carne salgada não especificada cozido(a),CARNE BOVINA,Colher de Sopa,30
Carne salgada não especificada cozido(a),CARNE BOVINA,Concha,140
Carne salgada não especificada cozido(a),CARNE BOVINA,Escumadeira,70
Carne salgada não especificada frito(a),CARNE BOVINA,File,100
Carne salgada não especificada frito(a),CARNE BOVINA,Bife,100
Carne salgada não especificada frito(a),CARNE BOVINA,Fatia,90
Carne salgada não especificada frito(a),CARNE BOVINA,Pedaço,35
Carne salgada não especificada frito(a),CARNE BOVINA,Porção,75
Carne salgada não especificada frito(a),CARNE BOVINA,Colher de Arroz,70
Carne salgada não especificada frito(a),CARNE BOVINA,Colher de Sopa,30
Carne salgada não especificada frito(a),CARNE BOVINA,Concha,140
Carne salgada não especificada frito(a),CARNE BOVINA,Escumadeira,70
Carne salgada não especificada grelhado(a)/brasa/churrasco,CARNE BOVINA,File,100
Carne salgada não especificada grelhado(a)/brasa/churrasco,CARNE BOVINA,Bife,100
Carne salgada não especificada grelhado(a)/brasa/churrasco,CARNE BOVINA,Fatia,90
Carne salgada não especificada grelhado(a)/brasa/churrasco,CARNE BOVINA,Pedaço,35
Carne salgada não especificada grelhado(a)/brasa/churrasco,CARNE BOVINA,Porção,75
Carne salgada não especificada grelhado(a)/brasa/churrasco,CARNE BOVINA,Colher de Arroz,70
Carne salgada não especificada grelhado(a)/brasa/churrasco,CARNE BOVINA,Colher de Sopa,30
Carne salgada não especificada grelhado(a)/brasa/churrasco,CARNE BOVINA,Concha,140
Carne salgada não especificada grelhado(a)/brasa/churrasco,CARNE BOVINA,Escumadeira,70
Carne salgada não especificada molho vermelho,CARNE BOVINA,File,100
Carne salgada não especificada molho vermelho,CARNE BOVINA,Bife,100
Carne salgada não especificada molho vermelho,CARNE BOVINA,Fatia,90
Carne salgada não especificada molho vermelho,CARNE BOVINA,Pedaço,35
Carne salgada não especificada molho vermelho,CARNE BOVINA,Porção,75
Carne salgada não especificada molho vermelho,CARNE BOVINA,Colher de Arroz,70
Carne salgada não especificada molho vermelho,CARNE BOVINA,Colher de Sopa,30
Carne salgada não especificada molho vermelho,CARNE BOVINA,Concha,140
Carne salgada não especificada molho vermelho,CARNE BOVINA,Escumadeira,70
Carne salgada não especificada refogado(a),CARNE BOVINA,File,100
Carne salgada não especificada refogado(a),CARNE BOVINA,Bife,100
Carne salgada não especificada refogado(a),CARNE BOVINA,Fatia,90
Carne salgada não especificada refogado(a),CARNE BOVINA,Pedaço,35
Carne salgada não especificada refogado(a),CARNE BOVINA,Porção,75
Carne salgada não especificada refogado(a),CARNE BOVINA,Colher de Arroz,70
Carne salgada não especificada refogado(a),CARNE BOVINA,Colher de Sopa,30
Carne salgada não especificada refogado(a),CARNE BOVINA,Concha,140
Carne salgada não especificada refogado(a),CARNE BOVINA,Escumadeira,70
Carne seca assado(a),CARNE BOVINA,File,100
Carne seca assado(a),CARNE BOVINA,Bife,100
Carne seca assado(a),CARNE BOVINA,Fatia,90
Carne seca assado(a),CARNE BOVINA,Pedaço,35
Carne seca assado(a),CARNE BOVINA,Porção,75
Carne seca assado(a),CARNE BOVINA,Colher de Arroz,70
Carne seca assado(a),CARNE BOVINA,Colher de Sopa,30
Carne seca assado(a),CARNE BOVINA,Concha,140
Carne seca assado(a),CARNE BOVINA,Escumadeira,70
Carne seca bovina (cozida),,File,100
Carne seca bovina (cozida),,Bife,100
Carne seca bovina (cozida),,Fatia,90
Carne seca bovina (cozida),,Pedaço,35
Carne seca bovina (cozida),,Porção,75
Carne seca bovina (cozida),,Colher de Arroz,70
Carne seca bovina (cozida),,Colher de Sopa,30
Carne seca bovina (cozida),,Concha,140
Carne seca bovina (cozida),,Escumadeira,70
Carne seca bovina (crua),,File,100
Carne seca bovina (crua),,Bife,100
Carne seca bovina (crua),,Fatia,90
Carne seca bovina (crua),,Pedaço,35
Carne seca bovina (crua),,Porção,75
Carne seca bovina (crua),,Colher de Arroz,70
Carne seca bovina (crua),,Colher de Sopa,30
Carne seca bovina (crua),,Concha,140
Carne seca bovina (crua),,Escumadeira,70
Carne seca cozido(a),CARNE BOVINA,File,100
Carne seca cozido(a),CARNE BOVINA,Bife,100
Carne seca cozido(a),CARNE BOVINA,Fatia,90
Carne seca cozido(a),CARNE BOVINA,Pedaço,35
Carne seca cozido(a),CARNE BOVINA,Porção,75
Carne seca cozido(a),CARNE BOVINA,Colher de Arroz,70
Carne seca cozido(a),CARNE BOVINA,Colher de Sopa,30
Carne seca cozido(a),CARNE BOVINA,Concha,140
Carne seca cozido(a),CARNE BOVINA,Escumadeira,70
Carne seca ensopado,CARNE BOVINA,File,100
Carne seca ensopado,CARNE BOVINA,Bife,100
Carne seca ensopado,CARNE BOVINA,Fatia,90
Carne seca ensopado,CARNE BOVINA,Pedaço,35
Carne seca ensopado,CARNE BOVINA,Porção,75
Carne seca ensopado,CARNE BOVINA,Colher de Arroz,70
Carne seca ensopado,CARNE BOVINA,Colher de Sopa,30
Carne seca ensopado,CARNE BOVINA,Concha,140
Carne seca ensopado,CARNE BOVINA,Escumadeira,70
Carne seca frito(a),CARNE BOVINA,File,100
Carne seca frito(a),CARNE BOVINA,Bife,100
Carne seca frito(a),CARNE BOVINA,Fatia,90
Carne seca frito(a),CARNE BOVINA,Pedaço,35
Carne seca frito(a),CARNE BOVINA,Porção,75
Carne seca frito(a),CARNE BOVINA,Colher de Arroz,70
Carne seca frito(a),CARNE BOVINA,Colher de Sopa,30
Carne seca frito(a),CARNE BOVINA,Concha,140
Carne seca frito(a),CARNE BOVINA,Escumadeira,70
Carne seca grelhado(a)/brasa/churrasco,CARNE BOVINA,File,100
Carne seca grelhado(a)/brasa/churrasco,CARNE BOVINA,Bife,100
Carne seca grelhado(a)/brasa/churrasco,CARNE BOVINA,Fatia,90
Carne seca grelhado(a)/brasa/churrasco,CARNE BOVINA,Pedaço,35
Carne seca grelhado(a)/brasa/churrasco,CARNE BOVINA,Porção,75
Carne seca grelhado(a)/brasa/churrasco,CARNE BOVINA,Colher de Arroz,70
Carne seca grelhado(a)/brasa/churrasco,CARNE BOVINA,Colher de Sopa,30
Carne seca grelhado(a)/brasa/churrasco,CARNE BOVINA,Concha,140
Carne seca grelhado(a)/brasa/churrasco,CARNE BOVINA,Escumadeira,70
Carne seca molho vermelho,CARNE BOVINA,File,100
Carne seca molho vermelho,CARNE BOVINA,Bife,100
Carne seca molho vermelho,CARNE BOVINA,Fatia,90
Carne seca molho vermelho,CARNE BOVINA,Pedaço,35
Carne seca molho vermelho,CARNE BOVINA,Porção,75
Carne seca molho vermelho,CARNE BOVINA,Colher de Arroz,70
Carne seca molho vermelho,CARNE BOVINA,Colher de Sopa,30
Carne seca molho vermelho,CARNE BOVINA,Concha,140
Carne seca molho vermelho,CARNE BOVINA,Escumadeira,70
Carne seca refogado(a),CARNE BOVINA,File,100
Carne seca refogado(a),CARNE BOVINA,Bife,100
Carne seca refogado(a),CARNE BOVINA,Fatia,90
Carne seca refogado(a),CARNE BOVINA,Pedaço,35
Carne seca refogado(a),CARNE BOVINA,Porção,75
Carne seca refogado(a),CARNE BOVINA,Colher de Arroz,70
Carne seca refogado(a),CARNE BOVINA,Colher de Sopa,30
Carne seca refogado(a),CARNE BOVINA,Concha,140
Carne seca refogado(a),CARNE BOVINA,Escumadeira,70
Carne suína,OUTRAS CARNES,Bife,100
Carne suína,OUTRAS CARNES,Fatia,90
Carne suína,OUTRAS CARNES,Pedaço,35
Carne suína,OUTRAS CARNES,Porção,75
Carne suína,OUTRAS CARNES,Colher de Arroz,70
Carne suína,OUTRAS CARNES,Colher de Sopa,30
Carne suína,OUTRAS CARNES,Concha,140
Carne suína,OUTRAS CARNES,Escumadeira,70
Carne suína ao alho e oleo,OUTRAS CARNES,Bife,100
Carne suína ao alho e oleo,OUTRAS CARNES,Fatia,90
Carne suína ao alho e oleo,OUTRAS CARNES,Pedaço,35
Carne suína ao alho e oleo,OUTRAS CARNES,Porção,75
Carne suína ao alho e oleo,OUTRAS CARNES,Colher de Arroz,70
Carne suína ao alho e oleo,OUTRAS CARNES,Colher de Sopa,30
Carne suína ao alho e oleo,OUTRAS CARNES,Concha,140
Carne suína ao alho e oleo,OUTRAS CARNES,Escumadeira,70
Carne suína assado(a),OUTRAS CARNES,Bife,100
Carne suína assado(a),OUTRAS CARNES,Fatia,90
Carne suína assado(a),OUTRAS CARNES,Pedaço,35
Carne suína assado(a),OUTRAS CARNES,Porção,75
Carne suína assado(a),OUTRAS CARNES,Colher de Arroz,70
Carne suína assado(a),OUTRAS CARNES,Colher de Sopa,30
Carne suína assado(a),OUTRAS CARNES,Concha,140
Carne suína assado(a),OUTRAS CARNES,Escumadeira,70
Carne suína cozido(a),OUTRAS CARNES,Bife,100
Carne suína cozido(a),OUTRAS CARNES,Fatia,90
Carne suína cozido(a),OUTRAS CARNES,Pedaço,35
Carne suína cozido(a),OUTRAS CARNES,Porção,75
Carne suína cozido(a),OUTRAS CARNES,Colher de Arroz,70
Carne suína cozido(a),OUTRAS CARNES,Colher de Sopa,30
Carne suína cozido(a),OUTRAS CARNES,Concha,140
Carne suína cozido(a),OUTRAS CARNES,Escumadeira,70
Carne suína cru(a),OUTRAS CARNES,Bife,100
Carne suína cru(a),OUTRAS CARNES,Fatia,90
Carne suína cru(a),OUTRAS CARNES,Pedaço,35
Carne suína cru(a),OUTRAS CARNES,Porção,75
Carne suína cru(a),OUTRAS CARNES,Colher de Arroz,70
Carne suína cru(a),OUTRAS CARNES,Colher de Sopa,30
Carne suína cru(a),OUTRAS CARNES,Concha,140
Carne suína cru(a),OUTRAS CARNES,Escumadeira,70
Carne suína empanado(a)/a milanesa,OUTRAS CARNES,Bife,100
Carne suína empanado(a)/a milanesa,OUTRAS CARNES,Fatia,90
Carne suína empanado(a)/a milanesa,OUTRAS CARNES,Pedaço,35
Carne suína empanado(a)/a milanesa,OUTRAS CARNES,Porção,75
Carne suína empanado(a)/a milanesa,OUTRAS CARNES,Colher de Arroz,70
Carne suína empanado(a)/a milanesa,OUTRAS CARNES,Colher de Sopa,30
Carne suína empanado(a)/a milanesa,OUTRAS CARNES,Concha,140
Carne suína empanado(a)/a milanesa,OUTRAS CARNES,Escumadeira,70
Carne suína ensopado,OUTRAS CARNES,Bife,100
Carne suína ensopado,OUTRAS CARNES,Fatia,90
Carne suína ensopado,OUTRAS CARNES,Pedaço,35
Carne suína ensopado,OUTRAS CARNES,Porção,75
Carne suína ensopado,OUTRAS CARNES,Colher de Arroz,70
Carne suína ensopado,OUTRAS CARNES,Colher de Sopa,30
Carne suína ensopado,OUTRAS CARNES,Concha,140
Carne suína ensopado,OUTRAS CARNES,Escumadeira,70
Carne suína frito(a),OUTRAS CARNES,Bife,100
Carne suína frito(a),OUTRAS CARNES,Fatia,90
Carne suína frito(a),OUTRAS CARNES,Pedaço,35
Carne suína frito(a),OUTRAS CARNES,Porção,75
Carne suína frito(a),OUTRAS CARNES,Colher de Arroz,70
Carne suína frito(a),OUTRAS CARNES,Colher de Sopa,30
Carne suína frito(a),OUTRAS CARNES,Concha,140
Carne suína frito(a),OUTRAS CARNES,Escumadeira,70
Carne suína grelhado(a)/brasa/churrasco,OUTRAS CARNES,Bife,100
Carne suína grelhado(a)/brasa/churrasco,OUTRAS CARNES,Fatia,90
Carne suína grelhado(a)/brasa/churrasco,OUTRAS CARNES,Pedaço,35
Carne suína grelhado(a)/brasa/churrasco,OUTRAS CARNES,Porção,75
Carne suína grelhado(a)/brasa/churrasco,OUTRAS CARNES,Colher de Arroz,70
Carne suína grelhado(a)/brasa/churrasco,OUTRAS CARNES,Colher de Sopa,30
Carne suína grelhado(a)/brasa/churrasco,OUTRAS CARNES,Concha,140
Carne suína grelhado(a)/brasa/churrasco,OUTRAS CARNES,Escumadeira,70
Carne suína molho vermelho,OUTRAS CARNES,Bife,100
Carne suína molho vermelho,OUTRAS CARNES,Fatia,90
Carne suína molho vermelho,OUTRAS CARNES,Pedaço,35
Carne suína molho vermelho,OUTRAS CARNES,Porção,75
Carne suína molho vermelho,OUTRAS CARNES,Colher de Arroz,70
Carne suína molho vermelho,OUTRAS CARNES,Colher de Sopa,30
Carne suína molho vermelho,OUTRAS CARNES,Concha,140
Carne suína molho vermelho,OUTRAS CARNES,Escumadeira,70
Carne suína refogado(a),OUTRAS CARNES,Bife,100
Carne suína refogado(a),OUTRAS CARNES,Fatia,90
Carne suína refogado(a),OUTRAS CARNES,Pedaço,35
Carne suína refogado(a),OUTRAS CARNES,Porção,75
Carne suína refogado(a),OUTRAS CARNES,Colher de Arroz,70
Carne suína refogado(a),OUTRAS CARNES,Colher de Sopa,30
Carne suína refogado(a),OUTRAS CARNES,Concha,140
Carne suína refogado(a),OUTRAS CARNES,Escumadeira,70
"Carne, boi, acém, assado, s/ sal, Bos taurus",,File,100
"Carne, boi, acém, assado, s/ sal, Bos taurus",,Bife,100
"Carne, boi, acém, assado, s/ sal, Bos taurus",,Fatia,90
"Carne, boi, acém, assado, s/ sal, Bos taurus",,Pedaço,35
"Carne, boi, acém, assado, s/ sal, Bos taurus",,Porção,75
"Carne, boi, acém, assado, s/ sal, Bos taurus",,Colher de Arroz,70
"Carne, boi, acém, assado, s/ sal, Bos taurus",,Colher de Sopa,30
"Carne, boi, acém, assado, s/ sal, Bos taurus",,Concha,140
"Carne, boi, acém, assado, s/ sal, Bos taurus",,Escumadeira,70
"Carne, boi, acém, crua, Bos taurus",,File,100
"Carne, boi, acém, crua, Bos taurus",,Bife,100
"Carne, boi, acém, crua, Bos taurus",,Fatia,90
"Carne, boi, acém, crua, Bos taurus",,Pedaço,35
"Carne, boi, acém, crua, Bos taurus",,Porção,75
"Carne, boi, acém, crua, Bos taurus",,Colher de Arroz,70
"Carne, boi, acém, crua, Bos taurus",,Colher de Sopa,30
"Carne, boi, acém, crua, Bos taurus",,Concha,140
"Carne, boi, acém, crua, Bos taurus",,Escumadeira,70
"Carne, boi, acém, moída, crua, Bos taurus",,File,100
"Carne, boi, acém, moída, crua, Bos taurus",,Bife,100
"Carne, boi, acém, moída, crua, Bos taurus",,Fatia,90
"Carne, boi, acém, moída, crua, Bos taurus",,Pedaço,35
"Carne, boi, acém, moída, crua, Bos taurus",,Porção,75
"Carne, boi, acém, moída, crua, Bos taurus",,Colher de Arroz,70
"Carne, boi, acém, moída, crua, Bos taurus",,Colher de Sopa,30
"Carne, boi, acém, moída, crua, Bos taurus",,Concha,140
"Carne, boi, acém, moída, crua, Bos taurus",,Escumadeira,70
"Carne, boi, acém, moída, refogada c/ óleo e temperos, c/ sal, Bos taurus",,File,100
"Carne, boi, acém, moída, refogada c/ óleo e temperos, c/ sal, Bos taurus",,Bife,100
"Carne, boi, acém, moída, refogada c/ óleo e temperos, c/ sal, Bos taurus",,Fatia,90
"Carne, boi, acém, moída, refogada c/ óleo e temperos, c/ sal, Bos taurus",,Pedaço,35
"Carne, boi, acém, moída, refogada c/ óleo e temperos, c/ sal, Bos taurus",,Porção,75
"Carne, boi, acém, moída, refogada c/ óleo e temperos, c/ sal, Bos taurus",,Colher de Arroz,70
"Carne, boi, acém, moída, refogada c/ óleo e temperos, c/ sal, Bos taurus",,Colher de Sopa,30
"Carne, boi, acém, moída, refogada c/ óleo e temperos, c/ sal, Bos taurus",,Concha,140
"Carne, boi, acém, moída, refogada c/ óleo e temperos, c/ sal, Bos taurus",,Escumadeira,70
"Carne, boi, acém, moída, refogada c/ óleo e temperos, s/ sal, Bos taurus",,File,100
"Carne, boi, acém, moída, refogada c/ óleo e temperos, s/ sal, Bos taurus",,Bife,100
"Carne, boi, acém, moída, refogada c/ óleo e temperos, s/ sal, Bos taurus",,Fatia,90
"Carne, boi, acém, moída, refogada c/ óleo e temperos, s/ sal, Bos taurus",,Pedaço,35
"Carne, boi, acém, moída, refogada c/ óleo e temperos, s/ sal, Bos taurus",,Porção,75
"Carne, boi, acém, moída, refogada c/ óleo e temperos, s/ sal, Bos taurus",,Colher de Arroz,70
"Carne, boi, acém, moída, refogada c/ óleo e temperos, s/ sal, Bos taurus",,Colher de Sopa,30
"Carne, boi, acém, moída, refogada c/ óleo e temperos, s/ sal, Bos taurus",,Concha,140
"Carne, boi, acém, moída, refogada c/ óleo e temperos, s/ sal, Bos taurus",,Escumadeira,70
"Carne, boi, alcatra, crua, Bos taurus (média de amostras frescas, resfriada, congelada)",,File,100
"Carne, boi, alcatra, crua, Bos taurus (média de amostras frescas, resfriada, congelada)",,Bife,100
"Carne, boi, alcatra, crua, Bos taurus (média de amostras frescas, resfriada, congelada)",,Fatia,90
"Carne, boi, alcatra, crua, Bos taurus (média de amostras frescas, resfriada, congelada)",,Pedaço,35
"Carne, boi, alcatra, crua, Bos taurus (média de amostras frescas, resfriada, congelada)",,Porção,75
"Carne, boi, alcatra, crua, Bos taurus (média de amostras frescas, resfriada, congelada)",,Colher de Arroz,70
"Carne, boi, alcatra, crua, Bos taurus (média de amostras frescas, resfriada, congelada)",,Colher de Sopa,30
"Carne, boi, alcatra, crua, Bos taurus (média de amostras frescas, resfriada, congelada)",,Concha,140
"Carne, boi, alcatra, crua, Bos taurus (média de amostras frescas, resfriada, congelada)",,Escumadeira,70
"Carne, boi, bucho, crua, Bos taurus",,Fatia,90
"Carne, boi, bucho, crua, Bos taurus",,Pedaço,35
"Carne, boi, bucho, crua, Bos taurus",,Porção,75
"Carne, boi, bucho, crua, Bos taurus",,Colher de Arroz,70
"Carne, boi, bucho, crua, Bos taurus",,Colher de Sopa,30
"Carne, boi, bucho, crua, Bos taurus",,Concha,140
"Carne, boi, bucho, crua, Bos taurus",,Escumadeira,70
"Carne, boi, c/ gordura, bucho, cozida, s/ sal, Bos taurus",,File,100
"Carne, boi, c/ gordura, bucho, cozida, s/ sal, Bos taurus",,Bife,100
"Carne, boi, c/ gordura, bucho, cozida, s/ sal, Bos taurus",,Fatia,90
"Carne, boi, c/ gordura, bucho, cozida, s/ sal, Bos taurus",,Pedaço,35
"Carne, boi, c/ gordura, bucho, cozida, s/ sal, Bos taurus",,Porção,75
"Carne, boi, c/ gordura, bucho, cozida, s/ sal, Bos taurus",,Colher de Arroz,70
"Carne, boi, c/ gordura, bucho, cozida, s/ sal, Bos taurus",,Colher de Sopa,30
"Carne, boi, c/ gordura, bucho, cozida, s/ sal, Bos taurus",,Concha,140
"Carne, boi, c/ gordura, bucho, cozida, s/ sal, Bos taurus",,Escumadeira,70
"Carne, boi, c/ gordura, capa de contra filé, crua, Bos taurus",,File,100
"Carne, boi, c/ gordura, capa de contra filé, crua, Bos taurus",,Bife,100
"Carne, boi, c/ gordura, capa de contra filé, crua, Bos taurus",,Fatia,90
"Carne, boi, c/ gordura, capa de contra filé, crua, Bos taurus",,Pedaço,35
"Carne, boi, c/ gordura, capa de contra filé, crua, Bos taurus",,Porção,75
"Carne, boi, c/ gordura, capa de contra filé, crua, Bos taurus",,Colher de Arroz,70
"Carne, boi, c/ gordura, capa de contra filé, crua, Bos taurus",,Colher de Sopa,30
"Carne, boi, c/ gordura, capa de contra filé, crua, Bos taurus",,Concha,140
"Carne, boi, c/ gordura, capa de contra filé, crua, Bos taurus",,Escumadeira,70
"Carne, boi, c/ gordura, contra-filé, crua, Bos taurus (média várias amostras)",,File,100
"Carne, boi, c/ gordura, contra-filé, crua, Bos taurus (média várias amostras)",,Bife,100
"Carne, boi, c/ gordura, contra-filé, crua, Bos taurus (média várias amostras)",,Fatia,90
"Carne, boi, c/ gordura, contra-filé, crua, Bos taurus (média várias amostras)",,Pedaço,35
"Carne, boi, c/ gordura, contra-filé, crua, Bos taurus (média várias amostras)",,Porção,75
"Carne, boi, c/ gordura, contra-filé, crua, Bos taurus (média várias amostras)",,Colher de Arroz,70
"Carne, boi, c/ gordura, contra-filé, crua, Bos taurus (média várias amostras)",,Colher de Sopa,30
"Carne, boi, c/ gordura, contra-filé, crua, Bos taurus (média várias amostras)",,Concha,140
"Carne, boi, c/ gordura, contra-filé, crua, Bos taurus (média várias amostras)",,Escumadeira,70
"Carne, boi, c/ gordura, fraldinha, cozida, s/ sal, Bos taurus",,File,100
"Carne, boi, c/ gordura, fraldinha, cozida, s/ sal, Bos taurus",,Bife,100
"Carne, boi, c/ gordura, fraldinha, cozida, s/ sal, Bos taurus",,Fatia,90
"Carne, boi, c/ gordura, fraldinha, cozida, s/ sal, Bos taurus",,Pedaço,35
"Carne, boi, c/ gordura, fraldinha, cozida, s/ sal, Bos taurus",,Porção,75
"Carne, boi, c/ gordura, fraldinha, cozida, s/ sal, Bos taurus",,Colher de Arroz,70
"Carne, boi, c/ gordura, fraldinha, cozida, s/ sal, Bos taurus",,Colher de Sopa,30
"Carne, boi, c/ gordura, fraldinha, cozida, s/ sal, Bos taurus",,Concha,140
"Carne, boi, c/ gordura, fraldinha, cozida, s/ sal, Bos taurus",,Escumadeira,70
"Carne, boi, c/ gordura, fraldinha, crua, Bos taurus",,File,100
"Carne, boi, c/ gordura, fraldinha, crua, Bos taurus",,Bife,100
"Carne, boi, c/ gordura, fraldinha, crua, Bos taurus",,Fatia,90
"Carne, boi, c/ gordura, fraldinha, crua, Bos taurus",,Pedaço,35
"Carne, boi, c/ gordura, fraldinha, crua, Bos taurus",,Porção,75
"Carne, boi, c/ gordura, fraldinha, crua, Bos taurus",,Colher de Arroz,70
"Carne, boi, c/ gordura, fraldinha, crua, Bos taurus",,Colher de Sopa,30
"Carne, boi, c/ gordura, fraldinha, crua, Bos taurus",,Concha,140
"Carne, boi, c/ gordura, fraldinha, crua, Bos taurus",,Escumadeira,70
"Carne, boi, c/ gordura, paleta, crua, Bos taurus",,File,100
"Carne, boi, c/ gordura, paleta, crua, Bos taurus",,Bife,100
"Carne, boi, c/ gordura, paleta, crua, Bos taurus",,Fatia,90
"Carne, boi, c/ gordura, paleta, crua, Bos taurus",,Pedaço,35
"Carne, boi, c/ gordura, paleta, crua, Bos taurus",,Porção,75
"Carne, boi, c/ gordura, paleta, crua, Bos taurus",,Colher de Arroz,70
"Carne, boi, c/ gordura, paleta, crua, Bos taurus",,Colher de Sopa,30
"Carne, boi, c/ gordura, paleta, crua, Bos taurus",,Concha,140
"Carne, boi, c/ gordura, paleta, crua, Bos taurus",,Escumadeira,70
"Carne, boi, c/ gordura, picanha, grelhada, s/ sal, Bos taurus",,File,100
"Carne, boi, c/ gordura, picanha, grelhada, s/ sal, Bos taurus",,Bife,100
"Carne, boi, c/ gordura, picanha, grelhada, s/ sal, Bos taurus",,Fatia,90
"Carne, boi, c/ gordura, picanha, grelhada, s/ sal, Bos taurus",,Pedaço,35
"Carne, boi, c/ gordura, picanha, grelhada, s/ sal, Bos taurus",,Porção,75
"Carne, boi, c/ gordura, picanha, grelhada, s/ sal, Bos taurus",,Colher de Arroz,70
"Carne, boi, c/ gordura, picanha, grelhada, s/ sal, Bos taurus",,Colher de Sopa,30
"Carne, boi, c/ gordura, picanha, grelhada, s/ sal, Bos taurus",,Concha,140
"Carne, boi, c/ gordura, picanha, grelhada, s/ sal, Bos taurus",,Escumadeira,70
"Carne, boi, c/ gordura, quarto traseiro, grelhada, s/ sal, Bos taurus",,File,100
"Carne, boi, c/ gordura, quarto traseiro, grelhada, s/ sal, Bos taurus",,Bife,100
"Carne, boi, c/ gordura, quarto traseiro, grelhada, s/ sal, Bos taurus",,Fatia,90
"Carne, boi, c/ gordura, quarto traseiro, grelhada, s/ sal, Bos taurus",,Pedaço,35
"Carne, boi, c/ gordura, quarto traseiro, grelhada, s/ sal, Bos taurus",,Porção,75
"Carne, boi, c/ gordura, quarto traseiro, grelhada, s/ sal, Bos taurus",,Colher de Arroz,70
"Carne, boi, c/ gordura, quarto traseiro, grelhada, s/ sal, Bos taurus",,Colher de Sopa,30
"Carne, boi, c/ gordura, quarto traseiro, grelhada, s/ sal, Bos taurus",,Concha,140
"Carne, boi, c/ gordura, quarto traseiro, grelhada, s/ sal, Bos taurus",,Escumadeira,70
"Carne, boi, capa de contra-filé, grelhada, Bos taurus",,File,100
"Carne, boi, capa de contra-filé, grelhada, Bos taurus",,Bife,100
"Carne, boi, capa de contra-filé, grelhada, Bos taurus",,Fatia,90
"Carne, boi, capa de contra-filé, grelhada, Bos taurus",,Pedaço,35
"Carne, boi, capa de contra-filé, grelhada, Bos taurus",,Porção,75
"Carne, boi, capa de contra-filé, grelhada, Bos taurus",,Colher de Arroz,70
"Carne, boi, capa de contra-filé, grelhada, Bos taurus",,Colher de Sopa,30
"Carne, boi, capa de contra-filé, grelhada, Bos taurus",,Concha,140
"Carne, boi, capa de contra-filé, grelhada, Bos taurus",,Escumadeira,70
"Carne, boi, contrafilé de costela, grelhada, s/ sal, Bos taurus",,File,100
"Carne, boi, contrafilé de costela, grelhada, s/ sal, Bos taurus",,Bife,100
"Carne, boi, contrafilé de costela, grelhada, s/ sal, Bos taurus",,Fatia,90
"Carne, boi, contrafilé de costela, grelhada, s/ sal, Bos taurus",,Pedaço,35
"Carne, boi, contrafilé de costela, grelhada, s/ sal, Bos taurus",,Porção,75
"Carne, boi, contrafilé de costela, grelhada, s/ sal, Bos taurus",,Colher de Arroz,70
"Carne, boi, contrafilé de costela, grelhada, s/ sal, Bos taurus",,Colher de Sopa,30
"Carne, boi, contrafilé de costela, grelhada, s/ sal, Bos taurus",,Concha,140
"Carne, boi, contrafilé de costela, grelhada, s/ sal, Bos taurus",,Escumadeira,70
"Carne, boi, contrafilé, à milanesa, s/ sal, Bos taurus",,File,100
"Carne, boi, contrafilé, à milanesa, s/ sal, Bos taurus",,Bife,100
"Carne, boi, contrafilé, à milanesa, s/ sal, Bos taurus",,Fatia,90
"Carne, boi, contrafilé, à milanesa, s/ sal, Bos taurus",,Pedaço,35
"Carne, boi, contrafilé, à milanesa, s/ sal, Bos taurus",,Porção,75
"Carne, boi, contrafilé, à milanesa, s/ sal, Bos taurus",,Colher de Arroz,70
"Carne, boi, contrafilé, à milanesa, s/ sal, Bos taurus",,Colher de Sopa,30
"Carne, boi, contrafilé, à milanesa, s/ sal, Bos taurus",,Concha,140
"Carne, boi, contrafilé, à milanesa, s/ sal, Bos taurus",,Escumadeira,70
"Carne, boi, contra-filé, crua, Bos taurus (média várias amostras) (TBCA)",,File,100
"Carne, boi, contra-filé, crua, Bos taurus (média várias amostras) (TBCA)",,Bife,100
"Carne, boi, contra-filé, crua, Bos taurus (média várias amostras) (TBCA)",,Fatia,90
"Carne, boi, contra-filé, crua, Bos taurus (média várias amostras) (TBCA)",,Pedaço,35
"Carne, boi, contra-filé, crua, Bos taurus (média várias amostras) (TBCA)",,Porção,75
"Carne, boi, contra-filé, crua, Bos taurus (média várias amostras) (TBCA)",,Colher de Arroz,70
"Carne, boi, contra-filé, crua, Bos taurus (média várias amostras) (TBCA)",,Colher de Sopa,30
"Carne, boi, contra-filé, crua, Bos taurus (média várias amostras) (TBCA)",,Concha,140
"Carne, boi, contra-filé, crua, Bos taurus (média várias amostras) (TBCA)",,Escumadeira,70
"Carne, boi, contra-filé, crua, Bos taurus (média várias amostras) (TBCA)",,File,100
"Carne, boi, contra-filé, crua, Bos taurus (média várias amostras) (TBCA)",,Bife,100
"Carne, boi, contra-filé, crua, Bos taurus (média várias amostras) (TBCA)",,Fatia,90
"Carne, boi, contra-filé, crua, Bos taurus (média várias amostras) (TBCA)",,Pedaço,35
"Carne, boi, contra-filé, crua, Bos taurus (média várias amostras) (TBCA)",,Porção,75
"Carne, boi, contra-filé, crua, Bos taurus (média várias amostras) (TBCA)",,Colher de Arroz,70
"Carne, boi, contra-filé, crua, Bos taurus (média várias amostras) (TBCA)",,Colher de Sopa,30
"Carne, boi, contra-filé, crua, Bos taurus (média várias amostras) (TBCA)",,Concha,140
"Carne, boi, contra-filé, crua, Bos taurus (média várias amostras) (TBCA)",,Escumadeira,70
"Carne, boi, contrafilé, grelhado/frito, s/ sal, Bos taurus",,File,100
"Carne, boi, contrafilé, grelhado/frito, s/ sal, Bos taurus",,Bife,100
"Carne, boi, contrafilé, grelhado/frito, s/ sal, Bos taurus",,Fatia,90
"Carne, boi, contrafilé, grelhado/frito, s/ sal, Bos taurus",,Pedaço,35
"Carne, boi, contrafilé, grelhado/frito, s/ sal, Bos taurus",,Porção,75
"Carne, boi, contrafilé, grelhado/frito, s/ sal, Bos taurus",,Colher de Arroz,70
"Carne, boi, contrafilé, grelhado/frito, s/ sal, Bos taurus",,Colher de Sopa,30
"Carne, boi, contrafilé, grelhado/frito, s/ sal, Bos taurus",,Concha,140
"Carne, boi, contrafilé, grelhado/frito, s/ sal, Bos taurus",,Escumadeira,70
"Carne, boi, costela, assado, s/ sal, Bos taurus",,Fatia,90
"Carne, boi, costela, assado, s/ sal, Bos taurus",,Pedaço,35
"Carne, boi, costela, assado, s/ sal, Bos taurus",,Porção,75
"Carne, boi, costela, assado, s/ sal, Bos taurus",,Colher de Arroz,70
"Carne, boi, costela, assado, s/ sal, Bos taurus",,Colher de Sopa,30
"Carne, boi, costela, assado, s/ sal, Bos taurus",,Concha,140
"Carne, boi, costela, assado, s/ sal, Bos taurus",,Escumadeira,70
"Carne, boi, costela, crua, Bos taurus",,Fatia,90
"Carne, boi, costela, crua, Bos taurus",,Pedaço,35
"Carne, boi, costela, crua, Bos taurus",,Porção,75
"Carne, boi, costela, crua, Bos taurus",,Colher de Arroz,70
"Carne, boi, costela, crua, Bos taurus",,Colher de Sopa,30
"Carne, boi, costela, crua, Bos taurus",,Concha,140
"Carne, boi, costela, crua, Bos taurus",,Escumadeira,70
"Carne, boi, coxão duro (chã de fora), crua, Bos taurus",,File,100
"Carne, boi, coxão duro (chã de fora), crua, Bos taurus",,Bife,100
"Carne, boi, coxão duro (chã de fora), crua, Bos taurus",,Fatia,90
"Carne, boi, coxão duro (chã de fora), crua, Bos taurus",,Pedaço,35
"Carne, boi, coxão duro (chã de fora), crua, Bos taurus",,Porção,75
"Carne, boi, coxão duro (chã de fora), crua, Bos taurus",,Colher de Arroz,70
"Carne, boi, coxão duro (chã de fora), crua, Bos taurus",,Colher de Sopa,30
"Carne, boi, coxão duro (chã de fora), crua, Bos taurus",,Concha,140
"Carne, boi, coxão duro (chã de fora), crua, Bos taurus",,Escumadeira,70
"Carne, boi, cozida, charque, dessalgada, Bos taurus",,File,100
"Carne, boi, cozida, charque, dessalgada, Bos taurus",,Bife,100
"Carne, boi, cozida, charque, dessalgada, Bos taurus",,Fatia,90
"Carne, boi, cozida, charque, dessalgada, Bos taurus",,Pedaço,35
"Carne, boi, cozida, charque, dessalgada, Bos taurus",,Porção,75
"Carne, boi, cozida, charque, dessalgada, Bos taurus",,Colher de Arroz,70
"Carne, boi, cozida, charque, dessalgada, Bos taurus",,Colher de Sopa,30
"Carne, boi, cozida, charque, dessalgada, Bos taurus",,Concha,140
"Carne, boi, cozida, charque, dessalgada, Bos taurus",,Escumadeira,70
"Carne, boi, cozida, charque, dessalgada, Bos taurus (média de diferentes amostras)",,File,100
"Carne, boi, cozida, charque, dessalgada, Bos taurus (média de diferentes amostras)",,Bife,100
"Carne, boi, cozida, charque, dessalgada, Bos taurus (média de diferentes amostras)",,Fatia,90
"Carne, boi, cozida, charque, dessalgada, Bos taurus (média de diferentes amostras)",,Pedaço,35
"Carne, boi, cozida, charque, dessalgada, Bos taurus (média de diferentes amostras)",,Porção,75
"Carne, boi, cozida, charque, dessalgada, Bos taurus (média de diferentes amostras)",,Colher de Arroz,70
"Carne, boi, cozida, charque, dessalgada, Bos taurus (média de diferentes amostras)",,Colher de Sopa,30
"Carne, boi, cozida, charque, dessalgada, Bos taurus (média de diferentes amostras)",,Concha,140
"Carne, boi, cozida, charque, dessalgada, Bos taurus (média de diferentes amostras)",,Escumadeira,70
"Carne, boi, cozida, seca, Bos taurus",,File,100
"Carne, boi, cozida, seca, Bos taurus",,Bife,100
"Carne, boi, cozida, seca, Bos taurus",,Fatia,90
"Carne, boi, cozida, seca, Bos taurus",,Pedaço,35
"Carne, boi, cozida, seca, Bos taurus",,Porção,75
"Carne, boi, cozida, seca, Bos taurus",,Colher de Arroz,70
"Carne, boi, cozida, seca, Bos taurus",,Colher de Sopa,30
"Carne, boi, cozida, seca, Bos taurus",,Concha,140
"Carne, boi, cozida, seca, Bos taurus",,Escumadeira,70
"Carne, boi, crua, salgada, Bos taurus (média de diferentes amostras)",,File,100
"Carne, boi, crua, salgada, Bos taurus (média de diferentes amostras)",,Bife,100
"Carne, boi, crua, salgada, Bos taurus (média de diferentes amostras)",,Fatia,90
"Carne, boi, crua, salgada, Bos taurus (média de diferentes amostras)",,Pedaço,35
"Carne, boi, crua, salgada, Bos taurus (média de diferentes amostras)",,Porção,75
"Carne, boi, crua, salgada, Bos taurus (média de diferentes amostras)",,Colher de Arroz,70
"Carne, boi, crua, salgada, Bos taurus (média de diferentes amostras)",,Colher de Sopa,30
"Carne, boi, crua, salgada, Bos taurus (média de diferentes amostras)",,Concha,140
"Carne, boi, crua, salgada, Bos taurus (média de diferentes amostras)",,Escumadeira,70
"Carne, boi, crua, salgada, dessalgada, Bos taurus (média de diferentes amostras)",,File,100
"Carne, boi, crua, salgada, dessalgada, Bos taurus (média de diferentes amostras)",,Bife,100
"Carne, boi, crua, salgada, dessalgada, Bos taurus (média de diferentes amostras)",,Fatia,90
"Carne, boi, crua, salgada, dessalgada, Bos taurus (média de diferentes amostras)",,Pedaço,35
"Carne, boi, crua, salgada, dessalgada, Bos taurus (média de diferentes amostras)",,Porção,75
"Carne, boi, crua, salgada, dessalgada, Bos taurus (média de diferentes amostras)",,Colher de Arroz,70
"Carne, boi, crua, salgada, dessalgada, Bos taurus (média de diferentes amostras)",,Colher de Sopa,30
"Carne, boi, crua, salgada, dessalgada, Bos taurus (média de diferentes amostras)",,Concha,140
"Carne, boi, crua, salgada, dessalgada, Bos taurus (média de diferentes amostras)",,Escumadeira,70
"Carne, boi, cupim, assado, s/ sal, Bos taurus",,File,100
"Carne, boi, cupim, assado, s/ sal, Bos taurus",,Bife,100
"Carne, boi, cupim, assado, s/ sal, Bos taurus",,Fatia,90
"Carne, boi, cupim, assado, s/ sal, Bos taurus",,Pedaço,35
"Carne, boi, cupim, assado, s/ sal, Bos taurus",,Porção,75
"Carne, boi, cupim, assado, s/ sal, Bos taurus",,Colher de Arroz,70
"Carne, boi, cupim, assado, s/ sal, Bos taurus",,Colher de Sopa,30
"Carne, boi, cupim, assado, s/ sal, Bos taurus",,Concha,140
"Carne, boi, cupim, assado, s/ sal, Bos taurus",,Escumadeira,70
"Carne, boi, cupim, crua, Bos taurus",,File,100
"Carne, boi, cupim, crua, Bos taurus",,Bife,100
"Carne, boi, cupim, crua, Bos taurus",,Fatia,90
"Carne, boi, cupim, crua, Bos taurus",,Pedaço,35
"Carne, boi, cupim, crua, Bos taurus",,Porção,75
"Carne, boi, cupim, crua, Bos taurus",,Colher de Arroz,70
"Carne, boi, cupim, crua, Bos taurus",,Colher de Sopa,30
"Carne, boi, cupim, crua, Bos taurus",,Concha,140
"Carne, boi, cupim, crua, Bos taurus",,Escumadeira,70
"Carne, boi, fígado, crua, Bos taurus",,File,100
"Carne, boi, fígado, crua, Bos taurus",,Bife,100
"Carne, boi, fígado, crua, Bos taurus",,Fatia,90
"Carne, boi, fígado, crua, Bos taurus",,Pedaço,35
"Carne, boi, fígado, crua, Bos taurus",,Porção,75
"Carne, boi, fígado, crua, Bos taurus",,Colher de Arroz,70
"Carne, boi, fígado, crua, Bos taurus",,Colher de Sopa,30
"Carne, boi, fígado, crua, Bos taurus",,Concha,140
"Carne, boi, fígado, crua, Bos taurus",,Escumadeira,70
"Carne, boi, fígado, grelhado, s/ sal, Bos taurus",,File,100
"Carne, boi, fígado, grelhado, s/ sal, Bos taurus",,Bife,100
"Carne, boi, fígado, grelhado, s/ sal, Bos taurus",,Fatia,90
"Carne, boi, fígado, grelhado, s/ sal, Bos taurus",,Pedaço,35
"Carne, boi, fígado, grelhado, s/ sal, Bos taurus",,Porção,75
"Carne, boi, fígado, grelhado, s/ sal, Bos taurus",,Colher de Arroz,70
"Carne, boi, fígado, grelhado, s/ sal, Bos taurus",,Colher de Sopa,30
"Carne, boi, fígado, grelhado, s/ sal, Bos taurus",,Concha,140
"Carne, boi, fígado, grelhado, s/ sal, Bos taurus",,Escumadeira,70
"Carne, boi, lagarto, cozida, Bos taurus",,File,100
"Carne, boi, lagarto, cozida, Bos taurus",,Bife,100
"Carne, boi, lagarto, cozida, Bos taurus",,Fatia,90
"Carne, boi, lagarto, cozida, Bos taurus",,Pedaço,35
"Carne, boi, lagarto, cozida, Bos taurus",,Porção,75
"Carne, boi, lagarto, cozida, Bos taurus",,Colher de Arroz,70
"Carne, boi, lagarto, cozida, Bos taurus",,Colher de Sopa,30
"Carne, boi, lagarto, cozida, Bos taurus",,Concha,140
"Carne, boi, lagarto, cozida, Bos taurus",,Escumadeira,70
"Carne, boi, lagarto, crua, Bos taurus",,File,100
"Carne, boi, lagarto, crua, Bos taurus",,Bife,100
"Carne, boi, lagarto, crua, Bos taurus",,Fatia,90
"Carne, boi, lagarto, crua, Bos taurus",,Pedaço,35
"Carne, boi, lagarto, crua, Bos taurus",,Porção,75
"Carne, boi, lagarto, crua, Bos taurus",,Colher de Arroz,70
"Carne, boi, lagarto, crua, Bos taurus",,Colher de Sopa,30
"Carne, boi, lagarto, crua, Bos taurus",,Concha,140
"Carne, boi, lagarto, crua, Bos taurus",,Escumadeira,70
"Carne, boi, lingua, cozida, s/ sal, Bos taurus",,Fatia,90
"Carne, boi, lingua, cozida, s/ sal, Bos taurus",,Pedaço,35
"Carne, boi, lingua, cozida, s/ sal, Bos taurus",,Porção,75
"Carne, boi, lingua, cozida, s/ sal, Bos taurus",,Colher de Arroz,70
"Carne, boi, lingua, cozida, s/ sal, Bos taurus",,Colher de Sopa,30
"Carne, boi, lingua, cozida, s/ sal, Bos taurus",,Concha,140
"Carne, boi, lingua, cozida, s/ sal, Bos taurus",,Escumadeira,70
"Carne, boi, língua, crua, Bos taurus",,Fatia,90
"Carne, boi, língua, crua, Bos taurus",,Pedaço,35
"Carne, boi, língua, crua, Bos taurus",,Porção,75
"Carne, boi, língua, crua, Bos taurus",,Colher de Arroz,70
"Carne, boi, língua, crua, Bos taurus",,Colher de Sopa,30
"Carne, boi, língua, crua, Bos taurus",,Concha,140
"Carne, boi, língua, crua, Bos taurus",,Escumadeira,70
"Carne, boi, maminha, crua, Bos taurus",,File,100
"Carne, boi, maminha, crua, Bos taurus",,Bife,100
"Carne, boi, maminha, crua, Bos taurus",,Fatia,90
"Carne, boi, maminha, crua, Bos taurus",,Pedaço,35
"Carne, boi, maminha, crua, Bos taurus",,Porção,75
"Carne, boi, maminha, crua, Bos taurus",,Colher de Arroz,70
"Carne, boi, maminha, crua, Bos taurus",,Colher de Sopa,30
"Carne, boi, maminha, crua, Bos taurus",,Concha,140
"Carne, boi, maminha, crua, Bos taurus",,Escumadeira,70
"Carne, boi, maminha, grelhada, s/ sal, Bos taurus",,File,100
"Carne, boi, maminha, grelhada, s/ sal, Bos taurus",,Bife,100
"Carne, boi, maminha, grelhada, s/ sal, Bos taurus",,Fatia,90
"Carne, boi, maminha, grelhada, s/ sal, Bos taurus",,Pedaço,35
"Carne, boi, maminha, grelhada, s/ sal, Bos taurus",,Porção,75
"Carne, boi, maminha, grelhada, s/ sal, Bos taurus",,Colher de Arroz,70
"Carne, boi, maminha, grelhada, s/ sal, Bos taurus",,Colher de Sopa,30
"Carne, boi, maminha, grelhada, s/ sal, Bos taurus",,Concha,140
"Carne, boi, maminha, grelhada, s/ sal, Bos taurus",,Escumadeira,70
"Carne, boi, patinho, crua, Bos taurus",,File,100
"Carne, boi, patinho, crua, Bos taurus",,Bife,100
"Carne, boi, patinho, crua, Bos taurus",,Fatia,90
"Carne, boi, patinho, crua, Bos taurus",,Pedaço,35
"Carne, boi, patinho, crua, Bos taurus",,Porção,75
"Carne, boi, patinho, crua, Bos taurus",,Colher de Arroz,70
"Carne, boi, patinho, crua, Bos taurus",,Colher de Sopa,30
"Carne, boi, patinho, crua, Bos taurus",,Concha,140
"Carne, boi, patinho, crua, Bos taurus",,Escumadeira,70
"Carne, boi, picanha, crua, Bos taurus",,File,100
"Carne, boi, picanha, crua, Bos taurus",,Bife,100
"Carne, boi, picanha, crua, Bos taurus",,Fatia,90
"Carne, boi, picanha, crua, Bos taurus",,Pedaço,35
"Carne, boi, picanha, crua, Bos taurus",,Porção,75
"Carne, boi, picanha, crua, Bos taurus",,Colher de Arroz,70
"Carne, boi, picanha, crua, Bos taurus",,Colher de Sopa,30
"Carne, boi, picanha, crua, Bos taurus",,Concha,140
"Carne, boi, picanha, crua, Bos taurus",,Escumadeira,70
"Carne, boi, ponta de agulha, crua, Bos taurus",,File,100
"Carne, boi, ponta de agulha, crua, Bos taurus",,Bife,100
"Carne, boi, ponta de agulha, crua, Bos taurus",,Fatia,90
"Carne, boi, ponta de agulha, crua, Bos taurus",,Pedaço,35
"Carne, boi, ponta de agulha, crua, Bos taurus",,Porção,75
"Carne, boi, ponta de agulha, crua, Bos taurus",,Colher de Arroz,70
"Carne, boi, ponta de agulha, crua, Bos taurus",,Colher de Sopa,30
"Carne, boi, ponta de agulha, crua, Bos taurus",,Concha,140
"Carne, boi, ponta de agulha, crua, Bos taurus",,Escumadeira,70
"Carne, boi, quarto diantero, crua, Bos taurus",,File,100
"Carne, boi, quarto diantero, crua, Bos taurus",,Bife,100
"Carne, boi, quarto diantero, crua, Bos taurus",,Fatia,90
"Carne, boi, quarto diantero, crua, Bos taurus",,Pedaço,35
"Carne, boi, quarto diantero, crua, Bos taurus",,Porção,75
"Carne, boi, quarto diantero, crua, Bos taurus",,Colher de Arroz,70
"Carne, boi, quarto diantero, crua, Bos taurus",,Colher de Sopa,30
"Carne, boi, quarto diantero, crua, Bos taurus",,Concha,140
"Carne, boi, quarto diantero, crua, Bos taurus",,Escumadeira,70
"Carne, boi, quarto traseiro, crua, Bos taurus (média diferentes cortes)",,File,100
"Carne, boi, quarto traseiro, crua, Bos taurus (média diferentes cortes)",,Bife,100
"Carne, boi, quarto traseiro, crua, Bos taurus (média diferentes cortes)",,Fatia,90
"Carne, boi, quarto traseiro, crua, Bos taurus (média diferentes cortes)",,Pedaço,35
"Carne, boi, quarto traseiro, crua, Bos taurus (média diferentes cortes)",,Porção,75
"Carne, boi, quarto traseiro, crua, Bos taurus (média diferentes cortes)",,Colher de Arroz,70
"Carne, boi, quarto traseiro, crua, Bos taurus (média diferentes cortes)",,Colher de Sopa,30
"Carne, boi, quarto traseiro, crua, Bos taurus (média diferentes cortes)",,Concha,140
"Carne, boi, quarto traseiro, crua, Bos taurus (média diferentes cortes)",,Escumadeira,70
"Carne, boi, s/ gordura, acém, cozida, s/ sal, Bos taurus",,File,100
"Carne, boi, s/ gordura, acém, cozida, s/ sal, Bos taurus",,Bife,100
"Carne, boi, s/ gordura, acém, cozida, s/ sal, Bos taurus",,Fatia,90
"Carne, boi, s/ gordura, acém, cozida, s/ sal, Bos taurus",,Pedaço,35
"Carne, boi, s/ gordura, acém, cozida, s/ sal, Bos taurus",,Porção,75
"Carne, boi, s/ gordura, acém, cozida, s/ sal, Bos taurus",,Colher de Arroz,70
"Carne, boi, s/ gordura, acém, cozida, s/ sal, Bos taurus",,Colher de Sopa,30
"Carne, boi, s/ gordura, acém, cozida, s/ sal, Bos taurus",,Concha,140
"Carne, boi, s/ gordura, acém, cozida, s/ sal, Bos taurus",,Escumadeira,70
"Carne, boi, s/ gordura, capa de contra filé, crua, Bos taurus",,File,100
"Carne, boi, s/ gordura, capa de contra filé, crua, Bos taurus",,Bife,100
"Carne, boi, s/ gordura, capa de contra filé, crua, Bos taurus",,Fatia,90
"Carne, boi, s/ gordura, capa de contra filé, crua, Bos taurus",,Pedaço,35
"Carne, boi, s/ gordura, capa de contra filé, crua, Bos taurus",,Porção,75
"Carne, boi, s/ gordura, capa de contra filé, crua, Bos taurus",,Colher de Arroz,70
"Carne, boi, s/ gordura, capa de contra filé, crua, Bos taurus",,Colher de Sopa,30
"Carne, boi, s/ gordura, capa de contra filé, crua, Bos taurus",,Concha,140
"Carne, boi, s/ gordura, capa de contra filé, crua, Bos taurus",,Escumadeira,70
"Carne, boi, s/ gordura, capa de contra-filé, grelhada, s/ sal, Bos taurus",,File,100
"Carne, boi, s/ gordura, capa de contra-filé, grelhada, s/ sal, Bos taurus",,Bife,100
"Carne, boi, s/ gordura, capa de contra-filé, grelhada, s/ sal, Bos taurus",,Fatia,90
"Carne, boi, s/ gordura, capa de contra-filé, grelhada, s/ sal, Bos taurus",,Pedaço,35
"Carne, boi, s/ gordura, capa de contra-filé, grelhada, s/ sal, Bos taurus",,Porção,75
"Carne, boi, s/ gordura, capa de contra-filé, grelhada, s/ sal, Bos taurus",,Colher de Arroz,70
"Carne, boi, s/ gordura, capa de contra-filé, grelhada, s/ sal, Bos taurus",,Colher de Sopa,30
"Carne, boi, s/ gordura, capa de contra-filé, grelhada, s/ sal, Bos taurus",,Concha,140
"Carne, boi, s/ gordura, capa de contra-filé, grelhada, s/ sal, Bos taurus",,Escumadeira,70
"Carne, boi, s/ gordura, coxão duro (chã de fora), cozida, s/ sal, Bos taurus",,File,100
"Carne, boi, s/ gordura, coxão duro (chã de fora), cozida, s/ sal, Bos taurus",,Bife,100
"Carne, boi, s/ gordura, coxão duro (chã de fora), cozida, s/ sal, Bos taurus",,Fatia,90
"Carne, boi, s/ gordura, coxão duro (chã de fora), cozida, s/ sal, Bos taurus",,Pedaço,35
"Carne, boi, s/ gordura, coxão duro (chã de fora), cozida, s/ sal, Bos taurus",,Porção,75
"Carne, boi, s/ gordura, coxão duro (chã de fora), cozida, s/ sal, Bos taurus",,Colher de Arroz,70
"Carne, boi, s/ gordura, coxão duro (chã de fora), cozida, s/ sal, Bos taurus",,Colher de Sopa,30
"Carne, boi, s/ gordura, coxão duro (chã de fora), cozida, s/ sal, Bos taurus",,Concha,140
"Carne, boi, s/ gordura, coxão duro (chã de fora), cozida, s/ sal, Bos taurus",,Escumadeira,70
"Carne, boi, s/ gordura, coxão mole (polpa, chã de dentro), cozida, s/ sal, Bos taurus",,File,100
"Carne, boi, s/ gordura, coxão mole (polpa, chã de dentro), cozida, s/ sal, Bos taurus",,Bife,100
"Carne, boi, s/ gordura, coxão mole (polpa, chã de dentro), cozida, s/ sal, Bos taurus",,Fatia,90
"Carne, boi, s/ gordura, coxão mole (polpa, chã de dentro), cozida, s/ sal, Bos taurus",,Pedaço,35
"Carne, boi, s/ gordura, coxão mole (polpa, chã de dentro), cozida, s/ sal, Bos taurus",,Porção,75
"Carne, boi, s/ gordura, coxão mole (polpa, chã de dentro), cozida, s/ sal, Bos taurus",,Colher de Arroz,70
"Carne, boi, s/ gordura, coxão mole (polpa, chã de dentro), cozida, s/ sal, Bos taurus",,Colher de Sopa,30
"Carne, boi, s/ gordura, coxão mole (polpa, chã de dentro), cozida, s/ sal, Bos taurus",,Concha,140
"Carne, boi, s/ gordura, coxão mole (polpa, chã de dentro), cozida, s/ sal, Bos taurus",,Escumadeira,70
"Carne, boi, s/ gordura, coxão mole, crua, Bos taurus",,File,100
"Carne, boi, s/ gordura, coxão mole, crua, Bos taurus",,Bife,100
"Carne, boi, s/ gordura, coxão mole, crua, Bos taurus",,Fatia,90
"Carne, boi, s/ gordura, coxão mole, crua, Bos taurus",,Pedaço,35
"Carne, boi, s/ gordura, coxão mole, crua, Bos taurus",,Porção,75
"Carne, boi, s/ gordura, coxão mole, crua, Bos taurus",,Colher de Arroz,70
"Carne, boi, s/ gordura, coxão mole, crua, Bos taurus",,Colher de Sopa,30
"Carne, boi, s/ gordura, coxão mole, crua, Bos taurus",,Concha,140
"Carne, boi, s/ gordura, coxão mole, crua, Bos taurus",,Escumadeira,70
"Carne, boi, s/ gordura, filé mignon, crua, Bos taurus",,File,100
"Carne, boi, s/ gordura, filé mignon, crua, Bos taurus",,Bife,100
"Carne, boi, s/ gordura, filé mignon, crua, Bos taurus",,Fatia,90
"Carne, boi, s/ gordura, filé mignon, crua, Bos taurus",,Pedaço,35
"Carne, boi, s/ gordura, filé mignon, crua, Bos taurus",,Porção,75
"Carne, boi, s/ gordura, filé mignon, crua, Bos taurus",,Colher de Arroz,70
"Carne, boi, s/ gordura, filé mignon, crua, Bos taurus",,Colher de Sopa,30
"Carne, boi, s/ gordura, filé mignon, crua, Bos taurus",,Concha,140
"Carne, boi, s/ gordura, filé mignon, crua, Bos taurus",,Escumadeira,70
"Carne, boi, s/ gordura, filé mignon, grelhada, s/ sal, Bos taurus",,File,100
"Carne, boi, s/ gordura, filé mignon, grelhada, s/ sal, Bos taurus",,Bife,100
"Carne, boi, s/ gordura, filé mignon, grelhada, s/ sal, Bos taurus",,Fatia,90
"Carne, boi, s/ gordura, filé mignon, grelhada, s/ sal, Bos taurus",,Pedaço,35
"Carne, boi, s/ gordura, filé mignon, grelhada, s/ sal, Bos taurus",,Porção,75
"Carne, boi, s/ gordura, filé mignon, grelhada, s/ sal, Bos taurus",,Colher de Arroz,70
"Carne, boi, s/ gordura, filé mignon, grelhada, s/ sal, Bos taurus",,Colher de Sopa,30
"Carne, boi, s/ gordura, filé mignon, grelhada, s/ sal, Bos taurus",,Concha,140
"Carne, boi, s/ gordura, filé mignon, grelhada, s/ sal, Bos taurus",,Escumadeira,70
"Carne, boi, s/ gordura, flanco, cozida, s/ sal, Bos taurus",,File,100
"Carne, boi, s/ gordura, flanco, cozida, s/ sal, Bos taurus",,Bife,100
"Carne, boi, s/ gordura, flanco, cozida, s/ sal, Bos taurus",,Fatia,90
"Carne, boi, s/ gordura, flanco, cozida, s/ sal, Bos taurus",,Pedaço,35
"Carne, boi, s/ gordura, flanco, cozida, s/ sal, Bos taurus",,Porção,75
"Carne, boi, s/ gordura, flanco, cozida, s/ sal, Bos taurus",,Colher de Arroz,70
"Carne, boi, s/ gordura, flanco, cozida, s/ sal, Bos taurus",,Colher de Sopa,30
"Carne, boi, s/ gordura, flanco, cozida, s/ sal, Bos taurus",,Concha,140
"Carne, boi, s/ gordura, flanco, cozida, s/ sal, Bos taurus",,Escumadeira,70
"Carne, boi, s/ gordura, flanco, crua, Bos taurus",,File,100
"Carne, boi, s/ gordura, flanco, crua, Bos taurus",,Bife,100
"Carne, boi, s/ gordura, flanco, crua, Bos taurus",,Fatia,90
"Carne, boi, s/ gordura, flanco, crua, Bos taurus",,Pedaço,35
"Carne, boi, s/ gordura, flanco, crua, Bos taurus",,Porção,75
"Carne, boi, s/ gordura, flanco, crua, Bos taurus",,Colher de Arroz,70
"Carne, boi, s/ gordura, flanco, crua, Bos taurus",,Colher de Sopa,30
"Carne, boi, s/ gordura, flanco, crua, Bos taurus",,Concha,140
"Carne, boi, s/ gordura, flanco, crua, Bos taurus",,Escumadeira,70
"Carne, boi, s/ gordura, grelhada, s/ sal, Bos taurus (TBCA)",,File,100
"Carne, boi, s/ gordura, grelhada, s/ sal, Bos taurus (TBCA)",,Bife,100
"Carne, boi, s/ gordura, grelhada, s/ sal, Bos taurus (TBCA)",,Fatia,90
"Carne, boi, s/ gordura, grelhada, s/ sal, Bos taurus (TBCA)",,Pedaço,35
"Carne, boi, s/ gordura, grelhada, s/ sal, Bos taurus (TBCA)",,Porção,75
"Carne, boi, s/ gordura, grelhada, s/ sal, Bos taurus (TBCA)",,Colher de Arroz,70
"Carne, boi, s/ gordura, grelhada, s/ sal, Bos taurus (TBCA)",,Colher de Sopa,30
"Carne, boi, s/ gordura, grelhada, s/ sal, Bos taurus (TBCA)",,Concha,140
"Carne, boi, s/ gordura, grelhada, s/ sal, Bos taurus (TBCA)",,Escumadeira,70
"Carne, boi, s/ gordura, grelhada, s/ sal, Bos taurus (TBCA)",,File,100
"Carne, boi, s/ gordura, grelhada, s/ sal, Bos taurus (TBCA)",,Bife,100
"Carne, boi, s/ gordura, grelhada, s/ sal, Bos taurus (TBCA)",,Fatia,90
"Carne, boi, s/ gordura, grelhada, s/ sal, Bos taurus (TBCA)",,Pedaço,35
"Carne, boi, s/ gordura, grelhada, s/ sal, Bos taurus (TBCA)",,Porção,75
"Carne, boi, s/ gordura, grelhada, s/ sal, Bos taurus (TBCA)",,Colher de Arroz,70
"Carne, boi, s/ gordura, grelhada, s/ sal, Bos taurus (TBCA)",,Colher de Sopa,30
"Carne, boi, s/ gordura, grelhada, s/ sal, Bos taurus (TBCA)",,Concha,140
"Carne, boi, s/ gordura, grelhada, s/ sal, Bos taurus (TBCA)",,Escumadeira,70
"Carne, boi, s/ gordura, miolo de alcatra, grelhada, s/ sal, Bos taurus",,File,100
"Carne, boi, s/ gordura, miolo de alcatra, grelhada, s/ sal, Bos taurus",,Bife,100
"Carne, boi, s/ gordura, miolo de alcatra, grelhada, s/ sal, Bos taurus",,Fatia,90
"Carne, boi, s/ gordura, miolo de alcatra, grelhada, s/ sal, Bos taurus",,Pedaço,35
"Carne, boi, s/ gordura, miolo de alcatra, grelhada, s/ sal, Bos taurus",,Porção,75
"Carne, boi, s/ gordura, miolo de alcatra, grelhada, s/ sal, Bos taurus",,Colher de Arroz,70
"Carne, boi, s/ gordura, miolo de alcatra, grelhada, s/ sal, Bos taurus",,Colher de Sopa,30
"Carne, boi, s/ gordura, miolo de alcatra, grelhada, s/ sal, Bos taurus",,Concha,140
"Carne, boi, s/ gordura, miolo de alcatra, grelhada, s/ sal, Bos taurus",,Escumadeira,70
"Carne, boi, s/ gordura, moída, crua, Bos taurus",,File,100
"Carne, boi, s/ gordura, moída, crua, Bos taurus",,Bife,100
"Carne, boi, s/ gordura, moída, crua, Bos taurus",,Fatia,90
"Carne, boi, s/ gordura, moída, crua, Bos taurus",,Pedaço,35
"Carne, boi, s/ gordura, moída, crua, Bos taurus",,Porção,75
"Carne, boi, s/ gordura, moída, crua, Bos taurus",,Colher de Arroz,70
"Carne, boi, s/ gordura, moída, crua, Bos taurus",,Colher de Sopa,30
"Carne, boi, s/ gordura, moída, crua, Bos taurus",,Concha,140
"Carne, boi, s/ gordura, moída, crua, Bos taurus",,Escumadeira,70
"Carne, boi, s/ gordura, músculo, cozida, Bos taurus",,File,100
"Carne, boi, s/ gordura, músculo, cozida, Bos taurus",,Bife,100
"Carne, boi, s/ gordura, músculo, cozida, Bos taurus",,Fatia,90
"Carne, boi, s/ gordura, músculo, cozida, Bos taurus",,Pedaço,35
"Carne, boi, s/ gordura, músculo, cozida, Bos taurus",,Porção,75
"Carne, boi, s/ gordura, músculo, cozida, Bos taurus",,Colher de Arroz,70
"Carne, boi, s/ gordura, músculo, cozida, Bos taurus",,Colher de Sopa,30
"Carne, boi, s/ gordura, músculo, cozida, Bos taurus",,Concha,140
"Carne, boi, s/ gordura, músculo, cozida, Bos taurus",,Escumadeira,70
"Carne, boi, s/ gordura, músculo, crua, Bos taurus",,File,100
"Carne, boi, s/ gordura, músculo, crua, Bos taurus",,Bife,100
"Carne, boi, s/ gordura, músculo, crua, Bos taurus",,Fatia,90
"Carne, boi, s/ gordura, músculo, crua, Bos taurus",,Pedaço,35
"Carne, boi, s/ gordura, músculo, crua, Bos taurus",,Porção,75
"Carne, boi, s/ gordura, músculo, crua, Bos taurus",,Colher de Arroz,70
"Carne, boi, s/ gordura, músculo, crua, Bos taurus",,Colher de Sopa,30
"Carne, boi, s/ gordura, músculo, crua, Bos taurus",,Concha,140
"Carne, boi, s/ gordura, músculo, crua, Bos taurus",,Escumadeira,70
"Carne, boi, s/ gordura, paleta, cozida, s/ sal, Bos taurus",,File,100
"Carne, boi, s/ gordura, paleta, cozida, s/ sal, Bos taurus",,Bife,100
"Carne, boi, s/ gordura, paleta, cozida, s/ sal, Bos taurus",,Fatia,90
"Carne, boi, s/ gordura, paleta, cozida, s/ sal, Bos taurus",,Pedaço,35
"Carne, boi, s/ gordura, paleta, cozida, s/ sal, Bos taurus",,Porção,75
"Carne, boi, s/ gordura, paleta, cozida, s/ sal, Bos taurus",,Colher de Arroz,70
"Carne, boi, s/ gordura, paleta, cozida, s/ sal, Bos taurus",,Colher de Sopa,30
"Carne, boi, s/ gordura, paleta, cozida, s/ sal, Bos taurus",,Concha,140
"Carne, boi, s/ gordura, paleta, cozida, s/ sal, Bos taurus",,Escumadeira,70
"Carne, boi, s/ gordura, paleta, crua, Bos taurus",,File,100
"Carne, boi, s/ gordura, paleta, crua, Bos taurus",,Bife,100
"Carne, boi, s/ gordura, paleta, crua, Bos taurus",,Fatia,90
"Carne, boi, s/ gordura, paleta, crua, Bos taurus",,Pedaço,35
"Carne, boi, s/ gordura, paleta, crua, Bos taurus",,Porção,75
"Carne, boi, s/ gordura, paleta, crua, Bos taurus",,Colher de Arroz,70
"Carne, boi, s/ gordura, paleta, crua, Bos taurus",,Colher de Sopa,30
"Carne, boi, s/ gordura, paleta, crua, Bos taurus",,Concha,140
"Carne, boi, s/ gordura, paleta, crua, Bos taurus",,Escumadeira,70
"Carne, boi, s/ gordura, patinho, cozida, s/ sal, Bos taurus",,File,100
"Carne, boi, s/ gordura, patinho, cozida, s/ sal, Bos taurus",,Bife,100
"Carne, boi, s/ gordura, patinho, cozida, s/ sal, Bos taurus",,Fatia,90
"Carne, boi, s/ gordura, patinho, cozida, s/ sal, Bos taurus",,Pedaço,35
"Carne, boi, s/ gordura, patinho, cozida, s/ sal, Bos taurus",,Porção,75
"Carne, boi, s/ gordura, patinho, cozida, s/ sal, Bos taurus",,Colher de Arroz,70
"Carne, boi, s/ gordura, patinho, cozida, s/ sal, Bos taurus",,Colher de Sopa,30
"Carne, boi, s/ gordura, patinho, cozida, s/ sal, Bos taurus",,Concha,140
"Carne, boi, s/ gordura, patinho, cozida, s/ sal, Bos taurus",,Escumadeira,70
"Carne, boi, s/ gordura, peito, crua, Bos taurus",,File,100
"Carne, boi, s/ gordura, peito, crua, Bos taurus",,Bife,100
"Carne, boi, s/ gordura, peito, crua, Bos taurus",,Fatia,90
"Carne, boi, s/ gordura, peito, crua, Bos taurus",,Pedaço,35
"Carne, boi, s/ gordura, peito, crua, Bos taurus",,Porção,75
"Carne, boi, s/ gordura, peito, crua, Bos taurus",,Colher de Arroz,70
"Carne, boi, s/ gordura, peito, crua, Bos taurus",,Colher de Sopa,30
"Carne, boi, s/ gordura, peito, crua, Bos taurus",,Concha,140
"Carne, boi, s/ gordura, peito, crua, Bos taurus",,Escumadeira,70
"Carne, boi, s/ gordura, peito, grelhada, s/ sal, Bos taurus",,File,100
"Carne, boi, s/ gordura, peito, grelhada, s/ sal, Bos taurus",,Bife,100
"Carne, boi, s/ gordura, peito, grelhada, s/ sal, Bos taurus",,Fatia,90
"Carne, boi, s/ gordura, peito, grelhada, s/ sal, Bos taurus",,Pedaço,35
"Carne, boi, s/ gordura, peito, grelhada, s/ sal, Bos taurus",,Porção,75
"Carne, boi, s/ gordura, peito, grelhada, s/ sal, Bos taurus",,Colher de Arroz,70
"Carne, boi, s/ gordura, peito, grelhada, s/ sal, Bos taurus",,Colher de Sopa,30
"Carne, boi, s/ gordura, peito, grelhada, s/ sal, Bos taurus",,Concha,140
"Carne, boi, s/ gordura, peito, grelhada, s/ sal, Bos taurus",,Escumadeira,70
"Carne, boi, s/ gordura, picanha, grelhada, s/ sal, Bos taurus",,File,100
"Carne, boi, s/ gordura, picanha, grelhada, s/ sal, Bos taurus",,Bife,100
"Carne, boi, s/ gordura, picanha, grelhada, s/ sal, Bos taurus",,Fatia,90
"Carne, boi, s/ gordura, picanha, grelhada, s/ sal, Bos taurus",,Pedaço,35
"Carne, boi, s/ gordura, picanha, grelhada, s/ sal, Bos taurus",,Porção,75
"Carne, boi, s/ gordura, picanha, grelhada, s/ sal, Bos taurus",,Colher de Arroz,70
"Carne, boi, s/ gordura, picanha, grelhada, s/ sal, Bos taurus",,Colher de Sopa,30
"Carne, boi, s/ gordura, picanha, grelhada, s/ sal, Bos taurus",,Concha,140
"Carne, boi, s/ gordura, picanha, grelhada, s/ sal, Bos taurus",,Escumadeira,70
"Carne, boi, s/ gordura, quarto traseiro, cozida, s/ sal, Bos taurus",,File,100
"Carne, boi, s/ gordura, quarto traseiro, cozida, s/ sal, Bos taurus",,Bife,100
"Carne, boi, s/ gordura, quarto traseiro, cozida, s/ sal, Bos taurus",,Fatia,90
"Carne, boi, s/ gordura, quarto traseiro, cozida, s/ sal, Bos taurus",,Pedaço,35
"Carne, boi, s/ gordura, quarto traseiro, cozida, s/ sal, Bos taurus",,Porção,75
"Carne, boi, s/ gordura, quarto traseiro, cozida, s/ sal, Bos taurus",,Colher de Arroz,70
"Carne, boi, s/ gordura, quarto traseiro, cozida, s/ sal, Bos taurus",,Colher de Sopa,30
"Carne, boi, s/ gordura, quarto traseiro, cozida, s/ sal, Bos taurus",,Concha,140
"Carne, boi, s/ gordura, quarto traseiro, cozida, s/ sal, Bos taurus",,Escumadeira,70
"Carne, boi, s/ gordura, s/ sal, quarto diantero, cozida, Bos taurus",,File,100
"Carne, boi, s/ gordura, s/ sal, quarto diantero, cozida, Bos taurus",,Bife,100
"Carne, boi, s/ gordura, s/ sal, quarto diantero, cozida, Bos taurus",,Fatia,90
"Carne, boi, s/ gordura, s/ sal, quarto diantero, cozida, Bos taurus",,Pedaço,35
"Carne, boi, s/ gordura, s/ sal, quarto diantero, cozida, Bos taurus",,Porção,75
"Carne, boi, s/ gordura, s/ sal, quarto diantero, cozida, Bos taurus",,Colher de Arroz,70
"Carne, boi, s/ gordura, s/ sal, quarto diantero, cozida, Bos taurus",,Colher de Sopa,30
"Carne, boi, s/ gordura, s/ sal, quarto diantero, cozida, Bos taurus",,Concha,140
"Carne, boi, s/ gordura, s/ sal, quarto diantero, cozida, Bos taurus",,Escumadeira,70
"Carne, bovina, acém, moído, cozido",,File,100
"Carne, bovina, acém, moído, cozido",,Bife,100
"Carne, bovina, acém, moído, cozido",,Fatia,90
"Carne, bovina, acém, moído, cozido",,Pedaço,35
"Carne, bovina, acém, moído, cozido",,Porção,75
"Carne, bovina, acém, moído, cozido",,Colher de Arroz,70
"Carne, bovina, acém, moído, cozido",,Colher de Sopa,30
"Carne, bovina, acém, moído, cozido",,Concha,140
"Carne, bovina, acém, moído, cozido",,Escumadeira,70
"Carne, bovina, acém, moído, cru",,File,100
"Carne, bovina, acém, moído, cru",,Bife,100
"Carne, bovina, acém, moído, cru",,Fatia,90
"Carne, bovina, acém, moído, cru",,Pedaço,35
"Carne, bovina, acém, moído, cru",,Porção,75
"Carne, bovina, acém, moído, cru",,Colher de Arroz,70
"Carne, bovina, acém, moído, cru",,Colher de Sopa,30
"Carne, bovina, acém, moído, cru",,Concha,140
"Carne, bovina, acém, moído, cru",,Escumadeira,70
"Carne, bovina, acém, sem gordura, cozido",,File,100
"Carne, bovina, acém, sem gordura, cozido",,Bife,100
"Carne, bovina, acém, sem gordura, cozido",,Fatia,90
"Carne, bovina, acém, sem gordura, cozido",,Pedaço,35
"Carne, bovina, acém, sem gordura, cozido",,Porção,75
"Carne, bovina, acém, sem gordura, cozido",,Colher de Arroz,70
"Carne, bovina, acém, sem gordura, cozido",,Colher de Sopa,30
"Carne, bovina, acém, sem gordura, cozido",,Concha,140
"Carne, bovina, acém, sem gordura, cozido",,Escumadeira,70
"Carne, bovina, acém, sem gordura, cru",,File,100
"Carne, bovina, acém, sem gordura, cru",,Bife,100
"Carne, bovina, acém, sem gordura, cru",,Fatia,90
"Carne, bovina, acém, sem gordura, cru",,Pedaço,35
"Carne, bovina, acém, sem gordura, cru",,Porção,75
"Carne, bovina, acém, sem gordura, cru",,Colher de Arroz,70
"Carne, bovina, acém, sem gordura, cru",,Colher de Sopa,30
"Carne, bovina, acém, sem gordura, cru",,Concha,140
"Carne, bovina, acém, sem gordura, cru",,Escumadeira,70
"Carne, bovina, bucho, cozido",,Fatia,90
"Carne, bovina, bucho, cozido",,Pedaço,35
"Carne, bovina, bucho, cozido",,Porção,75
"Carne, bovina, bucho, cozido",,Colher de Arroz,70
"Carne, bovina, bucho, cozido",,Colher de Sopa,30
"Carne, bovina, bucho, cozido",,Concha,140
"Carne, bovina, bucho, cozido",,Escumadeira,70
"Carne, bovina, bucho, cru",,Fatia,90
"Carne, bovina, bucho, cru",,Pedaço,35
"Carne, bovina, bucho, cru",,Porção,75
"Carne, bovina, bucho, cru",,Colher de Arroz,70
"Carne, bovina, bucho, cru",,Colher de Sopa,30
"Carne, bovina, bucho, cru",,Concha,140
"Carne, bovina, bucho, cru",,Escumadeira,70
"Carne, bovina, capa de contra-filé, com gordura, crua",,File,100
"Carne, bovina, capa de contra-filé, com gordura, crua",,Bife,100
"Carne, bovina, capa de contra-filé, com gordura, crua",,Fatia,90
"Carne, bovina, capa de contra-filé, com gordura, crua",,Pedaço,35
"Carne, bovina, capa de contra-filé, com gordura, crua",,Porção,75
"Carne, bovina, capa de contra-filé, com gordura, crua",,Colher de Arroz,70
"Carne, bovina, capa de contra-filé, com gordura, crua",,Colher de Sopa,30
"Carne, bovina, capa de contra-filé, com gordura, crua",,Concha,140
"Carne, bovina, capa de contra-filé, com gordura, crua",,Escumadeira,70
"Carne, bovina, capa de contra-filé, com gordura, grelhada",,File,100
"Carne, bovina, capa de contra-filé, com gordura, grelhada",,Bife,100
"Carne, bovina, capa de contra-filé, com gordura, grelhada",,Fatia,90
"Carne, bovina, capa de contra-filé, com gordura, grelhada",,Pedaço,35
"Carne, bovina, capa de contra-filé, com gordura, grelhada",,Porção,75
"Carne, bovina, capa de contra-filé, com gordura, grelhada",,Colher de Arroz,70
"Carne, bovina, capa de contra-filé, com gordura, grelhada",,Colher de Sopa,30
"Carne, bovina, capa de contra-filé, com gordura, grelhada",,Concha,140
"Carne, bovina, capa de contra-filé, com gordura, grelhada",,Escumadeira,70
"Carne, bovina, capa de contra-filé, sem gordura, crua",,File,100
"Carne, bovina, capa de contra-filé, sem gordura, crua",,Bife,100
"Carne, bovina, capa de contra-filé, sem gordura, crua",,Fatia,90
"Carne, bovina, capa de contra-filé, sem gordura, crua",,Pedaço,35
"Carne, bovina, capa de contra-filé, sem gordura, crua",,Porção,75
"Carne, bovina, capa de contra-filé, sem gordura, crua",,Colher de Arroz,70
"Carne, bovina, capa de contra-filé, sem gordura, crua",,Colher de Sopa,30
"Carne, bovina, capa de contra-filé, sem gordura, crua",,Concha,140
"Carne, bovina, capa de contra-filé, sem gordura, crua",,Escumadeira,70
"Carne, bovina, capa de contra-filé, sem gordura, grelhada",,File,100
"Carne, bovina, capa de contra-filé, sem gordura, grelhada",,Bife,100
"Carne, bovina, capa de contra-filé, sem gordura, grelhada",,Fatia,90
"Carne, bovina, capa de contra-filé, sem gordura, grelhada",,Pedaço,35
"Carne, bovina, capa de contra-filé, sem gordura, grelhada",,Porção,75
"Carne, bovina, capa de contra-filé, sem gordura, grelhada",,Colher de Arroz,70
"Carne, bovina, capa de contra-filé, sem gordura, grelhada",,Colher de Sopa,30
"Carne, bovina, capa de contra-filé, sem gordura, grelhada",,Concha,140
"Carne, bovina, capa de contra-filé, sem gordura, grelhada",,Escumadeira,70
"Carne, bovina, charque, cozido",,File,100
"Carne, bovina, charque, cozido",,Bife,100
"Carne, bovina, charque, cozido",,Fatia,90
"Carne, bovina, charque, cozido",,Pedaço,35
"Carne, bovina, charque, cozido",,Porção,75
"Carne, bovina, charque, cozido",,Colher de Arroz,70
"Carne, bovina, charque, cozido",,Colher de Sopa,30
"Carne, bovina, charque, cozido",,Concha,140
"Carne, bovina, charque, cozido",,Escumadeira,70
"Carne, bovina, charque, cru",,File,100
"Carne, bovina, charque, cru",,Bife,100
"Carne, bovina, charque, cru",,Fatia,90
"Carne, bovina, charque, cru",,Pedaço,35
"Carne, bovina, charque, cru",,Porção,75
"Carne, bovina, charque, cru",,Colher de Arroz,70
"Carne, bovina, charque, cru",,Colher de Sopa,30
"Carne, bovina, charque, cru",,Concha,140
"Carne, bovina, charque, cru",,Escumadeira,70
"Carne, bovina, contra-filé de costela, cru",,File,100
"Carne, bovina, contra-filé de costela, cru",,Bife,100
"Carne, bovina, contra-filé de costela, cru",,Fatia,90
"Carne, bovina, contra-filé de costela, cru",,Pedaço,35
"Carne, bovina, contra-filé de costela, cru",,Porção,75
"Carne, bovina, contra-filé de costela, cru",,Colher de Arroz,70
"Carne, bovina, contra-filé de costela, cru",,Colher de Sopa,30
"Carne, bovina, contra-filé de costela, cru",,Concha,140
"Carne, bovina, contra-filé de costela, cru",,Escumadeira,70
"Carne, bovina, contra-filé de costela, grelhado",,File,100
"Carne, bovina, contra-filé de costela, grelhado",,Bife,100
"Carne, bovina, contra-filé de costela, grelhado",,Fatia,90
"Carne, bovina, contra-filé de costela, grelhado",,Pedaço,35
"Carne, bovina, contra-filé de costela, grelhado",,Porção,75
"Carne, bovina, contra-filé de costela, grelhado",,Colher de Arroz,70
"Carne, bovina, contra-filé de costela, grelhado",,Colher de Sopa,30
"Carne, bovina, contra-filé de costela, grelhado",,Concha,140
"Carne, bovina, contra-filé de costela, grelhado",,Escumadeira,70
"Carne, bovina, contra-filé, à milanesa",,File,100
"Carne, bovina, contra-filé, à milanesa",,Bife,100
"Carne, bovina, contra-filé, à milanesa",,Fatia,90
"Carne, bovina, contra-filé, à milanesa",,Pedaço,35
"Carne, bovina, contra-filé, à milanesa",,Porção,75
"Carne, bovina, contra-filé, à milanesa",,Colher de Arroz,70
"Carne, bovina, contra-filé, à milanesa",,Colher de Sopa,30
"Carne, bovina, contra-filé, à milanesa",,Concha,140
"Carne, bovina, contra-filé, à milanesa",,Escumadeira,70
"Carne, bovina, contra-filé, com gordura, cru",,File,100
"Carne, bovina, contra-filé, com gordura, cru",,Bife,100
"Carne, bovina, contra-filé, com gordura, cru",,Fatia,90
"Carne, bovina, contra-filé, com gordura, cru",,Pedaço,35
"Carne, bovina, contra-filé, com gordura, cru",,Porção,75
"Carne, bovina, contra-filé, com gordura, cru",,Colher de Arroz,70
"Carne, bovina, contra-filé, com gordura, cru",,Colher de Sopa,30
"Carne, bovina, contra-filé, com gordura, cru",,Concha,140
"Carne, bovina, contra-filé, com gordura, cru",,Escumadeira,70
"Carne, bovina, contra-filé, com gordura, grelhado",,File,100
"Carne, bovina, contra-filé, com gordura, grelhado",,Bife,100
"Carne, bovina, contra-filé, com gordura, grelhado",,Fatia,90
"Carne, bovina, contra-filé, com gordura, grelhado",,Pedaço,35
"Carne, bovina, contra-filé, com gordura, grelhado",,Porção,75
"Carne, bovina, contra-filé, com gordura, grelhado",,Colher de Arroz,70
"Carne, bovina, contra-filé, com gordura, grelhado",,Colher de Sopa,30
"Carne, bovina, contra-filé, com gordura, grelhado",,Concha,140
"Carne, bovina, contra-filé, com gordura, grelhado",,Escumadeira,70
"Carne, bovina, contra-filé, sem gordura, cru",,File,100
"Carne, bovina, contra-filé, sem gordura, cru",,Bife,100
"Carne, bovina, contra-filé, sem gordura, cru",,Fatia,90
"Carne, bovina, contra-filé, sem gordura, cru",,Pedaço,35
"Carne, bovina, contra-filé, sem gordura, cru",,Porção,75
"Carne, bovina, contra-filé, sem gordura, cru",,Colher de Arroz,70
"Carne, bovina, contra-filé, sem gordura, cru",,Colher de Sopa,30
"Carne, bovina, contra-filé, sem gordura, cru",,Concha,140
"Carne, bovina, contra-filé, sem gordura, cru",,Escumadeira,70
"Carne, bovina, contra-filé, sem gordura, grelhado",,File,100
"Carne, bovina, contra-filé, sem gordura, grelhado",,Bife,100
"Carne, bovina, contra-filé, sem gordura, grelhado",,Fatia,90
"Carne, bovina, contra-filé, sem gordura, grelhado",,Pedaço,35
"Carne, bovina, contra-filé, sem gordura, grelhado",,Porção,75
"Carne, bovina, contra-filé, sem gordura, grelhado",,Colher de Arroz,70
"Carne, bovina, contra-filé, sem gordura, grelhado",,Colher de Sopa,30
"Carne, bovina, contra-filé, sem gordura, grelhado",,Concha,140
"Carne, bovina, contra-filé, sem gordura, grelhado",,Escumadeira,70
"Carne, bovina, costela, assada",,Fatia,90
"Carne, bovina, costela, assada",,Pedaço,35
"Carne, bovina, costela, assada",,Porção,75
"Carne, bovina, costela, assada",,Colher de Arroz,70
"Carne, bovina, costela, assada",,Colher de Sopa,30
"Carne, bovina, costela, assada",,Concha,140
"Carne, bovina, costela, assada",,Escumadeira,70
"Carne, bovina, costela, crua",,Fatia,90
"Carne, bovina, costela, crua",,Pedaço,35
"Carne, bovina, costela, crua",,Porção,75
"Carne, bovina, costela, crua",,Colher de Arroz,70
"Carne, bovina, costela, crua",,Colher de Sopa,30
"Carne, bovina, costela, crua",,Concha,140
"Carne, bovina, costela, crua",,Escumadeira,70
"Carne, bovina, coxão duro, sem gordura, cozido",,File,100
"Carne, bovina, coxão duro, sem gordura, cozido",,Bife,100
"Carne, bovina, coxão duro, sem gordura, cozido",,Fatia,90
"Carne, bovina, coxão duro, sem gordura, cozido",,Pedaço,35
"Carne, bovina, coxão duro, sem gordura, cozido",,Porção,75
"Carne, bovina, coxão duro, sem gordura, cozido",,Colher de Arroz,70
"Carne, bovina, coxão duro, sem gordura, cozido",,Colher de Sopa,30
"Carne, bovina, coxão duro, sem gordura, cozido",,Concha,140
"Carne, bovina, coxão duro, sem gordura, cozido",,Escumadeira,70
"Carne, bovina, coxão duro, sem gordura, cru",,File,100
"Carne, bovina, coxão duro, sem gordura, cru",,Bife,100
"Carne, bovina, coxão duro, sem gordura, cru",,Fatia,90
"Carne, bovina, coxão duro, sem gordura, cru",,Pedaço,35
"Carne, bovina, coxão duro, sem gordura, cru",,Porção,75
"Carne, bovina, coxão duro, sem gordura, cru",,Colher de Arroz,70
"Carne, bovina, coxão duro, sem gordura, cru",,Colher de Sopa,30
"Carne, bovina, coxão duro, sem gordura, cru",,Concha,140
"Carne, bovina, coxão duro, sem gordura, cru",,Escumadeira,70
"Carne, bovina, coxão mole, sem gordura, cozido",,File,100
"Carne, bovina, coxão mole, sem gordura, cozido",,Bife,100
"Carne, bovina, coxão mole, sem gordura, cozido",,Fatia,90
"Carne, bovina, coxão mole, sem gordura, cozido",,Pedaço,35
"Carne, bovina, coxão mole, sem gordura, cozido",,Porção,75
"Carne, bovina, coxão mole, sem gordura, cozido",,Colher de Arroz,70
"Carne, bovina, coxão mole, sem gordura, cozido",,Colher de Sopa,30
"Carne, bovina, coxão mole, sem gordura, cozido",,Concha,140
"Carne, bovina, coxão mole, sem gordura, cozido",,Escumadeira,70
"Carne, bovina, coxão mole, sem gordura, cru",,File,100
"Carne, bovina, coxão mole, sem gordura, cru",,Bife,100
"Carne, bovina, coxão mole, sem gordura, cru",,Fatia,90
"Carne, bovina, coxão mole, sem gordura, cru",,Pedaço,35
"Carne, bovina, coxão mole, sem gordura, cru",,Porção,75
"Carne, bovina, coxão mole, sem gordura, cru",,Colher de Arroz,70
"Carne, bovina, coxão mole, sem gordura, cru",,Colher de Sopa,30
"Carne, bovina, coxão mole, sem gordura, cru",,Concha,140
"Carne, bovina, coxão mole, sem gordura, cru",,Escumadeira,70
"Carne, bovina, cupim, assado",,File,100
"Carne, bovina, cupim, assado",,Bife,100
"Carne, bovina, cupim, assado",,Fatia,90
"Carne, bovina, cupim, assado",,Pedaço,35
"Carne, bovina, cupim, assado",,Porção,75
"Carne, bovina, cupim, assado",,Colher de Arroz,70
"Carne, bovina, cupim, assado",,Colher de Sopa,30
"Carne, bovina, cupim, assado",,Concha,140
"Carne, bovina, cupim, assado",,Escumadeira,70
"Carne, bovina, cupim, cru",,File,100
"Carne, bovina, cupim, cru",,Bife,100
"Carne, bovina, cupim, cru",,Fatia,90
"Carne, bovina, cupim, cru",,Pedaço,35
"Carne, bovina, cupim, cru",,Porção,75
"Carne, bovina, cupim, cru",,Colher de Arroz,70
"Carne, bovina, cupim, cru",,Colher de Sopa,30
"Carne, bovina, cupim, cru",,Concha,140
"Carne, bovina, cupim, cru",,Escumadeira,70
"Carne, bovina, fígado, cru",,File,100
"Carne, bovina, fígado, cru",,Bife,100
"Carne, bovina, fígado, cru",,Fatia,90
"Carne, bovina, fígado, cru",,Pedaço,35
"Carne, bovina, fígado, cru",,Porção,75
"Carne, bovina, fígado, cru",,Colher de Arroz,70
"Carne, bovina, fígado, cru",,Colher de Sopa,30
"Carne, bovina, fígado, cru",,Concha,140
"Carne, bovina, fígado, cru",,Escumadeira,70
"Carne, bovina, fígado, grelhado",,File,100
"Carne, bovina, fígado, grelhado",,Bife,100
"Carne, bovina, fígado, grelhado",,Fatia,90
"Carne, bovina, fígado, grelhado",,Pedaço,35
"Carne, bovina, fígado, grelhado",,Porção,75
"Carne, bovina, fígado, grelhado",,Colher de Arroz,70
"Carne, bovina, fígado, grelhado",,Colher de Sopa,30
"Carne, bovina, fígado, grelhado",,Concha,140
"Carne, bovina, fígado, grelhado",,Escumadeira,70
"Carne, bovina, filé mingnon, sem gordura, cru",,File,100
"Carne, bovina, filé mingnon, sem gordura, cru",,Bife,100
"Carne, bovina, filé mingnon, sem gordura, cru",,Fatia,90
"Carne, bovina, filé mingnon, sem gordura, cru",,Pedaço,35
"Carne, bovina, filé mingnon, sem gordura, cru",,Porção,75
"Carne, bovina, filé mingnon, sem gordura, cru",,Colher de Arroz,70
"Carne, bovina, filé mingnon, sem gordura, cru",,Colher de Sopa,30
"Carne, bovina, filé mingnon, sem gordura, cru",,Concha,140
"Carne, bovina, filé mingnon, sem gordura, cru",,Escumadeira,70
"Carne, bovina, filé mingnon, sem gordura, grelhado",,File,100
"Carne, bovina, filé mingnon, sem gordura, grelhado",,Bife,100
"Carne, bovina, filé mingnon, sem gordura, grelhado",,Fatia,90
"Carne, bovina, filé mingnon, sem gordura, grelhado",,Pedaço,35
"Carne, bovina, filé mingnon, sem gordura, grelhado",,Porção,75
"Carne, bovina, filé mingnon, sem gordura, grelhado",,Colher de Arroz,70
"Carne, bovina, filé mingnon, sem gordura, grelhado",,Colher de Sopa,30
"Carne, bovina, filé mingnon, sem gordura, grelhado",,Concha,140
"Carne, bovina, filé mingnon, sem gordura, grelhado",,Escumadeira,70
"Carne, bovina, flanco, sem gordura, cozido",,File,100
"Carne, bovina, flanco, sem gordura, cozido",,Bife,100
"Carne, bovina, flanco, sem gordura, cozido",,Fatia,90
"Carne, bovina, flanco, sem gordura, cozido",,Pedaço,35
"Carne, bovina, flanco, sem gordura, cozido",,Porção,75
"Carne, bovina, flanco, sem gordura, cozido",,Colher de Arroz,70
"Carne, bovina, flanco, sem gordura, cozido",,Colher de Sopa,30
"Carne, bovina, flanco, sem gordura, cozido",,Concha,140
"Carne, bovina, flanco, sem gordura, cozido",,Escumadeira,70
"Carne, bovina, flanco, sem gordura, cru",,File,100
"Carne, bovina, flanco, sem gordura, cru",,Bife,100
"Carne, bovina, flanco, sem gordura, cru",,Fatia,90
"Carne, bovina, flanco, sem gordura, cru",,Pedaço,35
"Carne, bovina, flanco, sem gordura, cru",,Porção,75
"Carne, bovina, flanco, sem gordura, cru",,Colher de Arroz,70
"Carne, bovina, flanco, sem gordura, cru",,Colher de Sopa,30
"Carne, bovina, flanco, sem gordura, cru",,Concha,140
"Carne, bovina, flanco, sem gordura, cru",,Escumadeira,70
"Carne, bovina, fraldinha, com gordura, cozida",,File,100
"Carne, bovina, fraldinha, com gordura, cozida",,Bife,100
"Carne, bovina, fraldinha, com gordura, cozida",,Fatia,90
"Carne, bovina, fraldinha, com gordura, cozida",,Pedaço,35
"Carne, bovina, fraldinha, com gordura, cozida",,Porção,75
"Carne, bovina, fraldinha, com gordura, cozida",,Colher de Arroz,70
"Carne, bovina, fraldinha, com gordura, cozida",,Colher de Sopa,30
"Carne, bovina, fraldinha, com gordura, cozida",,Concha,140
"Carne, bovina, fraldinha, com gordura, cozida",,Escumadeira,70
"Carne, bovina, fraldinha, com gordura, crua",,File,100
"Carne, bovina, fraldinha, com gordura, crua",,Bife,100
"Carne, bovina, fraldinha, com gordura, crua",,Fatia,90
"Carne, bovina, fraldinha, com gordura, crua",,Pedaço,35
"Carne, bovina, fraldinha, com gordura, crua",,Porção,75
"Carne, bovina, fraldinha, com gordura, crua",,Colher de Arroz,70
"Carne, bovina, fraldinha, com gordura, crua",,Colher de Sopa,30
"Carne, bovina, fraldinha, com gordura, crua",,Concha,140
"Carne, bovina, fraldinha, com gordura, crua",,Escumadeira,70
"Carne, bovina, lagarto, cozido",,File,100
"Carne, bovina, lagarto, cozido",,Bife,100
"Carne, bovina, lagarto, cozido",,Fatia,90
"Carne, bovina, lagarto, cozido",,Pedaço,35
"Carne, bovina, lagarto, cozido",,Porção,75
"Carne, bovina, lagarto, cozido",,Colher de Arroz,70
"Carne, bovina, lagarto, cozido",,Colher de Sopa,30
"Carne, bovina, lagarto, cozido",,Concha,140
"Carne, bovina, lagarto, cozido",,Escumadeira,70
"Carne, bovina, lagarto, cru",,File,100
"Carne, bovina, lagarto, cru",,Bife,100
"Carne, bovina, lagarto, cru",,Fatia,90
"Carne, bovina, lagarto, cru",,Pedaço,35
"Carne, bovina, lagarto, cru",,Porção,75
"Carne, bovina, lagarto, cru",,Colher de Arroz,70
"Carne, bovina, lagarto, cru",,Colher de Sopa,30
"Carne, bovina, lagarto, cru",,Concha,140
"Carne, bovina, lagarto, cru",,Escumadeira,70
"Carne, bovina, língua, cozida",,File,100
"Carne, bovina, língua, cozida",,Bife,100
"Carne, bovina, língua, cozida",,Fatia,90
"Carne, bovina, língua, cozida",,Pedaço,35
"Carne, bovina, língua, cozida",,Porção,75
"Carne, bovina, língua, cozida",,Colher de Arroz,70
"Carne, bovina, língua, cozida",,Colher de Sopa,30
"Carne, bovina, língua, cozida",,Concha,140
"Carne, bovina, língua, cozida",,Escumadeira,70
"Carne, bovina, língua, crua",,File,100
"Carne, bovina, língua, crua",,Bife,100
"Carne, bovina, língua, crua",,Fatia,90
"Carne, bovina, língua, crua",,Pedaço,35
"Carne, bovina, língua, crua",,Porção,75
"Carne, bovina, língua, crua",,Colher de Arroz,70
"Carne, bovina, língua, crua",,Colher de Sopa,30
"Carne, bovina, língua, crua",,Concha,140
"Carne, bovina, língua, crua",,Escumadeira,70
"Carne, bovina, maminha, crua",,File,100
"Carne, bovina, maminha, crua",,Bife,100
"Carne, bovina, maminha, crua",,Fatia,90
"Carne, bovina, maminha, crua",,Pedaço,35
"Carne, bovina, maminha, crua",,Porção,75
"Carne, bovina, maminha, crua",,Colher de Arroz,70
"Carne, bovina, maminha, crua",,Colher de Sopa,30
"Carne, bovina, maminha, crua",,Concha,140
"Carne, bovina, maminha, crua",,Escumadeira,70
"Carne, bovina, maminha, grelhada",,File,100
"Carne, bovina, maminha, grelhada",,Bife,100
"Carne, bovina, maminha, grelhada",,Fatia,90
"Carne, bovina, maminha, grelhada",,Pedaço,35
"Carne, bovina, maminha, grelhada",,Porção,75
"Carne, bovina, maminha, grelhada",,Colher de Arroz,70
"Carne, bovina, maminha, grelhada",,Colher de Sopa,30
"Carne, bovina, maminha, grelhada",,Concha,140
"Carne, bovina, maminha, grelhada",,Escumadeira,70
"Carne, bovina, miolo de alcatra, sem gordura, cru",,File,100
"Carne, bovina, miolo de alcatra, sem gordura, cru",,Bife,100
"Carne, bovina, miolo de alcatra, sem gordura, cru",,Fatia,90
"Carne, bovina, miolo de alcatra, sem gordura, cru",,Pedaço,35
"Carne, bovina, miolo de alcatra, sem gordura, cru",,Porção,75
"Carne, bovina, miolo de alcatra, sem gordura, cru",,Colher de Arroz,70
"Carne, bovina, miolo de alcatra, sem gordura, cru",,Colher de Sopa,30
"Carne, bovina, miolo de alcatra, sem gordura, cru",,Concha,140
"Carne, bovina, miolo de alcatra, sem gordura, cru",,Escumadeira,70
"Carne, bovina, miolo de alcatra, sem gordura, grelhado",,File,100
"Carne, bovina, miolo de alcatra, sem gordura, grelhado",,Bife,100
"Carne, bovina, miolo de alcatra, sem gordura, grelhado",,Fatia,90
"Carne, bovina, miolo de alcatra, sem gordura, grelhado",,Pedaço,35
"Carne, bovina, miolo de alcatra, sem gordura, grelhado",,Porção,75
"Carne, bovina, miolo de alcatra, sem gordura, grelhado",,Colher de Arroz,70
"Carne, bovina, miolo de alcatra, sem gordura, grelhado",,Colher de Sopa,30
"Carne, bovina, miolo de alcatra, sem gordura, grelhado",,Concha,140
"Carne, bovina, miolo de alcatra, sem gordura, grelhado",,Escumadeira,70
"Carne, bovina, músculo, sem gordura, cozido",,File,100
"Carne, bovina, músculo, sem gordura, cozido",,Bife,100
"Carne, bovina, músculo, sem gordura, cozido",,Fatia,90
"Carne, bovina, músculo, sem gordura, cozido",,Pedaço,35
"Carne, bovina, músculo, sem gordura, cozido",,Porção,75
"Carne, bovina, músculo, sem gordura, cozido",,Colher de Arroz,70
"Carne, bovina, músculo, sem gordura, cozido",,Colher de Sopa,30
"Carne, bovina, músculo, sem gordura, cozido",,Concha,140
"Carne, bovina, músculo, sem gordura, cozido",,Escumadeira,70
"Carne, bovina, músculo, sem gordura, cru",,File,100
"Carne, bovina, músculo, sem gordura, cru",,Bife,100
"Carne, bovina, músculo, sem gordura, cru",,Fatia,90
"Carne, bovina, músculo, sem gordura, cru",,Pedaço,35
"Carne, bovina, músculo, sem gordura, cru",,Porção,75
"Carne, bovina, músculo, sem gordura, cru",,Colher de Arroz,70
"Carne, bovina, músculo, sem gordura, cru",,Colher de Sopa,30
"Carne, bovina, músculo, sem gordura, cru",,Concha,140
"Carne, bovina, músculo, sem gordura, cru",,Escumadeira,70
"Carne, bovina, paleta, com gordura, crua",,File,100
"Carne, bovina, paleta, com gordura, crua",,Bife,100
"Carne, bovina, paleta, com gordura, crua",,Fatia,90
"Carne, bovina, paleta, com gordura, crua",,Pedaço,35
"Carne, bovina, paleta, com gordura, crua",,Porção,75
"Carne, bovina, paleta, com gordura, crua",,Colher de Arroz,70
"Carne, bovina, paleta, com gordura, crua",,Colher de Sopa,30
"Carne, bovina, paleta, com gordura, crua",,Concha,140
"Carne, bovina, paleta, com gordura, crua",,Escumadeira,70
"Carne, bovina, paleta, sem gordura, cozida",,File,100
"Carne, bovina, paleta, sem gordura, cozida",,Bife,100
"Carne, bovina, paleta, sem gordura, cozida",,Fatia,90
"Carne, bovina, paleta, sem gordura, cozida",,Pedaço,35
"Carne, bovina, paleta, sem gordura, cozida",,Porção,75
"Carne, bovina, paleta, sem gordura, cozida",,Colher de Arroz,70
"Carne, bovina, paleta, sem gordura, cozida",,Colher de Sopa,30
"Carne, bovina, paleta, sem gordura, cozida",,Concha,140
"Carne, bovina, paleta, sem gordura, cozida",,Escumadeira,70
"Carne, bovina, paleta, sem gordura, crua",,File,100
"Carne, bovina, paleta, sem gordura, crua",,Bife,100
"Carne, bovina, paleta, sem gordura, crua",,Fatia,90
"Carne, bovina, paleta, sem gordura, crua",,Pedaço,35
"Carne, bovina, paleta, sem gordura, crua",,Porção,75
"Carne, bovina, paleta, sem gordura, crua",,Colher de Arroz,70
"Carne, bovina, paleta, sem gordura, crua",,Colher de Sopa,30
"Carne, bovina, paleta, sem gordura, crua",,Concha,140
"Carne, bovina, paleta, sem gordura, crua",,Escumadeira,70
"Carne, bovina, patinho, sem gordura, cru",,File,100
"Carne, bovina, patinho, sem gordura, cru",,Bife,100
"Carne, bovina, patinho, sem gordura, cru",,Fatia,90
"Carne, bovina, patinho, sem gordura, cru",,Pedaço,35
"Carne, bovina, patinho, sem gordura, cru",,Porção,75
"Carne, bovina, patinho, sem gordura, cru",,Colher de Arroz,70
"Carne, bovina, patinho, sem gordura, cru",,Colher de Sopa,30
"Carne, bovina, patinho, sem gordura, cru",,Concha,140
"Carne, bovina, patinho, sem gordura, cru",,Escumadeira,70
"Carne, bovina, patinho, sem gordura, grelhado",,File,100
"Carne, bovina, patinho, sem gordura, grelhado",,Bife,100
"Carne, bovina, patinho, sem gordura, grelhado",,Fatia,90
"Carne, bovina, patinho, sem gordura, grelhado",,Pedaço,35
"Carne, bovina, patinho, sem gordura, grelhado",,Porção,75
"Carne, bovina, patinho, sem gordura, grelhado",,Colher de Arroz,70
"Carne, bovina, patinho, sem gordura, grelhado",,Colher de Sopa,30
"Carne, bovina, patinho, sem gordura, grelhado",,Concha,140
"Carne, bovina, patinho, sem gordura, grelhado",,Escumadeira,70
"Carne, bovina, peito, sem gordura, cozido",,File,100
"Carne, bovina, peito, sem gordura, cozido",,Bife,100
"Carne, bovina, peito, sem gordura, cozido",,Fatia,90
"Carne, bovina, peito, sem gordura, cozido",,Pedaço,35
"Carne, bovina, peito, sem gordura, cozido",,Porção,75
"Carne, bovina, peito, sem gordura, cozido",,Colher de Arroz,70
"Carne, bovina, peito, sem gordura, cozido",,Colher de Sopa,30
"Carne, bovina, peito, sem gordura, cozido",,Concha,140
"Carne, bovina, peito, sem gordura, cozido",,Escumadeira,70
"Carne, bovina, peito, sem gordura, cru",,File,100
"Carne, bovina, peito, sem gordura, cru",,Bife,100
"Carne, bovina, peito, sem gordura, cru",,Fatia,90
"Carne, bovina, peito, sem gordura, cru",,Pedaço,35
"Carne, bovina, peito, sem gordura, cru",,Porção,75
"Carne, bovina, peito, sem gordura, cru",,Colher de Arroz,70
"Carne, bovina, peito, sem gordura, cru",,Colher de Sopa,30
"Carne, bovina, peito, sem gordura, cru",,Concha,140
"Carne, bovina, peito, sem gordura, cru",,Escumadeira,70
"Carne, bovina, picanha, com gordura, crua",,File,100
"Carne, bovina, picanha, com gordura, crua",,Bife,100
"Carne, bovina, picanha, com gordura, crua",,Fatia,90
"Carne, bovina, picanha, com gordura, crua",,Pedaço,35
"Carne, bovina, picanha, com gordura, crua",,Porção,75
"Carne, bovina, picanha, com gordura, crua",,Colher de Arroz,70
"Carne, bovina, picanha, com gordura, crua",,Colher de Sopa,30
"Carne, bovina, picanha, com gordura, crua",,Concha,140
"Carne, bovina, picanha, com gordura, crua",,Escumadeira,70
"Carne, bovina, picanha, com gordura, grelhada",,File,100
"Carne, bovina, picanha, com gordura, grelhada",,Bife,100
"Carne, bovina, picanha, com gordura, grelhada",,Fatia,90
"Carne, bovina, picanha, com gordura, grelhada",,Pedaço,35
"Carne, bovina, picanha, com gordura, grelhada",,Porção,75
"Carne, bovina, picanha, com gordura, grelhada",,Colher de Arroz,70
"Carne, bovina, picanha, com gordura, grelhada",,Colher de Sopa,30
"Carne, bovina, picanha, com gordura, grelhada",,Concha,140
"Carne, bovina, picanha, com gordura, grelhada",,Escumadeira,70
"Carne, bovina, picanha, sem gordura, crua",,File,100
"Carne, bovina, picanha, sem gordura, crua",,Bife,100
"Carne, bovina, picanha, sem gordura, crua",,Fatia,90
"Carne, bovina, picanha, sem gordura, crua",,Pedaço,35
"Carne, bovina, picanha, sem gordura, crua",,Porção,75
"Carne, bovina, picanha, sem gordura, crua",,Colher de Arroz,70
"Carne, bovina, picanha, sem gordura, crua",,Colher de Sopa,30
"Carne, bovina, picanha, sem gordura, crua",,Concha,140
"Carne, bovina, picanha, sem gordura, crua",,Escumadeira,70
"Carne, bovina, picanha, sem gordura, grelhada",,File,100
"Carne, bovina, picanha, sem gordura, grelhada",,Bife,100
"Carne, bovina, picanha, sem gordura, grelhada",,Fatia,90
"Carne, bovina, picanha, sem gordura, grelhada",,Pedaço,35
"Carne, bovina, picanha, sem gordura, grelhada",,Porção,75
"Carne, bovina, picanha, sem gordura, grelhada",,Colher de Arroz,70
"Carne, bovina, picanha, sem gordura, grelhada",,Colher de Sopa,30
"Carne, bovina, picanha, sem gordura, grelhada",,Concha,140
"Carne, bovina, picanha, sem gordura, grelhada",,Escumadeira,70
"Carne, bovina, seca, cozida",,File,100
"Carne, bovina, seca, cozida",,Bife,100
"Carne, bovina, seca, cozida",,Fatia,90
"Carne, bovina, seca, cozida",,Pedaço,35
"Carne, bovina, seca, cozida",,Porção,75
"Carne, bovina, seca, cozida",,Colher de Arroz,70
"Carne, bovina, seca, cozida",,Colher de Sopa,30
"Carne, bovina, seca, cozida",,Concha,140
"Carne, bovina, seca, cozida",,Escumadeira,70
"Carne, bovina, seca, crua",,File,100
"Carne, bovina, seca, crua",,Bife,100
"Carne, bovina, seca, crua",,Fatia,90
"Carne, bovina, seca, crua",,Pedaço,35
"Carne, bovina, seca, crua",,Porção,75
"Carne, bovina, seca, crua",,Colher de Arroz,70
"Carne, bovina, seca, crua",,Colher de Sopa,30
"Carne, bovina, seca, crua",,Concha,140
"Carne, bovina, seca, crua",,Escumadeira,70
"Carne, frango, asa, c/ pele, crua, Gallus gallus",,Pedaço,55
"Carne, frango, asa, c/ pele, crua, Gallus gallus",,Porção,100
"Carne, frango, asa, c/ pele, crua, Gallus gallus",,Colher de Arroz,40
"Carne, frango, asa, c/ pele, crua, Gallus gallus",,Colher de Sopa,20
"Carne, frango, asa, c/ pele, crua, Gallus gallus",,Concha,80
"Carne, frango, asa, c/ pele, crua, Gallus gallus",,Asa,40
"Carne, frango, asa, c/ pele, crua, Gallus gallus",,Unidade,40
"Carne, frango, caipira, inteiro, c/ pele, cozida, Gallus gallus",,File,100
"Carne, frango, caipira, inteiro, c/ pele, cozida, Gallus gallus",,Bife,100
"Carne, frango, caipira, inteiro, c/ pele, cozida, Gallus gallus",,Pedaço,55
"Carne, frango, caipira, inteiro, c/ pele, cozida, Gallus gallus",,Porção,100
"Carne, frango, caipira, inteiro, c/ pele, cozida, Gallus gallus",,Colher de Arroz,40
"Carne, frango, caipira, inteiro, c/ pele, cozida, Gallus gallus",,Colher de Sopa,20
"Carne, frango, caipira, inteiro, c/ pele, cozida, Gallus gallus",,Concha,80
"Carne, frango, caipira, inteiro, c/ pele, cozida, Gallus gallus",,Asa,40
"Carne, frango, caipira, inteiro, c/ pele, cozida, Gallus gallus",,Peito,180
"Carne, frango, caipira, inteiro, c/ pele, cozida, Gallus gallus",,Coxa,55
"Carne, frango, caipira, inteiro, c/ pele, cozida, Gallus gallus",,Sobrecoxa,65
"Carne, frango, caipira, inteiro, c/ pele, cozida, Gallus gallus",,Costela,60
"Carne, frango, caipira, inteiro, c/ pele, cozida, Gallus gallus",,Pescoço,10
"Carne, frango, caipira, inteiro, s/ pele, cozida, Gallus gallus",,File,100
"Carne, frango, caipira, inteiro, s/ pele, cozida, Gallus gallus",,Bife,100
"Carne, frango, caipira, inteiro, s/ pele, cozida, Gallus gallus",,Pedaço,55
"Carne, frango, caipira, inteiro, s/ pele, cozida, Gallus gallus",,Porção,100
"Carne, frango, caipira, inteiro, s/ pele, cozida, Gallus gallus",,Colher de Arroz,40
"Carne, frango, caipira, inteiro, s/ pele, cozida, Gallus gallus",,Colher de Sopa,20
"Carne, frango, caipira, inteiro, s/ pele, cozida, Gallus gallus",,Concha,80
"Carne, frango, caipira, inteiro, s/ pele, cozida, Gallus gallus",,Asa,40
"Carne, frango, caipira, inteiro, s/ pele, cozida, Gallus gallus",,Peito,180
"Carne, frango, caipira, inteiro, s/ pele, cozida, Gallus gallus",,Coxa,55
"Carne, frango, caipira, inteiro, s/ pele, cozida, Gallus gallus",,Sobrecoxa,65
"Carne, frango, caipira, inteiro, s/ pele, cozida, Gallus gallus",,Costela,60
"Carne, frango, caipira, inteiro, s/ pele, cozida, Gallus gallus",,Pescoço,10
"Carne, frango, coxa e sobrecoxa, s/ pele, crua, ""Seara"", Gallus gallus",,Coxa,55
"Carne, frango, coxa e sobrecoxa, s/ pele, crua, Gallus gallus",,Coxa,55
"Carne, frango, coxa, c/ pele, assada, s/ sal, Gallus gallus",,Coxa,55
"Carne, frango, coxa, c/ pele, crua, ""Seara"", Gallus gallus",,Coxa,55
"Carne, frango, coxa, c/ pele, crua, Gallus gallus",,Coxa,55
"Carne, frango, coxa, s/ pele, cozida, s/ sal, Gallus gallus",,Coxa,55
"Carne, frango, coxa, s/ pele, crua, Gallus gallus",,Coxa,55
"Carne, frango, inteiro, c/ pele, crua, Gallus gallus",,File,100
"Carne, frango, inteiro, c/ pele, crua, Gallus gallus",,Bife,100
"Carne, frango, inteiro, c/ pele, crua, Gallus gallus",,Pedaço,55
"Carne, frango, inteiro, c/ pele, crua, Gallus gallus",,Porção,100
"Carne, frango, inteiro, c/ pele, crua, Gallus gallus",,Colher de Arroz,40
"Carne, frango, inteiro, c/ pele, crua, Gallus gallus",,Colher de Sopa,20
"Carne, frango, inteiro, c/ pele, crua, Gallus gallus",,Concha,80
"Carne, frango, inteiro, c/ pele, crua, Gallus gallus",,Asa,40
"Carne, frango, inteiro, c/ pele, crua, Gallus gallus",,Peito,180
"Carne, frango, inteiro, c/ pele, crua, Gallus gallus",,Coxa,55
"Carne, frango, inteiro, c/ pele, crua, Gallus gallus",,Sobrecoxa,65
"Carne, frango, inteiro, c/ pele, crua, Gallus gallus",,Costela,60
"Carne, frango, inteiro, c/ pele, crua, Gallus gallus",,Pescoço,10
"Carne, frango, inteiro, cozido/30min, s/ sal, Gallus gallus",,File,100
"Carne, frango, inteiro, cozido/30min, s/ sal, Gallus gallus",,Bife,100
"Carne, frango, inteiro, cozido/30min, s/ sal, Gallus gallus",,Pedaço,55
"Carne, frango, inteiro, cozido/30min, s/ sal, Gallus gallus",,Porção,100
"Carne, frango, inteiro, cozido/30min, s/ sal, Gallus gallus",,Colher de Arroz,40
"Carne, frango, inteiro, cozido/30min, s/ sal, Gallus gallus",,Colher de Sopa,20
"Carne, frango, inteiro, cozido/30min, s/ sal, Gallus gallus",,Concha,80
"Carne, frango, inteiro, cozido/30min, s/ sal, Gallus gallus",,Asa,40
"Carne, frango, inteiro, cozido/30min, s/ sal, Gallus gallus",,Peito,180
"Carne, frango, inteiro, cozido/30min, s/ sal, Gallus gallus",,Coxa,55
"Carne, frango, inteiro, cozido/30min, s/ sal, Gallus gallus",,Sobrecoxa,65
"Carne, frango, inteiro, cozido/30min, s/ sal, Gallus gallus",,Costela,60
"Carne, frango, inteiro, cozido/30min, s/ sal, Gallus gallus",,Pescoço,10
"Carne, frango, inteiro, s/ pele, assada, s/ sal, Gallus gallus",,File,100
"Carne, frango, inteiro, s/ pele, assada, s/ sal, Gallus gallus",,Bife,100
"Carne, frango, inteiro, s/ pele, assada, s/ sal, Gallus gallus",,Pedaço,55
"Carne, frango, inteiro, s/ pele, assada, s/ sal, Gallus gallus",,Porção,100
"Carne, frango, inteiro, s/ pele, assada, s/ sal, Gallus gallus",,Colher de Arroz,40
"Carne, frango, inteiro, s/ pele, assada, s/ sal, Gallus gallus",,Colher de Sopa,20
"Carne, frango, inteiro, s/ pele, assada, s/ sal, Gallus gallus",,Concha,80
"Carne, frango, inteiro, s/ pele, assada, s/ sal, Gallus gallus",,Asa,40
"Carne, frango, inteiro, s/ pele, assada, s/ sal, Gallus gallus",,Peito,180
"Carne, frango, inteiro, s/ pele, assada, s/ sal, Gallus gallus",,Coxa,55
"Carne, frango, inteiro, s/ pele, assada, s/ sal, Gallus gallus",,Sobrecoxa,65
"Carne, frango, inteiro, s/ pele, assada, s/ sal, Gallus gallus",,Costela,60
"Carne, frango, inteiro, s/ pele, assada, s/ sal, Gallus gallus",,Pescoço,10
"Carne, frango, inteiro, s/ pele, crua, Gallus gallus",,File,100
"Carne, frango, inteiro, s/ pele, crua, Gallus gallus",,Bife,100
"Carne, frango, inteiro, s/ pele, crua, Gallus gallus",,Pedaço,55
"Carne, frango, inteiro, s/ pele, crua, Gallus gallus",,Porção,100
"Carne, frango, inteiro, s/ pele, crua, Gallus gallus",,Colher de Arroz,40
"Carne, frango, inteiro, s/ pele, crua, Gallus gallus",,Colher de Sopa,20
"Carne, frango, inteiro, s/ pele, crua, Gallus gallus",,Concha,80
"Carne, frango, inteiro, s/ pele, crua, Gallus gallus",,Asa,40
"Carne, frango, inteiro, s/ pele, crua, Gallus gallus",,Peito,180
"Carne, frango, inteiro, s/ pele, crua, Gallus gallus",,Coxa,55
"Carne, frango, inteiro, s/ pele, crua, Gallus gallus",,Sobrecoxa,65
"Carne, frango, inteiro, s/ pele, crua, Gallus gallus",,Costela,60
"Carne, frango, inteiro, s/ pele, crua, Gallus gallus",,Pescoço,10
"Carne, frango, média diferentes preparos, Gallus gallus",,File,100
"Carne, frango, média diferentes preparos, Gallus gallus",,Bife,100
"Carne, frango, média diferentes preparos, Gallus gallus",,Pedaço,55
"Carne, frango, média diferentes preparos, Gallus gallus",,Porção,100
"Carne, frango, média diferentes preparos, Gallus gallus",,Colher de Arroz,40
"Carne, frango, média diferentes preparos, Gallus gallus",,Colher de Sopa,20
"Carne, frango, média diferentes preparos, Gallus gallus",,Concha,80
"Carne, frango, média diferentes preparos, Gallus gallus",,Asa,40
"Carne, frango, média diferentes preparos, Gallus gallus",,Peito,180
"Carne, frango, média diferentes preparos, Gallus gallus",,Coxa,55
"Carne, frango, média diferentes preparos, Gallus gallus",,Sobrecoxa,65
"Carne, frango, média diferentes preparos, Gallus gallus",,Costela,60
"Carne, frango, média diferentes preparos, Gallus gallus",,Pescoço,10
"Carne, frango, peito, c/ pele, assada, c/ sal, Gallus gallus",,File,100
"Carne, frango, peito, c/ pele, assada, c/ sal, Gallus gallus",,Bife,100
"Carne, frango, peito, c/ pele, assada, c/ sal, Gallus gallus",,Pedaço,55
"Carne, frango, peito, c/ pele, assada, c/ sal, Gallus gallus",,Porção,100
"Carne, frango, peito, c/ pele, assada, c/ sal, Gallus gallus",,Colher de Arroz,40
"Carne, frango, peito, c/ pele, assada, c/ sal, Gallus gallus",,Colher de Sopa,20
"Carne, frango, peito, c/ pele, assada, c/ sal, Gallus gallus",,Concha,80
"Carne, frango, peito, c/ pele, assada, c/ sal, Gallus gallus",,Peito,180
"Carne, frango, peito, c/ pele, assada, s/ sal, Gallus gallus",,File,100
"Carne, frango, peito, c/ pele, assada, s/ sal, Gallus gallus",,Bife,100
"Carne, frango, peito, c/ pele, assada, s/ sal, Gallus gallus",,Pedaço,55
"Carne, frango, peito, c/ pele, assada, s/ sal, Gallus gallus",,Porção,100
"Carne, frango, peito, c/ pele, assada, s/ sal, Gallus gallus",,Colher de Arroz,40
"Carne, frango, peito, c/ pele, assada, s/ sal, Gallus gallus",,Colher de Sopa,20
"Carne, frango, peito, c/ pele, assada, s/ sal, Gallus gallus",,Concha,80
"Carne, frango, peito, c/ pele, assada, s/ sal, Gallus gallus",,Peito,180
"Carne, frango, peito, c/ pele, crua, Gallus gallus",,File,100
"Carne, frango, peito, c/ pele, crua, Gallus gallus",,Bife,100
"Carne, frango, peito, c/ pele, crua, Gallus gallus",,Pedaço,55
"Carne, frango, peito, c/ pele, crua, Gallus gallus",,Porção,100
"Carne, frango, peito, c/ pele, crua, Gallus gallus",,Colher de Arroz,40
"Carne, frango, peito, c/ pele, crua, Gallus gallus",,Colher de Sopa,20
"Carne, frango, peito, c/ pele, crua, Gallus gallus",,Concha,80
"Carne, frango, peito, c/ pele, crua, Gallus gallus",,Peito,180
"Carne, frango, peito, cozida/drenada, c/ óleo de soja, c/ sal, Gallus gallus",,File,100
"Carne, frango, peito, cozida/drenada, c/ óleo de soja, c/ sal, Gallus gallus",,Bife,100
"Carne, frango, peito, cozida/drenada, c/ óleo de soja, c/ sal, Gallus gallus",,Pedaço,55
"Carne, frango, peito, cozida/drenada, c/ óleo de soja, c/ sal, Gallus gallus",,Porção,100
"Carne, frango, peito, cozida/drenada, c/ óleo de soja, c/ sal, Gallus gallus",,Colher de Arroz,40
"Carne, frango, peito, cozida/drenada, c/ óleo de soja, c/ sal, Gallus gallus",,Colher de Sopa,20
"Carne, frango, peito, cozida/drenada, c/ óleo de soja, c/ sal, Gallus gallus",,Concha,80
"Carne, frango, peito, cozida/drenada, c/ óleo de soja, c/ sal, Gallus gallus",,Peito,180
"Carne, frango, peito, cozida/drenada, c/ óleo de soja, s/ sal, Gallus gallus",,File,100
"Carne, frango, peito, cozida/drenada, c/ óleo de soja, s/ sal, Gallus gallus",,Bife,100
"Carne, frango, peito, cozida/drenada, c/ óleo de soja, s/ sal, Gallus gallus",,Pedaço,55
"Carne, frango, peito, cozida/drenada, c/ óleo de soja, s/ sal, Gallus gallus",,Porção,100
"Carne, frango, peito, cozida/drenada, c/ óleo de soja, s/ sal, Gallus gallus",,Colher de Arroz,40
"Carne, frango, peito, cozida/drenada, c/ óleo de soja, s/ sal, Gallus gallus",,Colher de Sopa,20
"Carne, frango, peito, cozida/drenada, c/ óleo de soja, s/ sal, Gallus gallus",,Concha,80
"Carne, frango, peito, cozida/drenada, c/ óleo de soja, s/ sal, Gallus gallus",,Peito,180
"Carne, frango, peito, filé, crua, ""Seara"", Gallus gallus",,File,100
"Carne, frango, peito, filé, crua, ""Seara"", Gallus gallus",,Bife,100
"Carne, frango, peito, filé, crua, ""Seara"", Gallus gallus",,Pedaço,55
"Carne, frango, peito, filé, crua, ""Seara"", Gallus gallus",,Porção,100
"Carne, frango, peito, filé, crua, ""Seara"", Gallus gallus",,Colher de Arroz,40
"Carne, frango, peito, filé, crua, ""Seara"", Gallus gallus",,Colher de Sopa,20
"Carne, frango, peito, filé, crua, ""Seara"", Gallus gallus",,Concha,80
"Carne, frango, peito, filé, crua, ""Seara"", Gallus gallus",,Peito,180
"Carne, frango, peito, s/ pele, assada, s/ sal, Gallus gallus",,File,100
"Carne, frango, peito, s/ pele, assada, s/ sal, Gallus gallus",,Bife,100
"Carne, frango, peito, s/ pele, assada, s/ sal, Gallus gallus",,Pedaço,55
"Carne, frango, peito, s/ pele, assada, s/ sal, Gallus gallus",,Porção,100
"Carne, frango, peito, s/ pele, assada, s/ sal, Gallus gallus",,Colher de Arroz,40
"Carne, frango, peito, s/ pele, assada, s/ sal, Gallus gallus",,Colher de Sopa,20
"Carne, frango, peito, s/ pele, assada, s/ sal, Gallus gallus",,Concha,80
"Carne, frango, peito, s/ pele, assada, s/ sal, Gallus gallus",,Peito,180
"Carne, frango, peito, s/ pele, cozida, c/ molho branco, c/ sal, Gallus gallus",,File,100
"Carne, frango, peito, s/ pele, cozida, c/ molho branco, c/ sal, Gallus gallus",,Bife,100
"Carne, frango, peito, s/ pele, cozida, c/ molho branco, c/ sal, Gallus gallus",,Pedaço,55
"Carne, frango, peito, s/ pele, cozida, c/ molho branco, c/ sal, Gallus gallus",,Porção,100
"Carne, frango, peito, s/ pele, cozida, c/ molho branco, c/ sal, Gallus gallus",,Colher de Arroz,40
"Carne, frango, peito, s/ pele, cozida, c/ molho branco, c/ sal, Gallus gallus",,Colher de Sopa,20
"Carne, frango, peito, s/ pele, cozida, c/ molho branco, c/ sal, Gallus gallus",,Concha,80
"Carne, frango, peito, s/ pele, cozida, c/ molho branco, c/ sal, Gallus gallus",,Peito,180
"Carne, frango, peito, s/ pele, cozida, c/ molho branco, s/ sal, Gallus gallus",,File,100
"Carne, frango, peito, s/ pele, cozida, c/ molho branco, s/ sal, Gallus gallus",,Bife,100
"Carne, frango, peito, s/ pele, cozida, c/ molho branco, s/ sal, Gallus gallus",,Pedaço,55
"Carne, frango, peito, s/ pele, cozida, c/ molho branco, s/ sal, Gallus gallus",,Porção,100
"Carne, frango, peito, s/ pele, cozida, c/ molho branco, s/ sal, Gallus gallus",,Colher de Arroz,40
"Carne, frango, peito, s/ pele, cozida, c/ molho branco, s/ sal, Gallus gallus",,Colher de Sopa,20
"Carne, frango, peito, s/ pele, cozida, c/ molho branco, s/ sal, Gallus gallus",,Concha,80
"Carne, frango, peito, s/ pele, cozida, c/ molho branco, s/ sal, Gallus gallus",,Peito,180
"Carne, frango, peito, s/ pele, cozida, c/ molho vermelho, c/ sal, Gallus gallus",,File,100
"Carne, frango, peito, s/ pele, cozida, c/ molho vermelho, c/ sal, Gallus gallus",,Bife,100
"Carne, frango, peito, s/ pele, cozida, c/ molho vermelho, c/ sal, Gallus gallus",,Pedaço,55
"Carne, frango, peito, s/ pele, cozida, c/ molho vermelho, c/ sal, Gallus gallus",,Porção,100
"Carne, frango, peito, s/ pele, cozida, c/ molho vermelho, c/ sal, Gallus gallus",,Colher de Arroz,40
"Carne, frango, peito, s/ pele, cozida, c/ molho vermelho, c/ sal, Gallus gallus",,Colher de Sopa,20
"Carne, frango, peito, s/ pele, cozida, c/ molho vermelho, c/ sal, Gallus gallus",,Concha,80
"Carne, frango, peito, s/ pele, cozida, c/ molho vermelho, c/ sal, Gallus gallus",,Peito,180
"Carne, frango, peito, s/ pele, cozida, c/ molho vermelho, s/ sal, Gallus gallus",,File,100
"Carne, frango, peito, s/ pele, cozida, c/ molho vermelho, s/ sal, Gallus gallus",,Bife,100
"Carne, frango, peito, s/ pele, cozida, c/ molho vermelho, s/ sal, Gallus gallus",,Pedaço,55
"Carne, frango, peito, s/ pele, cozida, c/ molho vermelho, s/ sal, Gallus gallus",,Porção,100
"Carne, frango, peito, s/ pele, cozida, c/ molho vermelho, s/ sal, Gallus gallus",,Colher de Arroz,40
"Carne, frango, peito, s/ pele, cozida, c/ molho vermelho, s/ sal, Gallus gallus",,Colher de Sopa,20
"Carne, frango, peito, s/ pele, cozida, c/ molho vermelho, s/ sal, Gallus gallus",,Concha,80
"Carne, frango, peito, s/ pele, cozida, c/ molho vermelho, s/ sal, Gallus gallus",,Peito,180
"Carne, frango, peito, s/ pele, cozida, drenada, c/ sal, Gallus gallus",,File,100
"Carne, frango, peito, s/ pele, cozida, drenada, c/ sal, Gallus gallus",,Bife,100
"Carne, frango, peito, s/ pele, cozida, drenada, c/ sal, Gallus gallus",,Pedaço,55
"Carne, frango, peito, s/ pele, cozida, drenada, c/ sal, Gallus gallus",,Porção,100
"Carne, frango, peito, s/ pele, cozida, drenada, c/ sal, Gallus gallus",,Colher de Arroz,40
"Carne, frango, peito, s/ pele, cozida, drenada, c/ sal, Gallus gallus",,Colher de Sopa,20
"Carne, frango, peito, s/ pele, cozida, drenada, c/ sal, Gallus gallus",,Concha,80
"Carne, frango, peito, s/ pele, cozida, drenada, c/ sal, Gallus gallus",,Peito,180
"Carne, frango, peito, s/ pele, cozida, drenada, s/ sal, Gallus gallus",,File,100
"Carne, frango, peito, s/ pele, cozida, drenada, s/ sal, Gallus gallus",,Bife,100
"Carne, frango, peito, s/ pele, cozida, drenada, s/ sal, Gallus gallus",,Pedaço,55
"Carne, frango, peito, s/ pele, cozida, drenada, s/ sal, Gallus gallus",,Porção,100
"Carne, frango, peito, s/ pele, cozida, drenada, s/ sal, Gallus gallus",,Colher de Arroz,40
"Carne, frango, peito, s/ pele, cozida, drenada, s/ sal, Gallus gallus",,Colher de Sopa,20
"Carne, frango, peito, s/ pele, cozida, drenada, s/ sal, Gallus gallus",,Concha,80
"Carne, frango, peito, s/ pele, cozida, drenada, s/ sal, Gallus gallus",,Peito,180
"Carne, frango, peito, s/ pele, crua, Gallus gallus",,File,100
"Carne, frango, peito, s/ pele, crua, Gallus gallus",,Bife,100
"Carne, frango, peito, s/ pele, crua, Gallus gallus",,Pedaço,55
"Carne, frango, peito, s/ pele, crua, Gallus gallus",,Porção,100
"Carne, frango, peito, s/ pele, crua, Gallus gallus",,Colher de Arroz,40
"Carne, frango, peito, s/ pele, crua, Gallus gallus",,Colher de Sopa,20
"Carne, frango, peito, s/ pele, crua, Gallus gallus",,Concha,80
"Carne, frango, peito, s/ pele, crua, Gallus gallus",,Peito,180
"Carne, frango, peito, s/ pele, filé, empanados, cru, Gallus gallus",,File,100
"Carne, frango, peito, s/ pele, filé, empanados, cru, Gallus gallus",,Bife,100
"Carne, frango, peito, s/ pele, filé, empanados, cru, Gallus gallus",,Pedaço,55
"Carne, frango, peito, s/ pele, filé, empanados, cru, Gallus gallus",,Porção,100
"Carne, frango, peito, s/ pele, filé, empanados, cru, Gallus gallus",,Colher de Arroz,40
"Carne, frango, peito, s/ pele, filé, empanados, cru, Gallus gallus",,Colher de Sopa,20
"Carne, frango, peito, s/ pele, filé, empanados, cru, Gallus gallus",,Concha,80
"Carne, frango, peito, s/ pele, filé, empanados, cru, Gallus gallus",,Peito,180
"Carne, frango, peito, s/ pele, frita, c/ óleo de soja, c/ sal",,File,100
"Carne, frango, peito, s/ pele, frita, c/ óleo de soja, c/ sal",,Bife,100
"Carne, frango, peito, s/ pele, frita, c/ óleo de soja, c/ sal",,Pedaço,55
"Carne, frango, peito, s/ pele, frita, c/ óleo de soja, c/ sal",,Porção,100
"Carne, frango, peito, s/ pele, frita, c/ óleo de soja, c/ sal",,Colher de Arroz,40
"Carne, frango, peito, s/ pele, frita, c/ óleo de soja, c/ sal",,Colher de Sopa,20
"Carne, frango, peito, s/ pele, frita, c/ óleo de soja, c/ sal",,Concha,80
"Carne, frango, peito, s/ pele, frita, c/ óleo de soja, c/ sal",,Peito,180
"Carne, frango, peito, s/ pele, frita, c/ óleo de soja, s/ sal, Gallus gallus",,File,100
"Carne, frango, peito, s/ pele, frita, c/ óleo de soja, s/ sal, Gallus gallus",,Bife,100
"Carne, frango, peito, s/ pele, frita, c/ óleo de soja, s/ sal, Gallus gallus",,Pedaço,55
"Carne, frango, peito, s/ pele, frita, c/ óleo de soja, s/ sal, Gallus gallus",,Porção,100
"Carne, frango, peito, s/ pele, frita, c/ óleo de soja, s/ sal, Gallus gallus",,Colher de Arroz,40
"Carne, frango, peito, s/ pele, frita, c/ óleo de soja, s/ sal, Gallus gallus",,Colher de Sopa,20
"Carne, frango, peito, s/ pele, frita, c/ óleo de soja, s/ sal, Gallus gallus",,Concha,80
"Carne, frango, peito, s/ pele, frita, c/ óleo de soja, s/ sal, Gallus gallus",,Peito,180
"Carne, frango, peito, s/ pele, grelhada, s/ gordura, c/ sal, Gallus gallus",,File,100
"Carne, frango, peito, s/ pele, grelhada, s/ gordura, c/ sal, Gallus gallus",,Bife,100
"Carne, frango, peito, s/ pele, grelhada, s/ gordura, c/ sal, Gallus gallus",,Pedaço,55
"Carne, frango, peito, s/ pele, grelhada, s/ gordura, c/ sal, Gallus gallus",,Porção,100
"Carne, frango, peito, s/ pele, grelhada, s/ gordura, c/ sal, Gallus gallus",,Colher de Arroz,40
"Carne, frango, peito, s/ pele, grelhada, s/ gordura, c/ sal, Gallus gallus",,Colher de Sopa,20
"Carne, frango, peito, s/ pele, grelhada, s/ gordura, c/ sal, Gallus gallus",,Concha,80
"Carne, frango, peito, s/ pele, grelhada, s/ gordura, c/ sal, Gallus gallus",,Peito,180
"Carne, frango, peito, s/ pele, grelhada, s/ sal, Gallus gallus",,File,100
"Carne, frango, peito, s/ pele, grelhada, s/ sal, Gallus gallus",,Bife,100
"Carne, frango, peito, s/ pele, grelhada, s/ sal, Gallus gallus",,Pedaço,55
"Carne, frango, peito, s/ pele, grelhada, s/ sal, Gallus gallus",,Porção,100
"Carne, frango, peito, s/ pele, grelhada, s/ sal, Gallus gallus",,Colher de Arroz,40
"Carne, frango, peito, s/ pele, grelhada, s/ sal, Gallus gallus",,Colher de Sopa,20
"Carne, frango, peito, s/ pele, grelhada, s/ sal, Gallus gallus",,Concha,80
"Carne, frango, peito, s/ pele, grelhada, s/ sal, Gallus gallus",,Peito,180
"Carne, frango, peito, s/ pele, refogado, c/ sal, Gallus gallus",,File,100
"Carne, frango, peito, s/ pele, refogado, c/ sal, Gallus gallus",,Bife,100
"Carne, frango, peito, s/ pele, refogado, c/ sal, Gallus gallus",,Pedaço,55
"Carne, frango, peito, s/ pele, refogado, c/ sal, Gallus gallus",,Porção,100
"Carne, frango, peito, s/ pele, refogado, c/ sal, Gallus gallus",,Colher de Arroz,40
"Carne, frango, peito, s/ pele, refogado, c/ sal, Gallus gallus",,Colher de Sopa,20
"Carne, frango, peito, s/ pele, refogado, c/ sal, Gallus gallus",,Concha,80
"Carne, frango, peito, s/ pele, refogado, c/ sal, Gallus gallus",,Peito,180
"Carne, frango, peito, s/ pele, refogado, s/ sal, Gallus gallus",,File,100
"Carne, frango, peito, s/ pele, refogado, s/ sal, Gallus gallus",,Bife,100
"Carne, frango, peito, s/ pele, refogado, s/ sal, Gallus gallus",,Pedaço,55
"Carne, frango, peito, s/ pele, refogado, s/ sal, Gallus gallus",,Porção,100
"Carne, frango, peito, s/ pele, refogado, s/ sal, Gallus gallus",,Colher de Arroz,40
"Carne, frango, peito, s/ pele, refogado, s/ sal, Gallus gallus",,Colher de Sopa,20
"Carne, frango, peito, s/ pele, refogado, s/ sal, Gallus gallus",,Concha,80
"Carne, frango, peito, s/ pele, refogado, s/ sal, Gallus gallus",,Peito,180
"Carne, frango, peito, sassami, crua, ""Seara"", Gallus gallus",,File,100
"Carne, frango, peito, sassami, crua, ""Seara"", Gallus gallus",,Bife,100
"Carne, frango, peito, sassami, crua, ""Seara"", Gallus gallus",,Pedaço,55
"Carne, frango, peito, sassami, crua, ""Seara"", Gallus gallus",,Porção,100
"Carne, frango, peito, sassami, crua, ""Seara"", Gallus gallus",,Colher de Arroz,40
"Carne, frango, peito, sassami, crua, ""Seara"", Gallus gallus",,Colher de Sopa,20
"Carne, frango, peito, sassami, crua, ""Seara"", Gallus gallus",,Concha,80
"Carne, frango, peito, sassami, crua, ""Seara"", Gallus gallus",,Peito,180
"Carne, frango, sobrecoxa, c/ pele, assada, s/ sal, Gallus gallus",,Sobrecoxa,65
"Carne, frango, sobrecoxa, c/ pele, crua, ""Seara"", Gallus gallus",,Sobrecoxa,65
"Carne, frango, sobrecoxa, c/ pele, crua, Gallus gallus",,Sobrecoxa,65
"Carne, frango, sobrecoxa, s/ pele, assada, s/ sal, Gallus gallus",,Sobrecoxa,65
"Carne, ovino, capão, lombo, crua, Ovis aries",,Sobrecoxa,65
Carre  assado(a),OUTRAS CARNES,File,100
Carre  assado(a),OUTRAS CARNES,Bife,100
Carre  assado(a),OUTRAS CARNES,Fatia,90
Carre  assado(a),OUTRAS CARNES,Pedaço,35
Carre  assado(a),OUTRAS CARNES,Porção,75
Carre  assado(a),OUTRAS CARNES,Colher de Arroz,70
Carre  assado(a),OUTRAS CARNES,Colher de Sopa,30
Carre  assado(a),OUTRAS CARNES,Concha,140
Carre  assado(a),OUTRAS CARNES,Escumadeira,70
Carre  cozido(a),OUTRAS CARNES,File,100
Carre  cozido(a),OUTRAS CARNES,Bife,100
Carre  cozido(a),OUTRAS CARNES,Fatia,90
Carre  cozido(a),OUTRAS CARNES,Pedaço,35
Carre  cozido(a),OUTRAS CARNES,Porção,75
Carre  cozido(a),OUTRAS CARNES,Colher de Arroz,70
Carre  cozido(a),OUTRAS CARNES,Colher de Sopa,30
Carre  cozido(a),OUTRAS CARNES,Concha,140
Carre  cozido(a),OUTRAS CARNES,Escumadeira,70
Carre  frito(a),OUTRAS CARNES,File,100
Carre  frito(a),OUTRAS CARNES,Bife,100
Carre  frito(a),OUTRAS CARNES,Fatia,90
Carre  frito(a),OUTRAS CARNES,Pedaço,35
Carre  frito(a),OUTRAS CARNES,Porção,75
Carre  frito(a),OUTRAS CARNES,Colher de Arroz,70
Carre  frito(a),OUTRAS CARNES,Colher de Sopa,30
Carre  frito(a),OUTRAS CARNES,Concha,140
Carre  frito(a),OUTRAS CARNES,Escumadeira,70
Carre  grelhado(a)/brasa/churrasco,OUTRAS CARNES,File,100
Carre  grelhado(a)/brasa/churrasco,OUTRAS CARNES,Bife,100
Carre  grelhado(a)/brasa/churrasco,OUTRAS CARNES,Fatia,90
Carre  grelhado(a)/brasa/churrasco,OUTRAS CARNES,Pedaço,35
Carre  grelhado(a)/brasa/churrasco,OUTRAS CARNES,Porção,75
Carre  grelhado(a)/brasa/churrasco,OUTRAS CARNES,Colher de Arroz,70
Carre  grelhado(a)/brasa/churrasco,OUTRAS CARNES,Colher de Sopa,30
Carre  grelhado(a)/brasa/churrasco,OUTRAS CARNES,Concha,140
Carre  grelhado(a)/brasa/churrasco,OUTRAS CARNES,Escumadeira,70
Casquinha baunilha - McDonald's®,,Porção,113
Casquinha chocolate - McDonald's®,,Porção,113
Casquinha mista - McDonald's®,,Porção,113
Castanha da india,OLEAGINOSAS,Unidade,4
Castanha de caju,OLEAGINOSAS,Porção,10
Castanha de caju,OLEAGINOSAS,Concha,40
Castanha de caju,OLEAGINOSAS,Copo Americano,40
Castanha de caju,OLEAGINOSAS,Unidade,2
"Castanha de caju, crua, s/ sal, Anacardium occidentale L.",,Porção,10
"Castanha de caju, crua, s/ sal, Anacardium occidentale L.",,Concha,40
"Castanha de caju, crua, s/ sal, Anacardium occidentale L.",,Copo Americano,40
"Castanha de caju, crua, s/ sal, Anacardium occidentale L.",,Unidade,2
Castanha do para,OLEAGINOSAS,Porção,8
Castanha do para,OLEAGINOSAS,Unidade,4
Castanha portuguesa,OLEAGINOSAS,Unidade,4
Castanha-de-caju torradacom sal,,Porção,10
Castanha-de-caju torradacom sal,,Concha,40
Castanha-de-caju torradacom sal,,Copo Americano,40
Castanha-de-caju torradacom sal,,Unidade,2
Castanha-de-caju torradasem sal,,Porção,10
Castanha-de-caju torradasem sal,,Concha,40
Castanha-de-caju torradasem sal,,Copo Americano,40
Castanha-de-caju torradasem sal,,Unidade,2
"Castanha-de-caju, torrada, salgada",,Porção,10
"Castanha-de-caju, torrada, salgada",,Concha,40
"Castanha-de-caju, torrada, salgada",,Copo Americano,40
"Castanha-de-caju, torrada, salgada",,Unidade,2
Castanha-do-pará sem sal,,Porção,8
Castanha-do-pará sem sal,,Unidade,4
Cebola,HORTALIÇAS,Fatia,6
Cebola,HORTALIÇAS,Colher de Arroz,20
Cebola,HORTALIÇAS,Colher de Sopa,10
Cebola,HORTALIÇAS,Unidade,70
Cebola,HORTALIÇAS,Metade,35
Cebola ,,Fatia,6
Cebola ,,Colher de Arroz,20
Cebola ,,Colher de Sopa,10
Cebola ,,Unidade,70
Cebola ,,Metade,35
Cebola com manteiga/oleo,HORTALIÇAS,Fatia,6
Cebola com manteiga/oleo,HORTALIÇAS,Colher de Arroz,20
Cebola com manteiga/oleo,HORTALIÇAS,Colher de Sopa,10
Cebola com manteiga/oleo,HORTALIÇAS,Unidade,70
Cebola com manteiga/oleo,HORTALIÇAS,Metade,35
Cebola cozido(a),HORTALIÇAS,Fatia,6
Cebola cozido(a),HORTALIÇAS,Colher de Arroz,20
Cebola cozido(a),HORTALIÇAS,Colher de Sopa,10
Cebola cozido(a),HORTALIÇAS,Unidade,70
Cebola cozido(a),HORTALIÇAS,Metade,35
Cebola cru(a),HORTALIÇAS,Fatia,6
Cebola cru(a),HORTALIÇAS,Colher de Arroz,20
Cebola cru(a),HORTALIÇAS,Colher de Sopa,10
Cebola cru(a),HORTALIÇAS,Unidade,70
Cebola cru(a),HORTALIÇAS,Metade,35
Cebola frito(a),HORTALIÇAS,Fatia,6
Cebola frito(a),HORTALIÇAS,Colher de Arroz,20
Cebola frito(a),HORTALIÇAS,Colher de Sopa,10
Cebola frito(a),HORTALIÇAS,Unidade,70
Cebola frito(a),HORTALIÇAS,Metade,35
Cebola grelhado(a)/brasa/churrasco,HORTALIÇAS,Pedaço,20
Cebola molho vermelho,HORTALIÇAS,Fatia,6
Cebola molho vermelho,HORTALIÇAS,Colher de Arroz,20
Cebola molho vermelho,HORTALIÇAS,Colher de Sopa,10
Cebola molho vermelho,HORTALIÇAS,Unidade,70
Cebola molho vermelho,HORTALIÇAS,Metade,35
Cebola refogado(a),HORTALIÇAS,Fatia,6
Cebola refogado(a),HORTALIÇAS,Colher de Arroz,20
Cebola refogado(a),HORTALIÇAS,Colher de Sopa,10
Cebola refogado(a),HORTALIÇAS,Unidade,70
Cebola refogado(a),HORTALIÇAS,Metade,35
"Cebola, crua",,Fatia,6
"Cebola, crua",,Colher de Arroz,20
"Cebola, crua",,Colher de Sopa,10
"Cebola, crua",,Unidade,70
"Cebola, crua",,Metade,35
Cebolinha,CONDIMENTOS,Colher de Sopa,18
Cebolinha verde ,,Colher de Sopa,18
"Cebolinha, crua",,Colher de Sopa,18
Cebolitos Elma Chips - Pepsico®,,Unidade,110
Cebolitos Elma Chips - Pepsico®,,Unidade Pequena,31
Cenoura,TUBERCULOS,Fatia,5
Cenoura,TUBERCULOS,Pedaço,5
Cenoura,TUBERCULOS,Porção,35
Cenoura,TUBERCULOS,Colher de Arroz,40
Cenoura,TUBERCULOS,Colher de Sopa,25
Cenoura,TUBERCULOS,Concha,48
Cenoura,TUBERCULOS,Unidade,100
Cenoura,TUBERCULOS,Unidade Pequena,46
Cenoura,TUBERCULOS,Metade,50
Cenoura (casca) ,,Fatia,5
Cenoura (casca) ,,Pedaço,5
Cenoura (casca) ,,Porção,35
Cenoura (casca) ,,Colher de Arroz,40
Cenoura (casca) ,,Colher de Sopa,25
Cenoura (casca) ,,Concha,48
Cenoura (casca) ,,Unidade,100
Cenoura (casca) ,,Unidade Pequena,46
Cenoura (casca) ,,Metade,50
Cenoura (cozida) ,,Fatia,5
Cenoura (cozida) ,,Pedaço,5
Cenoura (cozida) ,,Porção,35
Cenoura (cozida) ,,Colher de Arroz,40
Cenoura (cozida) ,,Colher de Sopa,25
Cenoura (cozida) ,,Concha,48
Cenoura (cozida) ,,Unidade,100
Cenoura (cozida) ,,Unidade Pequena,46
Cenoura (cozida) ,,Metade,50
Cenoura (crua) ,,Fatia,5
Cenoura (crua) ,,Pedaço,5
Cenoura (crua) ,,Porção,35
Cenoura (crua) ,,Colher de Arroz,40
Cenoura (crua) ,,Colher de Sopa,25
Cenoura (crua) ,,Concha,48
Cenoura (crua) ,,Unidade,100
Cenoura (crua) ,,Unidade Pequena,46
Cenoura (crua) ,,Metade,50
Cenoura amarela (batata baroa),TUBERCULOS,Fatia,5
Cenoura amarela (batata baroa),TUBERCULOS,Pedaço,5
Cenoura amarela (batata baroa),TUBERCULOS,Porção,35
Cenoura amarela (batata baroa),TUBERCULOS,Colher de Arroz,40
Cenoura amarela (batata baroa),TUBERCULOS,Colher de Sopa,25
Cenoura amarela (batata baroa),TUBERCULOS,Concha,48
Cenoura amarela (batata baroa),TUBERCULOS,Unidade,100
Cenoura amarela (batata baroa),TUBERCULOS,Unidade Pequena,46
Cenoura amarela (batata baroa),TUBERCULOS,Metade,50
Cenoura ao alho e oleo,TUBERCULOS,Fatia,5
Cenoura ao alho e oleo,TUBERCULOS,Pedaço,5
Cenoura ao alho e oleo,TUBERCULOS,Porção,35
Cenoura ao alho e oleo,TUBERCULOS,Colher de Arroz,40
Cenoura ao alho e oleo,TUBERCULOS,Colher de Sopa,25
Cenoura ao alho e oleo,TUBERCULOS,Concha,48
Cenoura ao alho e oleo,TUBERCULOS,Unidade,100
Cenoura ao alho e oleo,TUBERCULOS,Unidade Pequena,46
Cenoura ao alho e oleo,TUBERCULOS,Metade,50
Cenoura ao vinagrete,TUBERCULOS,Fatia,5
Cenoura ao vinagrete,TUBERCULOS,Pedaço,5
Cenoura ao vinagrete,TUBERCULOS,Porção,35
Cenoura ao vinagrete,TUBERCULOS,Colher de Arroz,40
Cenoura ao vinagrete,TUBERCULOS,Colher de Sopa,25
Cenoura ao vinagrete,TUBERCULOS,Concha,48
Cenoura ao vinagrete,TUBERCULOS,Unidade,100
Cenoura ao vinagrete,TUBERCULOS,Unidade Pequena,46
Cenoura ao vinagrete,TUBERCULOS,Metade,50
Cenoura com manteiga/oleo,TUBERCULOS,Fatia,5
Cenoura com manteiga/oleo,TUBERCULOS,Pedaço,5
Cenoura com manteiga/oleo,TUBERCULOS,Porção,35
Cenoura com manteiga/oleo,TUBERCULOS,Colher de Arroz,40
Cenoura com manteiga/oleo,TUBERCULOS,Colher de Sopa,25
Cenoura com manteiga/oleo,TUBERCULOS,Concha,48
Cenoura com manteiga/oleo,TUBERCULOS,Unidade,100
Cenoura com manteiga/oleo,TUBERCULOS,Unidade Pequena,46
Cenoura com manteiga/oleo,TUBERCULOS,Metade,50
Cenoura cozido(a),TUBERCULOS,Fatia,5
Cenoura cozido(a),TUBERCULOS,Pedaço,5
Cenoura cozido(a),TUBERCULOS,Porção,35
Cenoura cozido(a),TUBERCULOS,Colher de Arroz,40
Cenoura cozido(a),TUBERCULOS,Colher de Sopa,25
Cenoura cozido(a),TUBERCULOS,Concha,48
Cenoura cozido(a),TUBERCULOS,Unidade,100
Cenoura cozido(a),TUBERCULOS,Unidade Pequena,46
Cenoura cozido(a),TUBERCULOS,Metade,50
Cenoura cru(a),TUBERCULOS,Fatia,5
Cenoura cru(a),TUBERCULOS,Pedaço,5
Cenoura cru(a),TUBERCULOS,Porção,35
Cenoura cru(a),TUBERCULOS,Colher de Arroz,40
Cenoura cru(a),TUBERCULOS,Colher de Sopa,25
Cenoura cru(a),TUBERCULOS,Concha,48
Cenoura cru(a),TUBERCULOS,Unidade,100
Cenoura cru(a),TUBERCULOS,Unidade Pequena,46
Cenoura cru(a),TUBERCULOS,Metade,50
Cenoura ensopado,TUBERCULOS,Fatia,5
Cenoura ensopado,TUBERCULOS,Pedaço,5
Cenoura ensopado,TUBERCULOS,Porção,35
Cenoura ensopado,TUBERCULOS,Colher de Arroz,40
Cenoura ensopado,TUBERCULOS,Colher de Sopa,25
Cenoura ensopado,TUBERCULOS,Concha,48
Cenoura ensopado,TUBERCULOS,Unidade,100
Cenoura ensopado,TUBERCULOS,Unidade Pequena,46
Cenoura ensopado,TUBERCULOS,Metade,50
Cenoura frito(a),TUBERCULOS,Fatia,5
Cenoura frito(a),TUBERCULOS,Pedaço,5
Cenoura frito(a),TUBERCULOS,Porção,35
Cenoura frito(a),TUBERCULOS,Colher de Arroz,40
Cenoura frito(a),TUBERCULOS,Colher de Sopa,25
Cenoura frito(a),TUBERCULOS,Concha,48
Cenoura frito(a),TUBERCULOS,Unidade,100
Cenoura frito(a),TUBERCULOS,Unidade Pequena,46
Cenoura frito(a),TUBERCULOS,Metade,50
Cenoura molho vermelho,TUBERCULOS,Fatia,5
Cenoura molho vermelho,TUBERCULOS,Pedaço,5
Cenoura molho vermelho,TUBERCULOS,Porção,35
Cenoura molho vermelho,TUBERCULOS,Colher de Arroz,40
Cenoura molho vermelho,TUBERCULOS,Colher de Sopa,25
Cenoura molho vermelho,TUBERCULOS,Concha,48
Cenoura molho vermelho,TUBERCULOS,Unidade,100
Cenoura molho vermelho,TUBERCULOS,Unidade Pequena,46
Cenoura molho vermelho,TUBERCULOS,Metade,50
Cenoura refogado(a),TUBERCULOS,Fatia,5
Cenoura refogado(a),TUBERCULOS,Pedaço,5
Cenoura refogado(a),TUBERCULOS,Porção,35
Cenoura refogado(a),TUBERCULOS,Colher de Arroz,40
Cenoura refogado(a),TUBERCULOS,Colher de Sopa,25
Cenoura refogado(a),TUBERCULOS,Concha,48
Cenoura refogado(a),TUBERCULOS,Unidade,100
Cenoura refogado(a),TUBERCULOS,Unidade Pequena,46
Cenoura refogado(a),TUBERCULOS,Metade,50
"Cenoura, cozida",,Fatia,5
"Cenoura, cozida",,Pedaço,5
"Cenoura, cozida",,Porção,35
"Cenoura, cozida",,Colher de Arroz,40
"Cenoura, cozida",,Colher de Sopa,25
"Cenoura, cozida",,Concha,48
"Cenoura, cozida",,Unidade,100
"Cenoura, cozida",,Unidade Pequena,46
"Cenoura, cozida",,Metade,50
"Cenoura, crua",,Fatia,5
"Cenoura, crua",,Pedaço,5
"Cenoura, crua",,Porção,35
"Cenoura, crua",,Colher de Arroz,40
"Cenoura, crua",,Colher de Sopa,25
"Cenoura, crua",,Concha,48
"Cenoura, crua",,Unidade,100
"Cenoura, crua",,Unidade Pequena,46
"Cenoura, crua",,Metade,50
"Centeio, farinha, integral",,Porção,38
"Centeio, farinha, integral",,Colher de Arroz,36
"Centeio, farinha, integral",,Colher de Sopa,12
"Centeio, farinha, integral",,Colher de Chá,4
"Centeio, farinha, integral",,Colher de Café,2
"Centeio, farinha, integral",,Colher de Sobremesa,8
"Cereais, barra, banana, ""Ritter""",,Porção,25
"Cereais, barra, castanha/uva passa/mel, ""Ritter""",,Porção,25
"Cereais, barra, coco c/ chocolate, ""Ritter""",,Porção,25
"Cereais, barra, frutas e castanha do Pará, cobertura chocolate, ""Nutry""",,Porção,22
"Cereais, farinha, ""Neston""",,Porção,38
"Cereais, farinha, ""Neston""",,Colher de Arroz,36
"Cereais, farinha, ""Neston""",,Colher de Sopa,12
"Cereais, farinha, ""Neston""",,Colher de Chá,4
"Cereais, farinha, ""Neston""",,Colher de Café,2
"Cereais, farinha, ""Neston""",,Colher de Sobremesa,8
"Cereais, farinha, ""Neston""",,Xícara de Chá,60
"Cereais, farinha, láctea",,Porção,21
"Cereais, farinha, láctea",,Colher de Sopa,7
"Cereais, farinha, láctea",,Xícara de Chá,30
"Cereais, farinha, maçã/banana/mamão, vitamina, ""Neston""",,Porção,38
"Cereais, farinha, maçã/banana/mamão, vitamina, ""Neston""",,Colher de Arroz,36
"Cereais, farinha, maçã/banana/mamão, vitamina, ""Neston""",,Colher de Sopa,12
"Cereais, farinha, maçã/banana/mamão, vitamina, ""Neston""",,Colher de Chá,4
"Cereais, farinha, maçã/banana/mamão, vitamina, ""Neston""",,Colher de Café,2
"Cereais, farinha, maçã/banana/mamão, vitamina, ""Neston""",,Colher de Sobremesa,8
"Cereais, farinha, maçã/banana/mamão, vitamina, ""Neston""",,Xícara de Chá,60
"Cereais, farinha, milho, ""Mucilon""",,Porção,21
"Cereais, farinha, milho, ""Mucilon""",,Colher de Sopa,7
"Cereais, farinha, milho, ""Mucilon""",,Xícara de Chá,60
"Cereais, farinha, morango/pêra/banana, vitamina, ""Neston""",,Porção,38
"Cereais, farinha, morango/pêra/banana, vitamina, ""Neston""",,Colher de Arroz,36
"Cereais, farinha, morango/pêra/banana, vitamina, ""Neston""",,Colher de Sopa,12
"Cereais, farinha, morango/pêra/banana, vitamina, ""Neston""",,Colher de Chá,4
"Cereais, farinha, morango/pêra/banana, vitamina, ""Neston""",,Colher de Café,2
"Cereais, farinha, morango/pêra/banana, vitamina, ""Neston""",,Colher de Sobremesa,8
"Cereais, farinha, morango/pêra/banana, vitamina, ""Neston""",,Xícara de Chá,60
"Cereais, farinha, p/ crianças, (média diferentes sabores)",,Porção,38
"Cereais, farinha, p/ crianças, (média diferentes sabores)",,Colher de Arroz,36
"Cereais, farinha, p/ crianças, (média diferentes sabores)",,Colher de Sopa,12
"Cereais, farinha, p/ crianças, (média diferentes sabores)",,Colher de Chá,4
"Cereais, farinha, p/ crianças, (média diferentes sabores)",,Colher de Café,2
"Cereais, farinha, p/ crianças, (média diferentes sabores)",,Colher de Sobremesa,8
"Cereais, farinha, p/ crianças, (média diferentes sabores)",,Xícara de Chá,60
"Cereais, granola, caseira",,Porção,40
"Cereais, granola, caseira",,Colher de Arroz,20
"Cereais, granola, caseira",,Colher de Sopa,10
"Cereais, granola, caseira",,Colher de Chá,2
"Cereais, granola, caseira",,Copo Americano,80
"Cereais, granola, caseira",,Copo Médio,160
"Cereais, granola, caseira",,Xícara de Chá,80
"Cereais, milho, flocos, com sal",,Porção,38
"Cereais, milho, flocos, com sal",,Colher de Arroz,36
"Cereais, milho, flocos, com sal",,Colher de Sopa,12
"Cereais, milho, flocos, com sal",,Colher de Chá,4
"Cereais, milho, flocos, com sal",,Colher de Café,2
"Cereais, milho, flocos, com sal",,Colher de Sobremesa,8
"Cereais, milho, flocos, com sal",,Xícara de Chá,60
"Cereais, milho, flocos, sem sal",,Porção,38
"Cereais, milho, flocos, sem sal",,Colher de Arroz,36
"Cereais, milho, flocos, sem sal",,Colher de Sopa,12
"Cereais, milho, flocos, sem sal",,Colher de Chá,4
"Cereais, milho, flocos, sem sal",,Colher de Café,2
"Cereais, milho, flocos, sem sal",,Colher de Sobremesa,8
"Cereais, milho, flocos, sem sal",,Xícara de Chá,60
"Cereais, milho, infantil, mistura p/ mingau",,Porção,30
"Cereais, mingau, milho, infantil",,Porção,30
"Cereais, mingau, milho, infantil",,Colher de Sopa,7
"Cereais, mingau, milho, infantil",,Xícara de Chá,30
"Cereais, mistura p/ mingau, (média diferentes sabores)",,Porção,30
"Cereais, mistura p/ mingau, (média diferentes sabores)",,Colher de Sopa,7
"Cereais, mistura p/ mingau, (média diferentes sabores)",,Xícara de Chá,30
"Cereais, mistura para vitamina, trigo, cevada e aveia",,Porção,30
"Cereais, mistura para vitamina, trigo, cevada e aveia",,Colher de Sopa,7
"Cereais, mistura para vitamina, trigo, cevada e aveia",,Xícara de Chá,30
Cereal de milho com açúcar - Nutrifoods®,,Porção,21
Cereal de milho com açúcar - Nutrifoods®,,Colher de Sopa,7
Cereal de milho com açúcar - Nutrifoods®,,Xícara de Chá,30
Cereal infantil de milho Mucilon - Nestlé®,,Porção,21
Cereal infantil de milho Mucilon - Nestlé®,,Colher de Sopa,7
Cereal infantil de milho Mucilon - Nestlé®,,Xícara de Chá,30
Cereal infantil multicereais Mucilon - Nestlé®,,Porção,21
Cereal infantil multicereais Mucilon - Nestlé®,,Colher de Sopa,7
Cereal infantil multicereais Mucilon - Nestlé®,,Xícara de Chá,30
Cereal integral granolas trutas light - Feinkost®,,Colher de Sopa,5
Cereal integral granolas trutas light - Feinkost®,,Xícara de Chá,20
Cereal matinal Corn Flakes - Kellogg's®,,Xícara de Chá,30
Cereal matinal CornFlakes - Nutrifoods®,,Porção,21
Cereal matinal CornFlakes - Nutrifoods®,,Colher de Sopa,7
Cereal matinal CornFlakes - Nutrifoods®,,Xícara de Chá,30
Cereal matinal de milho em flocos,CEREAIS,Porção,21
Cereal matinal de milho em flocos,CEREAIS,Colher de Sopa,7
Cereal matinal de milho em flocos,CEREAIS,Xícara de Chá,30
Cereal matinal mix chocolate - Quaker®,,Porção,30
Cereal matinal Nescau - Nestlé®,,Porção,30
Cereal matinal Nescau - Nestlé®,,Colher de Sopa,10
Cereal matinal Nescau - Nestlé®,,Xícara de Chá,30
Cereal matinal Nuts Nutry - Nutrimental®,,Xícara de Chá,80
Cereal matinal sabor banana light Nutry - Nutrimental®,,Xícara de Chá,80
Cereal matinal sabor chocolate Nutry - Nutrimental®,,Xícara de Chá,80
Cereal matinal sabor morango com gotas sabor chocolate Nutry - Nutrimental®,,Xícara de Chá,80
"Cereal matinal, milho (TACO)",,Porção,30
"Cereal matinal, milho (TACO)",,Xícara de Chá,30
"Cereal matinal, milho (TBCA)",,Porção,30
"Cereal matinal, milho (TBCA)",,Xícara de Chá,30
"Cereal matinal, milho, ""Corn Flakes""",,Porção,30
"Cereal matinal, milho, ""Corn Flakes""",,Xícara de Chá,30
"Cereal matinal, milho, açúcar (TACO)",,Porção,30
"Cereal matinal, milho, açúcar (TACO)",,Xícara de Chá,30
"Cereal matinal, milho, açúcar (TBCA)",,Porção,30
"Cereal matinal, milho, açúcar (TBCA)",,Xícara de Chá,30
"Cereal matinal, milho, c/ açúcar, ""Sucrilhos""",,Porção,30
"Cereal matinal, milho, c/ açúcar, ""Sucrilhos""",,Xícara de Chá,30
"Cereal matinal, milho, corn flakes, ""Nestlé""",,Porção,30
"Cereal matinal, milho, corn flakes, ""Nestlé""",,Colher de Sopa,10
"Cereal matinal, milho, corn flakes, ""Nestlé""",,Xícara de Chá,30
"Cha (preto, camomila, erva cidreira, capim limao, etc)",BEBIDAS QUENTES,Copo Americano,150
"Cha (preto, camomila, erva cidreira, capim limao, etc)",BEBIDAS QUENTES,Copo Médio,240
"Cha (preto, camomila, erva cidreira, capim limao, etc)",BEBIDAS QUENTES,Copo Grande,300
"Cha (preto, camomila, erva cidreira, capim limao, etc)",BEBIDAS QUENTES,Xícara de Chá,200
"Cha (preto, camomila, erva cidreira, capim limao, etc)",BEBIDAS QUENTES,Garrafa 200ml,200
"Cha (preto, camomila, erva cidreira, capim limao, etc)",BEBIDAS QUENTES,Caneca,300
"Cha diet (preto, camomila, erva cidreira, capim limao, etc)",BEBIDAS QUENTES,Copo Americano,150
"Cha diet (preto, camomila, erva cidreira, capim limao, etc)",BEBIDAS QUENTES,Copo Médio,240
"Cha diet (preto, camomila, erva cidreira, capim limao, etc)",BEBIDAS QUENTES,Copo Grande,300
"Cha diet (preto, camomila, erva cidreira, capim limao, etc)",BEBIDAS QUENTES,Xícara de Chá,200
"Cha diet (preto, camomila, erva cidreira, capim limao, etc)",BEBIDAS QUENTES,Garrafa 200ml,200
"Cha diet (preto, camomila, erva cidreira, capim limao, etc)",BEBIDAS QUENTES,Caneca,300
Cha mate orgânico,BEBIDAS QUENTES,Copo Americano,150
Cha mate orgânico,BEBIDAS QUENTES,Copo Médio,240
Cha mate orgânico,BEBIDAS QUENTES,Copo Grande,300
Cha mate orgânico,BEBIDAS QUENTES,Xícara de Chá,200
Cha mate orgânico,BEBIDAS QUENTES,Garrafa 200ml,200
Cha mate orgânico,BEBIDAS QUENTES,Caneca,300
"Chá, erva-doce, infusão 5%",BEBIDAS QUENTES,Copo Americano,150
"Chá, erva-doce, infusão 5%",BEBIDAS QUENTES,Copo Médio,240
"Chá, erva-doce, infusão 5%",BEBIDAS QUENTES,Copo Grande,300
"Chá, erva-doce, infusão 5%",BEBIDAS QUENTES,Xícara de Chá,200
"Chá, erva-doce, infusão 5%",BEBIDAS QUENTES,Garrafa 200ml,200
"Chá, erva-doce, infusão 5%",BEBIDAS QUENTES,Caneca,300
"Chá, mate, infusão 5%",BEBIDAS QUENTES,Copo Americano,150
"Chá, mate, infusão 5%",BEBIDAS QUENTES,Copo Médio,240
"Chá, mate, infusão 5%",BEBIDAS QUENTES,Copo Grande,300
"Chá, mate, infusão 5%",BEBIDAS QUENTES,Xícara de Chá,200
"Chá, mate, infusão 5%",BEBIDAS QUENTES,Garrafa 200ml,200
"Chá, mate, infusão 5%",BEBIDAS QUENTES,Caneca,300
"Chá, preto, infusão 5%",BEBIDAS QUENTES,Copo Americano,150
"Chá, preto, infusão 5%",BEBIDAS QUENTES,Copo Médio,240
"Chá, preto, infusão 5%",BEBIDAS QUENTES,Copo Grande,300
"Chá, preto, infusão 5%",BEBIDAS QUENTES,Xícara de Chá,200
"Chá, preto, infusão 5%",BEBIDAS QUENTES,Garrafa 200ml,200
"Chá, preto, infusão 5%",BEBIDAS QUENTES,Caneca,300
Chambaril assado(a),CARNE BOVINA,File,100
Chambaril assado(a),CARNE BOVINA,Bife,100
Chambaril assado(a),CARNE BOVINA,Fatia,90
Chambaril assado(a),CARNE BOVINA,Pedaço,35
Chambaril assado(a),CARNE BOVINA,Porção,75
Chambaril assado(a),CARNE BOVINA,Colher de Arroz,70
Chambaril assado(a),CARNE BOVINA,Colher de Sopa,30
Chambaril assado(a),CARNE BOVINA,Concha,140
Chambaril assado(a),CARNE BOVINA,Escumadeira,70
Chambaril cozido(a),CARNE BOVINA,File,100
Chambaril cozido(a),CARNE BOVINA,Bife,100
Chambaril cozido(a),CARNE BOVINA,Fatia,90
Chambaril cozido(a),CARNE BOVINA,Pedaço,35
Chambaril cozido(a),CARNE BOVINA,Porção,75
Chambaril cozido(a),CARNE BOVINA,Colher de Arroz,70
Chambaril cozido(a),CARNE BOVINA,Colher de Sopa,30
Chambaril cozido(a),CARNE BOVINA,Concha,140
Chambaril cozido(a),CARNE BOVINA,Escumadeira,70
Chambaril refogado(a),CARNE BOVINA,File,100
Chambaril refogado(a),CARNE BOVINA,Bife,100
Chambaril refogado(a),CARNE BOVINA,Fatia,90
Chambaril refogado(a),CARNE BOVINA,Pedaço,35
Chambaril refogado(a),CARNE BOVINA,Porção,75
Chambaril refogado(a),CARNE BOVINA,Colher de Arroz,70
Chambaril refogado(a),CARNE BOVINA,Colher de Sopa,30
Chambaril refogado(a),CARNE BOVINA,Concha,140
Chambaril refogado(a),CARNE BOVINA,Escumadeira,70
Cheetos bola Elma Chips - Pepsico®,,Unidade,59
Cheetos bola Elma Chips - Pepsico®,,Unidade Pequena,42
Cheetos mix Elma Chips - Pepsico®,,Unidade,130
Cheetos mix Elma Chips - Pepsico®,,Unidade Pequena,49
"Chia, semente, seca, Salvia hispanica L.",,Porção,30
"Chia, semente, seca, Salvia hispanica L.",,Colher de Sopa,15
Chicken popcorn congelado - Perdigão®,,Porção,130
Chicoria ao vinagrete,HORTALIÇAS,Porção,42
Chicoria ao vinagrete,HORTALIÇAS,Colher de Sopa,45
Chicoria ao vinagrete,HORTALIÇAS,Concha,136
Chicoria ao vinagrete,HORTALIÇAS,Escumadeira,136
Chicoria ao vinagrete,HORTALIÇAS,Pegador,45
Chicoria ao vinagrete,HORTALIÇAS,Caneca,12
Chicoria cozido(a),HORTALIÇAS,Porção,42
Chicoria cozido(a),HORTALIÇAS,Colher de Sopa,45
Chicoria cozido(a),HORTALIÇAS,Concha,136
Chicoria cozido(a),HORTALIÇAS,Escumadeira,136
Chicoria cozido(a),HORTALIÇAS,Pegador,45
Chicoria cozido(a),HORTALIÇAS,Caneca,12
Chicoria cru(a),HORTALIÇAS,Porção,42
Chicoria cru(a),HORTALIÇAS,Colher de Sopa,45
Chicoria cru(a),HORTALIÇAS,Concha,136
Chicoria cru(a),HORTALIÇAS,Escumadeira,136
Chicoria cru(a),HORTALIÇAS,Pegador,45
Chicoria cru(a),HORTALIÇAS,Caneca,12
Chicoria refogado(a),HORTALIÇAS,Porção,42
Chicoria refogado(a),HORTALIÇAS,Colher de Sopa,45
Chicoria refogado(a),HORTALIÇAS,Concha,136
Chicoria refogado(a),HORTALIÇAS,Escumadeira,136
Chicoria refogado(a),HORTALIÇAS,Pegador,45
Chicoria refogado(a),HORTALIÇAS,Caneca,12
"Chicória, crua",,Porção,42
"Chicória, crua",,Colher de Sopa,45
"Chicória, crua",,Concha,136
"Chicória, crua",,Escumadeira,136
"Chicória, crua",,Pegador,45
"Chicória, crua",,Caneca,12
Chocolate Amaro - Lacta® ,,Porção,25
Chocolate Amaro - Lacta® ,,Unidade,90
Chocolate ao leite - Lacta® ,,Porção,25
Chocolate ao leite - Lacta® ,,Unidade,90
Chocolate ao leite - Lacta® ,,Unidade Pequena,20
Chocolate ao leite Bis - Lacta®,,Porção,25
Chocolate ao leite Bis - Lacta®,,Unidade,6
Chocolate ao leite Classic - Nestlé®,,Unidade,90
Chocolate ao leite Classic - Nestlé®,,Unidade Pequena,25
Chocolate ao leite Suflair - Nestlé®,,Unidade,110
Chocolate ao leite Suflair - Nestlé®,,Unidade Pequena,50
Chocolate branco Laka - Lacta®,,Porção,25
Chocolate branco Laka - Lacta®,,Unidade,90
Chocolate Charge - Nestlé® ,,Unidade,40
Chocolate Chokito - Nestlé® ,,Unidade,32
Chocolate com leite e avelãs Classic - Nestlé®,,Unidade,90
Chocolate com leite e avelãs Classic - Nestlé®,,Unidade Pequena,25
Chocolate com leite e cajuClassic - Nestlé®,,Unidade,90
Chocolate com leite e cajuClassic - Nestlé®,,Unidade Pequena,25
Chocolate com leite ecastanha de caju - Nestlé®,,Unidade,90
Chocolate com leite ecastanha de caju - Nestlé®,,Unidade Pequena,25
Chocolate Crunch - Nestlé®,,Unidade,90
Chocolate Crunch - Nestlé®,,Unidade Pequena,22.5
Chocolate Diamante Negro- Lacta®,,Porção,25
Chocolate Diamante Negro- Lacta®,,Unidade,90
Chocolate Diamante Negro- Lacta®,,Unidade Pequena,20
Chocolate duo Suflair - Nestlé®,,Unidade,110
Chocolate duo Suflair - Nestlé®,,Unidade Pequena,80
Chocolate em pó - Garoto®,,Colher de Sopa,20
Chocolate em pó Dois Frades- Nestlé®,,Colher de Sopa,10
Chocolate Ga lak - Nestlé®,,Unidade,90
Chocolate Ga lak - Nestlé®,,Unidade Pequena,20
Chocolate Kit Kat - Nestlé®,,Unidade,45
Chocolate Lancy - Lacta®,,Unidade,30
Chocolate meio amargo emeio branco - Nestlé®,,Unidade,90
Chocolate Milkybar - Nestlé®,,Unidade,80
Chocolate Prestígio - Nestlé®,,Unidade,114
Chocolate Prestígio - Nestlé®,,Unidade Pequena,33
Chocolate Sensação - Nestlé®,,Unidade,38
Chocolate Smarties - Nestlé®,,Unidade,100
Chocolate Smash - Nestlé®,,Unidade,19
"Chocolate, amargo",,Porção,25
"Chocolate, amargo, ""Garoto""",,Porção,25
"Chocolate, amargo, ""Garoto""",,Unidade,90
"Chocolate, amargo, ""Lacta amaro""",,Porção,25
"Chocolate, amargo, ""Lacta amaro""",,Unidade,90
"Chocolate, amargo, dark & soft, 50% cacau, ""Lacta""",,Porção,25
"Chocolate, amargo, dark & soft, 50% cacau, ""Lacta""",,Unidade,100
"Chocolate, ao leite",,Porção,25
"Chocolate, ao leite, ""Garoto""",,Porção,25
"Chocolate, ao leite, ""Garoto""",,Unidade,90
"Chocolate, ao leite, ""Lacta""",,Porção,25
"Chocolate, ao leite, ""Lacta""",,Unidade,90
"Chocolate, ao leite, ""Lacta""",,Unidade Pequena,20
"Chocolate, ao leite, ""Nestlé Classic """,,Unidade,90
"Chocolate, ao leite, ""Nestlé Classic """,,Unidade Pequena,25
"Chocolate, ao leite, dietético (TACO)",,Porção,25
"Chocolate, ao leite, dietético (TBCA)",,Porção,25
"Chocolate, ao leite, dietético (TBCA)",,Porção,25
"Chocolate, meio amargo (TACO)",,Porção,25
"Chocolate, meio amargo (TBCA)",,Porção,25
"Chocolate, pó, ""Hikari""",,Colher de Sopa,10
Chuchu (cozido),,Fatia,30
Chuchu (cozido),,Pedaço,30
Chuchu (cozido),,Porção,57
Chuchu (cozido),,Colher de Arroz,45
Chuchu (cozido),,Colher de Sopa,20
Chuchu (cozido),,Concha,110
Chuchu (cozido),,Escumadeira,110
Chuchu (cozido),,Colher de Sobremesa,10
Chuchu (cozido),,Pegador,20
Chuchu (cozido),,Prato Raso,45
Chuchu (cozido),,Unidade,230
Chuchu (cozido),,Unidade Pequena,145
Chuchu (cozido),,Metade,115
Chuchu (cru),,Fatia,30
Chuchu (cru),,Pedaço,30
Chuchu (cru),,Porção,57
Chuchu (cru),,Colher de Arroz,45
Chuchu (cru),,Colher de Sopa,20
Chuchu (cru),,Concha,110
Chuchu (cru),,Escumadeira,110
Chuchu (cru),,Colher de Sobremesa,10
Chuchu (cru),,Pegador,20
Chuchu (cru),,Prato Raso,45
Chuchu (cru),,Unidade,230
Chuchu (cru),,Unidade Pequena,145
Chuchu (cru),,Metade,115
Chuchu ao alho e oleo,VERDURAS,Fatia,30
Chuchu ao alho e oleo,VERDURAS,Pedaço,30
Chuchu ao vinagrete,VERDURAS,Fatia,30
Chuchu ao vinagrete,VERDURAS,Pedaço,30
Chuchu ao vinagrete,VERDURAS,Porção,57
Chuchu ao vinagrete,VERDURAS,Colher de Arroz,45
Chuchu ao vinagrete,VERDURAS,Colher de Sopa,20
Chuchu ao vinagrete,VERDURAS,Concha,110
Chuchu ao vinagrete,VERDURAS,Escumadeira,110
Chuchu ao vinagrete,VERDURAS,Colher de Sobremesa,10
Chuchu ao vinagrete,VERDURAS,Pegador,20
Chuchu ao vinagrete,VERDURAS,Prato Raso,45
Chuchu ao vinagrete,VERDURAS,Unidade,230
Chuchu ao vinagrete,VERDURAS,Unidade Pequena,145
Chuchu ao vinagrete,VERDURAS,Metade,115
Chuchu assado(a),VERDURAS,Pedaço,30
Chuchu assado(a),VERDURAS,Porção,57
Chuchu assado(a),VERDURAS,Colher de Arroz,45
Chuchu assado(a),VERDURAS,Colher de Sopa,20
Chuchu cozido(a),VERDURAS,Fatia,30
Chuchu cozido(a),VERDURAS,Pedaço,30
Chuchu cozido(a),VERDURAS,Porção,57
Chuchu cozido(a),VERDURAS,Colher de Arroz,45
Chuchu cozido(a),VERDURAS,Colher de Sopa,20
Chuchu cozido(a),VERDURAS,Concha,110
Chuchu cozido(a),VERDURAS,Escumadeira,110
Chuchu cozido(a),VERDURAS,Colher de Sobremesa,10
Chuchu cozido(a),VERDURAS,Pegador,20
Chuchu cozido(a),VERDURAS,Prato Raso,45
Chuchu cozido(a),VERDURAS,Unidade,230
Chuchu cozido(a),VERDURAS,Unidade Pequena,145
Chuchu cozido(a),VERDURAS,Metade,115
Chuchu cru(a),VERDURAS,Fatia,30
Chuchu cru(a),VERDURAS,Pedaço,30
Chuchu cru(a),VERDURAS,Porção,57
Chuchu cru(a),VERDURAS,Colher de Arroz,45
Chuchu cru(a),VERDURAS,Colher de Sopa,20
Chuchu cru(a),VERDURAS,Concha,110
Chuchu cru(a),VERDURAS,Escumadeira,110
Chuchu cru(a),VERDURAS,Colher de Sobremesa,10
Chuchu cru(a),VERDURAS,Pegador,20
Chuchu cru(a),VERDURAS,Prato Raso,45
Chuchu cru(a),VERDURAS,Unidade,230
Chuchu cru(a),VERDURAS,Unidade Pequena,145
Chuchu cru(a),VERDURAS,Metade,115
Chuchu ensopado,VERDURAS,Fatia,30
Chuchu ensopado,VERDURAS,Pedaço,30
Chuchu ensopado,VERDURAS,Porção,57
Chuchu ensopado,VERDURAS,Colher de Arroz,45
Chuchu ensopado,VERDURAS,Colher de Sopa,20
Chuchu ensopado,VERDURAS,Concha,110
Chuchu ensopado,VERDURAS,Escumadeira,110
Chuchu ensopado,VERDURAS,Colher de Sobremesa,10
Chuchu ensopado,VERDURAS,Pegador,20
Chuchu ensopado,VERDURAS,Prato Raso,45
Chuchu ensopado,VERDURAS,Unidade,230
Chuchu ensopado,VERDURAS,Unidade Pequena,145
Chuchu ensopado,VERDURAS,Metade,115
Chuchu molho vermelho,VERDURAS,Fatia,30
Chuchu molho vermelho,VERDURAS,Pedaço,30
Chuchu molho vermelho,VERDURAS,Porção,57
Chuchu molho vermelho,VERDURAS,Colher de Arroz,45
Chuchu molho vermelho,VERDURAS,Colher de Sopa,20
Chuchu molho vermelho,VERDURAS,Concha,110
Chuchu molho vermelho,VERDURAS,Escumadeira,110
Chuchu molho vermelho,VERDURAS,Colher de Sobremesa,10
Chuchu molho vermelho,VERDURAS,Pegador,20
Chuchu molho vermelho,VERDURAS,Prato Raso,45
Chuchu molho vermelho,VERDURAS,Unidade,230
Chuchu molho vermelho,VERDURAS,Unidade Pequena,145
Chuchu molho vermelho,VERDURAS,Metade,115
Chuchu refogado(a),VERDURAS,Fatia,30
Chuchu refogado(a),VERDURAS,Pedaço,30
Chuchu refogado(a),VERDURAS,Porção,57
Chuchu refogado(a),VERDURAS,Colher de Arroz,45
Chuchu refogado(a),VERDURAS,Colher de Sopa,20
Chuchu refogado(a),VERDURAS,Concha,110
Chuchu refogado(a),VERDURAS,Escumadeira,110
Chuchu refogado(a),VERDURAS,Colher de Sobremesa,10
Chuchu refogado(a),VERDURAS,Pegador,20
Chuchu refogado(a),VERDURAS,Prato Raso,45
Chuchu refogado(a),VERDURAS,Unidade,230
Chuchu refogado(a),VERDURAS,Unidade Pequena,145
Chuchu refogado(a),VERDURAS,Metade,115
"Chuchu, cozido",,Fatia,30
"Chuchu, cozido",,Pedaço,30
"Chuchu, cozido",,Porção,57
"Chuchu, cozido",,Colher de Arroz,45
"Chuchu, cozido",,Colher de Sopa,20
"Chuchu, cozido",,Concha,110
"Chuchu, cozido",,Escumadeira,110
"Chuchu, cozido",,Colher de Sobremesa,10
"Chuchu, cozido",,Pegador,20
"Chuchu, cozido",,Prato Raso,45
"Chuchu, cozido",,Unidade,230
"Chuchu, cozido",,Unidade Pequena,145
"Chuchu, cozido",,Metade,115
"Chuchu, cru",,Fatia,30
"Chuchu, cru",,Pedaço,30
"Chuchu, cru",,Porção,57
"Chuchu, cru",,Colher de Arroz,45
"Chuchu, cru",,Colher de Sopa,20
"Chuchu, cru",,Concha,110
"Chuchu, cru",,Escumadeira,110
"Chuchu, cru",,Colher de Sobremesa,10
"Chuchu, cru",,Pegador,20
"Chuchu, cru",,Prato Raso,45
"Chuchu, cru",,Unidade,230
"Chuchu, cru",,Unidade Pequena,145
"Chuchu, cru",,Metade,115
Chuleta assado(a),CARNE BOVINA,File,100
Chuleta assado(a),CARNE BOVINA,Bife,100
Chuleta assado(a),CARNE BOVINA,Fatia,90
Chuleta assado(a),CARNE BOVINA,Pedaço,35
Chuleta assado(a),CARNE BOVINA,Porção,75
Chuleta assado(a),CARNE BOVINA,Colher de Arroz,70
Chuleta assado(a),CARNE BOVINA,Colher de Sopa,30
Chuleta assado(a),CARNE BOVINA,Concha,140
Chuleta assado(a),CARNE BOVINA,Escumadeira,70
Chuleta cozido(a),CARNE BOVINA,File,100
Chuleta cozido(a),CARNE BOVINA,Bife,100
Chuleta cozido(a),CARNE BOVINA,Fatia,90
Chuleta cozido(a),CARNE BOVINA,Pedaço,35
Chuleta cozido(a),CARNE BOVINA,Porção,75
Chuleta cozido(a),CARNE BOVINA,Colher de Arroz,70
Chuleta cozido(a),CARNE BOVINA,Colher de Sopa,30
Chuleta cozido(a),CARNE BOVINA,Concha,140
Chuleta cozido(a),CARNE BOVINA,Escumadeira,70
Chuleta frito(a),CARNE BOVINA,File,100
Chuleta frito(a),CARNE BOVINA,Bife,100
Chuleta frito(a),CARNE BOVINA,Fatia,90
Chuleta frito(a),CARNE BOVINA,Pedaço,35
Chuleta frito(a),CARNE BOVINA,Porção,75
Chuleta frito(a),CARNE BOVINA,Colher de Arroz,70
Chuleta frito(a),CARNE BOVINA,Colher de Sopa,30
Chuleta frito(a),CARNE BOVINA,Concha,140
Chuleta frito(a),CARNE BOVINA,Escumadeira,70
Chuleta grelhado(a)/brasa/churrasco,CARNE BOVINA,File,100
Chuleta grelhado(a)/brasa/churrasco,CARNE BOVINA,Bife,100
Chuleta grelhado(a)/brasa/churrasco,CARNE BOVINA,Fatia,90
Chuleta grelhado(a)/brasa/churrasco,CARNE BOVINA,Pedaço,35
Chuleta grelhado(a)/brasa/churrasco,CARNE BOVINA,Porção,75
Chuleta grelhado(a)/brasa/churrasco,CARNE BOVINA,Colher de Arroz,70
Chuleta grelhado(a)/brasa/churrasco,CARNE BOVINA,Colher de Sopa,30
Chuleta grelhado(a)/brasa/churrasco,CARNE BOVINA,Concha,140
Chuleta grelhado(a)/brasa/churrasco,CARNE BOVINA,Escumadeira,70
Churrasco,CARNE BOVINA,File,100
Churrasco,CARNE BOVINA,Bife,100
Churrasco,CARNE BOVINA,Fatia,90
Churrasco,CARNE BOVINA,Pedaço,35
Churrasco,CARNE BOVINA,Porção,75
Churrasco,CARNE BOVINA,Colher de Arroz,70
Churrasco,CARNE BOVINA,Colher de Sopa,30
Churrasco,CARNE BOVINA,Concha,140
Churrasco,CARNE BOVINA,Escumadeira,70
Clara de ovo de galinha,,Unidade,15
Clara de ovo de galinha,,Metade,7
Coco,OLEAGINOSAS,Pedaço,40
Coco fresco,,Pedaço,40
"Coco,  verde, cru",,Pedaço,40
"Coco, cru",,Pedaço,40
Contra filé assado(a),CARNE BOVINA,File,100
Contra filé assado(a),CARNE BOVINA,Bife,100
Contra filé assado(a),CARNE BOVINA,Fatia,90
Contra filé assado(a),CARNE BOVINA,Pedaço,35
Contra filé assado(a),CARNE BOVINA,Porção,75
Contra filé assado(a),CARNE BOVINA,Colher de Arroz,70
Contra filé assado(a),CARNE BOVINA,Colher de Sopa,30
Contra filé assado(a),CARNE BOVINA,Concha,140
Contra filé assado(a),CARNE BOVINA,Escumadeira,70
Contra filé cozido(a),CARNE BOVINA,File,100
Contra filé cozido(a),CARNE BOVINA,Bife,100
Contra filé cozido(a),CARNE BOVINA,Fatia,90
Contra filé cozido(a),CARNE BOVINA,Pedaço,35
Contra filé cozido(a),CARNE BOVINA,Porção,75
Contra filé cozido(a),CARNE BOVINA,Colher de Arroz,70
Contra filé cozido(a),CARNE BOVINA,Colher de Sopa,30
Contra filé cozido(a),CARNE BOVINA,Concha,140
Contra filé cozido(a),CARNE BOVINA,Escumadeira,70
Contra filé empanado(a)/a milanesa,CARNE BOVINA,File,100
Contra filé empanado(a)/a milanesa,CARNE BOVINA,Bife,100
Contra filé empanado(a)/a milanesa,CARNE BOVINA,Fatia,90
Contra filé empanado(a)/a milanesa,CARNE BOVINA,Pedaço,35
Contra filé empanado(a)/a milanesa,CARNE BOVINA,Porção,75
Contra filé empanado(a)/a milanesa,CARNE BOVINA,Colher de Arroz,70
Contra filé empanado(a)/a milanesa,CARNE BOVINA,Colher de Sopa,30
Contra filé empanado(a)/a milanesa,CARNE BOVINA,Concha,140
Contra filé empanado(a)/a milanesa,CARNE BOVINA,Escumadeira,70
Contra filé frito(a),CARNE BOVINA,File,100
Contra filé frito(a),CARNE BOVINA,Bife,100
Contra filé frito(a),CARNE BOVINA,Fatia,90
Contra filé frito(a),CARNE BOVINA,Pedaço,35
Contra filé frito(a),CARNE BOVINA,Porção,75
Contra filé frito(a),CARNE BOVINA,Colher de Arroz,70
Contra filé frito(a),CARNE BOVINA,Colher de Sopa,30
Contra filé frito(a),CARNE BOVINA,Concha,140
Contra filé frito(a),CARNE BOVINA,Escumadeira,70
Contra filé grelhado(a)/brasa/churrasco,CARNE BOVINA,File,100
Contra filé grelhado(a)/brasa/churrasco,CARNE BOVINA,Bife,100
Contra filé grelhado(a)/brasa/churrasco,CARNE BOVINA,Fatia,90
Contra filé grelhado(a)/brasa/churrasco,CARNE BOVINA,Pedaço,35
Contra filé grelhado(a)/brasa/churrasco,CARNE BOVINA,Porção,75
Contra filé grelhado(a)/brasa/churrasco,CARNE BOVINA,Colher de Arroz,70
Contra filé grelhado(a)/brasa/churrasco,CARNE BOVINA,Colher de Sopa,30
Contra filé grelhado(a)/brasa/churrasco,CARNE BOVINA,Concha,140
Contra filé grelhado(a)/brasa/churrasco,CARNE BOVINA,Escumadeira,70
Contra filé molho vermelho,CARNE BOVINA,File,100
Contra filé molho vermelho,CARNE BOVINA,Bife,100
Contra filé molho vermelho,CARNE BOVINA,Fatia,90
Contra filé molho vermelho,CARNE BOVINA,Pedaço,35
Contra filé molho vermelho,CARNE BOVINA,Porção,75
Contra filé molho vermelho,CARNE BOVINA,Colher de Arroz,70
Contra filé molho vermelho,CARNE BOVINA,Colher de Sopa,30
Contra filé molho vermelho,CARNE BOVINA,Concha,140
Contra filé molho vermelho,CARNE BOVINA,Escumadeira,70
Contra filé orgânico assado(a),CARNE BOVINA,File,100
Contra filé orgânico assado(a),CARNE BOVINA,Bife,100
Contra filé orgânico assado(a),CARNE BOVINA,Fatia,90
Contra filé orgânico assado(a),CARNE BOVINA,Pedaço,35
Contra filé orgânico assado(a),CARNE BOVINA,Porção,75
Contra filé orgânico assado(a),CARNE BOVINA,Colher de Arroz,70
Contra filé orgânico assado(a),CARNE BOVINA,Colher de Sopa,30
Contra filé orgânico assado(a),CARNE BOVINA,Concha,140
Contra filé orgânico assado(a),CARNE BOVINA,Escumadeira,70
Contra filé refogado(a),CARNE BOVINA,File,100
Contra filé refogado(a),CARNE BOVINA,Bife,100
Contra filé refogado(a),CARNE BOVINA,Fatia,90
Contra filé refogado(a),CARNE BOVINA,Pedaço,35
Contra filé refogado(a),CARNE BOVINA,Porção,75
Contra filé refogado(a),CARNE BOVINA,Colher de Arroz,70
Contra filé refogado(a),CARNE BOVINA,Colher de Sopa,30
Contra filé refogado(a),CARNE BOVINA,Concha,140
Contra filé refogado(a),CARNE BOVINA,Escumadeira,70
Contrafilé (cru) - carne bovina,,File,100
Contrafilé (cru) - carne bovina,,Bife,100
Contrafilé (cru) - carne bovina,,Fatia,90
Contrafilé (cru) - carne bovina,,Pedaço,35
Contrafilé (cru) - carne bovina,,Porção,75
Contrafilé (cru) - carne bovina,,Colher de Arroz,70
Contrafilé (cru) - carne bovina,,Colher de Sopa,30
Contrafilé (cru) - carne bovina,,Concha,140
Contrafilé (cru) - carne bovina,,Escumadeira,70
Contrafilé com gordura (cru) - carne bovina,,File,100
Contrafilé com gordura (cru) - carne bovina,,Bife,100
Contrafilé com gordura (cru) - carne bovina,,Fatia,90
Contrafilé com gordura (cru) - carne bovina,,Pedaço,35
Contrafilé com gordura (cru) - carne bovina,,Porção,75
Contrafilé com gordura (cru) - carne bovina,,Colher de Arroz,70
Contrafilé com gordura (cru) - carne bovina,,Colher de Sopa,30
Contrafilé com gordura (cru) - carne bovina,,Concha,140
Contrafilé com gordura (cru) - carne bovina,,Escumadeira,70
Contrafilé com gordura(grelhado) - carne bovina,,File,100
Contrafilé com gordura(grelhado) - carne bovina,,Bife,100
Contrafilé com gordura(grelhado) - carne bovina,,Fatia,90
Contrafilé com gordura(grelhado) - carne bovina,,Pedaço,35
Contrafilé com gordura(grelhado) - carne bovina,,Porção,75
Contrafilé com gordura(grelhado) - carne bovina,,Colher de Arroz,70
Contrafilé com gordura(grelhado) - carne bovina,,Colher de Sopa,30
Contrafilé com gordura(grelhado) - carne bovina,,Concha,140
Contrafilé com gordura(grelhado) - carne bovina,,Escumadeira,70
Contrafilé de costela (cru) -carne bovina,,File,100
Contrafilé de costela (cru) -carne bovina,,Bife,100
Contrafilé de costela (cru) -carne bovina,,Fatia,90
Contrafilé de costela (cru) -carne bovina,,Pedaço,35
Contrafilé de costela (cru) -carne bovina,,Porção,75
Contrafilé de costela (cru) -carne bovina,,Colher de Arroz,70
Contrafilé de costela (cru) -carne bovina,,Colher de Sopa,30
Contrafilé de costela (cru) -carne bovina,,Concha,140
Contrafilé de costela (cru) -carne bovina,,Escumadeira,70
Contrafilé de costela(grelhado) - carne bovina,,File,100
Contrafilé de costela(grelhado) - carne bovina,,Bife,100
Contrafilé de costela(grelhado) - carne bovina,,Fatia,90
Contrafilé de costela(grelhado) - carne bovina,,Pedaço,35
Contrafilé de costela(grelhado) - carne bovina,,Porção,75
Contrafilé de costela(grelhado) - carne bovina,,Colher de Arroz,70
Contrafilé de costela(grelhado) - carne bovina,,Colher de Sopa,30
Contrafilé de costela(grelhado) - carne bovina,,Concha,140
Contrafilé de costela(grelhado) - carne bovina,,Escumadeira,70
Contrafilé sem gordura (cru) -carne bovina,,File,100
Contrafilé sem gordura (cru) -carne bovina,,Bife,100
Contrafilé sem gordura (cru) -carne bovina,,Fatia,90
Contrafilé sem gordura (cru) -carne bovina,,Pedaço,35
Contrafilé sem gordura (cru) -carne bovina,,Porção,75
Contrafilé sem gordura (cru) -carne bovina,,Colher de Arroz,70
Contrafilé sem gordura (cru) -carne bovina,,Colher de Sopa,30
Contrafilé sem gordura (cru) -carne bovina,,Concha,140
Contrafilé sem gordura (cru) -carne bovina,,Escumadeira,70
Contrafilé sem gordura(grelhado) - carne bovina,,File,100
Contrafilé sem gordura(grelhado) - carne bovina,,Bife,100
Contrafilé sem gordura(grelhado) - carne bovina,,Fatia,90
Contrafilé sem gordura(grelhado) - carne bovina,,Pedaço,35
Contrafilé sem gordura(grelhado) - carne bovina,,Porção,75
Contrafilé sem gordura(grelhado) - carne bovina,,Colher de Arroz,70
Contrafilé sem gordura(grelhado) - carne bovina,,Colher de Sopa,30
Contrafilé sem gordura(grelhado) - carne bovina,,Concha,140
Contrafilé sem gordura(grelhado) - carne bovina,,Escumadeira,70
Copa de porco defumada,OUTRAS CARNES,Bife,100
Copa de porco defumada,OUTRAS CARNES,Fatia,90
Copa de porco defumada,OUTRAS CARNES,Pedaço,35
Copa de porco defumada,OUTRAS CARNES,Porção,75
Copa de porco defumada,OUTRAS CARNES,Colher de Arroz,70
Copa de porco defumada,OUTRAS CARNES,Colher de Sopa,30
Copa de porco defumada,OUTRAS CARNES,Concha,140
Copa de porco defumada,OUTRAS CARNES,Escumadeira,70
Costela,CARNE BOVINA,Fatia,90
Costela,CARNE BOVINA,Pedaço,35
Costela,CARNE BOVINA,Porção,75
Costela,CARNE BOVINA,Colher de Arroz,70
Costela,CARNE BOVINA,Colher de Sopa,30
Costela,CARNE BOVINA,Concha,140
Costela,CARNE BOVINA,Escumadeira,70
Costela (assada) - carnebovina,,Fatia,90
Costela (assada) - carnebovina,,Pedaço,35
Costela (assada) - carnebovina,,Porção,75
Costela (assada) - carnebovina,,Colher de Arroz,70
Costela (assada) - carnebovina,,Colher de Sopa,30
Costela (assada) - carnebovina,,Concha,140
Costela (assada) - carnebovina,,Escumadeira,70
Costela (crua) - carne bovina,,Fatia,90
Costela (crua) - carne bovina,,Pedaço,35
Costela (crua) - carne bovina,,Porção,75
Costela (crua) - carne bovina,,Colher de Arroz,70
Costela (crua) - carne bovina,,Colher de Sopa,30
Costela (crua) - carne bovina,,Concha,140
Costela (crua) - carne bovina,,Escumadeira,70
Costela bovina assado(a),CARNE BOVINA,Fatia,90
Costela bovina assado(a),CARNE BOVINA,Pedaço,35
Costela bovina assado(a),CARNE BOVINA,Porção,75
Costela bovina assado(a),CARNE BOVINA,Colher de Arroz,70
Costela bovina assado(a),CARNE BOVINA,Colher de Sopa,30
Costela bovina assado(a),CARNE BOVINA,Concha,140
Costela bovina assado(a),CARNE BOVINA,Escumadeira,70
Costela bovina cozido(a),CARNE BOVINA,Fatia,90
Costela bovina cozido(a),CARNE BOVINA,Pedaço,35
Costela bovina cozido(a),CARNE BOVINA,Porção,75
Costela bovina cozido(a),CARNE BOVINA,Colher de Arroz,70
Costela bovina cozido(a),CARNE BOVINA,Colher de Sopa,30
Costela bovina cozido(a),CARNE BOVINA,Concha,140
Costela bovina cozido(a),CARNE BOVINA,Escumadeira,70
Costela bovina ensopado,CARNE BOVINA,Fatia,90
Costela bovina ensopado,CARNE BOVINA,Pedaço,35
Costela bovina ensopado,CARNE BOVINA,Porção,75
Costela bovina ensopado,CARNE BOVINA,Colher de Arroz,70
Costela bovina ensopado,CARNE BOVINA,Colher de Sopa,30
Costela bovina ensopado,CARNE BOVINA,Concha,140
Costela bovina ensopado,CARNE BOVINA,Escumadeira,70
Costela bovina refogado(a),CARNE BOVINA,Fatia,90
Costela bovina refogado(a),CARNE BOVINA,Pedaço,35
Costela bovina refogado(a),CARNE BOVINA,Porção,75
Costela bovina refogado(a),CARNE BOVINA,Colher de Arroz,70
Costela bovina refogado(a),CARNE BOVINA,Colher de Sopa,30
Costela bovina refogado(a),CARNE BOVINA,Concha,140
Costela bovina refogado(a),CARNE BOVINA,Escumadeira,70
Costela de porco (assada),,Fatia,90
Costela de porco (assada),,Pedaço,35
Costela de porco (assada),,Porção,75
Costela de porco (assada),,Colher de Arroz,70
Costela de porco (assada),,Colher de Sopa,30
Costela de porco (assada),,Concha,140
Costela de porco (assada),,Escumadeira,70
Costela de porco (crua),,Fatia,90
Costela de porco (crua),,Pedaço,35
Costela de porco (crua),,Porção,75
Costela de porco (crua),,Colher de Arroz,70
Costela de porco (crua),,Colher de Sopa,30
Costela de porco (crua),,Concha,140
Costela de porco (crua),,Escumadeira,70
Costela de porco com chucrute,,Fatia,90
Costela de porco com chucrute,,Pedaço,35
Costela de porco com chucrute,,Porção,75
Costela de porco com chucrute,,Colher de Arroz,70
Costela de porco com chucrute,,Colher de Sopa,30
Costela de porco com chucrute,,Concha,140
Costela de porco com chucrute,,Escumadeira,70
Costela suína,OUTRAS CARNES,Fatia,90
Costela suína,OUTRAS CARNES,Pedaço,35
Costela suína,OUTRAS CARNES,Porção,75
Costela suína,OUTRAS CARNES,Colher de Arroz,70
Costela suína,OUTRAS CARNES,Colher de Sopa,30
Costela suína,OUTRAS CARNES,Concha,140
Costela suína,OUTRAS CARNES,Escumadeira,70
Costela suína assado(a),OUTRAS CARNES,Fatia,90
Costela suína assado(a),OUTRAS CARNES,Pedaço,35
Costela suína assado(a),OUTRAS CARNES,Porção,75
Costela suína assado(a),OUTRAS CARNES,Colher de Arroz,70
Costela suína assado(a),OUTRAS CARNES,Colher de Sopa,30
Costela suína assado(a),OUTRAS CARNES,Concha,140
Costela suína assado(a),OUTRAS CARNES,Escumadeira,70
Costela suína cozido(a),OUTRAS CARNES,Fatia,90
Costela suína cozido(a),OUTRAS CARNES,Pedaço,35
Costela suína cozido(a),OUTRAS CARNES,Porção,75
Costela suína cozido(a),OUTRAS CARNES,Colher de Arroz,70
Costela suína cozido(a),OUTRAS CARNES,Colher de Sopa,30
Costela suína cozido(a),OUTRAS CARNES,Concha,140
Costela suína cozido(a),OUTRAS CARNES,Escumadeira,70
Costela suína cru(a),OUTRAS CARNES,Fatia,90
Costela suína cru(a),OUTRAS CARNES,Pedaço,35
Costela suína cru(a),OUTRAS CARNES,Porção,75
Costela suína cru(a),OUTRAS CARNES,Colher de Arroz,70
Costela suína cru(a),OUTRAS CARNES,Colher de Sopa,30
Costela suína cru(a),OUTRAS CARNES,Concha,140
Costela suína cru(a),OUTRAS CARNES,Escumadeira,70
Costela suína ensopado,OUTRAS CARNES,Fatia,90
Costela suína ensopado,OUTRAS CARNES,Pedaço,35
Costela suína ensopado,OUTRAS CARNES,Porção,75
Costela suína ensopado,OUTRAS CARNES,Colher de Arroz,70
Costela suína ensopado,OUTRAS CARNES,Colher de Sopa,30
Costela suína ensopado,OUTRAS CARNES,Concha,140
Costela suína ensopado,OUTRAS CARNES,Escumadeira,70
Costela suína frito(a),OUTRAS CARNES,Fatia,90
Costela suína frito(a),OUTRAS CARNES,Pedaço,35
Costela suína frito(a),OUTRAS CARNES,Porção,75
Costela suína frito(a),OUTRAS CARNES,Colher de Arroz,70
Costela suína frito(a),OUTRAS CARNES,Colher de Sopa,30
Costela suína frito(a),OUTRAS CARNES,Concha,140
Costela suína frito(a),OUTRAS CARNES,Escumadeira,70
Costela suína grelhado(a)/brasa/churrasco,OUTRAS CARNES,Fatia,90
Costela suína grelhado(a)/brasa/churrasco,OUTRAS CARNES,Pedaço,35
Costela suína grelhado(a)/brasa/churrasco,OUTRAS CARNES,Porção,75
Costela suína grelhado(a)/brasa/churrasco,OUTRAS CARNES,Colher de Arroz,70
Costela suína grelhado(a)/brasa/churrasco,OUTRAS CARNES,Colher de Sopa,30
Costela suína grelhado(a)/brasa/churrasco,OUTRAS CARNES,Concha,140
Costela suína grelhado(a)/brasa/churrasco,OUTRAS CARNES,Escumadeira,70
Costela suína molho vermelho,OUTRAS CARNES,Fatia,90
Costela suína molho vermelho,OUTRAS CARNES,Pedaço,35
Costela suína molho vermelho,OUTRAS CARNES,Porção,75
Costela suína molho vermelho,OUTRAS CARNES,Colher de Arroz,70
Costela suína molho vermelho,OUTRAS CARNES,Colher de Sopa,30
Costela suína molho vermelho,OUTRAS CARNES,Concha,140
Costela suína molho vermelho,OUTRAS CARNES,Escumadeira,70
Costela suína refogado(a),OUTRAS CARNES,Fatia,90
Costela suína refogado(a),OUTRAS CARNES,Pedaço,35
Costela suína refogado(a),OUTRAS CARNES,Porção,75
Costela suína refogado(a),OUTRAS CARNES,Colher de Arroz,70
Costela suína refogado(a),OUTRAS CARNES,Colher de Sopa,30
Costela suína refogado(a),OUTRAS CARNES,Concha,140
Costela suína refogado(a),OUTRAS CARNES,Escumadeira,70
Couve,HORTALIÇAS,Porção,42
Couve,HORTALIÇAS,Colher de Arroz,42
Couve,HORTALIÇAS,Colher de Sopa,20
Couve,HORTALIÇAS,Concha,84
Couve,HORTALIÇAS,Escumadeira,42
Couve,HORTALIÇAS,Pegador,20
Couve,HORTALIÇAS,Folha,25
Couve ao alho e oleo,HORTALIÇAS,Porção,42
Couve ao alho e oleo,HORTALIÇAS,Colher de Arroz,42
Couve ao alho e oleo,HORTALIÇAS,Colher de Sopa,20
Couve ao alho e oleo,HORTALIÇAS,Concha,84
Couve ao alho e oleo,HORTALIÇAS,Escumadeira,42
Couve ao alho e oleo,HORTALIÇAS,Pegador,20
Couve ao alho e oleo,HORTALIÇAS,Folha,25
Couve ao vinagrete,HORTALIÇAS,Porção,42
Couve ao vinagrete,HORTALIÇAS,Colher de Arroz,42
Couve ao vinagrete,HORTALIÇAS,Colher de Sopa,20
Couve ao vinagrete,HORTALIÇAS,Concha,84
Couve ao vinagrete,HORTALIÇAS,Escumadeira,42
Couve ao vinagrete,HORTALIÇAS,Pegador,20
Couve ao vinagrete,HORTALIÇAS,Folha,25
Couve com manteiga/oleo,HORTALIÇAS,Porção,42
Couve com manteiga/oleo,HORTALIÇAS,Colher de Arroz,42
Couve com manteiga/oleo,HORTALIÇAS,Colher de Sopa,20
Couve com manteiga/oleo,HORTALIÇAS,Concha,84
Couve com manteiga/oleo,HORTALIÇAS,Escumadeira,42
Couve com manteiga/oleo,HORTALIÇAS,Pegador,20
Couve com manteiga/oleo,HORTALIÇAS,Folha,25
Couve cozido(a),HORTALIÇAS,Porção,42
Couve cozido(a),HORTALIÇAS,Colher de Arroz,42
Couve cozido(a),HORTALIÇAS,Colher de Sopa,20
Couve cozido(a),HORTALIÇAS,Concha,84
Couve cozido(a),HORTALIÇAS,Escumadeira,42
Couve cozido(a),HORTALIÇAS,Pegador,20
Couve cozido(a),HORTALIÇAS,Folha,25
Couve cru(a),HORTALIÇAS,Porção,42
Couve cru(a),HORTALIÇAS,Colher de Arroz,42
Couve cru(a),HORTALIÇAS,Colher de Sopa,20
Couve cru(a),HORTALIÇAS,Concha,84
Couve cru(a),HORTALIÇAS,Escumadeira,42
Couve cru(a),HORTALIÇAS,Pegador,20
Couve cru(a),HORTALIÇAS,Folha,25
Couve ensopado,HORTALIÇAS,Porção,42
Couve ensopado,HORTALIÇAS,Colher de Arroz,42
Couve ensopado,HORTALIÇAS,Colher de Sopa,20
Couve ensopado,HORTALIÇAS,Concha,84
Couve ensopado,HORTALIÇAS,Escumadeira,42
Couve ensopado,HORTALIÇAS,Pegador,20
Couve ensopado,HORTALIÇAS,Folha,25
Couve flor,HORTALIÇAS,Pedaço,60
Couve flor,HORTALIÇAS,Porção,69
Couve flor,HORTALIÇAS,Colher de Arroz,50
Couve flor,HORTALIÇAS,Colher de Sopa,25
Couve flor,HORTALIÇAS,Concha,100
Couve flor,HORTALIÇAS,Escumadeira,50
Couve flor,HORTALIÇAS,Pegador,25
Couve flor,HORTALIÇAS,Unidade,60
Couve flor,HORTALIÇAS,Unidade Pequena,30
Couve flor ao vinagrete,HORTALIÇAS,Pedaço,60
Couve flor ao vinagrete,HORTALIÇAS,Porção,69
Couve flor ao vinagrete,HORTALIÇAS,Colher de Arroz,50
Couve flor ao vinagrete,HORTALIÇAS,Colher de Sopa,25
Couve flor ao vinagrete,HORTALIÇAS,Concha,100
Couve flor ao vinagrete,HORTALIÇAS,Escumadeira,50
Couve flor ao vinagrete,HORTALIÇAS,Pegador,25
Couve flor ao vinagrete,HORTALIÇAS,Unidade,60
Couve flor ao vinagrete,HORTALIÇAS,Unidade Pequena,30
Couve flor cozido(a),HORTALIÇAS,Pedaço,60
Couve flor cozido(a),HORTALIÇAS,Porção,69
Couve flor cozido(a),HORTALIÇAS,Colher de Arroz,50
Couve flor cozido(a),HORTALIÇAS,Colher de Sopa,25
Couve flor cozido(a),HORTALIÇAS,Concha,100
Couve flor cozido(a),HORTALIÇAS,Escumadeira,50
Couve flor cozido(a),HORTALIÇAS,Pegador,25
Couve flor cozido(a),HORTALIÇAS,Unidade,60
Couve flor cozido(a),HORTALIÇAS,Unidade Pequena,30
Couve flor cru(a),HORTALIÇAS,Pedaço,60
Couve flor cru(a),HORTALIÇAS,Porção,69
Couve flor cru(a),HORTALIÇAS,Colher de Arroz,50
Couve flor cru(a),HORTALIÇAS,Colher de Sopa,25
Couve flor cru(a),HORTALIÇAS,Concha,100
Couve flor cru(a),HORTALIÇAS,Escumadeira,50
Couve flor cru(a),HORTALIÇAS,Pegador,25
Couve flor cru(a),HORTALIÇAS,Unidade,60
Couve flor cru(a),HORTALIÇAS,Unidade Pequena,30
Couve flor empanado(a)/a milanesa,HORTALIÇAS,Pedaço,60
Couve flor empanado(a)/a milanesa,HORTALIÇAS,Porção,69
Couve flor empanado(a)/a milanesa,HORTALIÇAS,Colher de Arroz,50
Couve flor empanado(a)/a milanesa,HORTALIÇAS,Colher de Sopa,25
Couve flor empanado(a)/a milanesa,HORTALIÇAS,Concha,100
Couve flor empanado(a)/a milanesa,HORTALIÇAS,Escumadeira,50
Couve flor empanado(a)/a milanesa,HORTALIÇAS,Pegador,25
Couve flor empanado(a)/a milanesa,HORTALIÇAS,Unidade,60
Couve flor empanado(a)/a milanesa,HORTALIÇAS,Unidade Pequena,30
Couve flor frito(a),HORTALIÇAS,Pedaço,60
Couve flor frito(a),HORTALIÇAS,Porção,69
Couve flor frito(a),HORTALIÇAS,Colher de Arroz,50
Couve flor frito(a),HORTALIÇAS,Colher de Sopa,25
Couve flor frito(a),HORTALIÇAS,Concha,100
Couve flor frito(a),HORTALIÇAS,Escumadeira,50
Couve flor frito(a),HORTALIÇAS,Pegador,25
Couve flor frito(a),HORTALIÇAS,Unidade,60
Couve flor frito(a),HORTALIÇAS,Unidade Pequena,30
Couve flor refogado(a),HORTALIÇAS,Pedaço,60
Couve flor refogado(a),HORTALIÇAS,Porção,69
Couve flor refogado(a),HORTALIÇAS,Colher de Arroz,50
Couve flor refogado(a),HORTALIÇAS,Colher de Sopa,25
Couve flor refogado(a),HORTALIÇAS,Concha,100
Couve flor refogado(a),HORTALIÇAS,Escumadeira,50
Couve flor refogado(a),HORTALIÇAS,Pegador,25
Couve flor refogado(a),HORTALIÇAS,Unidade,60
Couve flor refogado(a),HORTALIÇAS,Unidade Pequena,30
Couve frito(a),HORTALIÇAS,Porção,42
Couve frito(a),HORTALIÇAS,Colher de Arroz,42
Couve frito(a),HORTALIÇAS,Colher de Sopa,20
Couve frito(a),HORTALIÇAS,Concha,84
Couve frito(a),HORTALIÇAS,Escumadeira,42
Couve frito(a),HORTALIÇAS,Pegador,20
Couve molho vermelho,HORTALIÇAS,Porção,42
Couve molho vermelho,HORTALIÇAS,Colher de Arroz,42
Couve molho vermelho,HORTALIÇAS,Colher de Sopa,20
Couve molho vermelho,HORTALIÇAS,Concha,84
Couve molho vermelho,HORTALIÇAS,Escumadeira,42
Couve molho vermelho,HORTALIÇAS,Pegador,20
Couve refogado(a),HORTALIÇAS,Porção,42
Couve refogado(a),HORTALIÇAS,Colher de Arroz,42
Couve refogado(a),HORTALIÇAS,Colher de Sopa,20
Couve refogado(a),HORTALIÇAS,Concha,84
Couve refogado(a),HORTALIÇAS,Escumadeira,42
Couve refogado(a),HORTALIÇAS,Pegador,20
"Couve, manteiga, crua",,Porção,42
"Couve, manteiga, crua",,Colher de Arroz,42
"Couve, manteiga, crua",,Colher de Sopa,20
"Couve, manteiga, crua",,Concha,84
"Couve, manteiga, crua",,Escumadeira,42
"Couve, manteiga, crua",,Pegador,20
"Couve, manteiga, crua",,Folha,25
"Couve, manteiga, refogada ",,Porção,42
"Couve, manteiga, refogada ",,Colher de Arroz,42
"Couve, manteiga, refogada ",,Colher de Sopa,20
"Couve, manteiga, refogada ",,Concha,84
"Couve, manteiga, refogada ",,Escumadeira,42
"Couve, manteiga, refogada ",,Pegador,20
"Couve, manteiga, refogada ",,Folha,25
Couve-flor (cozida),,Pedaço,60
Couve-flor (cozida),,Porção,69
Couve-flor (cozida),,Colher de Arroz,50
Couve-flor (cozida),,Colher de Sopa,25
Couve-flor (cozida),,Concha,100
Couve-flor (cozida),,Escumadeira,50
Couve-flor (cozida),,Pegador,25
Couve-flor (cozida),,Unidade,60
Couve-flor (cozida),,Unidade Pequena,30
Couve-flor {crua),,Pedaço,60
Couve-flor {crua),,Porção,69
Couve-flor {crua),,Colher de Arroz,50
Couve-flor {crua),,Colher de Sopa,25
Couve-flor {crua),,Concha,100
Couve-flor {crua),,Escumadeira,50
Couve-flor {crua),,Pegador,25
Couve-flor {crua),,Unidade,60
Couve-flor {crua),,Unidade Pequena,30
"Couve-flor, cozida",,Pedaço,60
"Couve-flor, cozida",,Porção,69
"Couve-flor, cozida",,Colher de Arroz,50
"Couve-flor, cozida",,Colher de Sopa,25
"Couve-flor, cozida",,Concha,100
"Couve-flor, cozida",,Escumadeira,50
"Couve-flor, cozida",,Pegador,25
"Couve-flor, cozida",,Unidade,60
"Couve-flor, cozida",,Unidade Pequena,30
"Couve-flor, crua",,Pedaço,60
"Couve-flor, crua",,Porção,69
"Couve-flor, crua",,Colher de Arroz,50
"Couve-flor, crua",,Colher de Sopa,25
"Couve-flor, crua",,Concha,100
"Couve-flor, crua",,Escumadeira,50
"Couve-flor, crua",,Pegador,25
"Couve-flor, crua",,Unidade,60
"Couve-flor, crua",,Unidade Pequena,30
Couve-manteiga (cozida),,Pedaço,60
Couve-manteiga (cozida),,Porção,69
Couve-manteiga (cozida),,Colher de Arroz,50
Couve-manteiga (cozida),,Colher de Sopa,25
Couve-manteiga (cozida),,Concha,100
Couve-manteiga (cozida),,Escumadeira,50
Couve-manteiga (cozida),,Pegador,25
Couve-manteiga (cozida),,Unidade,60
Couve-manteiga (cozida),,Unidade Pequena,30
Couve-manteiga (crua),,Pedaço,60
Couve-manteiga (crua),,Porção,69
Couve-manteiga (crua),,Colher de Arroz,50
Couve-manteiga (crua),,Colher de Sopa,25
Couve-manteiga (crua),,Concha,100
Couve-manteiga (crua),,Escumadeira,50
Couve-manteiga (crua),,Pegador,25
Couve-manteiga (crua),,Unidade,60
Couve-manteiga (crua),,Unidade Pequena,30
Couve-manteiga (refogada),,Pedaço,60
Couve-manteiga (refogada),,Porção,69
Couve-manteiga (refogada),,Colher de Arroz,50
Couve-manteiga (refogada),,Colher de Sopa,25
Couve-manteiga (refogada),,Concha,100
Couve-manteiga (refogada),,Escumadeira,50
Couve-manteiga (refogada),,Pegador,25
Couve-manteiga (refogada),,Unidade,60
Couve-manteiga (refogada),,Unidade Pequena,30
Coxa de frango (frita),,Coxa,55
Coxa de frango com pele(assada),,Coxa,55
Coxa de frango com pele(crua),,Coxa,55
Coxa de frango inteira (assada),,Coxa,55
Coxa de frango inteira (crua),,Coxa,55
Coxa de frango sem pele(assada),,Coxa,55
Coxa de frango sem pele(cozida),,Coxa,55
Coxa de frango sem pele(crua),,Coxa,55
Coxa de frango sem peletubelle light - Seara@,,Coxa,55
Coxa e sobrecoxa de frangosem pele e sem osso (crua),,Coxa,55
Coxão duro sem gordura (cru)- carne bovina,,File,100
Coxão duro sem gordura (cru)- carne bovina,,Bife,100
Coxão duro sem gordura (cru)- carne bovina,,Fatia,90
Coxão duro sem gordura (cru)- carne bovina,,Pedaço,35
Coxão duro sem gordura (cru)- carne bovina,,Porção,75
Coxão duro sem gordura (cru)- carne bovina,,Colher de Arroz,70
Coxão duro sem gordura (cru)- carne bovina,,Colher de Sopa,30
Coxão duro sem gordura (cru)- carne bovina,,Concha,140
Coxão duro sem gordura (cru)- carne bovina,,Escumadeira,70
Coxão duro sem gordura(cozido) - carne bovina,,File,100
Coxão duro sem gordura(cozido) - carne bovina,,Bife,100
Coxão duro sem gordura(cozido) - carne bovina,,Fatia,90
Coxão duro sem gordura(cozido) - carne bovina,,Pedaço,35
Coxão duro sem gordura(cozido) - carne bovina,,Porção,75
Coxão duro sem gordura(cozido) - carne bovina,,Colher de Arroz,70
Coxão duro sem gordura(cozido) - carne bovina,,Colher de Sopa,30
Coxão duro sem gordura(cozido) - carne bovina,,Concha,140
Coxão duro sem gordura(cozido) - carne bovina,,Escumadeira,70
Coxão mole sem gordura (cru)- carne bovina,,File,100
Coxão mole sem gordura (cru)- carne bovina,,Bife,100
Coxão mole sem gordura (cru)- carne bovina,,Fatia,90
Coxão mole sem gordura (cru)- carne bovina,,Pedaço,35
Coxão mole sem gordura (cru)- carne bovina,,Porção,75
Coxão mole sem gordura (cru)- carne bovina,,Colher de Arroz,70
Coxão mole sem gordura (cru)- carne bovina,,Colher de Sopa,30
Coxão mole sem gordura (cru)- carne bovina,,Concha,140
Coxão mole sem gordura (cru)- carne bovina,,Escumadeira,70
Coxão mole sem gordura(cozido) - carne bovina,,File,100
Coxão mole sem gordura(cozido) - carne bovina,,Bife,100
Coxão mole sem gordura(cozido) - carne bovina,,Fatia,90
Coxão mole sem gordura(cozido) - carne bovina,,Pedaço,35
Coxão mole sem gordura(cozido) - carne bovina,,Porção,75
Coxão mole sem gordura(cozido) - carne bovina,,Colher de Arroz,70
Coxão mole sem gordura(cozido) - carne bovina,,Colher de Sopa,30
Coxão mole sem gordura(cozido) - carne bovina,,Concha,140
Coxão mole sem gordura(cozido) - carne bovina,,Escumadeira,70
Coxinha de frango congelada- Perdigão®,,Unidade,100
Coxinha de frango congelada- Perdigão®,,Unidade Pequena,50
Coxinha de frango congelada- Sadia@,,Unidade,160
Creme de arroz,FARINHAS/FÉCULAS/MASSAS,Concha,110
Creme de arroz,FARINHAS/FÉCULAS/MASSAS,Xícara de Chá,115
Creme de arroz - Colombo®,,Concha,110
Creme de arroz - Colombo®,,Xícara de Chá,115
Creme de arroz (cozido),,Concha,110
Creme de arroz (cozido),,Xícara de Chá,115
"Creme de arroz, pó",,Concha,110
"Creme de arroz, pó",,Xícara de Chá,115
Creme de leite - Nestlé®,,Colher de Sopa,10
Creme de leite light - Nestlé®,,Colher de Sopa,10
Creme de milho (IBGE),FARINHAS/FÉCULAS/MASSAS,Concha,110
Creme de milho (IBGE),FARINHAS/FÉCULAS/MASSAS,Xícara de Chá,115
Creme de milho (Tucunduva),,Concha,110
Creme de milho (Tucunduva),,Xícara de Chá,115
"Creme de milho, pó (TACO)",,Concha,110
"Creme de milho, pó (TACO)",,Xícara de Chá,115
"Creme de milho, pó (TBCA)",,Concha,110
"Creme de milho, pó (TBCA)",,Xícara de Chá,115
Creme vegetal com sal -Claybom®,,Colher de Sopa,10
Creme vegetal com sal eiogurte Yofresh - Doriana®,,Colher de Sopa,10
Creme vegetal com saloriginal - Bece10,,Colher de Sopa,10
Creme vegetal extracremosocom sal Doriana - Seara®,,Colher de Sopa,10
Creme vegetal extracremososem sal Doriana - Seara®,,Colher de Sopa,10
Creme vegetal Proactiv -Becel®,,Colher de Sopa,10
Creme vegetal sem sal original- Becel®,,Colher de Sopa,10
Cupim assado(a),CARNE BOVINA,File,100
Cupim assado(a),CARNE BOVINA,Bife,100
Cupim assado(a),CARNE BOVINA,Fatia,90
Cupim assado(a),CARNE BOVINA,Pedaço,35
Cupim assado(a),CARNE BOVINA,Porção,75
Cupim assado(a),CARNE BOVINA,Colher de Arroz,70
Cupim assado(a),CARNE BOVINA,Colher de Sopa,30
Cupim assado(a),CARNE BOVINA,Concha,140
Cupim assado(a),CARNE BOVINA,Escumadeira,70
Cupim frito(a),CARNE BOVINA,File,100
Cupim frito(a),CARNE BOVINA,Bife,100
Cupim frito(a),CARNE BOVINA,Fatia,90
Cupim frito(a),CARNE BOVINA,Pedaço,35
Cupim frito(a),CARNE BOVINA,Porção,75
Cupim frito(a),CARNE BOVINA,Colher de Arroz,70
Cupim frito(a),CARNE BOVINA,Colher de Sopa,30
Cupim frito(a),CARNE BOVINA,Concha,140
Cupim frito(a),CARNE BOVINA,Escumadeira,70
Cupim grelhado(a)/brasa/churrasco,CARNE BOVINA,File,100
Cupim grelhado(a)/brasa/churrasco,CARNE BOVINA,Bife,100
Cupim grelhado(a)/brasa/churrasco,CARNE BOVINA,Fatia,90
Cupim grelhado(a)/brasa/churrasco,CARNE BOVINA,Pedaço,35
Cupim grelhado(a)/brasa/churrasco,CARNE BOVINA,Porção,75
Cupim grelhado(a)/brasa/churrasco,CARNE BOVINA,Colher de Arroz,70
Cupim grelhado(a)/brasa/churrasco,CARNE BOVINA,Colher de Sopa,30
Cupim grelhado(a)/brasa/churrasco,CARNE BOVINA,Concha,140
Cupim grelhado(a)/brasa/churrasco,CARNE BOVINA,Escumadeira,70
Cupuacu,FRUTAS/SUCOS/VITAMINAS,Porção,23
Cupuaçu,,Porção,23
"Cupuaçu, cru",,Porção,23
"Cupuaçu, in natura, Theobroma grandiflorum (Willd. ex Sprengel) Schumann",,Porção,23
"Cupuaçu, polpa, congelada (TACO)",,Porção,100
"Cupuaçu, polpa, congelada (TBCA)",,Porção,100
"Cupuaçu, polpa, congelada, suco preparado, c/ açúcar refinado",,Porção,100
"Cupuaçu, polpa, congelada, suco preparado, c/ açúcar refinado",,Copo Americano,150
"Cupuaçu, polpa, congelada, suco preparado, c/ açúcar refinado",,Copo Médio,240
"Cupuaçu, polpa, congelada, suco preparado, c/ açúcar refinado",,Copo Grande,300
"Cupuaçu, polpa, congelada, suco preparado, c/ açúcar refinado",,Garrafa 200ml,200
"Cupuaçu, polpa, congelada, suco preparado, c/ açúcar refinado",,Caneca,300
"Cupuaçu, polpa, congelada, suco preparado, s/ açúcar",,Porção,100
"Cupuaçu, polpa, congelada, suco preparado, s/ açúcar",,Copo Americano,150
"Cupuaçu, polpa, congelada, suco preparado, s/ açúcar",,Copo Médio,240
"Cupuaçu, polpa, congelada, suco preparado, s/ açúcar",,Copo Grande,300
"Cupuaçu, polpa, congelada, suco preparado, s/ açúcar",,Garrafa 200ml,200
"Cupuaçu, polpa, congelada, suco preparado, s/ açúcar",,Caneca,300
Cuscuz,FARINHAS/FÉCULAS/MASSAS,Pedaço,135
Cuscuz,FARINHAS/FÉCULAS/MASSAS,Colher de Arroz,24
Cuscuz,FARINHAS/FÉCULAS/MASSAS,Colher de Sopa,12
Cuscuz,FARINHAS/FÉCULAS/MASSAS,Concha,48
Cuscuz com coco ralado,,Pedaço,135
Cuscuz com coco ralado,,Colher de Arroz,24
Cuscuz com coco ralado,,Colher de Sopa,12
Cuscuz com coco ralado,,Concha,48
Cuscuz com leite de coco equeijo,,Pedaço,135
Cuscuz com leite de coco equeijo,,Colher de Arroz,24
Cuscuz com leite de coco equeijo,,Colher de Sopa,12
Cuscuz com leite de coco equeijo,,Concha,48
"Cuscuz de milho, c/ sal, cozido",,Pedaço,135
"Cuscuz de milho, c/ sal, cozido",,Colher de Arroz,24
"Cuscuz de milho, c/ sal, cozido",,Colher de Sopa,12
"Cuscuz de milho, c/ sal, cozido",,Concha,48
Cuscuz de tapioca,FARINHAS/FÉCULAS/MASSAS,Pedaço,135
Cuscuz de tapioca,FARINHAS/FÉCULAS/MASSAS,Colher de Arroz,24
Cuscuz de tapioca,FARINHAS/FÉCULAS/MASSAS,Colher de Sopa,12
Cuscuz de tapioca,FARINHAS/FÉCULAS/MASSAS,Concha,48
Cuscuz paulista (IBGE),FARINHAS/FÉCULAS/MASSAS,Pedaço,135
Cuscuz paulista (IBGE),FARINHAS/FÉCULAS/MASSAS,Colher de Arroz,24
Cuscuz paulista (IBGE),FARINHAS/FÉCULAS/MASSAS,Colher de Sopa,12
Cuscuz paulista (IBGE),FARINHAS/FÉCULAS/MASSAS,Concha,48
Cuscuz paulista (Tucunduva),,Pedaço,135
Cuscuz paulista (Tucunduva),,Colher de Arroz,24
Cuscuz paulista (Tucunduva),,Colher de Sopa,12
Cuscuz paulista (Tucunduva),,Concha,48
Cuscuz paulista (TBCA),,Pedaço,135
Cuscuz paulista (TBCA),,Colher de Arroz,24
Cuscuz paulista (TBCA),,Colher de Sopa,12
Cuscuz paulista (TBCA),,Concha,48
"Cuscuz, de milho, cozido com sal",,Pedaço,135
"Cuscuz, de milho, cozido com sal",,Colher de Arroz,24
"Cuscuz, de milho, cozido com sal",,Colher de Sopa,12
"Cuscuz, de milho, cozido com sal",,Concha,48
"Cuscuz, paulista",,Pedaço,135
"Cuscuz, paulista",,Colher de Arroz,24
"Cuscuz, paulista",,Colher de Sopa,12
"Cuscuz, paulista",,Concha,48
Doce de leite cremoso - MoçaNestlé®,,Colher de Sopa,10
Doritos original Elma Chips -Pepsico®,,Unidade,84
Doritos original Elma Chips -Pepsico®,,Unidade Pequena,55
Doritos queijo nacho ElmaChips - Pepsico®,,Unidade,84
Doritos queijo nacho ElmaChips - Pepsico®,,Unidade Pequena,55
Drumete de galinha ou frango assado(a),AVES,File,100
Drumete de galinha ou frango assado(a),AVES,Bife,100
Drumete de galinha ou frango assado(a),AVES,Pedaço,55
Drumete de galinha ou frango assado(a),AVES,Porção,100
Drumete de galinha ou frango assado(a),AVES,Colher de Arroz,40
Drumete de galinha ou frango assado(a),AVES,Colher de Sopa,20
Drumete de galinha ou frango assado(a),AVES,Concha,80
Drumete de galinha ou frango assado(a),AVES,Asa,40
Drumete de galinha ou frango assado(a),AVES,Peito,180
Drumete de galinha ou frango assado(a),AVES,Coxa,55
Drumete de galinha ou frango assado(a),AVES,Sobrecoxa,65
Drumete de galinha ou frango assado(a),AVES,Costela,60
Drumete de galinha ou frango assado(a),AVES,Pescoço,10
Drumete de galinha ou frango cozido(a),AVES,File,100
Drumete de galinha ou frango cozido(a),AVES,Bife,100
Drumete de galinha ou frango cozido(a),AVES,Pedaço,55
Drumete de galinha ou frango cozido(a),AVES,Porção,100
Drumete de galinha ou frango cozido(a),AVES,Colher de Arroz,40
Drumete de galinha ou frango cozido(a),AVES,Colher de Sopa,20
Drumete de galinha ou frango cozido(a),AVES,Concha,80
Drumete de galinha ou frango cozido(a),AVES,Asa,40
Drumete de galinha ou frango cozido(a),AVES,Peito,180
Drumete de galinha ou frango cozido(a),AVES,Coxa,55
Drumete de galinha ou frango cozido(a),AVES,Sobrecoxa,65
Drumete de galinha ou frango cozido(a),AVES,Costela,60
Drumete de galinha ou frango cozido(a),AVES,Pescoço,10
Drumete de galinha ou frango frito(a),AVES,File,100
Drumete de galinha ou frango frito(a),AVES,Bife,100
Drumete de galinha ou frango frito(a),AVES,Pedaço,55
Drumete de galinha ou frango frito(a),AVES,Porção,100
Drumete de galinha ou frango frito(a),AVES,Colher de Arroz,40
Drumete de galinha ou frango frito(a),AVES,Colher de Sopa,20
Drumete de galinha ou frango frito(a),AVES,Concha,80
Drumete de galinha ou frango frito(a),AVES,Asa,40
Drumete de galinha ou frango frito(a),AVES,Peito,180
Drumete de galinha ou frango frito(a),AVES,Coxa,55
Drumete de galinha ou frango frito(a),AVES,Sobrecoxa,65
Drumete de galinha ou frango frito(a),AVES,Costela,60
Drumete de galinha ou frango frito(a),AVES,Pescoço,10
Drumete de galinha ou frango grelhado(a)/brasa/churrasco,AVES,File,100
Drumete de galinha ou frango grelhado(a)/brasa/churrasco,AVES,Bife,100
Drumete de galinha ou frango grelhado(a)/brasa/churrasco,AVES,Pedaço,55
Drumete de galinha ou frango grelhado(a)/brasa/churrasco,AVES,Porção,100
Drumete de galinha ou frango grelhado(a)/brasa/churrasco,AVES,Colher de Arroz,40
Drumete de galinha ou frango grelhado(a)/brasa/churrasco,AVES,Colher de Sopa,20
Drumete de galinha ou frango grelhado(a)/brasa/churrasco,AVES,Concha,80
Drumete de galinha ou frango grelhado(a)/brasa/churrasco,AVES,Asa,40
Drumete de galinha ou frango grelhado(a)/brasa/churrasco,AVES,Peito,180
Drumete de galinha ou frango grelhado(a)/brasa/churrasco,AVES,Coxa,55
Drumete de galinha ou frango grelhado(a)/brasa/churrasco,AVES,Sobrecoxa,65
Drumete de galinha ou frango grelhado(a)/brasa/churrasco,AVES,Costela,60
Drumete de galinha ou frango grelhado(a)/brasa/churrasco,AVES,Pescoço,10
Drumete de galinha ou frango molho vermelho,AVES,File,100
Drumete de galinha ou frango molho vermelho,AVES,Bife,100
Drumete de galinha ou frango molho vermelho,AVES,Pedaço,55
Drumete de galinha ou frango molho vermelho,AVES,Porção,100
Drumete de galinha ou frango molho vermelho,AVES,Colher de Arroz,40
Drumete de galinha ou frango molho vermelho,AVES,Colher de Sopa,20
Drumete de galinha ou frango molho vermelho,AVES,Concha,80
Drumete de galinha ou frango molho vermelho,AVES,Asa,40
Drumete de galinha ou frango molho vermelho,AVES,Peito,180
Drumete de galinha ou frango molho vermelho,AVES,Coxa,55
Drumete de galinha ou frango molho vermelho,AVES,Sobrecoxa,65
Drumete de galinha ou frango molho vermelho,AVES,Costela,60
Drumete de galinha ou frango molho vermelho,AVES,Pescoço,10
Drumete de galinha ou frango refogado(a),AVES,File,100
Drumete de galinha ou frango refogado(a),AVES,Bife,100
Drumete de galinha ou frango refogado(a),AVES,Pedaço,55
Drumete de galinha ou frango refogado(a),AVES,Porção,100
Drumete de galinha ou frango refogado(a),AVES,Colher de Arroz,40
Drumete de galinha ou frango refogado(a),AVES,Colher de Sopa,20
Drumete de galinha ou frango refogado(a),AVES,Concha,80
Drumete de galinha ou frango refogado(a),AVES,Asa,40
Drumete de galinha ou frango refogado(a),AVES,Peito,180
Drumete de galinha ou frango refogado(a),AVES,Coxa,55
Drumete de galinha ou frango refogado(a),AVES,Sobrecoxa,65
Drumete de galinha ou frango refogado(a),AVES,Costela,60
Drumete de galinha ou frango refogado(a),AVES,Pescoço,10
Empanado de frango àmilanesa recheado de palmito congelado - Sadia®,,Porção,100
Empanado de frango àmilanesa recheado de queijo e espinafre congelado - Sadia®,,Porção,100
Empanado de frango àmilanesa recheado de queijo e presunto congelado - Sadia®,,Porção,100
Empanado de frango comrecheio de presunto e queijo congelado Cordon Bleu -,,Porção,100
Empanados de frangotradicional Nuggets - Sadia®,,Porção,100
"Empanados, frango, cru, crocante, ""Sadia""",,Porção,100
Erva doce,BEBIDAS QUENTES,Copo Americano,150
Erva doce,BEBIDAS QUENTES,Copo Médio,240
Erva doce,BEBIDAS QUENTES,Copo Grande,300
Erva doce,BEBIDAS QUENTES,Xícara de Chá,200
Erva doce,BEBIDAS QUENTES,Garrafa 200ml,200
Erva doce,BEBIDAS QUENTES,Caneca,300
Erva doce seca,,Copo Americano,150
Erva doce seca,,Copo Médio,240
Erva doce seca,,Copo Grande,300
Erva doce seca,,Xícara de Chá,200
Erva doce seca,,Garrafa 200ml,200
Erva doce seca,,Caneca,300
Ervilha em grão,LEGUMINOSAS,Porção,44
Ervilha em grão,LEGUMINOSAS,Colher de Sopa,30
Ervilha em vagem cozido(a),LEGUMINOSAS,Porção,44
Ervilha em vagem cozido(a),LEGUMINOSAS,Colher de Sopa,30
Ervilha em vagem refogado(a),LEGUMINOSAS,Porção,44
Ervilha em vagem refogado(a),LEGUMINOSAS,Colher de Sopa,30
Ervilha fresca,,Porção,44
Ervilha fresca,,Colher de Sopa,30
Ervilha seca,,Porção,44
Ervilha seca,,Colher de Sopa,30
Ervilha seca - Supergrão®,,Porção,44
Ervilha seca - Supergrão®,,Colher de Sopa,30
Ervilha seca (cozida),,Porção,44
Ervilha seca (cozida),,Colher de Sopa,30
Ervilha torta fresca,,Porção,44
Ervilha torta fresca,,Colher de Sopa,30
"Ervilha, em vagem",,Porção,44
"Ervilha, em vagem",,Colher de Sopa,30
"Ervilha, em vagem, fresca, cozida, drenada, c/ sal, Pisum sativum L.",,Porção,44
"Ervilha, em vagem, fresca, cozida, drenada, c/ sal, Pisum sativum L.",,Colher de Sopa,30
"Ervilha, em vagem, fresca, cozida, drenada, s/ sal, Pisum sativum L.",,Porção,44
"Ervilha, em vagem, fresca, cozida, drenada, s/ sal, Pisum sativum L.",,Colher de Sopa,30
"Ervilha, em vagem, fresca, crua, Pisum sativum L.",,Porção,44
"Ervilha, em vagem, fresca, crua, Pisum sativum L.",,Colher de Sopa,30
"Ervilha, em vagem, refogada, c/ sal",,Porção,44
"Ervilha, em vagem, refogada, c/ sal",,Colher de Sopa,30
"Ervilha, em vagem, refogada, s/ sal",,Porção,44
"Ervilha, em vagem, refogada, s/ sal",,Colher de Sopa,30
"Ervilha, enlatada, drenada",,Porção,44
"Ervilha, enlatada, drenada",,Colher de Sopa,30
"Ervilha, enlatada, drenada, Pisum sativum L.",,Porção,44
"Ervilha, enlatada, drenada, Pisum sativum L.",,Colher de Sopa,30
"Ervilha, fresca/seca, cozida, Pisum sativum L.",,Porção,44
"Ervilha, fresca/seca, cozida, Pisum sativum L.",,Colher de Sopa,30
"Ervilha, grão, fresca, cozida, drenada, c/ sal, Pisum sativum L.",,Porção,44
"Ervilha, grão, fresca, cozida, drenada, c/ sal, Pisum sativum L.",,Colher de Sopa,30
"Ervilha, grão, fresca, cozida, drenada, s/ sal, Pisum sativum L.",,Porção,44
"Ervilha, grão, fresca, cozida, drenada, s/ sal, Pisum sativum L.",,Colher de Sopa,30
"Ervilha, grão, fresca, crua, Pisum sativum L.",,Porção,44
"Ervilha, grão, fresca, crua, Pisum sativum L.",,Colher de Sopa,30
"Ervilha, grão, seca, partida, cozida, drenada, c/ sal, Pisum sativum L.",,Porção,44
"Ervilha, grão, seca, partida, cozida, drenada, c/ sal, Pisum sativum L.",,Colher de Sopa,30
"Ervilha, grão, seca, partida, cozida, drenada, s/ sal, Pisum sativum L.",,Porção,44
"Ervilha, grão, seca, partida, cozida, drenada, s/ sal, Pisum sativum L.",,Colher de Sopa,30
"Ervilha, grão, seca, partida, crua, Pisum sativum L.",,Porção,44
"Ervilha, grão, seca, partida, crua, Pisum sativum L.",,Colher de Sopa,30
Escarola (IBGE),HORTALIÇAS,Porção,27
Escarola (IBGE),HORTALIÇAS,Colher de Sopa,45
Escarola (IBGE),HORTALIÇAS,Pegador,13
Escarola (IBGE),HORTALIÇAS,Folha,12
Escarola (Tucunduva),,Porção,27
Escarola (Tucunduva),,Colher de Sopa,45
Escarola (Tucunduva),,Pegador,13
Escarola (Tucunduva),,Folha,12
Escarola (refogada),,Porção,27
Escarola (refogada),,Colher de Sopa,45
Escarola (refogada),,Pegador,13
Escarola (refogada),,Folha,12
Esfirra de carne,SALGADOS,Porção,70
Esfirra de frango,SALGADOS,Porção,70
Esfirra de queijo,SALGADOS,Porção,70
Esfirra de ricota,SALGADOS,Porção,70
Espinafre,HORTALIÇAS,Porção,67
Espinafre,HORTALIÇAS,Colher de Arroz,50
Espinafre,HORTALIÇAS,Colher de Sopa,25
Espinafre (cozido),,Porção,67
Espinafre (cozido),,Colher de Arroz,50
Espinafre (cozido),,Colher de Sopa,25
Espinafre (cru),,Porção,67
Espinafre (cru),,Colher de Arroz,50
Espinafre (cru),,Colher de Sopa,25
Espinafre ao vinagrete,HORTALIÇAS,Porção,67
Espinafre ao vinagrete,HORTALIÇAS,Colher de Arroz,50
Espinafre ao vinagrete,HORTALIÇAS,Colher de Sopa,25
Espinafre cozido(a),HORTALIÇAS,Porção,67
Espinafre cozido(a),HORTALIÇAS,Colher de Arroz,50
Espinafre cozido(a),HORTALIÇAS,Colher de Sopa,25
Espinafre cru(a),HORTALIÇAS,Porção,67
Espinafre cru(a),HORTALIÇAS,Colher de Arroz,50
Espinafre cru(a),HORTALIÇAS,Colher de Sopa,25
Espinafre picado congelado -Daucy®,,Porção,67
Espinafre picado congelado -Daucy®,,Colher de Arroz,50
Espinafre picado congelado -Daucy®,,Colher de Sopa,25
Espinafre refogado(a),HORTALIÇAS,Porção,67
Espinafre refogado(a),HORTALIÇAS,Colher de Arroz,50
Espinafre refogado(a),HORTALIÇAS,Colher de Sopa,25
"Espinafre, Nova Zelândia, cru",,Porção,67
"Espinafre, Nova Zelândia, cru",,Colher de Arroz,50
"Espinafre, Nova Zelândia, cru",,Colher de Sopa,25
"Espinafre, Nova Zelândia, refogado",,Porção,67
"Espinafre, Nova Zelândia, refogado",,Colher de Arroz,50
"Espinafre, Nova Zelândia, refogado",,Colher de Sopa,25
Fandangos de presunto ElmaChips - Pepsico®,,Unidade,140
Fandangos de presunto ElmaChips - Pepsico®,,Unidade Pequena,45
Fandangos de queijo ElmaChips - Pepsico®,,Unidade,140
Fandangos de queijo ElmaChips - Pepsico®,,Unidade Pequena,45
Farelo de aveia Oat Bran -Quaker®,,Porção,38
Farelo de aveia Oat Bran -Quaker®,,Colher de Arroz,36
Farelo de aveia Oat Bran -Quaker®,,Colher de Sopa,18
Farelo de aveia Oat Bran -Quaker®,,Colher de Chá,4
Farelo de aveia Oat Bran -Quaker®,,Colher de Café,2
Farelo de aveia Oat Bran -Quaker®,,Colher de Sobremesa,8
Farinha beiju,FARINHAS/FÉCULAS/MASSAS,Porção,38
Farinha beiju,FARINHAS/FÉCULAS/MASSAS,Colher de Arroz,36
Farinha beiju,FARINHAS/FÉCULAS/MASSAS,Colher de Sopa,12
Farinha beiju,FARINHAS/FÉCULAS/MASSAS,Colher de Chá,4
Farinha beiju,FARINHAS/FÉCULAS/MASSAS,Colher de Café,2
Farinha beiju,FARINHAS/FÉCULAS/MASSAS,Colher de Sobremesa,8
Farinha de água,FARINHAS/FÉCULAS/MASSAS,Porção,38
Farinha de água,FARINHAS/FÉCULAS/MASSAS,Colher de Arroz,36
Farinha de água,FARINHAS/FÉCULAS/MASSAS,Colher de Sopa,18
Farinha de água,FARINHAS/FÉCULAS/MASSAS,Colher de Chá,4
Farinha de água,FARINHAS/FÉCULAS/MASSAS,Colher de Café,2
Farinha de água,FARINHAS/FÉCULAS/MASSAS,Colher de Sobremesa,8
Farinha de arroz - Mococa®,,Porção,38
Farinha de arroz - Mococa®,,Colher de Arroz,36
Farinha de arroz - Mococa®,,Colher de Sopa,18
Farinha de arroz - Mococa®,,Colher de Chá,4
Farinha de arroz - Mococa®,,Colher de Café,2
Farinha de arroz - Mococa®,,Colher de Sobremesa,8
Farinha de arroz tradicionalArrozina - Maizena®,,Porção,38
Farinha de arroz tradicionalArrozina - Maizena®,,Colher de Arroz,36
Farinha de arroz tradicionalArrozina - Maizena®,,Colher de Sopa,18
Farinha de arroz tradicionalArrozina - Maizena®,,Colher de Chá,4
Farinha de arroz tradicionalArrozina - Maizena®,,Colher de Café,2
Farinha de arroz tradicionalArrozina - Maizena®,,Colher de Sobremesa,8
Farinha de aveia,CEREAIS,Porção,38
Farinha de aveia,CEREAIS,Colher de Arroz,36
Farinha de aveia,CEREAIS,Colher de Sopa,18
Farinha de aveia,CEREAIS,Colher de Chá,4
Farinha de aveia,CEREAIS,Colher de Café,2
Farinha de aveia,CEREAIS,Colher de Sobremesa,8
Farinha de aveia - Ferla®,,Porção,38
Farinha de aveia - Ferla®,,Colher de Arroz,36
Farinha de aveia - Ferla®,,Colher de Sopa,18
Farinha de aveia - Ferla®,,Colher de Chá,4
Farinha de aveia - Ferla®,,Colher de Café,2
Farinha de aveia - Ferla®,,Colher de Sobremesa,8
Farinha de aveia - Quaker0,,Porção,38
Farinha de aveia - Quaker0,,Colher de Arroz,36
Farinha de aveia - Quaker0,,Colher de Sopa,18
Farinha de aveia - Quaker0,,Colher de Chá,4
Farinha de aveia - Quaker0,,Colher de Café,2
Farinha de aveia - Quaker0,,Colher de Sobremesa,8
Farinha de centeio,,Porção,38
Farinha de centeio,,Colher de Arroz,36
Farinha de centeio,,Colher de Sopa,18
Farinha de centeio,,Colher de Chá,4
Farinha de centeio,,Colher de Café,2
Farinha de centeio,,Colher de Sobremesa,8
Farinha de copioba,FARINHAS/FÉCULAS/MASSAS,Porção,38
Farinha de copioba,FARINHAS/FÉCULAS/MASSAS,Colher de Arroz,36
Farinha de copioba,FARINHAS/FÉCULAS/MASSAS,Colher de Sopa,18
Farinha de copioba,FARINHAS/FÉCULAS/MASSAS,Colher de Chá,4
Farinha de copioba,FARINHAS/FÉCULAS/MASSAS,Colher de Café,2
Farinha de copioba,FARINHAS/FÉCULAS/MASSAS,Colher de Sobremesa,8
Farinha de mandioca,FARINHAS/FÉCULAS/MASSAS,Porção,38
Farinha de mandioca,FARINHAS/FÉCULAS/MASSAS,Colher de Arroz,36
Farinha de mandioca,FARINHAS/FÉCULAS/MASSAS,Colher de Sopa,18
Farinha de mandioca,FARINHAS/FÉCULAS/MASSAS,Colher de Chá,4
Farinha de mandioca,FARINHAS/FÉCULAS/MASSAS,Colher de Café,2
Farinha de mandioca,FARINHAS/FÉCULAS/MASSAS,Colher de Sobremesa,8
Farinha de mandioca (crua),,Porção,38
Farinha de mandioca (crua),,Colher de Arroz,36
Farinha de mandioca (crua),,Colher de Sopa,18
Farinha de mandioca (crua),,Colher de Chá,4
Farinha de mandioca (crua),,Colher de Café,2
Farinha de mandioca (crua),,Colher de Sobremesa,8
Farinha de mandioca (torrada),,Porção,38
Farinha de mandioca (torrada),,Colher de Arroz,36
Farinha de mandioca (torrada),,Colher de Sopa,18
Farinha de mandioca (torrada),,Colher de Chá,4
Farinha de mandioca (torrada),,Colher de Café,2
Farinha de mandioca (torrada),,Colher de Sobremesa,8
Farinha de milho (IBGE),FARINHAS/FÉCULAS/MASSAS,Porção,38
Farinha de milho (IBGE),FARINHAS/FÉCULAS/MASSAS,Colher de Arroz,36
Farinha de milho (IBGE),FARINHAS/FÉCULAS/MASSAS,Colher de Sopa,18
Farinha de milho (IBGE),FARINHAS/FÉCULAS/MASSAS,Colher de Chá,4
Farinha de milho (IBGE),FARINHAS/FÉCULAS/MASSAS,Colher de Café,2
Farinha de milho (IBGE),FARINHAS/FÉCULAS/MASSAS,Colher de Sobremesa,8
Farinha de milho (Tucunduva),,Porção,38
Farinha de milho (Tucunduva),,Colher de Arroz,36
Farinha de milho (Tucunduva),,Colher de Sopa,18
Farinha de milho (Tucunduva),,Colher de Chá,4
Farinha de milho (Tucunduva),,Colher de Café,2
Farinha de milho (Tucunduva),,Colher de Sobremesa,8
Farinha de rosca,,Porção,38
Farinha de rosca,,Colher de Arroz,36
Farinha de rosca,,Colher de Sopa,18
Farinha de rosca,,Colher de Chá,4
Farinha de rosca,,Colher de Café,2
Farinha de rosca,,Colher de Sobremesa,8
Farinha de semolina,,Porção,38
Farinha de semolina,,Colher de Arroz,36
Farinha de semolina,,Colher de Sopa,18
Farinha de semolina,,Colher de Chá,4
Farinha de semolina,,Colher de Café,2
Farinha de semolina,,Colher de Sobremesa,8
Farinha de soja,,Porção,38
Farinha de soja,,Colher de Arroz,36
Farinha de soja,,Colher de Sopa,18
Farinha de soja,,Colher de Chá,4
Farinha de soja,,Colher de Café,2
Farinha de soja,,Colher de Sobremesa,8
Farinha de tapioca,FARINHAS/FÉCULAS/MASSAS,Porção,38
Farinha de tapioca,FARINHAS/FÉCULAS/MASSAS,Colher de Arroz,36
Farinha de tapioca,FARINHAS/FÉCULAS/MASSAS,Colher de Sopa,18
Farinha de tapioca,FARINHAS/FÉCULAS/MASSAS,Colher de Chá,4
Farinha de tapioca,FARINHAS/FÉCULAS/MASSAS,Colher de Café,2
Farinha de tapioca,FARINHAS/FÉCULAS/MASSAS,Colher de Sobremesa,8
Farinha de trigo - Renata®,,Porção,38
Farinha de trigo - Renata®,,Colher de Arroz,36
Farinha de trigo - Renata®,,Colher de Sopa,18
Farinha de trigo - Renata®,,Colher de Chá,4
Farinha de trigo - Renata®,,Colher de Café,2
Farinha de trigo - Renata®,,Colher de Sobremesa,8
Farinha de trigo - Sol®,,Porção,38
Farinha de trigo - Sol®,,Colher de Arroz,36
Farinha de trigo - Sol®,,Colher de Sopa,18
Farinha de trigo - Sol®,,Colher de Chá,4
Farinha de trigo - Sol®,,Colher de Café,2
Farinha de trigo - Sol®,,Colher de Sobremesa,8
Farinha de trigo com fermento- Dona Benta®,,Porção,38
Farinha de trigo com fermento- Dona Benta®,,Colher de Arroz,36
Farinha de trigo com fermento- Dona Benta®,,Colher de Sopa,18
Farinha de trigo com fermento- Dona Benta®,,Colher de Chá,4
Farinha de trigo com fermento- Dona Benta®,,Colher de Café,2
Farinha de trigo com fermento- Dona Benta®,,Colher de Sobremesa,8
Farinha de trigo especial -Buquê ®,,Porção,38
Farinha de trigo especial -Buquê ®,,Colher de Arroz,36
Farinha de trigo especial -Buquê ®,,Colher de Sopa,18
Farinha de trigo especial -Buquê ®,,Colher de Chá,4
Farinha de trigo especial -Buquê ®,,Colher de Café,2
Farinha de trigo especial -Buquê ®,,Colher de Sobremesa,8
Farinha de trigo especial comfermento Qualitá - Pão de Açúcar®,,Porção,38
Farinha de trigo especial comfermento Qualitá - Pão de Açúcar®,,Colher de Arroz,36
Farinha de trigo especial comfermento Qualitá - Pão de Açúcar®,,Colher de Sopa,18
Farinha de trigo especial comfermento Qualitá - Pão de Açúcar®,,Colher de Chá,4
Farinha de trigo especial comfermento Qualitá - Pão de Açúcar®,,Colher de Café,2
Farinha de trigo especial comfermento Qualitá - Pão de Açúcar®,,Colher de Sobremesa,8
Farinha de trigo especial comferro - Rosa Branca®,,Porção,38
Farinha de trigo especial comferro - Rosa Branca®,,Colher de Arroz,36
Farinha de trigo especial comferro - Rosa Branca®,,Colher de Sopa,18
Farinha de trigo especial comferro - Rosa Branca®,,Colher de Chá,4
Farinha de trigo especial comferro - Rosa Branca®,,Colher de Café,2
Farinha de trigo especial comferro - Rosa Branca®,,Colher de Sobremesa,8
Farinha de trigo especialQualitá - Pão de Açúcar°,,Porção,38
Farinha de trigo especialQualitá - Pão de Açúcar°,,Colher de Arroz,36
Farinha de trigo especialQualitá - Pão de Açúcar°,,Colher de Sopa,18
Farinha de trigo especialQualitá - Pão de Açúcar°,,Colher de Chá,4
Farinha de trigo especialQualitá - Pão de Açúcar°,,Colher de Café,2
Farinha de trigo especialQualitá - Pão de Açúcar°,,Colher de Sobremesa,8
Farinha de trigo integral -Mais Vita®,,Porção,38
Farinha de trigo integral -Mais Vita®,,Colher de Arroz,36
Farinha de trigo integral -Mais Vita®,,Colher de Sopa,18
Farinha de trigo integral -Mais Vita®,,Colher de Chá,4
Farinha de trigo integral -Mais Vita®,,Colher de Café,2
Farinha de trigo integral -Mais Vita®,,Colher de Sobremesa,8
Farinha de trigo integralorgânica - lasmine®,,Porção,38
Farinha de trigo integralorgânica - lasmine®,,Colher de Arroz,36
Farinha de trigo integralorgânica - lasmine®,,Colher de Sopa,18
Farinha de trigo integralorgânica - lasmine®,,Colher de Chá,4
Farinha de trigo integralorgânica - lasmine®,,Colher de Café,2
Farinha de trigo integralorgânica - lasmine®,,Colher de Sobremesa,8
Farinha de trigo reservaespecial - Dona Benta®,,Porção,38
Farinha de trigo reservaespecial - Dona Benta®,,Colher de Arroz,36
Farinha de trigo reservaespecial - Dona Benta®,,Colher de Sopa,18
Farinha de trigo reservaespecial - Dona Benta®,,Colher de Chá,4
Farinha de trigo reservaespecial - Dona Benta®,,Colher de Café,2
Farinha de trigo reservaespecial - Dona Benta®,,Colher de Sobremesa,8
Farinha lactea,LATICINIOS,Porção,21
Farinha lactea,LATICINIOS,Colher de Sopa,7
Farinha lactea,LATICINIOS,Xícara de Chá,30
Farinha láctea - Nestlé®,,Porção,21
Farinha láctea - Nestlé®,,Colher de Sopa,7
Farinha láctea - Nestlé®,,Xícara de Chá,30
"Farinha, de arroz, enriquecida",,Porção,38
"Farinha, de arroz, enriquecida",,Colher de Arroz,36
"Farinha, de arroz, enriquecida",,Colher de Sopa,12
"Farinha, de arroz, enriquecida",,Colher de Chá,4
"Farinha, de arroz, enriquecida",,Colher de Café,2
"Farinha, de arroz, enriquecida",,Colher de Sobremesa,8
"Farinha, de centeio, integral",,Porção,38
"Farinha, de centeio, integral",,Colher de Arroz,36
"Farinha, de centeio, integral",,Colher de Sopa,12
"Farinha, de centeio, integral",,Colher de Chá,4
"Farinha, de centeio, integral",,Colher de Café,2
"Farinha, de centeio, integral",,Colher de Sobremesa,8
"Farinha, de mandioca, crua",,Porção,38
"Farinha, de mandioca, crua",,Colher de Arroz,36
"Farinha, de mandioca, crua",,Colher de Sopa,12
"Farinha, de mandioca, crua",,Colher de Chá,4
"Farinha, de mandioca, crua",,Colher de Café,2
"Farinha, de mandioca, crua",,Colher de Sobremesa,8
"Farinha, de mandioca, torrada",,Porção,38
"Farinha, de mandioca, torrada",,Colher de Arroz,36
"Farinha, de mandioca, torrada",,Colher de Sopa,12
"Farinha, de mandioca, torrada",,Colher de Chá,4
"Farinha, de mandioca, torrada",,Colher de Café,2
"Farinha, de mandioca, torrada",,Colher de Sobremesa,8
"Farinha, de mesocarpo de babaçu, crua",,Porção,38
"Farinha, de mesocarpo de babaçu, crua",,Colher de Arroz,36
"Farinha, de mesocarpo de babaçu, crua",,Colher de Sopa,12
"Farinha, de mesocarpo de babaçu, crua",,Colher de Chá,4
"Farinha, de mesocarpo de babaçu, crua",,Colher de Café,2
"Farinha, de mesocarpo de babaçu, crua",,Colher de Sobremesa,8
"Farinha, de milho, amarela",,Porção,38
"Farinha, de milho, amarela",,Colher de Arroz,36
"Farinha, de milho, amarela",,Colher de Sopa,12
"Farinha, de milho, amarela",,Colher de Chá,4
"Farinha, de milho, amarela",,Colher de Café,2
"Farinha, de milho, amarela",,Colher de Sobremesa,8
"Farinha, de puba",,Porção,38
"Farinha, de puba",,Colher de Arroz,36
"Farinha, de puba",,Colher de Sopa,12
"Farinha, de puba",,Colher de Chá,4
"Farinha, de puba",,Colher de Café,2
"Farinha, de puba",,Colher de Sobremesa,8
"Farinha, de rosca (TACO)",,Porção,38
"Farinha, de rosca (TACO)",,Colher de Arroz,36
"Farinha, de rosca (TACO)",,Colher de Sopa,12
"Farinha, de rosca (TACO)",,Colher de Chá,4
"Farinha, de rosca (TACO)",,Colher de Café,2
"Farinha, de rosca (TACO)",,Colher de Sobremesa,8
"Farinha, de rosca (TBCA)",,Porção,38
"Farinha, de rosca (TBCA)",,Colher de Arroz,36
"Farinha, de rosca (TBCA)",,Colher de Sopa,12
"Farinha, de rosca (TBCA)",,Colher de Chá,4
"Farinha, de rosca (TBCA)",,Colher de Café,2
"Farinha, de rosca (TBCA)",,Colher de Sobremesa,8
"Farinha, de trigo",,Porção,38
"Farinha, de trigo",,Colher de Arroz,36
"Farinha, de trigo",,Colher de Sopa,12
"Farinha, de trigo",,Colher de Chá,4
"Farinha, de trigo",,Colher de Café,2
"Farinha, de trigo",,Colher de Sobremesa,8
"Farinha, láctea, de cereais",,Porção,21
"Farinha, láctea, de cereais",,Colher de Sopa,7
"Farinha, láctea, de cereais",,Xícara de Chá,30
"Farinha, rosca, """"Hikari""""",,Porção,38
"Farinha, rosca, """"Hikari""""",,Colher de Arroz,36
"Farinha, rosca, """"Hikari""""",,Colher de Sopa,12
"Farinha, rosca, """"Hikari""""",,Colher de Chá,4
"Farinha, rosca, """"Hikari""""",,Colher de Café,2
"Farinha, rosca, """"Hikari""""",,Colher de Sobremesa,8
Fato bovino cozido(a),CARNE BOVINA,File,100
Fato bovino cozido(a),CARNE BOVINA,Bife,100
Fato bovino cozido(a),CARNE BOVINA,Fatia,90
Fato bovino cozido(a),CARNE BOVINA,Pedaço,35
Fato bovino cozido(a),CARNE BOVINA,Porção,75
Fato bovino cozido(a),CARNE BOVINA,Colher de Arroz,70
Fato bovino cozido(a),CARNE BOVINA,Colher de Sopa,30
Fato bovino cozido(a),CARNE BOVINA,Concha,140
Fato bovino cozido(a),CARNE BOVINA,Escumadeira,70
Fato bovino frito(a),CARNE BOVINA,File,100
Fato bovino frito(a),CARNE BOVINA,Bife,100
Fato bovino frito(a),CARNE BOVINA,Fatia,90
Fato bovino frito(a),CARNE BOVINA,Pedaço,35
Fato bovino frito(a),CARNE BOVINA,Porção,75
Fato bovino frito(a),CARNE BOVINA,Colher de Arroz,70
Fato bovino frito(a),CARNE BOVINA,Colher de Sopa,30
Fato bovino frito(a),CARNE BOVINA,Concha,140
Fato bovino frito(a),CARNE BOVINA,Escumadeira,70
Fato caprino cozido(a),OUTRAS CARNES,Bife,100
Fato caprino cozido(a),OUTRAS CARNES,Fatia,90
Fato caprino cozido(a),OUTRAS CARNES,Pedaço,35
Fato caprino cozido(a),OUTRAS CARNES,Porção,75
Fato caprino cozido(a),OUTRAS CARNES,Colher de Arroz,70
Fato caprino cozido(a),OUTRAS CARNES,Colher de Sopa,30
Fato caprino cozido(a),OUTRAS CARNES,Concha,140
Fato caprino cozido(a),OUTRAS CARNES,Escumadeira,70
"Fécula, de mandioca",,Porção,38
"Fécula, de mandioca",,Colher de Arroz,36
"Fécula, de mandioca",,Colher de Sopa,12
"Fécula, de mandioca",,Colher de Chá,4
"Fécula, de mandioca",,Colher de Café,2
"Fécula, de mandioca",,Colher de Sobremesa,8
Feijão (cru),,Colher de Arroz,35
Feijão (cru),,Colher de Sopa,17
Feijão (cru),,Concha,140
Feijão (cru),,Colher de Chá,4
Feijão (cru),,Colher de Sobremesa,8
Feijão (cru),,Xícara de Chá,140
"Feijão (preto, mulatinho, roxo, rosinha, etc)",LEGUMINOSAS,Colher de Arroz,35
"Feijão (preto, mulatinho, roxo, rosinha, etc)",LEGUMINOSAS,Colher de Sopa,17
"Feijão (preto, mulatinho, roxo, rosinha, etc)",LEGUMINOSAS,Concha,140
"Feijão (preto, mulatinho, roxo, rosinha, etc)",LEGUMINOSAS,Colher de Chá,4
"Feijão (preto, mulatinho, roxo, rosinha, etc)",LEGUMINOSAS,Colher de Sobremesa,8
"Feijão (preto, mulatinho, roxo, rosinha, etc)",LEGUMINOSAS,Xícara de Chá,140
"Feijão , carioca, preparado",,Colher de Arroz,35
"Feijão , carioca, preparado",,Colher de Sopa,17
"Feijão , carioca, preparado",,Concha,140
"Feijão , carioca, preparado",,Colher de Chá,4
"Feijão , carioca, preparado",,Colher de Sobremesa,8
"Feijão , carioca, preparado",,Xícara de Chá,140
Feijão branco - Yoki®,,Colher de Arroz,35
Feijão branco - Yoki®,,Colher de Sopa,17
Feijão branco - Yoki®,,Concha,140
Feijão branco - Yoki®,,Colher de Chá,4
Feijão branco - Yoki®,,Colher de Sobremesa,8
Feijão branco - Yoki®,,Xícara de Chá,140
Feijão branco (cru),,Colher de Arroz,35
Feijão branco (cru),,Colher de Sopa,17
Feijão branco (cru),,Concha,140
Feijão branco (cru),,Colher de Chá,4
Feijão branco (cru),,Colher de Sobremesa,8
Feijão branco (cru),,Xícara de Chá,140
Feijão branco cozido (sógrãos),,Colher de Arroz,35
Feijão branco cozido (sógrãos),,Colher de Sopa,17
Feijão branco cozido (sógrãos),,Concha,140
Feijão branco cozido (sógrãos),,Colher de Chá,4
Feijão branco cozido (sógrãos),,Colher de Sobremesa,8
Feijão branco cozido (sógrãos),,Xícara de Chá,140
Feijão cozido (50% grão/caldo),,Colher de Arroz,35
Feijão cozido (50% grão/caldo),,Colher de Sopa,17
Feijão cozido (50% grão/caldo),,Concha,140
Feijão cozido (50% grão/caldo),,Colher de Chá,4
Feijão cozido (50% grão/caldo),,Colher de Sobremesa,8
Feijão cozido (50% grão/caldo),,Xícara de Chá,140
Feijão cozido (só caldo),,Colher de Arroz,35
Feijão cozido (só caldo),,Colher de Sopa,17
Feijão cozido (só caldo),,Concha,140
Feijão cozido (só caldo),,Colher de Chá,4
Feijão cozido (só caldo),,Colher de Sobremesa,8
Feijão cozido (só caldo),,Xícara de Chá,140
Feijão cozido (só grãos),,Colher de Arroz,35
Feijão cozido (só grãos),,Colher de Sopa,17
Feijão cozido (só grãos),,Concha,140
Feijão cozido (só grãos),,Colher de Chá,4
Feijão cozido (só grãos),,Colher de Sobremesa,8
Feijão cozido (só grãos),,Xícara de Chá,140
Feijão cru carioca - Camil®,,Colher de Arroz,35
Feijão cru carioca - Camil®,,Colher de Sopa,17
Feijão cru carioca - Camil®,,Concha,140
Feijão cru carioca - Camil®,,Colher de Chá,4
Feijão cru carioca - Camil®,,Colher de Sobremesa,8
Feijão cru carioca - Camil®,,Xícara de Chá,140
Feijão de corda,LEGUMINOSAS,Colher de Arroz,35
Feijão de corda,LEGUMINOSAS,Colher de Sopa,17
Feijão de corda,LEGUMINOSAS,Concha,140
Feijão de corda,LEGUMINOSAS,Colher de Chá,4
Feijão de corda,LEGUMINOSAS,Colher de Sobremesa,8
Feijão orgânico,LEGUMINOSAS,Colher de Arroz,35
Feijão orgânico,LEGUMINOSAS,Colher de Sopa,17
Feijão orgânico,LEGUMINOSAS,Concha,140
Feijão orgânico,LEGUMINOSAS,Colher de Chá,4
Feijão orgânico,LEGUMINOSAS,Colher de Sobremesa,8
Feijão soja orgânico,LEGUMINOSAS,Colher de Arroz,35
Feijão soja orgânico,LEGUMINOSAS,Colher de Sopa,17
Feijão soja orgânico,LEGUMINOSAS,Concha,140
Feijão soja orgânico,LEGUMINOSAS,Colher de Chá,4
Feijão soja orgânico,LEGUMINOSAS,Colher de Sobremesa,8
Feijão tropeiro (IBGE),LEGUMINOSAS,Colher de Arroz,35
Feijão tropeiro (IBGE),LEGUMINOSAS,Colher de Sopa,17
Feijão tropeiro (IBGE),LEGUMINOSAS,Concha,140
Feijão tropeiro (IBGE),LEGUMINOSAS,Colher de Chá,4
Feijão tropeiro (IBGE),LEGUMINOSAS,Colher de Sobremesa,8
Feijão tropeiro (Tucunduva),,Colher de Arroz,35
Feijão tropeiro (Tucunduva),,Colher de Sopa,17
Feijão tropeiro (Tucunduva),,Concha,140
Feijão tropeiro (Tucunduva),,Colher de Chá,4
Feijão tropeiro (Tucunduva),,Colher de Sobremesa,8
Feijão tropeiro mineiro,,Colher de Arroz,35
Feijão tropeiro mineiro,,Colher de Sopa,17
Feijão tropeiro mineiro,,Concha,140
Feijão tropeiro mineiro,,Colher de Chá,4
Feijão tropeiro mineiro,,Colher de Sobremesa,8
Feijão verde,LEGUMINOSAS,Colher de Arroz,35
Feijão verde,LEGUMINOSAS,Colher de Sopa,17
Feijão verde,LEGUMINOSAS,Concha,140
Feijão verde,LEGUMINOSAS,Colher de Chá,4
Feijão verde,LEGUMINOSAS,Colher de Sobremesa,8
Feijão verde (cozido),,Colher de Arroz,35
Feijão verde (cozido),,Colher de Sopa,17
Feijão verde (cozido),,Concha,140
Feijão verde (cozido),,Colher de Chá,4
Feijão verde (cozido),,Colher de Sobremesa,8
Feijão verde orgânico,LEGUMINOSAS,Colher de Arroz,35
Feijão verde orgânico,LEGUMINOSAS,Colher de Sopa,17
Feijão verde orgânico,LEGUMINOSAS,Concha,140
Feijão verde orgânico,LEGUMINOSAS,Colher de Chá,4
Feijão verde orgânico,LEGUMINOSAS,Colher de Sobremesa,8
"Feijão, branco, cozido, Phaseolus vulgaris L.",,Colher de Arroz,35
"Feijão, branco, cozido, Phaseolus vulgaris L.",,Colher de Sopa,17
"Feijão, branco, cozido, Phaseolus vulgaris L.",,Concha,140
"Feijão, branco, cozido, Phaseolus vulgaris L.",,Colher de Chá,4
"Feijão, branco, cozido, Phaseolus vulgaris L.",,Colher de Sobremesa,8
"Feijão, branco, cru, Phaseolus vulgaris L.",,Colher de Arroz,35
"Feijão, branco, cru, Phaseolus vulgaris L.",,Colher de Sopa,17
"Feijão, branco, cru, Phaseolus vulgaris L.",,Concha,140
"Feijão, branco, cru, Phaseolus vulgaris L.",,Colher de Chá,4
"Feijão, branco, cru, Phaseolus vulgaris L.",,Colher de Sobremesa,8
"Feijão, broto, cru",,Colher de Arroz,35
"Feijão, broto, cru",,Colher de Sopa,17
"Feijão, broto, cru",,Concha,140
"Feijão, broto, cru",,Colher de Chá,4
"Feijão, broto, cru",,Colher de Sobremesa,8
"Feijão, carioca, cozido",,Colher de Arroz,35
"Feijão, carioca, cozido",,Colher de Sopa,17
"Feijão, carioca, cozido",,Concha,140
"Feijão, carioca, cozido",,Colher de Chá,4
"Feijão, carioca, cozido",,Colher de Sobremesa,8
"Feijão, carioca, cozido",,Xícara de Chá,140
"Feijão, carioca, cozido (50% grão e 50% caldo), c/ óleo e temperos, c/ sal, Phaseolus vulgaris L.",,Colher de Arroz,35
"Feijão, carioca, cozido (50% grão e 50% caldo), c/ óleo e temperos, c/ sal, Phaseolus vulgaris L.",,Colher de Sopa,17
"Feijão, carioca, cozido (50% grão e 50% caldo), c/ óleo e temperos, c/ sal, Phaseolus vulgaris L.",,Concha,140
"Feijão, carioca, cozido (50% grão e 50% caldo), c/ óleo e temperos, c/ sal, Phaseolus vulgaris L.",,Colher de Chá,4
"Feijão, carioca, cozido (50% grão e 50% caldo), c/ óleo e temperos, c/ sal, Phaseolus vulgaris L.",,Colher de Sobremesa,8
"Feijão, carioca, cozido (50% grão e 50% caldo), c/ óleo e temperos, c/ sal, Phaseolus vulgaris L.",,Xícara de Chá,140
"Feijão, carioca, cozido (50% grão e 50% caldo), c/ óleo e temperos, s/ sal, Phaseolus vulgaris L.",,Colher de Arroz,35
"Feijão, carioca, cozido (50% grão e 50% caldo), c/ óleo e temperos, s/ sal, Phaseolus vulgaris L.",,Colher de Sopa,17
"Feijão, carioca, cozido (50% grão e 50% caldo), c/ óleo e temperos, s/ sal, Phaseolus vulgaris L.",,Concha,140
"Feijão, carioca, cozido (50% grão e 50% caldo), c/ óleo e temperos, s/ sal, Phaseolus vulgaris L.",,Colher de Chá,4
"Feijão, carioca, cozido (50% grão e 50% caldo), c/ óleo e temperos, s/ sal, Phaseolus vulgaris L.",,Colher de Sobremesa,8
"Feijão, carioca, cozido (50% grão e 50% caldo), c/ óleo e temperos, s/ sal, Phaseolus vulgaris L.",,Xícara de Chá,140
"Feijão, carioca, cozido (50% grão e 50% caldo), s/ sal e temperos, Phaseolus vulgaris L.",,Colher de Arroz,35
"Feijão, carioca, cozido (50% grão e 50% caldo), s/ sal e temperos, Phaseolus vulgaris L.",,Colher de Sopa,17
"Feijão, carioca, cozido (50% grão e 50% caldo), s/ sal e temperos, Phaseolus vulgaris L.",,Concha,140
"Feijão, carioca, cozido (50% grão e 50% caldo), s/ sal e temperos, Phaseolus vulgaris L.",,Colher de Chá,4
"Feijão, carioca, cozido (50% grão e 50% caldo), s/ sal e temperos, Phaseolus vulgaris L.",,Colher de Sobremesa,8
"Feijão, carioca, cozido (50% grão e 50% caldo), s/ sal e temperos, Phaseolus vulgaris L.",,Xícara de Chá,140
"Feijão, carioca, cru",,Colher de Arroz,35
"Feijão, carioca, cru",,Colher de Sopa,17
"Feijão, carioca, cru",,Concha,140
"Feijão, carioca, cru",,Colher de Chá,4
"Feijão, carioca, cru",,Colher de Sobremesa,8
"Feijão, carioca, cru",,Xícara de Chá,140
"Feijão, carioca, cru, Phaseolus vulgaris L.",,Colher de Arroz,35
"Feijão, carioca, cru, Phaseolus vulgaris L.",,Colher de Sopa,17
"Feijão, carioca, cru, Phaseolus vulgaris L.",,Concha,140
"Feijão, carioca, cru, Phaseolus vulgaris L.",,Colher de Chá,4
"Feijão, carioca, cru, Phaseolus vulgaris L.",,Colher de Sobremesa,8
"Feijão, carioca, cru, Phaseolus vulgaris L.",,Xícara de Chá,140
"Feijão, fradinho, cozido",,Colher de Arroz,35
"Feijão, fradinho, cozido",,Colher de Sopa,17
"Feijão, fradinho, cozido",,Concha,140
"Feijão, fradinho, cozido",,Colher de Chá,4
"Feijão, fradinho, cozido",,Colher de Sobremesa,8
"Feijão, fradinho, cozido",,Xícara de Chá,140
"Feijão, fradinho, cozido (50% grão e 50% caldo), c/ óleo e temperos , s/ sal, Vigna unguiculata (L.) Walp.",,Colher de Arroz,35
"Feijão, fradinho, cozido (50% grão e 50% caldo), c/ óleo e temperos , s/ sal, Vigna unguiculata (L.) Walp.",,Colher de Sopa,17
"Feijão, fradinho, cozido (50% grão e 50% caldo), c/ óleo e temperos , s/ sal, Vigna unguiculata (L.) Walp.",,Concha,140
"Feijão, fradinho, cozido (50% grão e 50% caldo), c/ óleo e temperos , s/ sal, Vigna unguiculata (L.) Walp.",,Colher de Chá,4
"Feijão, fradinho, cozido (50% grão e 50% caldo), c/ óleo e temperos , s/ sal, Vigna unguiculata (L.) Walp.",,Colher de Sobremesa,8
"Feijão, fradinho, cozido (50% grão e 50% caldo), c/ óleo e temperos , s/ sal, Vigna unguiculata (L.) Walp.",,Xícara de Chá,140
"Feijão, fradinho, cozido (50% grão e 50% caldo), c/ óleo e temperos, c/ sal, Vigna unguiculata (L.) Walp.",,Colher de Arroz,35
"Feijão, fradinho, cozido (50% grão e 50% caldo), c/ óleo e temperos, c/ sal, Vigna unguiculata (L.) Walp.",,Colher de Sopa,17
"Feijão, fradinho, cozido (50% grão e 50% caldo), c/ óleo e temperos, c/ sal, Vigna unguiculata (L.) Walp.",,Concha,140
"Feijão, fradinho, cozido (50% grão e 50% caldo), c/ óleo e temperos, c/ sal, Vigna unguiculata (L.) Walp.",,Colher de Chá,4
"Feijão, fradinho, cozido (50% grão e 50% caldo), c/ óleo e temperos, c/ sal, Vigna unguiculata (L.) Walp.",,Colher de Sobremesa,8
"Feijão, fradinho, cozido (50% grão e 50% caldo), c/ óleo e temperos, c/ sal, Vigna unguiculata (L.) Walp.",,Xícara de Chá,140
"Feijão, fradinho, cozido (50% grão e 50% caldo), s/ sal e temperos, Vigna unguiculata (L.) Walp.",,Colher de Arroz,35
"Feijão, fradinho, cozido (50% grão e 50% caldo), s/ sal e temperos, Vigna unguiculata (L.) Walp.",,Colher de Sopa,17
"Feijão, fradinho, cozido (50% grão e 50% caldo), s/ sal e temperos, Vigna unguiculata (L.) Walp.",,Concha,140
"Feijão, fradinho, cozido (50% grão e 50% caldo), s/ sal e temperos, Vigna unguiculata (L.) Walp.",,Colher de Chá,4
"Feijão, fradinho, cozido (50% grão e 50% caldo), s/ sal e temperos, Vigna unguiculata (L.) Walp.",,Colher de Sobremesa,8
"Feijão, fradinho, cozido (50% grão e 50% caldo), s/ sal e temperos, Vigna unguiculata (L.) Walp.",,Xícara de Chá,140
"Feijão, fradinho, cru",,Colher de Arroz,35
"Feijão, fradinho, cru",,Colher de Sopa,17
"Feijão, fradinho, cru",,Concha,140
"Feijão, fradinho, cru",,Colher de Chá,4
"Feijão, fradinho, cru",,Colher de Sobremesa,8
"Feijão, fradinho, cru",,Xícara de Chá,140
"Feijão, fradinho, cru, Vigna unguiculata (L.) Walp.",,Colher de Arroz,35
"Feijão, fradinho, cru, Vigna unguiculata (L.) Walp.",,Colher de Sopa,17
"Feijão, fradinho, cru, Vigna unguiculata (L.) Walp.",,Concha,140
"Feijão, fradinho, cru, Vigna unguiculata (L.) Walp.",,Colher de Chá,4
"Feijão, fradinho, cru, Vigna unguiculata (L.) Walp.",,Colher de Sobremesa,8
"Feijão, fradinho, cru, Vigna unguiculata (L.) Walp.",,Xícara de Chá,140
"Feijão, guandu, grão, cru, Cajanus cajan",,Colher de Arroz,35
"Feijão, guandu, grão, cru, Cajanus cajan",,Colher de Sopa,17
"Feijão, guandu, grão, cru, Cajanus cajan",,Concha,140
"Feijão, guandu, grão, cru, Cajanus cajan",,Colher de Chá,4
"Feijão, guandu, grão, cru, Cajanus cajan",,Colher de Sobremesa,8
"Feijão, guandu, grão, cru, Cajanus cajan",,Xícara de Chá,140
"Feijão, guandu, grão, seco, cozido (50% grão e 50% caldo), s/ óleo e temperos, c/ sal, Cajanus cajan",,Colher de Arroz,35
"Feijão, guandu, grão, seco, cozido (50% grão e 50% caldo), s/ óleo e temperos, c/ sal, Cajanus cajan",,Colher de Sopa,17
"Feijão, guandu, grão, seco, cozido (50% grão e 50% caldo), s/ óleo e temperos, c/ sal, Cajanus cajan",,Concha,140
"Feijão, guandu, grão, seco, cozido (50% grão e 50% caldo), s/ óleo e temperos, c/ sal, Cajanus cajan",,Colher de Chá,4
"Feijão, guandu, grão, seco, cozido (50% grão e 50% caldo), s/ óleo e temperos, c/ sal, Cajanus cajan",,Colher de Sobremesa,8
"Feijão, guandu, grão, seco, cozido (50% grão e 50% caldo), s/ óleo e temperos, c/ sal, Cajanus cajan",,Xícara de Chá,140
"Feijão, guandu, grão, seco, cozido (50% grão e 50% caldo), s/ óleo e temperos, s/ sal, Cajanus cajan",,Colher de Arroz,35
"Feijão, guandu, grão, seco, cozido (50% grão e 50% caldo), s/ óleo e temperos, s/ sal, Cajanus cajan",,Colher de Sopa,17
"Feijão, guandu, grão, seco, cozido (50% grão e 50% caldo), s/ óleo e temperos, s/ sal, Cajanus cajan",,Concha,140
"Feijão, guandu, grão, seco, cozido (50% grão e 50% caldo), s/ óleo e temperos, s/ sal, Cajanus cajan",,Colher de Chá,4
"Feijão, guandu, grão, seco, cozido (50% grão e 50% caldo), s/ óleo e temperos, s/ sal, Cajanus cajan",,Colher de Sobremesa,8
"Feijão, guandu, grão, seco, cozido (50% grão e 50% caldo), s/ óleo e temperos, s/ sal, Cajanus cajan",,Xícara de Chá,140
"Feijão, guandu, grão, seco, cozido, drenado, s/ óleo e temperos, c/ sal, Cajanus cajan",,Colher de Arroz,35
"Feijão, guandu, grão, seco, cozido, drenado, s/ óleo e temperos, c/ sal, Cajanus cajan",,Colher de Sopa,17
"Feijão, guandu, grão, seco, cozido, drenado, s/ óleo e temperos, c/ sal, Cajanus cajan",,Concha,140
"Feijão, guandu, grão, seco, cozido, drenado, s/ óleo e temperos, c/ sal, Cajanus cajan",,Colher de Chá,4
"Feijão, guandu, grão, seco, cozido, drenado, s/ óleo e temperos, c/ sal, Cajanus cajan",,Colher de Sobremesa,8
"Feijão, guandu, grão, seco, cozido, drenado, s/ óleo e temperos, c/ sal, Cajanus cajan",,Xícara de Chá,140
"Feijão, guandu, grão, seco, cozido, drenado, s/ óleo e temperos, s/ sal, Cajanus cajan",,Colher de Arroz,35
"Feijão, guandu, grão, seco, cozido, drenado, s/ óleo e temperos, s/ sal, Cajanus cajan",,Colher de Sopa,17
"Feijão, guandu, grão, seco, cozido, drenado, s/ óleo e temperos, s/ sal, Cajanus cajan",,Concha,140
"Feijão, guandu, grão, seco, cozido, drenado, s/ óleo e temperos, s/ sal, Cajanus cajan",,Colher de Chá,4
"Feijão, guandu, grão, seco, cozido, drenado, s/ óleo e temperos, s/ sal, Cajanus cajan",,Colher de Sobremesa,8
"Feijão, guandu, grão, seco, cozido, drenado, s/ óleo e temperos, s/ sal, Cajanus cajan",,Xícara de Chá,140
"Feijão, jalo, cozido",,Colher de Arroz,35
"Feijão, jalo, cozido",,Colher de Sopa,17
"Feijão, jalo, cozido",,Concha,140
"Feijão, jalo, cozido",,Colher de Chá,4
"Feijão, jalo, cozido",,Colher de Sobremesa,8
"Feijão, jalo, cozido",,Xícara de Chá,140
"Feijão, jalo, cozido (50% grão 50% caldo), s/ sal e temperos, Phaseolus vulgaris L.",,Colher de Arroz,35
"Feijão, jalo, cozido (50% grão 50% caldo), s/ sal e temperos, Phaseolus vulgaris L.",,Colher de Sopa,17
"Feijão, jalo, cozido (50% grão 50% caldo), s/ sal e temperos, Phaseolus vulgaris L.",,Concha,140
"Feijão, jalo, cozido (50% grão 50% caldo), s/ sal e temperos, Phaseolus vulgaris L.",,Colher de Chá,4
"Feijão, jalo, cozido (50% grão 50% caldo), s/ sal e temperos, Phaseolus vulgaris L.",,Colher de Sobremesa,8
"Feijão, jalo, cozido (50% grão 50% caldo), s/ sal e temperos, Phaseolus vulgaris L.",,Xícara de Chá,140
"Feijão, jalo, cru",,Colher de Arroz,35
"Feijão, jalo, cru",,Colher de Sopa,17
"Feijão, jalo, cru",,Concha,140
"Feijão, jalo, cru",,Colher de Chá,4
"Feijão, jalo, cru",,Colher de Sobremesa,8
"Feijão, jalo, cru",,Xícara de Chá,140
"Feijão, jalo, cru, Phaseolus vulgaris L.",,Colher de Arroz,35
"Feijão, jalo, cru, Phaseolus vulgaris L.",,Colher de Sopa,17
"Feijão, jalo, cru, Phaseolus vulgaris L.",,Concha,140
"Feijão, jalo, cru, Phaseolus vulgaris L.",,Colher de Chá,4
"Feijão, jalo, cru, Phaseolus vulgaris L.",,Colher de Sobremesa,8
"Feijão, jalo, cru, Phaseolus vulgaris L.",,Xícara de Chá,140
"Feijão, preto, cozido",,Colher de Arroz,35
"Feijão, preto, cozido",,Colher de Sopa,17
"Feijão, preto, cozido",,Concha,140
"Feijão, preto, cozido",,Colher de Chá,4
"Feijão, preto, cozido",,Colher de Sobremesa,8
"Feijão, preto, cozido",,Xícara de Chá,140
"Feijão, preto, cozido (50% grão e 50% caldo), c/ óleo e temperos, c/ sal, Phaseolus vulgaris L.",,Colher de Arroz,35
"Feijão, preto, cozido (50% grão e 50% caldo), c/ óleo e temperos, c/ sal, Phaseolus vulgaris L.",,Colher de Sopa,17
"Feijão, preto, cozido (50% grão e 50% caldo), c/ óleo e temperos, c/ sal, Phaseolus vulgaris L.",,Concha,140
"Feijão, preto, cozido (50% grão e 50% caldo), c/ óleo e temperos, c/ sal, Phaseolus vulgaris L.",,Colher de Chá,4
"Feijão, preto, cozido (50% grão e 50% caldo), c/ óleo e temperos, c/ sal, Phaseolus vulgaris L.",,Colher de Sobremesa,8
"Feijão, preto, cozido (50% grão e 50% caldo), c/ óleo e temperos, c/ sal, Phaseolus vulgaris L.",,Xícara de Chá,140
"Feijão, preto, cozido (50% grão e 50% caldo), c/ óleo e temperos, s/ sal, Phaseolus vulgaris L.",,Colher de Arroz,35
"Feijão, preto, cozido (50% grão e 50% caldo), c/ óleo e temperos, s/ sal, Phaseolus vulgaris L.",,Colher de Sopa,17
"Feijão, preto, cozido (50% grão e 50% caldo), c/ óleo e temperos, s/ sal, Phaseolus vulgaris L.",,Concha,140
"Feijão, preto, cozido (50% grão e 50% caldo), c/ óleo e temperos, s/ sal, Phaseolus vulgaris L.",,Colher de Chá,4
"Feijão, preto, cozido (50% grão e 50% caldo), c/ óleo e temperos, s/ sal, Phaseolus vulgaris L.",,Colher de Sobremesa,8
"Feijão, preto, cozido (50% grão e 50% caldo), c/ óleo e temperos, s/ sal, Phaseolus vulgaris L.",,Xícara de Chá,140
"Feijão, preto, cozido (50% grão e 50% caldo), s/ sal e temperos, Phaseolus vulgaris L.",,Colher de Arroz,35
"Feijão, preto, cozido (50% grão e 50% caldo), s/ sal e temperos, Phaseolus vulgaris L.",,Colher de Sopa,17
"Feijão, preto, cozido (50% grão e 50% caldo), s/ sal e temperos, Phaseolus vulgaris L.",,Concha,140
"Feijão, preto, cozido (50% grão e 50% caldo), s/ sal e temperos, Phaseolus vulgaris L.",,Colher de Chá,4
"Feijão, preto, cozido (50% grão e 50% caldo), s/ sal e temperos, Phaseolus vulgaris L.",,Colher de Sobremesa,8
"Feijão, preto, cozido (50% grão e 50% caldo), s/ sal e temperos, Phaseolus vulgaris L.",,Xícara de Chá,140
"Feijão, preto, cru",,Colher de Arroz,35
"Feijão, preto, cru",,Colher de Sopa,17
"Feijão, preto, cru",,Concha,140
"Feijão, preto, cru",,Colher de Chá,4
"Feijão, preto, cru",,Colher de Sobremesa,8
"Feijão, preto, cru",,Xícara de Chá,140
"Feijão, preto, cru, Phaseolus vulgaris L.",,Colher de Arroz,35
"Feijão, preto, cru, Phaseolus vulgaris L.",,Colher de Sopa,17
"Feijão, preto, cru, Phaseolus vulgaris L.",,Concha,140
"Feijão, preto, cru, Phaseolus vulgaris L.",,Colher de Chá,4
"Feijão, preto, cru, Phaseolus vulgaris L.",,Colher de Sobremesa,8
"Feijão, preto, cru, Phaseolus vulgaris L.",,Xícara de Chá,140
"Feijão, rajado, cozido",,Colher de Arroz,35
"Feijão, rajado, cozido",,Colher de Sopa,17
"Feijão, rajado, cozido",,Concha,140
"Feijão, rajado, cozido",,Colher de Chá,4
"Feijão, rajado, cozido",,Colher de Sobremesa,8
"Feijão, rajado, cozido",,Xícara de Chá,140
"Feijão, rajado, cozido (50% grão 50% caldo), s/ sal e temperos, Phaseolus vulgaris L.",,Colher de Arroz,35
"Feijão, rajado, cozido (50% grão 50% caldo), s/ sal e temperos, Phaseolus vulgaris L.",,Colher de Sopa,17
"Feijão, rajado, cozido (50% grão 50% caldo), s/ sal e temperos, Phaseolus vulgaris L.",,Concha,140
"Feijão, rajado, cozido (50% grão 50% caldo), s/ sal e temperos, Phaseolus vulgaris L.",,Colher de Chá,4
"Feijão, rajado, cozido (50% grão 50% caldo), s/ sal e temperos, Phaseolus vulgaris L.",,Colher de Sobremesa,8
"Feijão, rajado, cozido (50% grão 50% caldo), s/ sal e temperos, Phaseolus vulgaris L.",,Xícara de Chá,140
"Feijão, rajado, cru",,Colher de Arroz,35
"Feijão, rajado, cru",,Colher de Sopa,17
"Feijão, rajado, cru",,Concha,140
"Feijão, rajado, cru",,Colher de Chá,4
"Feijão, rajado, cru",,Colher de Sobremesa,8
"Feijão, rajado, cru",,Xícara de Chá,140
"Feijão, rajado, cru, Phaseolus vulgaris L.",,Colher de Arroz,35
"Feijão, rajado, cru, Phaseolus vulgaris L.",,Colher de Sopa,17
"Feijão, rajado, cru, Phaseolus vulgaris L.",,Concha,140
"Feijão, rajado, cru, Phaseolus vulgaris L.",,Colher de Chá,4
"Feijão, rajado, cru, Phaseolus vulgaris L.",,Colher de Sobremesa,8
"Feijão, rajado, cru, Phaseolus vulgaris L.",,Xícara de Chá,140
"Feijão, rosinha, cozido",,Colher de Arroz,35
"Feijão, rosinha, cozido",,Colher de Sopa,17
"Feijão, rosinha, cozido",,Concha,140
"Feijão, rosinha, cozido",,Colher de Chá,4
"Feijão, rosinha, cozido",,Colher de Sobremesa,8
"Feijão, rosinha, cozido",,Xícara de Chá,140
"Feijão, rosinha, cru",,Colher de Arroz,35
"Feijão, rosinha, cru",,Colher de Sopa,17
"Feijão, rosinha, cru",,Concha,140
"Feijão, rosinha, cru",,Colher de Chá,4
"Feijão, rosinha, cru",,Colher de Sobremesa,8
"Feijão, rosinha, cru",,Xícara de Chá,140
"Feijão, rosinha, cru, Phaseolus vulgaris L.",,Colher de Arroz,35
"Feijão, rosinha, cru, Phaseolus vulgaris L.",,Colher de Sopa,17
"Feijão, rosinha, cru, Phaseolus vulgaris L.",,Concha,140
"Feijão, rosinha, cru, Phaseolus vulgaris L.",,Colher de Chá,4
"Feijão, rosinha, cru, Phaseolus vulgaris L.",,Colher de Sobremesa,8
"Feijão, rosinha, cru, Phaseolus vulgaris L.",,Xícara de Chá,140
"Feijão, roxo, cozido",,Colher de Arroz,35
"Feijão, roxo, cozido",,Colher de Sopa,17
"Feijão, roxo, cozido",,Concha,140
"Feijão, roxo, cozido",,Colher de Chá,4
"Feijão, roxo, cozido",,Colher de Sobremesa,8
"Feijão, roxo, cozido",,Xícara de Chá,140
"Feijão, roxo, cozido (50% grão e 50% caldo), s/ sal e temperos, Phaseolus vulgaris L.",,Colher de Arroz,35
"Feijão, roxo, cozido (50% grão e 50% caldo), s/ sal e temperos, Phaseolus vulgaris L.",,Colher de Sopa,17
"Feijão, roxo, cozido (50% grão e 50% caldo), s/ sal e temperos, Phaseolus vulgaris L.",,Concha,140
"Feijão, roxo, cozido (50% grão e 50% caldo), s/ sal e temperos, Phaseolus vulgaris L.",,Colher de Chá,4
"Feijão, roxo, cozido (50% grão e 50% caldo), s/ sal e temperos, Phaseolus vulgaris L.",,Colher de Sobremesa,8
"Feijão, roxo, cozido (50% grão e 50% caldo), s/ sal e temperos, Phaseolus vulgaris L.",,Xícara de Chá,140
"Feijão, roxo, cru",,Colher de Arroz,35
"Feijão, roxo, cru",,Colher de Sopa,17
"Feijão, roxo, cru",,Concha,140
"Feijão, roxo, cru",,Colher de Chá,4
"Feijão, roxo, cru",,Colher de Sobremesa,8
"Feijão, roxo, cru",,Xícara de Chá,140
"Feijão, roxo, cru, Phaseolus vulgaris L.",,Colher de Arroz,35
"Feijão, roxo, cru, Phaseolus vulgaris L.",,Colher de Sopa,17
"Feijão, roxo, cru, Phaseolus vulgaris L.",,Concha,140
"Feijão, roxo, cru, Phaseolus vulgaris L.",,Colher de Chá,4
"Feijão, roxo, cru, Phaseolus vulgaris L.",,Colher de Sobremesa,8
"Feijão, roxo, cru, Phaseolus vulgaris L.",,Xícara de Chá,140
"Feijão, tropeiro, mineiro",,Colher de Arroz,35
"Feijão, tropeiro, mineiro",,Colher de Sopa,17
"Feijão, tropeiro, mineiro",,Concha,140
"Feijão, tropeiro, mineiro",,Colher de Chá,4
"Feijão, tropeiro, mineiro",,Colher de Sobremesa,8
"Feijão, tropeiro, mineiro",,Xícara de Chá,140
"Feijão, vermelho, cozido, Phaseolus vulgaris",,Colher de Arroz,35
"Feijão, vermelho, cozido, Phaseolus vulgaris",,Colher de Sopa,17
"Feijão, vermelho, cozido, Phaseolus vulgaris",,Concha,140
"Feijão, vermelho, cozido, Phaseolus vulgaris",,Colher de Chá,4
"Feijão, vermelho, cozido, Phaseolus vulgaris",,Colher de Sobremesa,8
"Feijão, vermelho, cozido, Phaseolus vulgaris",,Xícara de Chá,140
"Feijão, vermelho, cru, Phaseolus vulgaris",,Colher de Arroz,35
"Feijão, vermelho, cru, Phaseolus vulgaris",,Colher de Sopa,17
"Feijão, vermelho, cru, Phaseolus vulgaris",,Concha,140
"Feijão, vermelho, cru, Phaseolus vulgaris",,Colher de Chá,4
"Feijão, vermelho, cru, Phaseolus vulgaris",,Colher de Sobremesa,8
"Feijão, vermelho, cru, Phaseolus vulgaris",,Xícara de Chá,140
Fermento biológico,,Colher de Sopa,10
Fermento biológico,,Colher de Chá,2
Fermento biológico fresco -Fleischmann®,,Colher de Sopa,10
Fermento biológico fresco -Fleischmann®,,Colher de Chá,2
Fermento biológico seco -Fleischmann®,,Colher de Sopa,10
Fermento biológico seco -Fleischmann®,,Colher de Chá,2
"Fermento em pó, químico",,Colher de Sopa,10
"Fermento em pó, químico",,Colher de Chá,2
Fermento químico em pó,,Colher de Sopa,10
Fermento químico em pó,,Colher de Chá,2
"Fermento, biológico",,Colher de Sopa,10
"Fermento, biológico",,Colher de Chá,2
"Fermento, biológico, levedura, tablete",,Colher de Sopa,10
"Fermento, biológico, levedura, tablete",,Colher de Chá,2
"Fermento, químico, pó",,Colher de Sopa,10
"Fermento, químico, pó",,Colher de Chá,2
Fiambre  assado(a),CARNE BOVINA,File,100
Fiambre  assado(a),CARNE BOVINA,Bife,100
Fiambre  assado(a),CARNE BOVINA,Fatia,90
Fiambre  assado(a),CARNE BOVINA,Pedaço,35
Fiambre  assado(a),CARNE BOVINA,Porção,75
Fiambre  assado(a),CARNE BOVINA,Colher de Arroz,70
Fiambre  assado(a),CARNE BOVINA,Colher de Sopa,30
Fiambre  assado(a),CARNE BOVINA,Concha,140
Fiambre  assado(a),CARNE BOVINA,Escumadeira,70
Fiambre  cozido(a),CARNE BOVINA,File,100
Fiambre  cozido(a),CARNE BOVINA,Bife,100
Fiambre  cozido(a),CARNE BOVINA,Fatia,90
Fiambre  cozido(a),CARNE BOVINA,Pedaço,35
Fiambre  cozido(a),CARNE BOVINA,Porção,75
Fiambre  cozido(a),CARNE BOVINA,Colher de Arroz,70
Fiambre  cozido(a),CARNE BOVINA,Colher de Sopa,30
Fiambre  cozido(a),CARNE BOVINA,Concha,140
Fiambre  cozido(a),CARNE BOVINA,Escumadeira,70
Fiambre  cru(a),CARNE BOVINA,File,100
Fiambre  cru(a),CARNE BOVINA,Bife,100
Fiambre  cru(a),CARNE BOVINA,Fatia,90
Fiambre  cru(a),CARNE BOVINA,Pedaço,35
Fiambre  cru(a),CARNE BOVINA,Porção,75
Fiambre  cru(a),CARNE BOVINA,Colher de Arroz,70
Fiambre  cru(a),CARNE BOVINA,Colher de Sopa,30
Fiambre  cru(a),CARNE BOVINA,Concha,140
Fiambre  cru(a),CARNE BOVINA,Escumadeira,70
Fiambre  frito(a),CARNE BOVINA,File,100
Fiambre  frito(a),CARNE BOVINA,Bife,100
Fiambre  frito(a),CARNE BOVINA,Fatia,90
Fiambre  frito(a),CARNE BOVINA,Pedaço,35
Fiambre  frito(a),CARNE BOVINA,Porção,75
Fiambre  frito(a),CARNE BOVINA,Colher de Arroz,70
Fiambre  frito(a),CARNE BOVINA,Colher de Sopa,30
Fiambre  frito(a),CARNE BOVINA,Concha,140
Fiambre  frito(a),CARNE BOVINA,Escumadeira,70
Filé de frango,AVES,File,100
Filé de frango,AVES,Bife,100
Filé de frango,AVES,Pedaço,55
Filé de frango,AVES,Porção,100
Filé de frango,AVES,Colher de Arroz,40
Filé de frango,AVES,Colher de Sopa,20
Filé de frango,AVES,Concha,80
Filé de frango (cozido),,File,100
Filé de frango (cozido),,Bife,100
Filé de frango (cozido),,Pedaço,55
Filé de frango (cozido),,Porção,100
Filé de frango (cozido),,Colher de Arroz,40
Filé de frango (cozido),,Colher de Sopa,20
Filé de frango (cozido),,Concha,80
Filé de frango (grelhado),,File,100
Filé de frango (grelhado),,Bife,100
Filé de frango (grelhado),,Pedaço,55
Filé de frango (grelhado),,Porção,100
Filé de frango (grelhado),,Colher de Arroz,40
Filé de frango (grelhado),,Colher de Sopa,20
Filé de frango (grelhado),,Concha,80
Filé de frango ao alho e oleo,AVES,File,100
Filé de frango ao alho e oleo,AVES,Bife,100
Filé de frango ao alho e oleo,AVES,Pedaço,55
Filé de frango ao alho e oleo,AVES,Porção,100
Filé de frango ao alho e oleo,AVES,Colher de Arroz,40
Filé de frango ao alho e oleo,AVES,Colher de Sopa,20
Filé de frango ao alho e oleo,AVES,Concha,80
Filé de frango ao alho e oleo,AVES,Asa,40
Filé de frango ao alho e oleo,AVES,Peito,180
Filé de frango ao alho e oleo,AVES,Coxa,55
Filé de frango ao alho e oleo,AVES,Sobrecoxa,65
Filé de frango ao alho e oleo,AVES,Costela,60
Filé de frango ao alho e oleo,AVES,Pescoço,10
Filé de frango assado(a),AVES,File,100
Filé de frango assado(a),AVES,Bife,100
Filé de frango assado(a),AVES,Pedaço,55
Filé de frango assado(a),AVES,Porção,100
Filé de frango assado(a),AVES,Colher de Arroz,40
Filé de frango assado(a),AVES,Colher de Sopa,20
Filé de frango assado(a),AVES,Concha,80
Filé de frango assado(a),AVES,Asa,40
Filé de frango assado(a),AVES,Peito,180
Filé de frango assado(a),AVES,Coxa,55
Filé de frango assado(a),AVES,Sobrecoxa,65
Filé de frango assado(a),AVES,Costela,60
Filé de frango assado(a),AVES,Pescoço,10
Filé de frango cozido(a),AVES,File,100
Filé de frango cozido(a),AVES,Bife,100
Filé de frango cozido(a),AVES,Pedaço,55
Filé de frango cozido(a),AVES,Porção,100
Filé de frango cozido(a),AVES,Colher de Arroz,40
Filé de frango cozido(a),AVES,Colher de Sopa,20
Filé de frango cozido(a),AVES,Concha,80
Filé de frango cozido(a),AVES,Asa,40
Filé de frango cozido(a),AVES,Peito,180
Filé de frango cozido(a),AVES,Coxa,55
Filé de frango cozido(a),AVES,Sobrecoxa,65
Filé de frango cozido(a),AVES,Costela,60
Filé de frango cozido(a),AVES,Pescoço,10
Filé de frango cru(a),AVES,File,100
Filé de frango cru(a),AVES,Bife,100
Filé de frango cru(a),AVES,Pedaço,55
Filé de frango cru(a),AVES,Porção,100
Filé de frango cru(a),AVES,Colher de Arroz,40
Filé de frango cru(a),AVES,Colher de Sopa,20
Filé de frango cru(a),AVES,Concha,80
Filé de frango cru(a),AVES,Asa,40
Filé de frango cru(a),AVES,Peito,180
Filé de frango cru(a),AVES,Coxa,55
Filé de frango cru(a),AVES,Sobrecoxa,65
Filé de frango cru(a),AVES,Costela,60
Filé de frango cru(a),AVES,Pescoço,10
Filé de frango empanado(a)/a milanesa,AVES,File,100
Filé de frango empanado(a)/a milanesa,AVES,Bife,100
Filé de frango empanado(a)/a milanesa,AVES,Pedaço,55
Filé de frango empanado(a)/a milanesa,AVES,Porção,100
Filé de frango empanado(a)/a milanesa,AVES,Colher de Arroz,40
Filé de frango empanado(a)/a milanesa,AVES,Colher de Sopa,20
Filé de frango empanado(a)/a milanesa,AVES,Concha,80
Filé de frango empanado(a)/a milanesa,AVES,Asa,40
Filé de frango empanado(a)/a milanesa,AVES,Peito,180
Filé de frango empanado(a)/a milanesa,AVES,Coxa,55
Filé de frango empanado(a)/a milanesa,AVES,Sobrecoxa,65
Filé de frango empanado(a)/a milanesa,AVES,Costela,60
Filé de frango empanado(a)/a milanesa,AVES,Pescoço,10
Filé de frango ensopado,AVES,File,100
Filé de frango ensopado,AVES,Bife,100
Filé de frango ensopado,AVES,Pedaço,55
Filé de frango ensopado,AVES,Porção,100
Filé de frango ensopado,AVES,Colher de Arroz,40
Filé de frango ensopado,AVES,Colher de Sopa,20
Filé de frango ensopado,AVES,Concha,80
Filé de frango ensopado,AVES,Asa,40
Filé de frango ensopado,AVES,Peito,180
Filé de frango ensopado,AVES,Coxa,55
Filé de frango ensopado,AVES,Sobrecoxa,65
Filé de frango ensopado,AVES,Costela,60
Filé de frango ensopado,AVES,Pescoço,10
Filé de frango frito(a),AVES,File,100
Filé de frango frito(a),AVES,Bife,100
Filé de frango frito(a),AVES,Pedaço,55
Filé de frango frito(a),AVES,Porção,100
Filé de frango frito(a),AVES,Colher de Arroz,40
Filé de frango frito(a),AVES,Colher de Sopa,20
Filé de frango frito(a),AVES,Concha,80
Filé de frango frito(a),AVES,Asa,40
Filé de frango frito(a),AVES,Peito,180
Filé de frango frito(a),AVES,Coxa,55
Filé de frango frito(a),AVES,Sobrecoxa,65
Filé de frango frito(a),AVES,Costela,60
Filé de frango frito(a),AVES,Pescoço,10
Filé de frango grelhado(a)/brasa/churrasco,AVES,File,100
Filé de frango grelhado(a)/brasa/churrasco,AVES,Bife,100
Filé de frango grelhado(a)/brasa/churrasco,AVES,Pedaço,55
Filé de frango grelhado(a)/brasa/churrasco,AVES,Porção,100
Filé de frango grelhado(a)/brasa/churrasco,AVES,Colher de Arroz,40
Filé de frango grelhado(a)/brasa/churrasco,AVES,Colher de Sopa,20
Filé de frango grelhado(a)/brasa/churrasco,AVES,Concha,80
Filé de frango grelhado(a)/brasa/churrasco,AVES,Asa,40
Filé de frango grelhado(a)/brasa/churrasco,AVES,Peito,180
Filé de frango grelhado(a)/brasa/churrasco,AVES,Coxa,55
Filé de frango grelhado(a)/brasa/churrasco,AVES,Sobrecoxa,65
Filé de frango grelhado(a)/brasa/churrasco,AVES,Costela,60
Filé de frango grelhado(a)/brasa/churrasco,AVES,Pescoço,10
Filé de frango molho branco,AVES,File,100
Filé de frango molho branco,AVES,Bife,100
Filé de frango molho branco,AVES,Pedaço,55
Filé de frango molho branco,AVES,Porção,100
Filé de frango molho branco,AVES,Colher de Arroz,40
Filé de frango molho branco,AVES,Colher de Sopa,20
Filé de frango molho branco,AVES,Concha,80
Filé de frango molho branco,AVES,Asa,40
Filé de frango molho branco,AVES,Peito,180
Filé de frango molho branco,AVES,Coxa,55
Filé de frango molho branco,AVES,Sobrecoxa,65
Filé de frango molho branco,AVES,Costela,60
Filé de frango molho branco,AVES,Pescoço,10
Filé de frango molho vermelho,AVES,File,100
Filé de frango molho vermelho,AVES,Bife,100
Filé de frango molho vermelho,AVES,Pedaço,55
Filé de frango molho vermelho,AVES,Porção,100
Filé de frango molho vermelho,AVES,Colher de Arroz,40
Filé de frango molho vermelho,AVES,Colher de Sopa,20
Filé de frango molho vermelho,AVES,Concha,80
Filé de frango molho vermelho,AVES,Asa,40
Filé de frango molho vermelho,AVES,Peito,180
Filé de frango molho vermelho,AVES,Coxa,55
Filé de frango molho vermelho,AVES,Sobrecoxa,65
Filé de frango molho vermelho,AVES,Costela,60
Filé de frango molho vermelho,AVES,Pescoço,10
Filé de frango orgãnico cozido(a),AVES,File,100
Filé de frango orgãnico cozido(a),AVES,Bife,100
Filé de frango orgãnico cozido(a),AVES,Pedaço,55
Filé de frango orgãnico cozido(a),AVES,Porção,100
Filé de frango orgãnico cozido(a),AVES,Colher de Arroz,40
Filé de frango orgãnico cozido(a),AVES,Colher de Sopa,20
Filé de frango orgãnico cozido(a),AVES,Concha,80
Filé de frango orgãnico cozido(a),AVES,Asa,40
Filé de frango orgãnico cozido(a),AVES,Peito,180
Filé de frango orgãnico cozido(a),AVES,Coxa,55
Filé de frango orgãnico cozido(a),AVES,Sobrecoxa,65
Filé de frango orgãnico cozido(a),AVES,Costela,60
Filé de frango orgãnico cozido(a),AVES,Pescoço,10
Filé de frango orgânico empanado(a)/a milanesa,AVES,File,100
Filé de frango orgânico empanado(a)/a milanesa,AVES,Bife,100
Filé de frango orgânico empanado(a)/a milanesa,AVES,Pedaço,55
Filé de frango orgânico empanado(a)/a milanesa,AVES,Porção,100
Filé de frango orgânico empanado(a)/a milanesa,AVES,Colher de Arroz,40
Filé de frango orgânico empanado(a)/a milanesa,AVES,Colher de Sopa,20
Filé de frango orgânico empanado(a)/a milanesa,AVES,Concha,80
Filé de frango orgânico empanado(a)/a milanesa,AVES,Asa,40
Filé de frango orgânico empanado(a)/a milanesa,AVES,Peito,180
Filé de frango orgânico empanado(a)/a milanesa,AVES,Coxa,55
Filé de frango orgânico empanado(a)/a milanesa,AVES,Sobrecoxa,65
Filé de frango orgânico empanado(a)/a milanesa,AVES,Costela,60
Filé de frango orgânico empanado(a)/a milanesa,AVES,Pescoço,10
Filé de frango orgânico frito(a),AVES,File,100
Filé de frango orgânico frito(a),AVES,Bife,100
Filé de frango orgânico frito(a),AVES,Pedaço,55
Filé de frango orgânico frito(a),AVES,Porção,100
Filé de frango orgânico frito(a),AVES,Colher de Arroz,40
Filé de frango orgânico frito(a),AVES,Colher de Sopa,20
Filé de frango orgânico frito(a),AVES,Concha,80
Filé de frango orgânico frito(a),AVES,Asa,40
Filé de frango orgânico frito(a),AVES,Peito,180
Filé de frango orgânico frito(a),AVES,Coxa,55
Filé de frango orgânico frito(a),AVES,Sobrecoxa,65
Filé de frango orgânico frito(a),AVES,Costela,60
Filé de frango orgânico frito(a),AVES,Pescoço,10
Filé de frango orgânico grelhado(a)/brasa/churrasco,AVES,File,100
Filé de frango orgânico grelhado(a)/brasa/churrasco,AVES,Bife,100
Filé de frango orgânico grelhado(a)/brasa/churrasco,AVES,Pedaço,55
Filé de frango orgânico grelhado(a)/brasa/churrasco,AVES,Porção,100
Filé de frango orgânico grelhado(a)/brasa/churrasco,AVES,Colher de Arroz,40
Filé de frango orgânico grelhado(a)/brasa/churrasco,AVES,Colher de Sopa,20
Filé de frango orgânico grelhado(a)/brasa/churrasco,AVES,Concha,80
Filé de frango orgânico grelhado(a)/brasa/churrasco,AVES,Asa,40
Filé de frango orgânico grelhado(a)/brasa/churrasco,AVES,Peito,180
Filé de frango orgânico grelhado(a)/brasa/churrasco,AVES,Coxa,55
Filé de frango orgânico grelhado(a)/brasa/churrasco,AVES,Sobrecoxa,65
Filé de frango orgânico grelhado(a)/brasa/churrasco,AVES,Costela,60
Filé de frango orgânico grelhado(a)/brasa/churrasco,AVES,Pescoço,10
Filé de frango refogado(a),AVES,File,100
Filé de frango refogado(a),AVES,Bife,100
Filé de frango refogado(a),AVES,Pedaço,55
Filé de frango refogado(a),AVES,Porção,100
Filé de frango refogado(a),AVES,Colher de Arroz,40
Filé de frango refogado(a),AVES,Colher de Sopa,20
Filé de frango refogado(a),AVES,Concha,80
Filé de frango refogado(a),AVES,Asa,40
Filé de frango refogado(a),AVES,Peito,180
Filé de frango refogado(a),AVES,Coxa,55
Filé de frango refogado(a),AVES,Sobrecoxa,65
Filé de frango refogado(a),AVES,Costela,60
Filé de frango refogado(a),AVES,Pescoço,10
Filé de segunda ao alho e oleo,CARNE BOVINA,File,100
Filé de segunda ao alho e oleo,CARNE BOVINA,Bife,100
Filé de segunda ao alho e oleo,CARNE BOVINA,Fatia,90
Filé de segunda ao alho e oleo,CARNE BOVINA,Pedaço,35
Filé de segunda ao alho e oleo,CARNE BOVINA,Porção,75
Filé de segunda ao alho e oleo,CARNE BOVINA,Colher de Arroz,70
Filé de segunda ao alho e oleo,CARNE BOVINA,Colher de Sopa,30
Filé de segunda ao alho e oleo,CARNE BOVINA,Concha,140
Filé de segunda ao alho e oleo,CARNE BOVINA,Escumadeira,70
Filé de segunda assado(a),CARNE BOVINA,File,100
Filé de segunda assado(a),CARNE BOVINA,Bife,100
Filé de segunda assado(a),CARNE BOVINA,Fatia,90
Filé de segunda assado(a),CARNE BOVINA,Pedaço,35
Filé de segunda assado(a),CARNE BOVINA,Porção,75
Filé de segunda assado(a),CARNE BOVINA,Colher de Arroz,70
Filé de segunda assado(a),CARNE BOVINA,Colher de Sopa,30
Filé de segunda assado(a),CARNE BOVINA,Concha,140
Filé de segunda assado(a),CARNE BOVINA,Escumadeira,70
Filé de segunda empanado(a)/a milanesa,CARNE BOVINA,File,100
Filé de segunda empanado(a)/a milanesa,CARNE BOVINA,Bife,100
Filé de segunda empanado(a)/a milanesa,CARNE BOVINA,Fatia,90
Filé de segunda empanado(a)/a milanesa,CARNE BOVINA,Pedaço,35
Filé de segunda empanado(a)/a milanesa,CARNE BOVINA,Porção,75
Filé de segunda empanado(a)/a milanesa,CARNE BOVINA,Colher de Arroz,70
Filé de segunda empanado(a)/a milanesa,CARNE BOVINA,Colher de Sopa,30
Filé de segunda empanado(a)/a milanesa,CARNE BOVINA,Concha,140
Filé de segunda empanado(a)/a milanesa,CARNE BOVINA,Escumadeira,70
Filé de segunda frito(a),CARNE BOVINA,File,100
Filé de segunda frito(a),CARNE BOVINA,Bife,100
Filé de segunda frito(a),CARNE BOVINA,Fatia,90
Filé de segunda frito(a),CARNE BOVINA,Pedaço,35
Filé de segunda frito(a),CARNE BOVINA,Porção,75
Filé de segunda frito(a),CARNE BOVINA,Colher de Arroz,70
Filé de segunda frito(a),CARNE BOVINA,Colher de Sopa,30
Filé de segunda frito(a),CARNE BOVINA,Concha,140
Filé de segunda frito(a),CARNE BOVINA,Escumadeira,70
Filé de segunda grelhado(a)/brasa/churrasco,CARNE BOVINA,File,100
Filé de segunda grelhado(a)/brasa/churrasco,CARNE BOVINA,Bife,100
Filé de segunda grelhado(a)/brasa/churrasco,CARNE BOVINA,Fatia,90
Filé de segunda grelhado(a)/brasa/churrasco,CARNE BOVINA,Pedaço,35
Filé de segunda grelhado(a)/brasa/churrasco,CARNE BOVINA,Porção,75
Filé de segunda grelhado(a)/brasa/churrasco,CARNE BOVINA,Colher de Arroz,70
Filé de segunda grelhado(a)/brasa/churrasco,CARNE BOVINA,Colher de Sopa,30
Filé de segunda grelhado(a)/brasa/churrasco,CARNE BOVINA,Concha,140
Filé de segunda grelhado(a)/brasa/churrasco,CARNE BOVINA,Escumadeira,70
Filé mignon,CARNE BOVINA,File,100
Filé mignon,CARNE BOVINA,Bife,100
Filé mignon,CARNE BOVINA,Fatia,90
Filé mignon,CARNE BOVINA,Pedaço,35
Filé mignon,CARNE BOVINA,Porção,75
Filé mignon,CARNE BOVINA,Colher de Arroz,70
Filé mignon,CARNE BOVINA,Colher de Sopa,30
Filé mignon,CARNE BOVINA,Concha,140
Filé mignon,CARNE BOVINA,Escumadeira,70
Filé mignon - carne bovina -Pão de Açúcar®,,File,100
Filé mignon - carne bovina -Pão de Açúcar®,,Bife,100
Filé mignon assado(a),CARNE BOVINA,File,100
Filé mignon assado(a),CARNE BOVINA,Bife,100
Filé mignon assado(a),CARNE BOVINA,Fatia,90
Filé mignon assado(a),CARNE BOVINA,Pedaço,35
Filé mignon assado(a),CARNE BOVINA,Porção,75
Filé mignon assado(a),CARNE BOVINA,Colher de Arroz,70
Filé mignon assado(a),CARNE BOVINA,Colher de Sopa,30
Filé mignon assado(a),CARNE BOVINA,Concha,140
Filé mignon assado(a),CARNE BOVINA,Escumadeira,70
Filé mignon com manteiga/oleo,CARNE BOVINA,File,100
Filé mignon com manteiga/oleo,CARNE BOVINA,Bife,100
Filé mignon com manteiga/oleo,CARNE BOVINA,Fatia,90
Filé mignon com manteiga/oleo,CARNE BOVINA,Pedaço,35
Filé mignon com manteiga/oleo,CARNE BOVINA,Porção,75
Filé mignon com manteiga/oleo,CARNE BOVINA,Colher de Arroz,70
Filé mignon com manteiga/oleo,CARNE BOVINA,Colher de Sopa,30
Filé mignon com manteiga/oleo,CARNE BOVINA,Concha,140
Filé mignon com manteiga/oleo,CARNE BOVINA,Escumadeira,70
Filé mignon cozido(a),CARNE BOVINA,File,100
Filé mignon cozido(a),CARNE BOVINA,Bife,100
Filé mignon cozido(a),CARNE BOVINA,Fatia,90
Filé mignon cozido(a),CARNE BOVINA,Pedaço,35
Filé mignon cozido(a),CARNE BOVINA,Porção,75
Filé mignon cozido(a),CARNE BOVINA,Colher de Arroz,70
Filé mignon cozido(a),CARNE BOVINA,Colher de Sopa,30
Filé mignon cozido(a),CARNE BOVINA,Concha,140
Filé mignon cozido(a),CARNE BOVINA,Escumadeira,70
Filé mignon empanado(a)/a milanesa,CARNE BOVINA,File,100
Filé mignon empanado(a)/a milanesa,CARNE BOVINA,Bife,100
Filé mignon empanado(a)/a milanesa,CARNE BOVINA,Fatia,90
Filé mignon empanado(a)/a milanesa,CARNE BOVINA,Pedaço,35
Filé mignon empanado(a)/a milanesa,CARNE BOVINA,Porção,75
Filé mignon empanado(a)/a milanesa,CARNE BOVINA,Colher de Arroz,70
Filé mignon empanado(a)/a milanesa,CARNE BOVINA,Colher de Sopa,30
Filé mignon empanado(a)/a milanesa,CARNE BOVINA,Concha,140
Filé mignon empanado(a)/a milanesa,CARNE BOVINA,Escumadeira,70
Filé mignon frito(a),CARNE BOVINA,File,100
Filé mignon frito(a),CARNE BOVINA,Bife,100
Filé mignon frito(a),CARNE BOVINA,Fatia,90
Filé mignon frito(a),CARNE BOVINA,Pedaço,35
Filé mignon frito(a),CARNE BOVINA,Porção,75
Filé mignon frito(a),CARNE BOVINA,Colher de Arroz,70
Filé mignon frito(a),CARNE BOVINA,Colher de Sopa,30
Filé mignon frito(a),CARNE BOVINA,Concha,140
Filé mignon frito(a),CARNE BOVINA,Escumadeira,70
Filé mignon grelhado(a)/brasa/churrasco,CARNE BOVINA,File,100
Filé mignon grelhado(a)/brasa/churrasco,CARNE BOVINA,Bife,100
Filé mignon grelhado(a)/brasa/churrasco,CARNE BOVINA,Fatia,90
Filé mignon grelhado(a)/brasa/churrasco,CARNE BOVINA,Pedaço,35
Filé mignon grelhado(a)/brasa/churrasco,CARNE BOVINA,Porção,75
Filé mignon grelhado(a)/brasa/churrasco,CARNE BOVINA,Colher de Arroz,70
Filé mignon grelhado(a)/brasa/churrasco,CARNE BOVINA,Colher de Sopa,30
Filé mignon grelhado(a)/brasa/churrasco,CARNE BOVINA,Concha,140
Filé mignon grelhado(a)/brasa/churrasco,CARNE BOVINA,Escumadeira,70
Filé mignon molho branco,CARNE BOVINA,File,100
Filé mignon molho branco,CARNE BOVINA,Bife,100
Filé mignon molho branco,CARNE BOVINA,Fatia,90
Filé mignon molho branco,CARNE BOVINA,Pedaço,35
Filé mignon molho branco,CARNE BOVINA,Porção,75
Filé mignon molho branco,CARNE BOVINA,Colher de Arroz,70
Filé mignon molho branco,CARNE BOVINA,Colher de Sopa,30
Filé mignon molho branco,CARNE BOVINA,Concha,140
Filé mignon molho branco,CARNE BOVINA,Escumadeira,70
Filé mignon molho vermelho,CARNE BOVINA,File,100
Filé mignon molho vermelho,CARNE BOVINA,Bife,100
Filé mignon molho vermelho,CARNE BOVINA,Fatia,90
Filé mignon molho vermelho,CARNE BOVINA,Pedaço,35
Filé mignon molho vermelho,CARNE BOVINA,Porção,75
Filé mignon molho vermelho,CARNE BOVINA,Colher de Arroz,70
Filé mignon molho vermelho,CARNE BOVINA,Colher de Sopa,30
Filé mignon molho vermelho,CARNE BOVINA,Concha,140
Filé mignon molho vermelho,CARNE BOVINA,Escumadeira,70
Filé mignon refogado(a),CARNE BOVINA,File,100
Filé mignon refogado(a),CARNE BOVINA,Bife,100
Filé mignon refogado(a),CARNE BOVINA,Fatia,90
Filé mignon refogado(a),CARNE BOVINA,Pedaço,35
Filé mignon refogado(a),CARNE BOVINA,Porção,75
Filé mignon refogado(a),CARNE BOVINA,Colher de Arroz,70
Filé mignon refogado(a),CARNE BOVINA,Colher de Sopa,30
Filé mignon refogado(a),CARNE BOVINA,Concha,140
Filé mignon refogado(a),CARNE BOVINA,Escumadeira,70
Filé não especificado,CARNE BOVINA,File,100
Filé não especificado,CARNE BOVINA,Bife,100
Filé não especificado,CARNE BOVINA,Fatia,90
Filé não especificado,CARNE BOVINA,Pedaço,35
Filé não especificado,CARNE BOVINA,Porção,75
Filé não especificado,CARNE BOVINA,Colher de Arroz,70
Filé não especificado,CARNE BOVINA,Colher de Sopa,30
Filé não especificado,CARNE BOVINA,Concha,140
Filé não especificado,CARNE BOVINA,Escumadeira,70
Filé não especificado assado(a),CARNE BOVINA,File,100
Filé não especificado assado(a),CARNE BOVINA,Bife,100
Filé não especificado assado(a),CARNE BOVINA,Fatia,90
Filé não especificado assado(a),CARNE BOVINA,Pedaço,35
Filé não especificado assado(a),CARNE BOVINA,Porção,75
Filé não especificado assado(a),CARNE BOVINA,Colher de Arroz,70
Filé não especificado assado(a),CARNE BOVINA,Colher de Sopa,30
Filé não especificado assado(a),CARNE BOVINA,Concha,140
Filé não especificado assado(a),CARNE BOVINA,Escumadeira,70
Filé não especificado com manteiga/oleo,CARNE BOVINA,File,100
Filé não especificado com manteiga/oleo,CARNE BOVINA,Bife,100
Filé não especificado com manteiga/oleo,CARNE BOVINA,Fatia,90
Filé não especificado com manteiga/oleo,CARNE BOVINA,Pedaço,35
Filé não especificado com manteiga/oleo,CARNE BOVINA,Porção,75
Filé não especificado com manteiga/oleo,CARNE BOVINA,Colher de Arroz,70
Filé não especificado com manteiga/oleo,CARNE BOVINA,Colher de Sopa,30
Filé não especificado com manteiga/oleo,CARNE BOVINA,Concha,140
Filé não especificado com manteiga/oleo,CARNE BOVINA,Escumadeira,70
Filé não especificado cozido(a),CARNE BOVINA,File,100
Filé não especificado cozido(a),CARNE BOVINA,Bife,100
Filé não especificado cozido(a),CARNE BOVINA,Fatia,90
Filé não especificado cozido(a),CARNE BOVINA,Pedaço,35
Filé não especificado cozido(a),CARNE BOVINA,Porção,75
Filé não especificado cozido(a),CARNE BOVINA,Colher de Arroz,70
Filé não especificado cozido(a),CARNE BOVINA,Colher de Sopa,30
Filé não especificado cozido(a),CARNE BOVINA,Concha,140
Filé não especificado cozido(a),CARNE BOVINA,Escumadeira,70
Filé não especificado cru(a),CARNE BOVINA,File,100
Filé não especificado cru(a),CARNE BOVINA,Bife,100
Filé não especificado cru(a),CARNE BOVINA,Fatia,90
Filé não especificado cru(a),CARNE BOVINA,Pedaço,35
Filé não especificado cru(a),CARNE BOVINA,Porção,75
Filé não especificado cru(a),CARNE BOVINA,Colher de Arroz,70
Filé não especificado cru(a),CARNE BOVINA,Colher de Sopa,30
Filé não especificado cru(a),CARNE BOVINA,Concha,140
Filé não especificado cru(a),CARNE BOVINA,Escumadeira,70
Filé não especificado empanado(a)/a milanesa,CARNE BOVINA,File,100
Filé não especificado empanado(a)/a milanesa,CARNE BOVINA,Bife,100
Filé não especificado empanado(a)/a milanesa,CARNE BOVINA,Fatia,90
Filé não especificado empanado(a)/a milanesa,CARNE BOVINA,Pedaço,35
Filé não especificado empanado(a)/a milanesa,CARNE BOVINA,Porção,75
Filé não especificado empanado(a)/a milanesa,CARNE BOVINA,Colher de Arroz,70
Filé não especificado empanado(a)/a milanesa,CARNE BOVINA,Colher de Sopa,30
Filé não especificado empanado(a)/a milanesa,CARNE BOVINA,Concha,140
Filé não especificado empanado(a)/a milanesa,CARNE BOVINA,Escumadeira,70
Filé não especificado ensopado,CARNE BOVINA,File,100
Filé não especificado ensopado,CARNE BOVINA,Bife,100
Filé não especificado ensopado,CARNE BOVINA,Fatia,90
Filé não especificado ensopado,CARNE BOVINA,Pedaço,35
Filé não especificado ensopado,CARNE BOVINA,Porção,75
Filé não especificado ensopado,CARNE BOVINA,Colher de Arroz,70
Filé não especificado ensopado,CARNE BOVINA,Colher de Sopa,30
Filé não especificado ensopado,CARNE BOVINA,Concha,140
Filé não especificado ensopado,CARNE BOVINA,Escumadeira,70
Filé não especificado frito(a),CARNE BOVINA,File,100
Filé não especificado frito(a),CARNE BOVINA,Bife,100
Filé não especificado frito(a),CARNE BOVINA,Fatia,90
Filé não especificado frito(a),CARNE BOVINA,Pedaço,35
Filé não especificado frito(a),CARNE BOVINA,Porção,75
Filé não especificado frito(a),CARNE BOVINA,Colher de Arroz,70
Filé não especificado frito(a),CARNE BOVINA,Colher de Sopa,30
Filé não especificado frito(a),CARNE BOVINA,Concha,140
Filé não especificado frito(a),CARNE BOVINA,Escumadeira,70
Filé não especificado grelhado(a)/brasa/churrasco,CARNE BOVINA,File,100
Filé não especificado grelhado(a)/brasa/churrasco,CARNE BOVINA,Bife,100
Filé não especificado grelhado(a)/brasa/churrasco,CARNE BOVINA,Fatia,90
Filé não especificado grelhado(a)/brasa/churrasco,CARNE BOVINA,Pedaço,35
Filé não especificado grelhado(a)/brasa/churrasco,CARNE BOVINA,Porção,75
Filé não especificado grelhado(a)/brasa/churrasco,CARNE BOVINA,Colher de Arroz,70
Filé não especificado grelhado(a)/brasa/churrasco,CARNE BOVINA,Colher de Sopa,30
Filé não especificado grelhado(a)/brasa/churrasco,CARNE BOVINA,Concha,140
Filé não especificado grelhado(a)/brasa/churrasco,CARNE BOVINA,Escumadeira,70
Filé não especificado molho vermelho,CARNE BOVINA,File,100
Filé não especificado molho vermelho,CARNE BOVINA,Bife,100
Filé não especificado molho vermelho,CARNE BOVINA,Fatia,90
Filé não especificado molho vermelho,CARNE BOVINA,Pedaço,35
Filé não especificado molho vermelho,CARNE BOVINA,Porção,75
Filé não especificado molho vermelho,CARNE BOVINA,Colher de Arroz,70
Filé não especificado molho vermelho,CARNE BOVINA,Colher de Sopa,30
Filé não especificado molho vermelho,CARNE BOVINA,Concha,140
Filé não especificado molho vermelho,CARNE BOVINA,Escumadeira,70
Filé não especificado refogado(a),CARNE BOVINA,File,100
Filé não especificado refogado(a),CARNE BOVINA,Bife,100
Filé não especificado refogado(a),CARNE BOVINA,Fatia,90
Filé não especificado refogado(a),CARNE BOVINA,Pedaço,35
Filé não especificado refogado(a),CARNE BOVINA,Porção,75
Filé não especificado refogado(a),CARNE BOVINA,Colher de Arroz,70
Filé não especificado refogado(a),CARNE BOVINA,Colher de Sopa,30
Filé não especificado refogado(a),CARNE BOVINA,Concha,140
Filé não especificado refogado(a),CARNE BOVINA,Escumadeira,70
Filezinho de frango congeladoChikenitos Tradicional Turma da Mônica - Perdigão®,,Porção,100
"Flocos de trigo integral, arroz, milho e frutas Nesfit & Frutas- Nestlé®",,Porção,30
"Flocos de trigo integral, arroz, milho e frutas Nesfit & Frutas- Nestlé®",,Colher de Sopa,7
"Flocos de trigo integral, arroz, milho e frutas Nesfit & Frutas- Nestlé®",,Xícara de Chá,30
Fraldinha (capa de filé) assado(a),CARNE BOVINA,File,100
Fraldinha (capa de filé) assado(a),CARNE BOVINA,Bife,100
Fraldinha (capa de filé) assado(a),CARNE BOVINA,Fatia,90
Fraldinha (capa de filé) assado(a),CARNE BOVINA,Pedaço,35
Fraldinha (capa de filé) assado(a),CARNE BOVINA,Porção,75
Fraldinha (capa de filé) assado(a),CARNE BOVINA,Colher de Arroz,70
Fraldinha (capa de filé) assado(a),CARNE BOVINA,Colher de Sopa,30
Fraldinha (capa de filé) assado(a),CARNE BOVINA,Concha,140
Fraldinha (capa de filé) assado(a),CARNE BOVINA,Escumadeira,70
Fraldinha (capa de filé) cozido(a),CARNE BOVINA,File,100
Fraldinha (capa de filé) cozido(a),CARNE BOVINA,Bife,100
Fraldinha (capa de filé) cozido(a),CARNE BOVINA,Fatia,90
Fraldinha (capa de filé) cozido(a),CARNE BOVINA,Pedaço,35
Fraldinha (capa de filé) cozido(a),CARNE BOVINA,Porção,75
Fraldinha (capa de filé) cozido(a),CARNE BOVINA,Colher de Arroz,70
Fraldinha (capa de filé) cozido(a),CARNE BOVINA,Colher de Sopa,30
Fraldinha (capa de filé) cozido(a),CARNE BOVINA,Concha,140
Fraldinha (capa de filé) cozido(a),CARNE BOVINA,Escumadeira,70
Fraldinha (capa de filé) frito(a),CARNE BOVINA,File,100
Fraldinha (capa de filé) frito(a),CARNE BOVINA,Bife,100
Fraldinha (capa de filé) frito(a),CARNE BOVINA,Fatia,90
Fraldinha (capa de filé) frito(a),CARNE BOVINA,Pedaço,35
Fraldinha (capa de filé) frito(a),CARNE BOVINA,Porção,75
Fraldinha (capa de filé) frito(a),CARNE BOVINA,Colher de Arroz,70
Fraldinha (capa de filé) frito(a),CARNE BOVINA,Colher de Sopa,30
Fraldinha (capa de filé) frito(a),CARNE BOVINA,Concha,140
Fraldinha (capa de filé) frito(a),CARNE BOVINA,Escumadeira,70
Fraldinha (capa de filé) grelhado(a)/brasa/churrasco,CARNE BOVINA,File,100
Fraldinha (capa de filé) grelhado(a)/brasa/churrasco,CARNE BOVINA,Bife,100
Fraldinha (capa de filé) grelhado(a)/brasa/churrasco,CARNE BOVINA,Fatia,90
Fraldinha (capa de filé) grelhado(a)/brasa/churrasco,CARNE BOVINA,Pedaço,35
Fraldinha (capa de filé) grelhado(a)/brasa/churrasco,CARNE BOVINA,Porção,75
Fraldinha (capa de filé) grelhado(a)/brasa/churrasco,CARNE BOVINA,Colher de Arroz,70
Fraldinha (capa de filé) grelhado(a)/brasa/churrasco,CARNE BOVINA,Colher de Sopa,30
Fraldinha (capa de filé) grelhado(a)/brasa/churrasco,CARNE BOVINA,Concha,140
Fraldinha (capa de filé) grelhado(a)/brasa/churrasco,CARNE BOVINA,Escumadeira,70
Fraldinha (crua) - carnebovina,,File,100
Fraldinha (crua) - carnebovina,,Bife,100
Fraldinha (crua) - carnebovina,,Fatia,90
Fraldinha (crua) - carnebovina,,Pedaço,35
Fraldinha (crua) - carnebovina,,Porção,75
Fraldinha (crua) - carnebovina,,Colher de Arroz,70
Fraldinha (crua) - carnebovina,,Colher de Sopa,30
Fraldinha (crua) - carnebovina,,Concha,140
Fraldinha (crua) - carnebovina,,Escumadeira,70
Fraldinha com gordura(cozida) - carne bovina,,File,100
Fraldinha com gordura(cozida) - carne bovina,,Bife,100
Fraldinha com gordura(cozida) - carne bovina,,Fatia,90
Fraldinha com gordura(cozida) - carne bovina,,Pedaço,35
Fraldinha com gordura(cozida) - carne bovina,,Porção,75
Fraldinha com gordura(cozida) - carne bovina,,Colher de Arroz,70
Fraldinha com gordura(cozida) - carne bovina,,Colher de Sopa,30
Fraldinha com gordura(cozida) - carne bovina,,Concha,140
Fraldinha com gordura(cozida) - carne bovina,,Escumadeira,70
Frango caipira inteiro compele (cozido),,File,100
Frango caipira inteiro compele (cozido),,Bife,100
Frango caipira inteiro compele (cozido),,Pedaço,55
Frango caipira inteiro compele (cozido),,Porção,100
Frango caipira inteiro compele (cozido),,Colher de Arroz,40
Frango caipira inteiro compele (cozido),,Colher de Sopa,20
Frango caipira inteiro compele (cozido),,Concha,80
Frango caipira inteiro compele (cozido),,Asa,40
Frango caipira inteiro compele (cozido),,Peito,180
Frango caipira inteiro compele (cozido),,Coxa,55
Frango caipira inteiro compele (cozido),,Sobrecoxa,65
Frango caipira inteiro compele (cozido),,Costela,60
Frango caipira inteiro compele (cozido),,Pescoço,10
Frango caipira inteiro sem pele(cozido),,File,100
Frango caipira inteiro sem pele(cozido),,Bife,100
Frango caipira inteiro sem pele(cozido),,Pedaço,55
Frango caipira inteiro sem pele(cozido),,Porção,100
Frango caipira inteiro sem pele(cozido),,Colher de Arroz,40
Frango caipira inteiro sem pele(cozido),,Colher de Sopa,20
Frango caipira inteiro sem pele(cozido),,Concha,80
Frango caipira inteiro sem pele(cozido),,Asa,40
Frango caipira inteiro sem pele(cozido),,Peito,180
Frango caipira inteiro sem pele(cozido),,Coxa,55
Frango caipira inteiro sem pele(cozido),,Sobrecoxa,65
Frango caipira inteiro sem pele(cozido),,Costela,60
Frango caipira inteiro sem pele(cozido),,Pescoço,10
Frango em pedaços,AVES,File,100
Frango em pedaços,AVES,Bife,100
Frango em pedaços,AVES,Pedaço,55
Frango em pedaços,AVES,Porção,100
Frango em pedaços,AVES,Colher de Arroz,40
Frango em pedaços,AVES,Colher de Sopa,20
Frango em pedaços,AVES,Concha,80
Frango em pedaços,AVES,Asa,40
Frango em pedaços,AVES,Peito,180
Frango em pedaços,AVES,Coxa,55
Frango em pedaços,AVES,Sobrecoxa,65
Frango em pedaços,AVES,Costela,60
Frango em pedaços,AVES,Pescoço,10
Frango em pedaços ao alho e oleo,AVES,File,100
Frango em pedaços ao alho e oleo,AVES,Bife,100
Frango em pedaços ao alho e oleo,AVES,Pedaço,55
Frango em pedaços ao alho e oleo,AVES,Porção,100
Frango em pedaços ao alho e oleo,AVES,Colher de Arroz,40
Frango em pedaços ao alho e oleo,AVES,Colher de Sopa,20
Frango em pedaços ao alho e oleo,AVES,Concha,80
Frango em pedaços ao alho e oleo,AVES,Asa,40
Frango em pedaços ao alho e oleo,AVES,Peito,180
Frango em pedaços ao alho e oleo,AVES,Coxa,55
Frango em pedaços ao alho e oleo,AVES,Sobrecoxa,65
Frango em pedaços ao alho e oleo,AVES,Costela,60
Frango em pedaços ao alho e oleo,AVES,Pescoço,10
Frango em pedaços assado(a),AVES,File,100
Frango em pedaços assado(a),AVES,Bife,100
Frango em pedaços assado(a),AVES,Pedaço,55
Frango em pedaços assado(a),AVES,Porção,100
Frango em pedaços assado(a),AVES,Colher de Arroz,40
Frango em pedaços assado(a),AVES,Colher de Sopa,20
Frango em pedaços assado(a),AVES,Concha,80
Frango em pedaços assado(a),AVES,Asa,40
Frango em pedaços assado(a),AVES,Peito,180
Frango em pedaços assado(a),AVES,Coxa,55
Frango em pedaços assado(a),AVES,Sobrecoxa,65
Frango em pedaços assado(a),AVES,Costela,60
Frango em pedaços assado(a),AVES,Pescoço,10
Frango em pedaços com manteiga/oleo,AVES,File,100
Frango em pedaços com manteiga/oleo,AVES,Bife,100
Frango em pedaços com manteiga/oleo,AVES,Pedaço,55
Frango em pedaços com manteiga/oleo,AVES,Porção,100
Frango em pedaços com manteiga/oleo,AVES,Colher de Arroz,40
Frango em pedaços com manteiga/oleo,AVES,Colher de Sopa,20
Frango em pedaços com manteiga/oleo,AVES,Concha,80
Frango em pedaços com manteiga/oleo,AVES,Asa,40
Frango em pedaços com manteiga/oleo,AVES,Peito,180
Frango em pedaços com manteiga/oleo,AVES,Coxa,55
Frango em pedaços com manteiga/oleo,AVES,Sobrecoxa,65
Frango em pedaços com manteiga/oleo,AVES,Costela,60
Frango em pedaços com manteiga/oleo,AVES,Pescoço,10
Frango em pedaços cozido(a),AVES,File,100
Frango em pedaços cozido(a),AVES,Bife,100
Frango em pedaços cozido(a),AVES,Pedaço,55
Frango em pedaços cozido(a),AVES,Porção,100
Frango em pedaços cozido(a),AVES,Colher de Arroz,40
Frango em pedaços cozido(a),AVES,Colher de Sopa,20
Frango em pedaços cozido(a),AVES,Concha,80
Frango em pedaços cozido(a),AVES,Asa,40
Frango em pedaços cozido(a),AVES,Peito,180
Frango em pedaços cozido(a),AVES,Coxa,55
Frango em pedaços cozido(a),AVES,Sobrecoxa,65
Frango em pedaços cozido(a),AVES,Costela,60
Frango em pedaços cozido(a),AVES,Pescoço,10
Frango em pedaços cru(a),AVES,File,100
Frango em pedaços cru(a),AVES,Bife,100
Frango em pedaços cru(a),AVES,Pedaço,55
Frango em pedaços cru(a),AVES,Porção,100
Frango em pedaços cru(a),AVES,Colher de Arroz,40
Frango em pedaços cru(a),AVES,Colher de Sopa,20
Frango em pedaços cru(a),AVES,Concha,80
Frango em pedaços cru(a),AVES,Asa,40
Frango em pedaços cru(a),AVES,Peito,180
Frango em pedaços cru(a),AVES,Coxa,55
Frango em pedaços cru(a),AVES,Sobrecoxa,65
Frango em pedaços cru(a),AVES,Costela,60
Frango em pedaços cru(a),AVES,Pescoço,10
Frango em pedaços empanado(a)/a milanesa,AVES,File,100
Frango em pedaços empanado(a)/a milanesa,AVES,Bife,100
Frango em pedaços empanado(a)/a milanesa,AVES,Pedaço,55
Frango em pedaços empanado(a)/a milanesa,AVES,Porção,100
Frango em pedaços empanado(a)/a milanesa,AVES,Colher de Arroz,40
Frango em pedaços empanado(a)/a milanesa,AVES,Colher de Sopa,20
Frango em pedaços empanado(a)/a milanesa,AVES,Concha,80
Frango em pedaços empanado(a)/a milanesa,AVES,Asa,40
Frango em pedaços empanado(a)/a milanesa,AVES,Peito,180
Frango em pedaços empanado(a)/a milanesa,AVES,Coxa,55
Frango em pedaços empanado(a)/a milanesa,AVES,Sobrecoxa,65
Frango em pedaços empanado(a)/a milanesa,AVES,Costela,60
Frango em pedaços empanado(a)/a milanesa,AVES,Pescoço,10
Frango em pedaços ensopado,AVES,File,100
Frango em pedaços ensopado,AVES,Bife,100
Frango em pedaços ensopado,AVES,Pedaço,55
Frango em pedaços ensopado,AVES,Porção,100
Frango em pedaços ensopado,AVES,Colher de Arroz,40
Frango em pedaços ensopado,AVES,Colher de Sopa,20
Frango em pedaços ensopado,AVES,Concha,80
Frango em pedaços ensopado,AVES,Asa,40
Frango em pedaços ensopado,AVES,Peito,180
Frango em pedaços ensopado,AVES,Coxa,55
Frango em pedaços ensopado,AVES,Sobrecoxa,65
Frango em pedaços ensopado,AVES,Costela,60
Frango em pedaços ensopado,AVES,Pescoço,10
Frango em pedaços frito(a),AVES,File,100
Frango em pedaços frito(a),AVES,Bife,100
Frango em pedaços frito(a),AVES,Pedaço,55
Frango em pedaços frito(a),AVES,Porção,100
Frango em pedaços frito(a),AVES,Colher de Arroz,40
Frango em pedaços frito(a),AVES,Colher de Sopa,20
Frango em pedaços frito(a),AVES,Concha,80
Frango em pedaços frito(a),AVES,Asa,40
Frango em pedaços frito(a),AVES,Peito,180
Frango em pedaços frito(a),AVES,Coxa,55
Frango em pedaços frito(a),AVES,Sobrecoxa,65
Frango em pedaços frito(a),AVES,Costela,60
Frango em pedaços frito(a),AVES,Pescoço,10
Frango em pedaços grelhado(a)/brasa/churrasco,AVES,File,100
Frango em pedaços grelhado(a)/brasa/churrasco,AVES,Bife,100
Frango em pedaços grelhado(a)/brasa/churrasco,AVES,Pedaço,55
Frango em pedaços grelhado(a)/brasa/churrasco,AVES,Porção,100
Frango em pedaços grelhado(a)/brasa/churrasco,AVES,Colher de Arroz,40
Frango em pedaços grelhado(a)/brasa/churrasco,AVES,Colher de Sopa,20
Frango em pedaços grelhado(a)/brasa/churrasco,AVES,Concha,80
Frango em pedaços grelhado(a)/brasa/churrasco,AVES,Asa,40
Frango em pedaços grelhado(a)/brasa/churrasco,AVES,Peito,180
Frango em pedaços grelhado(a)/brasa/churrasco,AVES,Coxa,55
Frango em pedaços grelhado(a)/brasa/churrasco,AVES,Sobrecoxa,65
Frango em pedaços grelhado(a)/brasa/churrasco,AVES,Costela,60
Frango em pedaços grelhado(a)/brasa/churrasco,AVES,Pescoço,10
Frango em pedaços molho branco,AVES,File,100
Frango em pedaços molho branco,AVES,Bife,100
Frango em pedaços molho branco,AVES,Pedaço,55
Frango em pedaços molho branco,AVES,Porção,100
Frango em pedaços molho branco,AVES,Colher de Arroz,40
Frango em pedaços molho branco,AVES,Colher de Sopa,20
Frango em pedaços molho branco,AVES,Concha,80
Frango em pedaços molho branco,AVES,Asa,40
Frango em pedaços molho branco,AVES,Peito,180
Frango em pedaços molho branco,AVES,Coxa,55
Frango em pedaços molho branco,AVES,Sobrecoxa,65
Frango em pedaços molho branco,AVES,Costela,60
Frango em pedaços molho branco,AVES,Pescoço,10
Frango em pedaços molho vermelho,AVES,File,100
Frango em pedaços molho vermelho,AVES,Bife,100
Frango em pedaços molho vermelho,AVES,Pedaço,55
Frango em pedaços molho vermelho,AVES,Porção,100
Frango em pedaços molho vermelho,AVES,Colher de Arroz,40
Frango em pedaços molho vermelho,AVES,Colher de Sopa,20
Frango em pedaços molho vermelho,AVES,Concha,80
Frango em pedaços molho vermelho,AVES,Asa,40
Frango em pedaços molho vermelho,AVES,Peito,180
Frango em pedaços molho vermelho,AVES,Coxa,55
Frango em pedaços molho vermelho,AVES,Sobrecoxa,65
Frango em pedaços molho vermelho,AVES,Costela,60
Frango em pedaços molho vermelho,AVES,Pescoço,10
Frango em pedaços refogado(a),AVES,File,100
Frango em pedaços refogado(a),AVES,Bife,100
Frango em pedaços refogado(a),AVES,Pedaço,55
Frango em pedaços refogado(a),AVES,Porção,100
Frango em pedaços refogado(a),AVES,Colher de Arroz,40
Frango em pedaços refogado(a),AVES,Colher de Sopa,20
Frango em pedaços refogado(a),AVES,Concha,80
Frango em pedaços refogado(a),AVES,Asa,40
Frango em pedaços refogado(a),AVES,Peito,180
Frango em pedaços refogado(a),AVES,Coxa,55
Frango em pedaços refogado(a),AVES,Sobrecoxa,65
Frango em pedaços refogado(a),AVES,Costela,60
Frango em pedaços refogado(a),AVES,Pescoço,10
Frango inteiro assado(a),AVES,File,100
Frango inteiro assado(a),AVES,Bife,100
Frango inteiro assado(a),AVES,Pedaço,55
Frango inteiro assado(a),AVES,Porção,100
Frango inteiro assado(a),AVES,Colher de Arroz,40
Frango inteiro assado(a),AVES,Colher de Sopa,20
Frango inteiro assado(a),AVES,Concha,80
Frango inteiro assado(a),AVES,Asa,40
Frango inteiro assado(a),AVES,Peito,180
Frango inteiro assado(a),AVES,Coxa,55
Frango inteiro assado(a),AVES,Sobrecoxa,65
Frango inteiro assado(a),AVES,Costela,60
Frango inteiro assado(a),AVES,Pescoço,10
Frango inteiro com pele (cru),,File,100
Frango inteiro com pele (cru),,Bife,100
Frango inteiro com pele (cru),,Pedaço,55
Frango inteiro com pele (cru),,Porção,100
Frango inteiro com pele (cru),,Colher de Arroz,40
Frango inteiro com pele (cru),,Colher de Sopa,20
Frango inteiro com pele (cru),,Concha,80
Frango inteiro com pele (cru),,Asa,40
Frango inteiro com pele (cru),,Peito,180
Frango inteiro com pele (cru),,Coxa,55
Frango inteiro com pele (cru),,Sobrecoxa,65
Frango inteiro com pele (cru),,Costela,60
Frango inteiro com pele (cru),,Pescoço,10
Frango inteiro cozido(a),AVES,File,100
Frango inteiro cozido(a),AVES,Bife,100
Frango inteiro cozido(a),AVES,Pedaço,55
Frango inteiro cozido(a),AVES,Porção,100
Frango inteiro cozido(a),AVES,Colher de Arroz,40
Frango inteiro cozido(a),AVES,Colher de Sopa,20
Frango inteiro cozido(a),AVES,Concha,80
Frango inteiro cozido(a),AVES,Asa,40
Frango inteiro cozido(a),AVES,Peito,180
Frango inteiro cozido(a),AVES,Coxa,55
Frango inteiro cozido(a),AVES,Sobrecoxa,65
Frango inteiro cozido(a),AVES,Costela,60
Frango inteiro cozido(a),AVES,Pescoço,10
Frango inteiro cru(a),AVES,File,100
Frango inteiro cru(a),AVES,Bife,100
Frango inteiro cru(a),AVES,Pedaço,55
Frango inteiro cru(a),AVES,Porção,100
Frango inteiro cru(a),AVES,Colher de Arroz,40
Frango inteiro cru(a),AVES,Colher de Sopa,20
Frango inteiro cru(a),AVES,Concha,80
Frango inteiro cru(a),AVES,Asa,40
Frango inteiro cru(a),AVES,Peito,180
Frango inteiro cru(a),AVES,Coxa,55
Frango inteiro cru(a),AVES,Sobrecoxa,65
Frango inteiro cru(a),AVES,Costela,60
Frango inteiro cru(a),AVES,Pescoço,10
Frango inteiro empanado(a)/a milanesa,AVES,File,100
Frango inteiro empanado(a)/a milanesa,AVES,Bife,100
Frango inteiro empanado(a)/a milanesa,AVES,Pedaço,55
Frango inteiro empanado(a)/a milanesa,AVES,Porção,100
Frango inteiro empanado(a)/a milanesa,AVES,Colher de Arroz,40
Frango inteiro empanado(a)/a milanesa,AVES,Colher de Sopa,20
Frango inteiro empanado(a)/a milanesa,AVES,Concha,80
Frango inteiro empanado(a)/a milanesa,AVES,Asa,40
Frango inteiro empanado(a)/a milanesa,AVES,Peito,180
Frango inteiro empanado(a)/a milanesa,AVES,Coxa,55
Frango inteiro empanado(a)/a milanesa,AVES,Sobrecoxa,65
Frango inteiro empanado(a)/a milanesa,AVES,Costela,60
Frango inteiro empanado(a)/a milanesa,AVES,Pescoço,10
Frango inteiro ensopado,AVES,File,100
Frango inteiro ensopado,AVES,Bife,100
Frango inteiro ensopado,AVES,Pedaço,55
Frango inteiro ensopado,AVES,Porção,100
Frango inteiro ensopado,AVES,Colher de Arroz,40
Frango inteiro ensopado,AVES,Colher de Sopa,20
Frango inteiro ensopado,AVES,Concha,80
Frango inteiro ensopado,AVES,Asa,40
Frango inteiro ensopado,AVES,Peito,180
Frango inteiro ensopado,AVES,Coxa,55
Frango inteiro ensopado,AVES,Sobrecoxa,65
Frango inteiro ensopado,AVES,Costela,60
Frango inteiro ensopado,AVES,Pescoço,10
Frango inteiro frito(a),AVES,File,100
Frango inteiro frito(a),AVES,Bife,100
Frango inteiro frito(a),AVES,Pedaço,55
Frango inteiro frito(a),AVES,Porção,100
Frango inteiro frito(a),AVES,Colher de Arroz,40
Frango inteiro frito(a),AVES,Colher de Sopa,20
Frango inteiro frito(a),AVES,Concha,80
Frango inteiro frito(a),AVES,Asa,40
Frango inteiro frito(a),AVES,Peito,180
Frango inteiro frito(a),AVES,Coxa,55
Frango inteiro frito(a),AVES,Sobrecoxa,65
Frango inteiro frito(a),AVES,Costela,60
Frango inteiro frito(a),AVES,Pescoço,10
Frango inteiro grelhado(a)/brasa/churrasco,AVES,File,100
Frango inteiro grelhado(a)/brasa/churrasco,AVES,Bife,100
Frango inteiro grelhado(a)/brasa/churrasco,AVES,Pedaço,55
Frango inteiro grelhado(a)/brasa/churrasco,AVES,Porção,100
Frango inteiro grelhado(a)/brasa/churrasco,AVES,Colher de Arroz,40
Frango inteiro grelhado(a)/brasa/churrasco,AVES,Colher de Sopa,20
Frango inteiro grelhado(a)/brasa/churrasco,AVES,Concha,80
Frango inteiro grelhado(a)/brasa/churrasco,AVES,Asa,40
Frango inteiro grelhado(a)/brasa/churrasco,AVES,Peito,180
Frango inteiro grelhado(a)/brasa/churrasco,AVES,Coxa,55
Frango inteiro grelhado(a)/brasa/churrasco,AVES,Sobrecoxa,65
Frango inteiro grelhado(a)/brasa/churrasco,AVES,Costela,60
Frango inteiro grelhado(a)/brasa/churrasco,AVES,Pescoço,10
Frango inteiro molho vermelho,AVES,File,100
Frango inteiro molho vermelho,AVES,Bife,100
Frango inteiro molho vermelho,AVES,Pedaço,55
Frango inteiro molho vermelho,AVES,Porção,100
Frango inteiro molho vermelho,AVES,Colher de Arroz,40
Frango inteiro molho vermelho,AVES,Colher de Sopa,20
Frango inteiro molho vermelho,AVES,Concha,80
Frango inteiro molho vermelho,AVES,Asa,40
Frango inteiro molho vermelho,AVES,Peito,180
Frango inteiro molho vermelho,AVES,Coxa,55
Frango inteiro molho vermelho,AVES,Sobrecoxa,65
Frango inteiro molho vermelho,AVES,Costela,60
Frango inteiro molho vermelho,AVES,Pescoço,10
Frango inteiro orgânico assado(a),AVES,File,100
Frango inteiro orgânico assado(a),AVES,Bife,100
Frango inteiro orgânico assado(a),AVES,Pedaço,55
Frango inteiro orgânico assado(a),AVES,Porção,100
Frango inteiro orgânico assado(a),AVES,Colher de Arroz,40
Frango inteiro orgânico assado(a),AVES,Colher de Sopa,20
Frango inteiro orgânico assado(a),AVES,Concha,80
Frango inteiro orgânico assado(a),AVES,Asa,40
Frango inteiro orgânico assado(a),AVES,Peito,180
Frango inteiro orgânico assado(a),AVES,Coxa,55
Frango inteiro orgânico assado(a),AVES,Sobrecoxa,65
Frango inteiro orgânico assado(a),AVES,Costela,60
Frango inteiro orgânico assado(a),AVES,Pescoço,10
Frango inteiro orgânico cozido(a),AVES,File,100
Frango inteiro orgânico cozido(a),AVES,Bife,100
Frango inteiro orgânico cozido(a),AVES,Pedaço,55
Frango inteiro orgânico cozido(a),AVES,Porção,100
Frango inteiro orgânico cozido(a),AVES,Colher de Arroz,40
Frango inteiro orgânico cozido(a),AVES,Colher de Sopa,20
Frango inteiro orgânico cozido(a),AVES,Concha,80
Frango inteiro orgânico cozido(a),AVES,Asa,40
Frango inteiro orgânico cozido(a),AVES,Peito,180
Frango inteiro orgânico cozido(a),AVES,Coxa,55
Frango inteiro orgânico cozido(a),AVES,Sobrecoxa,65
Frango inteiro orgânico cozido(a),AVES,Costela,60
Frango inteiro orgânico cozido(a),AVES,Pescoço,10
Frango inteiro refogado(a),AVES,File,100
Frango inteiro refogado(a),AVES,Bife,100
Frango inteiro refogado(a),AVES,Pedaço,55
Frango inteiro refogado(a),AVES,Porção,100
Frango inteiro refogado(a),AVES,Colher de Arroz,40
Frango inteiro refogado(a),AVES,Colher de Sopa,20
Frango inteiro refogado(a),AVES,Concha,80
Frango inteiro refogado(a),AVES,Asa,40
Frango inteiro refogado(a),AVES,Peito,180
Frango inteiro refogado(a),AVES,Coxa,55
Frango inteiro refogado(a),AVES,Sobrecoxa,65
Frango inteiro refogado(a),AVES,Costela,60
Frango inteiro refogado(a),AVES,Pescoço,10
Frango inteiro sem pele (cru),,File,100
Frango inteiro sem pele (cru),,Bife,100
Frango inteiro sem pele (cru),,Pedaço,55
Frango inteiro sem pele (cru),,Porção,100
Frango inteiro sem pele (cru),,Colher de Arroz,40
Frango inteiro sem pele (cru),,Colher de Sopa,20
Frango inteiro sem pele (cru),,Concha,80
Frango inteiro sem pele (cru),,Asa,40
Frango inteiro sem pele (cru),,Peito,180
Frango inteiro sem pele (cru),,Coxa,55
Frango inteiro sem pele (cru),,Sobrecoxa,65
Frango inteiro sem pele (cru),,Costela,60
Frango inteiro sem pele (cru),,Pescoço,10
Frango inteiro sem pele(assado),,File,100
Frango inteiro sem pele(assado),,Bife,100
Frango inteiro sem pele(assado),,Pedaço,55
Frango inteiro sem pele(assado),,Porção,100
Frango inteiro sem pele(assado),,Colher de Arroz,40
Frango inteiro sem pele(assado),,Colher de Sopa,20
Frango inteiro sem pele(assado),,Concha,80
Frango inteiro sem pele(assado),,Asa,40
Frango inteiro sem pele(assado),,Peito,180
Frango inteiro sem pele(assado),,Coxa,55
Frango inteiro sem pele(assado),,Sobrecoxa,65
Frango inteiro sem pele(assado),,Costela,60
Frango inteiro sem pele(assado),,Pescoço,10
Frango inteiro sem pele(cozido),,File,100
Frango inteiro sem pele(cozido),,Bife,100
Frango inteiro sem pele(cozido),,Pedaço,55
Frango inteiro sem pele(cozido),,Porção,100
Frango inteiro sem pele(cozido),,Colher de Arroz,40
Frango inteiro sem pele(cozido),,Colher de Sopa,20
Frango inteiro sem pele(cozido),,Concha,80
Frango inteiro sem pele(cozido),,Asa,40
Frango inteiro sem pele(cozido),,Peito,180
Frango inteiro sem pele(cozido),,Coxa,55
Frango inteiro sem pele(cozido),,Sobrecoxa,65
Frango inteiro sem pele(cozido),,Costela,60
Frango inteiro sem pele(cozido),,Pescoço,10
"Frango, asa, com pele, crua",,File,100
"Frango, asa, com pele, crua",,Bife,100
"Frango, asa, com pele, crua",,Pedaço,55
"Frango, asa, com pele, crua",,Porção,100
"Frango, asa, com pele, crua",,Colher de Arroz,40
"Frango, asa, com pele, crua",,Colher de Sopa,20
"Frango, asa, com pele, crua",,Concha,80
"Frango, asa, com pele, crua",,Asa,40
"Frango, asa, com pele, crua",,Peito,180
"Frango, asa, com pele, crua",,Coxa,55
"Frango, asa, com pele, crua",,Sobrecoxa,65
"Frango, asa, com pele, crua",,Costela,60
"Frango, asa, com pele, crua",,Pescoço,10
"Frango, caipira, inteiro, com pele, cozido",,File,100
"Frango, caipira, inteiro, com pele, cozido",,Bife,100
"Frango, caipira, inteiro, com pele, cozido",,Pedaço,55
"Frango, caipira, inteiro, com pele, cozido",,Porção,100
"Frango, caipira, inteiro, com pele, cozido",,Colher de Arroz,40
"Frango, caipira, inteiro, com pele, cozido",,Colher de Sopa,20
"Frango, caipira, inteiro, com pele, cozido",,Concha,80
"Frango, caipira, inteiro, com pele, cozido",,Asa,40
"Frango, caipira, inteiro, com pele, cozido",,Peito,180
"Frango, caipira, inteiro, com pele, cozido",,Coxa,55
"Frango, caipira, inteiro, com pele, cozido",,Sobrecoxa,65
"Frango, caipira, inteiro, com pele, cozido",,Costela,60
"Frango, caipira, inteiro, com pele, cozido",,Pescoço,10
"Frango, caipira, inteiro, sem pele, cozido",,File,100
"Frango, caipira, inteiro, sem pele, cozido",,Bife,100
"Frango, caipira, inteiro, sem pele, cozido",,Pedaço,55
"Frango, caipira, inteiro, sem pele, cozido",,Porção,100
"Frango, caipira, inteiro, sem pele, cozido",,Colher de Arroz,40
"Frango, caipira, inteiro, sem pele, cozido",,Colher de Sopa,20
"Frango, caipira, inteiro, sem pele, cozido",,Concha,80
"Frango, caipira, inteiro, sem pele, cozido",,Asa,40
"Frango, caipira, inteiro, sem pele, cozido",,Peito,180
"Frango, caipira, inteiro, sem pele, cozido",,Coxa,55
"Frango, caipira, inteiro, sem pele, cozido",,Sobrecoxa,65
"Frango, caipira, inteiro, sem pele, cozido",,Costela,60
"Frango, caipira, inteiro, sem pele, cozido",,Pescoço,10
"Frango, coxa, com pele, assada",,Coxa,55
"Frango, coxa, com pele, crua",,Coxa,55
"Frango, coxa, sem pele, cozida",,Coxa,55
"Frango, coxa, sem pele, crua",,Coxa,55
"Frango, fígado, cru",,File,100
"Frango, fígado, cru",,Bife,100
"Frango, fígado, cru",,Pedaço,55
"Frango, fígado, cru",,Porção,100
"Frango, fígado, cru",,Colher de Arroz,40
"Frango, fígado, cru",,Colher de Sopa,20
"Frango, fígado, cru",,Concha,80
"Frango, filé, à milanesa",,File,100
"Frango, filé, à milanesa",,Bife,100
"Frango, filé, à milanesa",,Pedaço,55
"Frango, filé, à milanesa",,Porção,100
"Frango, filé, à milanesa",,Colher de Arroz,40
"Frango, filé, à milanesa",,Colher de Sopa,20
"Frango, filé, à milanesa",,Concha,80
"Frango, inteiro, com pele, cru",,File,100
"Frango, inteiro, com pele, cru",,Bife,100
"Frango, inteiro, com pele, cru",,Pedaço,55
"Frango, inteiro, com pele, cru",,Porção,100
"Frango, inteiro, com pele, cru",,Colher de Arroz,40
"Frango, inteiro, com pele, cru",,Colher de Sopa,20
"Frango, inteiro, com pele, cru",,Concha,80
"Frango, inteiro, com pele, cru",,Asa,40
"Frango, inteiro, com pele, cru",,Peito,180
"Frango, inteiro, com pele, cru",,Coxa,55
"Frango, inteiro, com pele, cru",,Sobrecoxa,65
"Frango, inteiro, com pele, cru",,Costela,60
"Frango, inteiro, com pele, cru",,Pescoço,10
"Frango, inteiro, sem pele, assado",,File,100
"Frango, inteiro, sem pele, assado",,Bife,100
"Frango, inteiro, sem pele, assado",,Pedaço,55
"Frango, inteiro, sem pele, assado",,Porção,100
"Frango, inteiro, sem pele, assado",,Colher de Arroz,40
"Frango, inteiro, sem pele, assado",,Colher de Sopa,20
"Frango, inteiro, sem pele, assado",,Concha,80
"Frango, inteiro, sem pele, assado",,Asa,40
"Frango, inteiro, sem pele, assado",,Peito,180
"Frango, inteiro, sem pele, assado",,Coxa,55
"Frango, inteiro, sem pele, assado",,Sobrecoxa,65
"Frango, inteiro, sem pele, assado",,Costela,60
"Frango, inteiro, sem pele, assado",,Pescoço,10
"Frango, inteiro, sem pele, cozido",,File,100
"Frango, inteiro, sem pele, cozido",,Bife,100
"Frango, inteiro, sem pele, cozido",,Pedaço,55
"Frango, inteiro, sem pele, cozido",,Porção,100
"Frango, inteiro, sem pele, cozido",,Colher de Arroz,40
"Frango, inteiro, sem pele, cozido",,Colher de Sopa,20
"Frango, inteiro, sem pele, cozido",,Concha,80
"Frango, inteiro, sem pele, cozido",,Asa,40
"Frango, inteiro, sem pele, cozido",,Peito,180
"Frango, inteiro, sem pele, cozido",,Coxa,55
"Frango, inteiro, sem pele, cozido",,Sobrecoxa,65
"Frango, inteiro, sem pele, cozido",,Costela,60
"Frango, inteiro, sem pele, cozido",,Pescoço,10
"Frango, inteiro, sem pele, cru",,File,100
"Frango, inteiro, sem pele, cru",,Bife,100
"Frango, inteiro, sem pele, cru",,Pedaço,55
"Frango, inteiro, sem pele, cru",,Porção,100
"Frango, inteiro, sem pele, cru",,Colher de Arroz,40
"Frango, inteiro, sem pele, cru",,Colher de Sopa,20
"Frango, inteiro, sem pele, cru",,Concha,80
"Frango, inteiro, sem pele, cru",,Asa,40
"Frango, inteiro, sem pele, cru",,Peito,180
"Frango, inteiro, sem pele, cru",,Coxa,55
"Frango, inteiro, sem pele, cru",,Sobrecoxa,65
"Frango, inteiro, sem pele, cru",,Costela,60
"Frango, inteiro, sem pele, cru",,Pescoço,10
"Frango, peito, com pele, assado",,File,100
"Frango, peito, com pele, assado",,Bife,100
"Frango, peito, com pele, assado",,Pedaço,55
"Frango, peito, com pele, assado",,Porção,100
"Frango, peito, com pele, assado",,Colher de Arroz,40
"Frango, peito, com pele, assado",,Colher de Sopa,20
"Frango, peito, com pele, assado",,Concha,80
"Frango, peito, com pele, assado",,Peito,180
"Frango, peito, com pele, cru",,File,100
"Frango, peito, com pele, cru",,Bife,100
"Frango, peito, com pele, cru",,Pedaço,55
"Frango, peito, com pele, cru",,Porção,100
"Frango, peito, com pele, cru",,Colher de Arroz,40
"Frango, peito, com pele, cru",,Colher de Sopa,20
"Frango, peito, com pele, cru",,Concha,80
"Frango, peito, com pele, cru",,Peito,180
"Frango, peito, sem pele, cozido",,File,100
"Frango, peito, sem pele, cozido",,Bife,100
"Frango, peito, sem pele, cozido",,Pedaço,55
"Frango, peito, sem pele, cozido",,Porção,100
"Frango, peito, sem pele, cozido",,Colher de Arroz,40
"Frango, peito, sem pele, cozido",,Colher de Sopa,20
"Frango, peito, sem pele, cozido",,Concha,80
"Frango, peito, sem pele, cozido",,Peito,180
"Frango, peito, sem pele, cru",,File,100
"Frango, peito, sem pele, cru",,Bife,100
"Frango, peito, sem pele, cru",,Pedaço,55
"Frango, peito, sem pele, cru",,Porção,100
"Frango, peito, sem pele, cru",,Colher de Arroz,40
"Frango, peito, sem pele, cru",,Colher de Sopa,20
"Frango, peito, sem pele, cru",,Concha,80
"Frango, peito, sem pele, cru",,Peito,180
"Frango, peito, sem pele, grelhado",,File,100
"Frango, peito, sem pele, grelhado",,Bife,100
"Frango, peito, sem pele, grelhado",,Pedaço,55
"Frango, peito, sem pele, grelhado",,Porção,100
"Frango, peito, sem pele, grelhado",,Colher de Arroz,40
"Frango, peito, sem pele, grelhado",,Colher de Sopa,20
"Frango, peito, sem pele, grelhado",,Concha,80
"Frango, peito, sem pele, grelhado",,Peito,180
"Frango, sobrecoxa, com pele, assada",,Sobrecoxa,65
"Frango, sobrecoxa, com pele, crua",,Sobrecoxa,65
"Frango, sobrecoxa, sem pele, assada",,Sobrecoxa,65
"Frango, sobrecoxa, sem pele, crua",,Sobrecoxa,65
Fubá,,Colher de Arroz,60
Fubá,,Colher de Sopa,35
Fubá,,Concha,150
Fuba de milho,FARINHAS/FÉCULAS/MASSAS,Colher de Arroz,60
Fuba de milho,FARINHAS/FÉCULAS/MASSAS,Colher de Sopa,35
Fuba de milho,FARINHAS/FÉCULAS/MASSAS,Concha,150
Fubá de milho escaldado,,Colher de Arroz,60
Fubá de milho escaldado,,Colher de Sopa,35
Fubá de milho escaldado,,Concha,150
"Galinha de angola abatida, congelada ou viva assado(a)",AVES,File,100
"Galinha de angola abatida, congelada ou viva assado(a)",AVES,Bife,100
"Galinha de angola abatida, congelada ou viva assado(a)",AVES,Pedaço,55
"Galinha de angola abatida, congelada ou viva assado(a)",AVES,Porção,100
"Galinha de angola abatida, congelada ou viva assado(a)",AVES,Colher de Arroz,40
"Galinha de angola abatida, congelada ou viva assado(a)",AVES,Colher de Sopa,20
"Galinha de angola abatida, congelada ou viva assado(a)",AVES,Concha,80
"Galinha de angola abatida, congelada ou viva assado(a)",AVES,Asa,40
"Galinha de angola abatida, congelada ou viva assado(a)",AVES,Peito,180
"Galinha de angola abatida, congelada ou viva assado(a)",AVES,Coxa,55
"Galinha de angola abatida, congelada ou viva assado(a)",AVES,Sobrecoxa,65
"Galinha de angola abatida, congelada ou viva assado(a)",AVES,Costela,60
"Galinha de angola abatida, congelada ou viva assado(a)",AVES,Pescoço,10
"Galinha de angola abatida, congelada ou viva cozido(a)",AVES,File,100
"Galinha de angola abatida, congelada ou viva cozido(a)",AVES,Bife,100
"Galinha de angola abatida, congelada ou viva cozido(a)",AVES,Pedaço,55
"Galinha de angola abatida, congelada ou viva cozido(a)",AVES,Porção,100
"Galinha de angola abatida, congelada ou viva cozido(a)",AVES,Colher de Arroz,40
"Galinha de angola abatida, congelada ou viva cozido(a)",AVES,Colher de Sopa,20
"Galinha de angola abatida, congelada ou viva cozido(a)",AVES,Concha,80
"Galinha de angola abatida, congelada ou viva cozido(a)",AVES,Asa,40
"Galinha de angola abatida, congelada ou viva cozido(a)",AVES,Peito,180
"Galinha de angola abatida, congelada ou viva cozido(a)",AVES,Coxa,55
"Galinha de angola abatida, congelada ou viva cozido(a)",AVES,Sobrecoxa,65
"Galinha de angola abatida, congelada ou viva cozido(a)",AVES,Costela,60
"Galinha de angola abatida, congelada ou viva cozido(a)",AVES,Pescoço,10
Galinha em pedaços  assado(a),AVES,File,100
Galinha em pedaços  assado(a),AVES,Bife,100
Galinha em pedaços  assado(a),AVES,Pedaço,55
Galinha em pedaços  assado(a),AVES,Porção,100
Galinha em pedaços  assado(a),AVES,Colher de Arroz,40
Galinha em pedaços  assado(a),AVES,Colher de Sopa,20
Galinha em pedaços  assado(a),AVES,Concha,80
Galinha em pedaços  assado(a),AVES,Asa,40
Galinha em pedaços  assado(a),AVES,Peito,180
Galinha em pedaços  assado(a),AVES,Coxa,55
Galinha em pedaços  assado(a),AVES,Sobrecoxa,65
Galinha em pedaços  assado(a),AVES,Costela,60
Galinha em pedaços  assado(a),AVES,Pescoço,10
Galinha em pedaços  cozido(a),AVES,File,100
Galinha em pedaços  cozido(a),AVES,Bife,100
Galinha em pedaços  cozido(a),AVES,Pedaço,55
Galinha em pedaços  cozido(a),AVES,Porção,100
Galinha em pedaços  cozido(a),AVES,Colher de Arroz,40
Galinha em pedaços  cozido(a),AVES,Colher de Sopa,20
Galinha em pedaços  cozido(a),AVES,Concha,80
Galinha em pedaços  cozido(a),AVES,Asa,40
Galinha em pedaços  cozido(a),AVES,Peito,180
Galinha em pedaços  cozido(a),AVES,Coxa,55
Galinha em pedaços  cozido(a),AVES,Sobrecoxa,65
Galinha em pedaços  cozido(a),AVES,Costela,60
Galinha em pedaços  cozido(a),AVES,Pescoço,10
Galinha em pedaços  empanado(a)/a milanesa,AVES,File,100
Galinha em pedaços  empanado(a)/a milanesa,AVES,Bife,100
Galinha em pedaços  empanado(a)/a milanesa,AVES,Pedaço,55
Galinha em pedaços  empanado(a)/a milanesa,AVES,Porção,100
Galinha em pedaços  empanado(a)/a milanesa,AVES,Colher de Arroz,40
Galinha em pedaços  empanado(a)/a milanesa,AVES,Colher de Sopa,20
Galinha em pedaços  empanado(a)/a milanesa,AVES,Concha,80
Galinha em pedaços  empanado(a)/a milanesa,AVES,Asa,40
Galinha em pedaços  empanado(a)/a milanesa,AVES,Peito,180
Galinha em pedaços  empanado(a)/a milanesa,AVES,Coxa,55
Galinha em pedaços  empanado(a)/a milanesa,AVES,Sobrecoxa,65
Galinha em pedaços  empanado(a)/a milanesa,AVES,Costela,60
Galinha em pedaços  empanado(a)/a milanesa,AVES,Pescoço,10
Galinha em pedaços  ensopado,AVES,File,100
Galinha em pedaços  ensopado,AVES,Bife,100
Galinha em pedaços  ensopado,AVES,Pedaço,55
Galinha em pedaços  ensopado,AVES,Porção,100
Galinha em pedaços  ensopado,AVES,Colher de Arroz,40
Galinha em pedaços  ensopado,AVES,Colher de Sopa,20
Galinha em pedaços  ensopado,AVES,Concha,80
Galinha em pedaços  ensopado,AVES,Asa,40
Galinha em pedaços  ensopado,AVES,Peito,180
Galinha em pedaços  ensopado,AVES,Coxa,55
Galinha em pedaços  ensopado,AVES,Sobrecoxa,65
Galinha em pedaços  ensopado,AVES,Costela,60
Galinha em pedaços  ensopado,AVES,Pescoço,10
Galinha em pedaços  frito(a),AVES,File,100
Galinha em pedaços  frito(a),AVES,Bife,100
Galinha em pedaços  frito(a),AVES,Pedaço,55
Galinha em pedaços  frito(a),AVES,Porção,100
Galinha em pedaços  frito(a),AVES,Colher de Arroz,40
Galinha em pedaços  frito(a),AVES,Colher de Sopa,20
Galinha em pedaços  frito(a),AVES,Concha,80
Galinha em pedaços  frito(a),AVES,Asa,40
Galinha em pedaços  frito(a),AVES,Peito,180
Galinha em pedaços  frito(a),AVES,Coxa,55
Galinha em pedaços  frito(a),AVES,Sobrecoxa,65
Galinha em pedaços  frito(a),AVES,Costela,60
Galinha em pedaços  frito(a),AVES,Pescoço,10
Galinha em pedaços  grelhado(a)/brasa/churrasco,AVES,File,100
Galinha em pedaços  grelhado(a)/brasa/churrasco,AVES,Bife,100
Galinha em pedaços  grelhado(a)/brasa/churrasco,AVES,Pedaço,55
Galinha em pedaços  grelhado(a)/brasa/churrasco,AVES,Porção,100
Galinha em pedaços  grelhado(a)/brasa/churrasco,AVES,Colher de Arroz,40
Galinha em pedaços  grelhado(a)/brasa/churrasco,AVES,Colher de Sopa,20
Galinha em pedaços  grelhado(a)/brasa/churrasco,AVES,Concha,80
Galinha em pedaços  grelhado(a)/brasa/churrasco,AVES,Asa,40
Galinha em pedaços  grelhado(a)/brasa/churrasco,AVES,Peito,180
Galinha em pedaços  grelhado(a)/brasa/churrasco,AVES,Coxa,55
Galinha em pedaços  grelhado(a)/brasa/churrasco,AVES,Sobrecoxa,65
Galinha em pedaços  grelhado(a)/brasa/churrasco,AVES,Costela,60
Galinha em pedaços  grelhado(a)/brasa/churrasco,AVES,Pescoço,10
Galinha em pedaços  molho branco,AVES,File,100
Galinha em pedaços  molho branco,AVES,Bife,100
Galinha em pedaços  molho branco,AVES,Pedaço,55
Galinha em pedaços  molho branco,AVES,Porção,100
Galinha em pedaços  molho branco,AVES,Colher de Arroz,40
Galinha em pedaços  molho branco,AVES,Colher de Sopa,20
Galinha em pedaços  molho branco,AVES,Concha,80
Galinha em pedaços  molho branco,AVES,Asa,40
Galinha em pedaços  molho branco,AVES,Peito,180
Galinha em pedaços  molho branco,AVES,Coxa,55
Galinha em pedaços  molho branco,AVES,Sobrecoxa,65
Galinha em pedaços  molho branco,AVES,Costela,60
Galinha em pedaços  molho branco,AVES,Pescoço,10
Galinha em pedaços  molho vermelho,AVES,File,100
Galinha em pedaços  molho vermelho,AVES,Bife,100
Galinha em pedaços  molho vermelho,AVES,Pedaço,55
Galinha em pedaços  molho vermelho,AVES,Porção,100
Galinha em pedaços  molho vermelho,AVES,Colher de Arroz,40
Galinha em pedaços  molho vermelho,AVES,Colher de Sopa,20
Galinha em pedaços  molho vermelho,AVES,Concha,80
Galinha em pedaços  molho vermelho,AVES,Asa,40
Galinha em pedaços  molho vermelho,AVES,Peito,180
Galinha em pedaços  molho vermelho,AVES,Coxa,55
Galinha em pedaços  molho vermelho,AVES,Sobrecoxa,65
Galinha em pedaços  molho vermelho,AVES,Costela,60
Galinha em pedaços  molho vermelho,AVES,Pescoço,10
Galinha em pedaços  refogado(a),AVES,File,100
Galinha em pedaços  refogado(a),AVES,Bife,100
Galinha em pedaços  refogado(a),AVES,Pedaço,55
Galinha em pedaços  refogado(a),AVES,Porção,100
Galinha em pedaços  refogado(a),AVES,Colher de Arroz,40
Galinha em pedaços  refogado(a),AVES,Colher de Sopa,20
Galinha em pedaços  refogado(a),AVES,Concha,80
Galinha em pedaços  refogado(a),AVES,Asa,40
Galinha em pedaços  refogado(a),AVES,Peito,180
Galinha em pedaços  refogado(a),AVES,Coxa,55
Galinha em pedaços  refogado(a),AVES,Sobrecoxa,65
Galinha em pedaços  refogado(a),AVES,Costela,60
Galinha em pedaços  refogado(a),AVES,Pescoço,10
Galinhada,AVES,File,100
Galinhada,AVES,Bife,100
Galinhada,AVES,Pedaço,55
Galinhada,AVES,Porção,100
Galinhada,AVES,Colher de Arroz,40
Galinhada,AVES,Colher de Sopa,20
Galinhada,AVES,Concha,80
Galinhada,AVES,Asa,40
Galinhada,AVES,Peito,180
Galinhada,AVES,Coxa,55
Galinhada,AVES,Sobrecoxa,65
Galinhada,AVES,Costela,60
Galinhada,AVES,Pescoço,10
Gatorade de laranja -Pepsico®,,Unidade,500
Gatorade de limão - Pepsico®,,Unidade,500
Gelatina (qualquer sabor) -Royal®*,,Colher de Sopa,8
Gelatina de qualquer sabor,AÇUCARES/CONFEITARIA,Colher de Sopa,8
Gelatina de qualquer sabor light,AÇUCARES/CONFEITARIA,Colher de Sopa,8
Gelatina em pó sem sabor branca ou vermelha - Royale*,,Colher de Sopa,8
Gelatina limão - Royal®,,Colher de Sopa,8
Gelatina Zero (qualquer sabor) - Royale,,Colher de Sopa,8
"Gelatina, abacaxi, pó p/, diet, ""Ducoco""",,Colher de Sopa,8
"Gelatina, abacaxi, pó p/, diet, ""Oetker""",,Colher de Sopa,8
"Gelatina, abacaxi, pó p/, diet, preparada,""Oetker""",,Colher de Sopa,8
"Gelatina, cereja, pó p/, ""Ducoco"" (TBCA)",,Colher de Sopa,8
"Gelatina, cereja, pó p/, ""Ducoco"" (TBCA)",,Colher de Sopa,8
"Gelatina, cereja, pó p/, ""Oetker""",,Colher de Sopa,8
"Gelatina, cereja, pó p/, diet, ""Ducoco""",,Colher de Sopa,8
"Gelatina, cereja, pó p/, diet, ""Oetker""",,Colher de Sopa,8
"Gelatina, cereja, pó p/, diet, preparada, ""Oetker""",,Colher de Sopa,8
"Gelatina, framboesa, pó p/, ""Ducoco""",,Colher de Sopa,8
"Gelatina, framboesa, pó p/, ""Oetker""",,Colher de Sopa,8
"Gelatina, framboesa, pó p/, diet, ""Ducoco""",,Colher de Sopa,8
"Gelatina, framboesa, pó p/, diet, ""Oetker""",,Colher de Sopa,8
"Gelatina, framboesa, pó p/, diet, preparada, ""Oetker""",,Colher de Sopa,8
"Gelatina, limão, pó p/, ""Ducoco""",,Colher de Sopa,8
"Gelatina, limão, pó p/, ""Oetker""",,Colher de Sopa,8
"Gelatina, limão, pó p/, diet, ""Ducoco""",,Colher de Sopa,8
"Gelatina, limão, pó p/, diet, ""Oetker""",,Colher de Sopa,8
"Gelatina, limão, pó p/, diet, preparada, ""Oetker""",,Colher de Sopa,8
"Gelatina, maracujá, pó p/, ""Ducoco""",,Colher de Sopa,8
"Gelatina, morango, pó p/, ""Ducoco""",,Colher de Sopa,8
"Gelatina, morango, pó p/, ""Oetker""",,Colher de Sopa,8
"Gelatina, morango, pó p/, diet, ""Ducoco""",,Colher de Sopa,8
"Gelatina, morango, pó p/, diet, ""Oetker""",,Colher de Sopa,8
"Gelatina, morango, pó p/, diet, preparada, ""Oetker""",,Colher de Sopa,8
"Gelatina, pêssego, pó p/, ""Oetker""",,Colher de Sopa,8
"Gelatina, pó p/, ""Ducoco"" (média diferentes sabores)",,Colher de Sopa,8
"Gelatina, pó p/, ""Oetker"" (média diferentes sabores)",,Colher de Sopa,8
"Gelatina, pó p/, (média diferentes sabores)",,Colher de Sopa,8
"Gelatina, pó p/, diet (média diferentes sabores)",,Colher de Sopa,8
"Gelatina, pó p/, diet, preparada (média diferentes sabores)",,Colher de Sopa,8
"Gelatina, pó, preparada, ""Oetker""",,Colher de Sopa,8
"Gelatina, sabores variados, pó",,Colher de Sopa,8
"Gelatina, tuti-fruti, pó p/, ""Oetker""",,Colher de Sopa,8
"Gelatina, uva, pó p/, ""Ducoco""",,Colher de Sopa,8
"Gelatina, uva, pó p/, ""Oetker""",,Colher de Sopa,8
"Gelatina, uva, pó p/, diet, ""Ducoco""",,Colher de Sopa,8
"Geléia , laranja, ""Ritter""",,Colher de Sopa,20
Geleia de morango - Ritter®,,Colher de Sopa,20
Geleia de morango compedaços - Ritter°,,Colher de Sopa,20
"Geléia, abacaxi, ""Ritter""",,Colher de Sopa,20
"Geléia, framboesa, ""Ritter""",,Colher de Sopa,20
"Geléia, goiaba, Ritter",,Colher de Sopa,20
"Geléia, mocotó, natural",,Colher de Sopa,20
"Geléia, morango, ""Ritter""",,Colher de Sopa,20
"Geléia, uva, ""Ritter""",,Colher de Sopa,20
Gema de ovo de galinha,,Copo Médio,240
Gema de ovo de galinha,,Copo Grande,300
Gema de ovo de galinha,,Xícara de Chá,200
Gemada,OVOS,Copo Médio,240
Gemada,OVOS,Copo Grande,300
Gemada,OVOS,Xícara de Chá,200
Gemada sem leite,,Copo Médio,240
Gemada sem leite,,Copo Grande,300
Gemada sem leite,,Xícara de Chá,200
Gergelim semente seca,,Porção,30
Gergelim semente seca,,Colher de Sopa,15
"Gergelim, semente",,Porção,30
"Gergelim, semente",,Colher de Sopa,15
"Gergelim, semente, Sesamum indicum L.",,Porção,30
"Gergelim, semente, Sesamum indicum L.",,Colher de Sopa,15
Goiaba (IBGE),FRUTAS/SUCOS/VITAMINAS,Unidade,70
Goiaba (IBGE),FRUTAS/SUCOS/VITAMINAS,Unidade Pequena,50
Goiaba (Tucunduva),,Unidade,70
Goiaba (Tucunduva),,Unidade Pequena,50
Goiaba (casca),,Unidade,70
Goiaba (casca),,Unidade Pequena,50
"Goiaba, branca, com casca, crua",,Unidade,70
"Goiaba, branca, com casca, crua",,Unidade Pequena,50
"Goiaba, branca, inteira, in natura, Psidium guajava",,Unidade,70
"Goiaba, branca, inteira, in natura, Psidium guajava",,Unidade Pequena,50
"Goiaba, vermelha, com casca, crua",,Unidade,70
"Goiaba, vermelha, com casca, crua",,Unidade Pequena,50
"Goiaba, vermelha, suco natural (néctar), c/ açúcar refinado",,Copo Americano,150
"Goiaba, vermelha, suco natural (néctar), c/ açúcar refinado",,Copo Médio,240
"Goiaba, vermelha, suco natural (néctar), c/ açúcar refinado",,Copo Grande,300
"Goiaba, vermelha, suco natural (néctar), c/ açúcar refinado",,Garrafa 200ml,200
"Goiaba, vermelha, suco natural (néctar), c/ açúcar refinado",,Caneca,300
"Goiaba, vermelha, suco natural (néctar), s/ açúcar",,Copo Americano,150
"Goiaba, vermelha, suco natural (néctar), s/ açúcar",,Copo Médio,240
"Goiaba, vermelha, suco natural (néctar), s/ açúcar",,Copo Grande,300
"Goiaba, vermelha, suco natural (néctar), s/ açúcar",,Garrafa 200ml,200
"Goiaba, vermelha, suco natural (néctar), s/ açúcar",,Caneca,300
Goma de mandioca,FARINHAS/FÉCULAS/MASSAS,Unidade,50
Granola (IBGE),CEREAIS,Porção,40
Granola (IBGE),CEREAIS,Colher de Arroz,20
Granola (IBGE),CEREAIS,Colher de Sopa,10
Granola (IBGE),CEREAIS,Colher de Chá,2
Granola (IBGE),CEREAIS,Copo Americano,80
Granola (IBGE),CEREAIS,Copo Médio,160
Granola (IBGE),CEREAIS,Xícara de Chá,80
Granola (Tucunduva),,Porção,40
Granola (Tucunduva),,Colher de Arroz,20
Granola (Tucunduva),,Colher de Sopa,10
Granola (Tucunduva),,Colher de Chá,2
Granola (Tucunduva),,Copo Americano,80
Granola (Tucunduva),,Copo Médio,160
Granola (Tucunduva),,Xícara de Chá,80
Grão de bico,LEGUMINOSAS,Porção,36
Grão de bico,LEGUMINOSAS,Colher de Arroz,45
Grão de bico,LEGUMINOSAS,Colher de Sopa,22
Grão de bico,LEGUMINOSAS,Concha,120
Grão de bico,LEGUMINOSAS,Pegador,22
Grão de bico,LEGUMINOSAS,Prato Fundo,240
Grão de bico,LEGUMINOSAS,Xícara de Chá,120
"Grão de bico, cozido, s/ óleo e temperos, c/ sal, drenado, Cicer arietinum L.",,Porção,36
"Grão de bico, cozido, s/ óleo e temperos, c/ sal, drenado, Cicer arietinum L.",,Colher de Arroz,45
"Grão de bico, cozido, s/ óleo e temperos, c/ sal, drenado, Cicer arietinum L.",,Colher de Sopa,22
"Grão de bico, cozido, s/ óleo e temperos, c/ sal, drenado, Cicer arietinum L.",,Concha,120
"Grão de bico, cozido, s/ óleo e temperos, c/ sal, drenado, Cicer arietinum L.",,Pegador,22
"Grão de bico, cozido, s/ óleo e temperos, c/ sal, drenado, Cicer arietinum L.",,Prato Fundo,240
"Grão de bico, cozido, s/ óleo e temperos, c/ sal, drenado, Cicer arietinum L.",,Xícara de Chá,120
"Grão de bico, cozido, s/ sal, drenado, Cicer arietinum L.",,Porção,36
"Grão de bico, cozido, s/ sal, drenado, Cicer arietinum L.",,Colher de Arroz,45
"Grão de bico, cozido, s/ sal, drenado, Cicer arietinum L.",,Colher de Sopa,22
"Grão de bico, cozido, s/ sal, drenado, Cicer arietinum L.",,Concha,120
"Grão de bico, cozido, s/ sal, drenado, Cicer arietinum L.",,Pegador,22
"Grão de bico, cozido, s/ sal, drenado, Cicer arietinum L.",,Prato Fundo,240
"Grão de bico, cozido, s/ sal, drenado, Cicer arietinum L.",,Xícara de Chá,120
"Grão de bico, cru, Cicer arietinum L.",,Porção,36
"Grão de bico, cru, Cicer arietinum L.",,Colher de Arroz,45
"Grão de bico, cru, Cicer arietinum L.",,Colher de Sopa,22
"Grão de bico, cru, Cicer arietinum L.",,Concha,120
"Grão de bico, cru, Cicer arietinum L.",,Pegador,22
"Grão de bico, cru, Cicer arietinum L.",,Prato Fundo,240
"Grão de bico, cru, Cicer arietinum L.",,Xícara de Chá,120
Grão-de-bico (cozido),,Porção,36
Grão-de-bico (cozido),,Colher de Arroz,45
Grão-de-bico (cozido),,Colher de Sopa,22
Grão-de-bico (cozido),,Concha,120
Grão-de-bico (cozido),,Pegador,22
Grão-de-bico (cozido),,Prato Fundo,240
Grão-de-bico (cozido),,Xícara de Chá,120
Grão-de-bico (cru),,Porção,36
Grão-de-bico (cru),,Colher de Arroz,45
Grão-de-bico (cru),,Colher de Sopa,22
Grão-de-bico (cru),,Concha,120
Grão-de-bico (cru),,Pegador,22
Grão-de-bico (cru),,Prato Fundo,240
Grão-de-bico (cru),,Xícara de Chá,120
"Grão-de-bico, cru",,Porção,36
"Grão-de-bico, cru",,Colher de Arroz,45
"Grão-de-bico, cru",,Colher de Sopa,22
"Grão-de-bico, cru",,Concha,120
"Grão-de-bico, cru",,Pegador,22
"Grão-de-bico, cru",,Prato Fundo,240
"Grão-de-bico, cru",,Xícara de Chá,120
Graviola (IBGE),FRUTAS/SUCOS/VITAMINAS,Copo Americano,62
Graviola (IBGE),FRUTAS/SUCOS/VITAMINAS,Copo Médio,100
Graviola (IBGE),FRUTAS/SUCOS/VITAMINAS,Copo Grande,125
Graviola (IBGE),FRUTAS/SUCOS/VITAMINAS,Unidade,227
Graviola (Tucunduva),,Copo Americano,62
Graviola (Tucunduva),,Copo Médio,100
Graviola (Tucunduva),,Copo Grande,125
Graviola (Tucunduva),,Unidade,227
"Graviola, crua",,Copo Americano,62
"Graviola, crua",,Copo Médio,100
"Graviola, crua",,Copo Grande,125
"Graviola, crua",,Unidade,227
"Graviola, in natura, Annona muricata L.",,Copo Americano,62
"Graviola, in natura, Annona muricata L.",,Copo Médio,100
"Graviola, in natura, Annona muricata L.",,Copo Grande,125
"Graviola, in natura, Annona muricata L.",,Unidade,227
Hambúrguer bovino - Sadia®,,Porção,54
Hambúrguer bovino comtempero de churrasco - Sadia®,,Porção,54
Hambúrguer bovino depicanha - Perdigão®,,Porção,56
Hambúrguer bovino saborsuave - Perdigão@,,Porção,56
Hambúrguer bovino tennessee- Perdigão®,,Porção,56
Hambúrguer bovino Texasburguer - Seara®,,Unidade,80
Hambúrguer de frango -Perdigão®,,Porção,56
Hambúrguer de frango -Sadia®,,Porção,54
Hambúrguer de frango -Seara®,,Porção,53
Hambúrguer de peru - Sadia®,,Porção,54
Hambúrguer de peru -Perdigão(),,Porção,56
Hambúrguer de soja -Perdigão(),,Porção,56
Hambúrguer suíno saborcalabresa - Perdigão®,,Porção,56
"Hambúrguer, bovino, cru, Max burguer/""Sadia""",,Porção,54
"Hambúrguer, frango, cru, ""Sadia""",,Porção,54
"Hambúrguer, frango, cru, Seara",,Porção,53
Hot pocket Extreme Cheddar- Sadia®,,Porção,200
Hot pocket Extreme x-burguer- Sadia®,,Porção,200
Hot pocket x-burguer commolho churrasco - Sadia®,,Porção,145
Hot pocket x-burguer commolho picante - Sadia®,,Porção,145
Hot pocket x-calabresa -Sadia®,,Porção,145
Hot pocket x-frango - Sadia®,,Porção,145
Hot pocket x-picanha -Sadia®,,Porção,145
Inhame (cozido),,Fatia,60
Inhame (cozido),,Pedaço,60
Inhame (cozido),,Porção,126
Inhame (cozido),,Colher de Arroz,62
Inhame (cozido),,Colher de Sopa,35
Inhame (cozido),,Concha,110
Inhame (cozido),,Escumadeira,110
Inhame (cozido),,Prato Fundo,186
Inhame (cozido),,Prato Raso,62
Inhame (cozido),,Unidade,125
Inhame (cru),,Fatia,60
Inhame (cru),,Pedaço,60
Inhame (cru),,Porção,126
Inhame (cru),,Colher de Arroz,62
Inhame (cru),,Colher de Sopa,35
Inhame (cru),,Concha,110
Inhame (cru),,Escumadeira,110
Inhame (cru),,Prato Fundo,186
Inhame (cru),,Prato Raso,62
Inhame (cru),,Unidade,125
Inhame assado(a),TUBERCULOS,Fatia,60
Inhame assado(a),TUBERCULOS,Pedaço,60
Inhame assado(a),TUBERCULOS,Porção,126
Inhame assado(a),TUBERCULOS,Colher de Arroz,62
Inhame assado(a),TUBERCULOS,Colher de Sopa,35
Inhame assado(a),TUBERCULOS,Concha,110
Inhame assado(a),TUBERCULOS,Escumadeira,110
Inhame assado(a),TUBERCULOS,Prato Fundo,186
Inhame assado(a),TUBERCULOS,Prato Raso,62
Inhame assado(a),TUBERCULOS,Unidade,125
Inhame caraquento (cara) cozido(a),TUBERCULOS,Fatia,60
Inhame caraquento (cara) cozido(a),TUBERCULOS,Pedaço,60
Inhame caraquento (cara) cozido(a),TUBERCULOS,Porção,126
Inhame caraquento (cara) cozido(a),TUBERCULOS,Colher de Arroz,62
Inhame caraquento (cara) cozido(a),TUBERCULOS,Colher de Sopa,35
Inhame caraquento (cara) cozido(a),TUBERCULOS,Concha,110
Inhame caraquento (cara) cozido(a),TUBERCULOS,Escumadeira,110
Inhame caraquento (cara) cozido(a),TUBERCULOS,Prato Fundo,186
Inhame caraquento (cara) cozido(a),TUBERCULOS,Prato Raso,62
Inhame caraquento (cara) cozido(a),TUBERCULOS,Unidade,125
Inhame cozido(a),TUBERCULOS,Fatia,60
Inhame cozido(a),TUBERCULOS,Pedaço,60
Inhame cozido(a),TUBERCULOS,Porção,126
Inhame cozido(a),TUBERCULOS,Colher de Arroz,62
Inhame cozido(a),TUBERCULOS,Colher de Sopa,35
Inhame cozido(a),TUBERCULOS,Concha,110
Inhame cozido(a),TUBERCULOS,Escumadeira,110
Inhame cozido(a),TUBERCULOS,Prato Fundo,186
Inhame cozido(a),TUBERCULOS,Prato Raso,62
Inhame cozido(a),TUBERCULOS,Unidade,125
Inhame cru(a),TUBERCULOS,Fatia,60
Inhame cru(a),TUBERCULOS,Pedaço,60
Inhame cru(a),TUBERCULOS,Porção,126
Inhame cru(a),TUBERCULOS,Colher de Arroz,62
Inhame cru(a),TUBERCULOS,Colher de Sopa,35
Inhame cru(a),TUBERCULOS,Concha,110
Inhame cru(a),TUBERCULOS,Escumadeira,110
Inhame cru(a),TUBERCULOS,Prato Fundo,186
Inhame cru(a),TUBERCULOS,Prato Raso,62
Inhame cru(a),TUBERCULOS,Unidade,125
Inhame ensopado,TUBERCULOS,Fatia,60
Inhame ensopado,TUBERCULOS,Pedaço,60
Inhame ensopado,TUBERCULOS,Porção,126
Inhame ensopado,TUBERCULOS,Colher de Arroz,62
Inhame ensopado,TUBERCULOS,Colher de Sopa,35
Inhame ensopado,TUBERCULOS,Concha,110
Inhame ensopado,TUBERCULOS,Escumadeira,110
Inhame ensopado,TUBERCULOS,Prato Fundo,186
Inhame ensopado,TUBERCULOS,Prato Raso,62
Inhame ensopado,TUBERCULOS,Unidade,125
Inhame frito(a),TUBERCULOS,Fatia,60
Inhame frito(a),TUBERCULOS,Pedaço,60
Inhame frito(a),TUBERCULOS,Porção,126
Inhame frito(a),TUBERCULOS,Colher de Arroz,62
Inhame frito(a),TUBERCULOS,Colher de Sopa,35
Inhame frito(a),TUBERCULOS,Concha,110
Inhame frito(a),TUBERCULOS,Escumadeira,110
Inhame frito(a),TUBERCULOS,Prato Fundo,186
Inhame frito(a),TUBERCULOS,Prato Raso,62
Inhame frito(a),TUBERCULOS,Unidade,125
Inhame refogado(a),TUBERCULOS,Fatia,60
Inhame refogado(a),TUBERCULOS,Pedaço,60
Inhame refogado(a),TUBERCULOS,Porção,126
Inhame refogado(a),TUBERCULOS,Colher de Arroz,62
Inhame refogado(a),TUBERCULOS,Colher de Sopa,35
Inhame refogado(a),TUBERCULOS,Concha,110
Inhame refogado(a),TUBERCULOS,Escumadeira,110
Inhame refogado(a),TUBERCULOS,Prato Fundo,186
Inhame refogado(a),TUBERCULOS,Prato Raso,62
Inhame refogado(a),TUBERCULOS,Unidade,125
Inhame sopa,SOPAS/CALDOS/MINGAUS,Fatia,60
Inhame sopa,SOPAS/CALDOS/MINGAUS,Pedaço,60
Inhame sopa,SOPAS/CALDOS/MINGAUS,Porção,126
Inhame sopa,SOPAS/CALDOS/MINGAUS,Colher de Arroz,62
Inhame sopa,SOPAS/CALDOS/MINGAUS,Colher de Sopa,35
Inhame sopa,SOPAS/CALDOS/MINGAUS,Concha,110
Inhame sopa,SOPAS/CALDOS/MINGAUS,Escumadeira,110
Inhame sopa,SOPAS/CALDOS/MINGAUS,Prato Fundo,186
Inhame sopa,SOPAS/CALDOS/MINGAUS,Prato Raso,62
Inhame sopa,SOPAS/CALDOS/MINGAUS,Unidade,125
"Inhame, cru",,Fatia,60
"Inhame, cru",,Pedaço,60
"Inhame, cru",,Porção,126
"Inhame, cru",,Colher de Arroz,62
"Inhame, cru",,Colher de Sopa,35
"Inhame, cru",,Concha,110
"Inhame, cru",,Escumadeira,110
"Inhame, cru",,Prato Fundo,186
"Inhame, cru",,Prato Raso,62
"Inhame, cru",,Unidade,125
Iogurte (média de diferentes sabores),,Porção,165
Iogurte (média de diferentes sabores),,Colher de Sopa,15
Iogurte (média de diferentes sabores),,Copo Americano,150
Iogurte (média de diferentes sabores),,Copo Médio,240
Iogurte (média de diferentes sabores),,Copo Grande,300
Iogurte (média de diferentes sabores),,Garrafa 200ml,200
Iogurte (média de diferentes sabores),,Caneca,300
"Iogurte , natural (média de diferentes amostras)",,Porção,165
"Iogurte , natural (média de diferentes amostras)",,Colher de Sopa,15
"Iogurte , natural (média de diferentes amostras)",,Copo Americano,150
"Iogurte , natural (média de diferentes amostras)",,Copo Médio,240
"Iogurte , natural (média de diferentes amostras)",,Copo Grande,300
"Iogurte , natural (média de diferentes amostras)",,Garrafa 200ml,200
"Iogurte , natural (média de diferentes amostras)",,Caneca,300
Iogurte batido açúcar e mel -Parrnalat®,,Porção,165
Iogurte batido açúcar e mel -Parrnalat®,,Colher de Sopa,15
Iogurte batido açúcar e mel -Parrnalat®,,Copo Americano,150
Iogurte batido açúcar e mel -Parrnalat®,,Copo Médio,240
Iogurte batido açúcar e mel -Parrnalat®,,Copo Grande,300
Iogurte batido açúcar e mel -Parrnalat®,,Garrafa 200ml,200
Iogurte batido açúcar e mel -Parrnalat®,,Caneca,300
Iogurte com açúcar e cereais-Vigor®,,Porção,165
Iogurte com açúcar e cereais-Vigor®,,Colher de Sopa,15
Iogurte com açúcar e cereais-Vigor®,,Copo Americano,150
Iogurte com açúcar e cereais-Vigor®,,Copo Médio,240
Iogurte com açúcar e cereais-Vigor®,,Copo Grande,300
Iogurte com ameixa Corpus -Danone®,,Porção,165
Iogurte com ameixa Corpus -Danone®,,Colher de Sopa,15
Iogurte com ameixa Corpus -Danone®,,Copo Americano,150
Iogurte com ameixa Corpus -Danone®,,Copo Médio,240
Iogurte com ameixa Corpus -Danone®,,Copo Grande,300
Iogurte com ameixa Corpus -Danone®,,Garrafa 200ml,200
Iogurte com ameixa Corpus -Danone®,,Caneca,300
Iogurte com granola e mel -Paulista®,,Porção,165
Iogurte com granola e mel -Paulista®,,Colher de Sopa,15
Iogurte com granola e mel -Paulista®,,Copo Americano,150
Iogurte com granola e mel -Paulista®,,Copo Médio,240
Iogurte com granola e mel -Paulista®,,Copo Grande,300
Iogurte com granola e mel -Paulista®,,Garrafa 200ml,200
Iogurte com granola e mel -Paulista®,,Caneca,300
"Iogurte com laranja, cenoura emel - Danone®",,Porção,165
"Iogurte com laranja, cenoura emel - Danone®",,Colher de Sopa,15
"Iogurte com laranja, cenoura emel - Danone®",,Copo Americano,150
"Iogurte com laranja, cenoura emel - Danone®",,Copo Médio,240
"Iogurte com laranja, cenoura emel - Danone®",,Copo Grande,300
"Iogurte com laranja, cenoura emel - Danone®",,Garrafa 200ml,200
"Iogurte com laranja, cenoura emel - Danone®",,Caneca,300
Iogurte Danio tradicional -Danone®,,Porção,165
Iogurte Danio tradicional -Danone®,,Colher de Sopa,15
Iogurte Danio tradicional -Danone®,,Copo Americano,150
Iogurte Danio tradicional -Danone®,,Copo Médio,240
Iogurte Danio tradicional -Danone®,,Copo Grande,300
Iogurte Danio tradicional -Danone®,,Garrafa 200ml,200
Iogurte Danio tradicional -Danone®,,Caneca,300
Iogurte de araticum,,Porção,165
Iogurte de araticum,,Colher de Sopa,15
Iogurte de araticum,,Copo Americano,150
Iogurte de araticum,,Copo Médio,240
Iogurte de araticum,,Copo Grande,300
Iogurte de araticum,,Garrafa 200ml,200
Iogurte de araticum,,Caneca,300
"Iogurte de morango Corpus -DanoneC,",,Porção,165
"Iogurte de morango Corpus -DanoneC,",,Colher de Sopa,15
"Iogurte de morango Corpus -DanoneC,",,Copo Americano,150
"Iogurte de morango Corpus -DanoneC,",,Copo Médio,240
"Iogurte de morango Corpus -DanoneC,",,Copo Grande,300
"Iogurte de morango Corpus -DanoneC,",,Garrafa 200ml,200
"Iogurte de morango Corpus -DanoneC,",,Caneca,300
Iogurte de morango -Parmalat®,,Porção,165
Iogurte de morango -Parmalat®,,Colher de Sopa,15
Iogurte de morango -Parmalat®,,Copo Americano,150
Iogurte de morango -Parmalat®,,Copo Médio,240
Iogurte de morango -Parmalat®,,Copo Grande,300
Iogurte de morango -Parmalat®,,Garrafa 200ml,200
Iogurte de morango -Parmalat®,,Caneca,300
Iogurte de qualquer sabor,LATICINIOS,Porção,165
Iogurte de qualquer sabor,LATICINIOS,Colher de Sopa,15
Iogurte de qualquer sabor,LATICINIOS,Copo Americano,150
Iogurte de qualquer sabor,LATICINIOS,Copo Médio,240
Iogurte de qualquer sabor,LATICINIOS,Copo Grande,300
Iogurte de qualquer sabor,LATICINIOS,Garrafa 200ml,200
Iogurte de qualquer sabor,LATICINIOS,Caneca,300
Iogurte de qualquer sabor desnatado orgânico,LATICINIOS,Porção,165
Iogurte de qualquer sabor desnatado orgânico,LATICINIOS,Colher de Sopa,15
Iogurte de qualquer sabor desnatado orgânico,LATICINIOS,Copo Americano,150
Iogurte de qualquer sabor desnatado orgânico,LATICINIOS,Copo Médio,240
Iogurte de qualquer sabor desnatado orgânico,LATICINIOS,Copo Grande,300
Iogurte de qualquer sabor desnatado orgânico,LATICINIOS,Garrafa 200ml,200
Iogurte de qualquer sabor desnatado orgânico,LATICINIOS,Caneca,300
Iogurte de qualquer sabor diet,LATICINIOS,Porção,165
Iogurte de qualquer sabor diet,LATICINIOS,Colher de Sopa,15
Iogurte de qualquer sabor diet,LATICINIOS,Copo Americano,150
Iogurte de qualquer sabor diet,LATICINIOS,Copo Médio,240
Iogurte de qualquer sabor diet,LATICINIOS,Copo Grande,300
Iogurte de qualquer sabor diet,LATICINIOS,Garrafa 200ml,200
Iogurte de qualquer sabor diet,LATICINIOS,Caneca,300
Iogurte de qualquer sabor light,LATICINIOS,Porção,165
Iogurte de qualquer sabor light,LATICINIOS,Colher de Sopa,15
Iogurte de qualquer sabor light,LATICINIOS,Copo Americano,150
Iogurte de qualquer sabor light,LATICINIOS,Copo Médio,240
Iogurte de qualquer sabor light,LATICINIOS,Copo Grande,300
Iogurte de qualquer sabor light,LATICINIOS,Garrafa 200ml,200
Iogurte de qualquer sabor light,LATICINIOS,Caneca,300
Iogurte de qualquer sabor orgânico,LATICINIOS,Porção,165
Iogurte de qualquer sabor orgânico,LATICINIOS,Colher de Sopa,15
Iogurte de qualquer sabor orgânico,LATICINIOS,Copo Americano,150
Iogurte de qualquer sabor orgânico,LATICINIOS,Copo Médio,240
Iogurte de qualquer sabor orgânico,LATICINIOS,Copo Grande,300
Iogurte de qualquer sabor orgânico,LATICINIOS,Garrafa 200ml,200
Iogurte de qualquer sabor orgânico,LATICINIOS,Caneca,300
Iogurte desnatado,LATICINIOS,Porção,165
Iogurte desnatado,LATICINIOS,Colher de Sopa,15
Iogurte desnatado,LATICINIOS,Copo Americano,150
Iogurte desnatado,LATICINIOS,Copo Médio,240
Iogurte desnatado,LATICINIOS,Copo Grande,300
Iogurte desnatado,LATICINIOS,Garrafa 200ml,200
Iogurte desnatado,LATICINIOS,Caneca,300
Iogurte desnatado de frutas,,Porção,165
Iogurte desnatado de frutas,,Colher de Sopa,15
Iogurte desnatado de frutas,,Copo Americano,150
Iogurte desnatado de frutas,,Copo Médio,240
Iogurte desnatado de frutas,,Copo Grande,300
Iogurte desnatado de frutas,,Garrafa 200ml,200
Iogurte desnatado de frutas,,Caneca,300
Iogurte desnatado natural,,Porção,165
Iogurte desnatado natural,,Colher de Sopa,15
Iogurte desnatado natural,,Copo Americano,150
Iogurte desnatado natural,,Copo Médio,240
Iogurte desnatado natural,,Copo Grande,300
Iogurte desnatado natural,,Garrafa 200ml,200
Iogurte desnatado natural,,Caneca,300
Iogurte grego baunilha -Vigor®,,Porção,100
Iogurte grego baunilha -Vigor®,,Colher de Sopa,15
Iogurte grego baunilha -Vigor®,,Copo Americano,150
Iogurte grego baunilha -Vigor®,,Copo Médio,240
Iogurte grego baunilha -Vigor®,,Copo Grande,300
Iogurte grego baunilha -Vigor®,,Pote,100
Iogurte grego com frutasvermelhas - Nestlé®,,Porção,165
Iogurte grego com frutasvermelhas - Nestlé®,,Colher de Sopa,15
Iogurte grego com frutasvermelhas - Nestlé®,,Copo Americano,150
Iogurte grego com frutasvermelhas - Nestlé®,,Copo Médio,240
Iogurte grego com frutasvermelhas - Nestlé®,,Copo Grande,300
Iogurte grego com frutasvermelhas - Nestlé®,,Pote,90
Iogurte grego com frutasvermelhas - Nestlé®,,Garrafa 200ml,200
Iogurte grego com frutasvermelhas - Nestlé®,,Caneca,300
Iogurte grego com pedaços deabacaxi - Nestlé®,,Porção,165
Iogurte grego com pedaços deabacaxi - Nestlé®,,Colher de Sopa,15
Iogurte grego com pedaços deabacaxi - Nestlé®,,Copo Americano,150
Iogurte grego com pedaços deabacaxi - Nestlé®,,Copo Médio,240
Iogurte grego com pedaços deabacaxi - Nestlé®,,Copo Grande,300
Iogurte grego com pedaços deabacaxi - Nestlé®,,Pote,90
Iogurte grego com pedaços deabacaxi - Nestlé®,,Garrafa 200ml,200
Iogurte grego com pedaços deabacaxi - Nestlé®,,Caneca,300
Iogurte grego tradicional -Nestlé®,,Porção,165
Iogurte grego tradicional -Nestlé®,,Colher de Sopa,15
Iogurte grego tradicional -Nestlé®,,Copo Americano,150
Iogurte grego tradicional -Nestlé®,,Copo Médio,240
Iogurte grego tradicional -Nestlé®,,Copo Grande,300
Iogurte grego tradicional -Nestlé®,,Pote,90
Iogurte grego tradicional -Nestlé®,,Garrafa 200ml,200
Iogurte grego tradicional -Nestlé®,,Caneca,300
Iogurte grego tradicional -Vigor®,,Porção,100
Iogurte grego tradicional -Vigor®,,Colher de Sopa,15
Iogurte grego tradicional -Vigor®,,Copo Americano,150
Iogurte grego tradicional -Vigor®,,Copo Médio,240
Iogurte grego tradicional -Vigor®,,Copo Grande,300
Iogurte grego tradicional -Vigor®,,Pote,100
"Iogurte integral com cenoura, suco de laranja e mel -Nestlé®",,Porção,165
"Iogurte integral com cenoura, suco de laranja e mel -Nestlé®",,Colher de Sopa,15
"Iogurte integral com cenoura, suco de laranja e mel -Nestlé®",,Copo Americano,150
"Iogurte integral com cenoura, suco de laranja e mel -Nestlé®",,Copo Médio,240
"Iogurte integral com cenoura, suco de laranja e mel -Nestlé®",,Copo Grande,300
"Iogurte integral com cenoura, suco de laranja e mel -Nestlé®",,Pote,170
"Iogurte integral com cenoura, suco de laranja e mel -Nestlé®",,Garrafa 200ml,200
"Iogurte integral com cenoura, suco de laranja e mel -Nestlé®",,Caneca,300
Iogurte integral com mel -Batavo®,,Porção,170
Iogurte integral com mel -Batavo®,,Colher de Sopa,15
Iogurte integral com mel -Batavo®,,Copo Americano,150
Iogurte integral com mel -Batavo®,,Copo Médio,240
Iogurte integral com mel -Batavo®,,Copo Grande,300
Iogurte integral com mel -Batavo®,,Pote,170
Iogurte integral com mel -Nestlé®,,Porção,165
Iogurte integral com mel -Nestlé®,,Colher de Sopa,15
Iogurte integral com mel -Nestlé®,,Copo Americano,150
Iogurte integral com mel -Nestlé®,,Copo Médio,240
Iogurte integral com mel -Nestlé®,,Copo Grande,300
Iogurte integral com mel -Nestlé®,,Pote,170
Iogurte integral com mel -Nestlé®,,Garrafa 200ml,200
Iogurte integral com mel -Nestlé®,,Caneca,300
Iogurte integral natural,,Porção,165
Iogurte integral natural,,Colher de Sopa,15
Iogurte integral natural,,Copo Americano,150
Iogurte integral natural,,Copo Médio,240
Iogurte integral natural,,Copo Grande,300
Iogurte integral natural,,Garrafa 200ml,200
Iogurte integral natural,,Caneca,300
Iogurte integral natural -Batavo®,,Porção,170
Iogurte integral natural -Batavo®,,Colher de Sopa,15
Iogurte integral natural -Batavo®,,Copo Americano,150
Iogurte integral natural -Batavo®,,Copo Médio,240
Iogurte integral natural -Batavo®,,Copo Grande,300
Iogurte integral natural -Batavo®,,Pote,170
Iogurte integral natural -Nestlé®,,Porção,165
Iogurte integral natural -Nestlé®,,Colher de Sopa,15
Iogurte integral natural -Nestlé®,,Copo Americano,150
Iogurte integral natural -Nestlé®,,Copo Médio,240
Iogurte integral natural -Nestlé®,,Copo Grande,300
Iogurte integral natural -Nestlé®,,Pote,170
Iogurte integral natural -Nestlé®,,Garrafa 200ml,200
Iogurte integral natural -Nestlé®,,Caneca,300
Iogurte limonada suíçaDan'up - Danone®,,Porção,165
Iogurte limonada suíçaDan'up - Danone®,,Colher de Sopa,15
Iogurte limonada suíçaDan'up - Danone®,,Copo Americano,150
Iogurte limonada suíçaDan'up - Danone®,,Copo Médio,240
Iogurte limonada suíçaDan'up - Danone®,,Copo Grande,300
Iogurte limonada suíçaDan'up - Danone®,,Garrafa 200ml,200
Iogurte limonada suíçaDan'up - Danone®,,Caneca,300
Iogurte líquido maçã e bananaNinho - Nestlé®,,Porção,165
Iogurte líquido maçã e bananaNinho - Nestlé®,,Colher de Sopa,15
Iogurte líquido maçã e bananaNinho - Nestlé®,,Copo Americano,150
Iogurte líquido maçã e bananaNinho - Nestlé®,,Copo Médio,240
Iogurte líquido maçã e bananaNinho - Nestlé®,,Copo Grande,300
Iogurte líquido maçã e bananaNinho - Nestlé®,,Pote,90
Iogurte líquido maçã e bananaNinho - Nestlé®,,Garrafa 200ml,200
Iogurte líquido maçã e bananaNinho - Nestlé®,,Caneca,300
Iogurte líquido morangoNinho - Nestlé®,,Porção,165
Iogurte líquido morangoNinho - Nestlé®,,Colher de Sopa,15
Iogurte líquido morangoNinho - Nestlé®,,Copo Americano,150
Iogurte líquido morangoNinho - Nestlé®,,Copo Médio,240
Iogurte líquido morangoNinho - Nestlé®,,Copo Grande,300
Iogurte líquido morangoNinho - Nestlé®,,Pote,90
Iogurte líquido morangoNinho - Nestlé®,,Garrafa 200ml,200
Iogurte líquido morangoNinho - Nestlé®,,Caneca,300
Iogurte natural,LATICINIOS,Porção,165
Iogurte natural,LATICINIOS,Colher de Sopa,15
Iogurte natural,LATICINIOS,Copo Americano,150
Iogurte natural,LATICINIOS,Copo Médio,240
Iogurte natural,LATICINIOS,Copo Grande,300
Iogurte natural,LATICINIOS,Garrafa 200ml,200
Iogurte natural,LATICINIOS,Caneca,300
Iogurte natural - Parmalat®,,Porção,165
Iogurte natural - Parmalat®,,Colher de Sopa,15
Iogurte natural - Parmalat®,,Copo Americano,150
Iogurte natural - Parmalat®,,Copo Médio,240
Iogurte natural - Parmalat®,,Copo Grande,300
Iogurte natural - Parmalat®,,Garrafa 200ml,200
Iogurte natural - Parmalat®,,Caneca,300
Iogurte natural de qualquer sabor orgânico,LATICINIOS,Porção,165
Iogurte natural de qualquer sabor orgânico,LATICINIOS,Colher de Sopa,15
Iogurte natural de qualquer sabor orgânico,LATICINIOS,Copo Americano,150
Iogurte natural de qualquer sabor orgânico,LATICINIOS,Copo Médio,240
Iogurte natural de qualquer sabor orgânico,LATICINIOS,Copo Grande,300
Iogurte natural de qualquer sabor orgânico,LATICINIOS,Garrafa 200ml,200
Iogurte natural de qualquer sabor orgânico,LATICINIOS,Caneca,300
Iogurte natural desnatado -Batavo®,,Porção,170
Iogurte natural desnatado -Batavo®,,Colher de Sopa,15
Iogurte natural desnatado -Batavo®,,Copo Americano,150
Iogurte natural desnatado -Batavo®,,Copo Médio,240
Iogurte natural desnatado -Batavo®,,Copo Grande,300
Iogurte natural desnatado -Batavo®,,Pote,170
Iogurte natural desnatado -Danone®,,Porção,165
Iogurte natural desnatado -Danone®,,Colher de Sopa,15
Iogurte natural desnatado -Danone®,,Copo Americano,150
Iogurte natural desnatado -Danone®,,Copo Médio,240
Iogurte natural desnatado -Danone®,,Copo Grande,300
Iogurte natural desnatado -Danone®,,Garrafa 200ml,200
Iogurte natural desnatado -Danone®,,Caneca,300
Iogurte natural desnatado -Nestlé®,,Porção,165
Iogurte natural desnatado -Nestlé®,,Colher de Sopa,15
Iogurte natural desnatado -Nestlé®,,Copo Americano,150
Iogurte natural desnatado -Nestlé®,,Copo Médio,240
Iogurte natural desnatado -Nestlé®,,Copo Grande,300
Iogurte natural desnatado -Nestlé®,,Garrafa 200ml,200
Iogurte natural desnatado -Nestlé®,,Caneca,300
Iogurte natural desnatadoenriquecido com vitamina E -Parmalat®,,Porção,165
Iogurte natural desnatadoenriquecido com vitamina E -Parmalat®,,Colher de Sopa,15
Iogurte natural desnatadoenriquecido com vitamina E -Parmalat®,,Copo Americano,150
Iogurte natural desnatadoenriquecido com vitamina E -Parmalat®,,Copo Médio,240
Iogurte natural desnatadoenriquecido com vitamina E -Parmalat®,,Copo Grande,300
Iogurte natural desnatadoenriquecido com vitamina E -Parmalat®,,Garrafa 200ml,200
Iogurte natural desnatadoenriquecido com vitamina E -Parmalat®,,Caneca,300
Iogurte natural parcialmentedesnatado - Paulista®,,Porção,165
Iogurte natural parcialmentedesnatado - Paulista®,,Colher de Sopa,15
Iogurte natural parcialmentedesnatado - Paulista®,,Copo Americano,150
Iogurte natural parcialmentedesnatado - Paulista®,,Copo Médio,240
Iogurte natural parcialmentedesnatado - Paulista®,,Copo Grande,300
Iogurte natural parcialmentedesnatado - Paulista®,,Garrafa 200ml,200
Iogurte natural parcialmentedesnatado - Paulista®,,Caneca,300
Iogurte natural tradicional -Paulista®,,Porção,165
Iogurte natural tradicional -Paulista®,,Colher de Sopa,15
Iogurte natural tradicional -Paulista®,,Copo Americano,150
Iogurte natural tradicional -Paulista®,,Copo Médio,240
Iogurte natural tradicional -Paulista®,,Copo Grande,300
Iogurte natural tradicional -Paulista®,,Garrafa 200ml,200
Iogurte natural tradicional -Paulista®,,Caneca,300
Iogurte polpa de fruta coco -Danone®,,Porção,165
Iogurte polpa de fruta coco -Danone®,,Colher de Sopa,15
Iogurte polpa de fruta coco -Danone®,,Copo Americano,150
Iogurte polpa de fruta coco -Danone®,,Copo Médio,240
Iogurte polpa de fruta coco -Danone®,,Copo Grande,300
Iogurte polpa de fruta coco -Danone®,,Garrafa 200ml,200
Iogurte polpa de fruta coco -Danone®,,Caneca,300
Iogurte polpa de fruta coco -Nestlé®,,Porção,165
Iogurte polpa de fruta coco -Nestlé®,,Colher de Sopa,15
Iogurte polpa de fruta coco -Nestlé®,,Copo Americano,150
Iogurte polpa de fruta coco -Nestlé®,,Copo Médio,240
Iogurte polpa de fruta coco -Nestlé®,,Copo Grande,300
Iogurte polpa de fruta coco -Nestlé®,,Garrafa 200ml,200
Iogurte polpa de fruta coco -Nestlé®,,Caneca,300
Iogurte polpa de fruta frutasvermelhas Dan'up - Danone®,,Porção,165
Iogurte polpa de fruta frutasvermelhas Dan'up - Danone®,,Colher de Sopa,15
Iogurte polpa de fruta frutasvermelhas Dan'up - Danone®,,Copo Americano,150
Iogurte polpa de fruta frutasvermelhas Dan'up - Danone®,,Copo Médio,240
Iogurte polpa de fruta frutasvermelhas Dan'up - Danone®,,Copo Grande,300
Iogurte polpa de fruta frutasvermelhas Dan'up - Danone®,,Garrafa 200ml,200
Iogurte polpa de fruta frutasvermelhas Dan'up - Danone®,,Caneca,300
Iogurte polpa de frutamorango - Batavo®,,Porção,180
Iogurte polpa de frutamorango - Batavo®,,Colher de Sopa,15
Iogurte polpa de frutamorango - Batavo®,,Copo Americano,150
Iogurte polpa de frutamorango - Batavo®,,Copo Médio,240
Iogurte polpa de frutamorango - Batavo®,,Copo Grande,300
Iogurte polpa de frutamorango - Batavo®,,Pote,180
Iogurte polpa de frutamorango - Danone®,,Porção,165
Iogurte polpa de frutamorango - Danone®,,Colher de Sopa,15
Iogurte polpa de frutamorango - Danone®,,Copo Americano,150
Iogurte polpa de frutamorango - Danone®,,Copo Médio,240
Iogurte polpa de frutamorango - Danone®,,Copo Grande,300
Iogurte polpa de frutamorango - Danone®,,Garrafa 200ml,200
Iogurte polpa de frutamorango - Danone®,,Caneca,300
Iogurte polpa de frutamorango - Nestlé®,,Porção,165
Iogurte polpa de frutamorango - Nestlé®,,Colher de Sopa,15
Iogurte polpa de frutamorango - Nestlé®,,Copo Americano,150
Iogurte polpa de frutamorango - Nestlé®,,Copo Médio,240
Iogurte polpa de frutamorango - Nestlé®,,Copo Grande,300
Iogurte polpa de frutamorango - Nestlé®,,Garrafa 200ml,200
Iogurte polpa de frutamorango - Nestlé®,,Caneca,300
Iogurte polpa de frutamorango - Paulista®,,Porção,165
Iogurte polpa de frutamorango - Paulista®,,Colher de Sopa,15
Iogurte polpa de frutamorango - Paulista®,,Copo Americano,150
Iogurte polpa de frutamorango - Paulista®,,Copo Médio,240
Iogurte polpa de frutamorango - Paulista®,,Copo Grande,300
Iogurte polpa de frutamorango - Paulista®,,Garrafa 200ml,200
Iogurte polpa de frutamorango - Paulista®,,Caneca,300
Iogurte polpa de frutamorango e coco - Batavo»,,Porção,180
Iogurte polpa de frutamorango e coco - Batavo»,,Colher de Sopa,15
Iogurte polpa de frutamorango e coco - Batavo»,,Copo Americano,150
Iogurte polpa de frutamorango e coco - Batavo»,,Copo Médio,240
Iogurte polpa de frutamorango e coco - Batavo»,,Copo Grande,300
Iogurte polpa de frutamorango e coco - Batavo»,,Pote,180
Iogurte polpa de frutas sortidas- Paulista»,,Porção,165
Iogurte polpa de frutas sortidas- Paulista»,,Colher de Sopa,15
Iogurte polpa de frutas sortidas- Paulista»,,Copo Americano,150
Iogurte polpa de frutas sortidas- Paulista»,,Copo Médio,240
Iogurte polpa de frutas sortidas- Paulista»,,Copo Grande,300
Iogurte polpa de frutas sortidas- Paulista»,,Garrafa 200ml,200
Iogurte polpa de frutas sortidas- Paulista»,,Caneca,300
Iogurte vitamina de bananaDan'up - Danone®,,Porção,165
Iogurte vitamina de bananaDan'up - Danone®,,Colher de Sopa,15
Iogurte vitamina de bananaDan'up - Danone®,,Copo Americano,150
Iogurte vitamina de bananaDan'up - Danone®,,Copo Médio,240
Iogurte vitamina de bananaDan'up - Danone®,,Copo Grande,300
Iogurte vitamina de bananaDan'up - Danone®,,Garrafa 200ml,200
Iogurte vitamina de bananaDan'up - Danone®,,Caneca,300
"Iogurte, ameixa",,Porção,165
"Iogurte, ameixa",,Colher de Sopa,15
"Iogurte, ameixa",,Copo Americano,150
"Iogurte, ameixa",,Copo Médio,240
"Iogurte, ameixa",,Copo Grande,300
"Iogurte, ameixa",,Garrafa 200ml,200
"Iogurte, ameixa",,Caneca,300
"Iogurte, coco",,Porção,165
"Iogurte, coco",,Colher de Sopa,15
"Iogurte, coco",,Copo Americano,150
"Iogurte, coco",,Copo Médio,240
"Iogurte, coco",,Copo Grande,300
"Iogurte, coco",,Garrafa 200ml,200
"Iogurte, coco",,Caneca,300
"Iogurte, maçã",,Porção,165
"Iogurte, maçã",,Colher de Sopa,15
"Iogurte, maçã",,Copo Americano,150
"Iogurte, maçã",,Copo Médio,240
"Iogurte, maçã",,Copo Grande,300
"Iogurte, maçã",,Garrafa 200ml,200
"Iogurte, maçã",,Caneca,300
"Iogurte, maracujá",,Porção,165
"Iogurte, maracujá",,Colher de Sopa,15
"Iogurte, maracujá",,Copo Americano,150
"Iogurte, maracujá",,Copo Médio,240
"Iogurte, maracujá",,Copo Grande,300
"Iogurte, maracujá",,Garrafa 200ml,200
"Iogurte, maracujá",,Caneca,300
"Iogurte, natural",,Porção,165
"Iogurte, natural",,Colher de Sopa,15
"Iogurte, natural",,Copo Americano,150
"Iogurte, natural",,Copo Médio,240
"Iogurte, natural",,Copo Grande,300
"Iogurte, natural",,Garrafa 200ml,200
"Iogurte, natural",,Caneca,300
"Iogurte, natural, ""Vigor"" (TBCA)",,Porção,170
"Iogurte, natural, ""Vigor"" (TBCA)",,Colher de Sopa,15
"Iogurte, natural, ""Vigor"" (TBCA)",,Copo Americano,150
"Iogurte, natural, ""Vigor"" (TBCA)",,Copo Médio,240
"Iogurte, natural, ""Vigor"" (TBCA)",,Copo Grande,300
"Iogurte, natural, ""Vigor"" (TBCA)",,Pote,170
"Iogurte, natural, ""Vigor"" (TBCA)",,Porção,170
"Iogurte, natural, ""Vigor"" (TBCA)",,Colher de Sopa,15
"Iogurte, natural, ""Vigor"" (TBCA)",,Copo Americano,150
"Iogurte, natural, ""Vigor"" (TBCA)",,Copo Médio,240
"Iogurte, natural, ""Vigor"" (TBCA)",,Copo Grande,300
"Iogurte, natural, ""Vigor"" (TBCA)",,Pote,170
"Iogurte, natural, desnatado (TACO)",,Porção,165
"Iogurte, natural, desnatado (TACO)",,Colher de Sopa,15
"Iogurte, natural, desnatado (TACO)",,Copo Americano,150
"Iogurte, natural, desnatado (TACO)",,Copo Médio,240
"Iogurte, natural, desnatado (TACO)",,Copo Grande,300
"Iogurte, natural, desnatado (TACO)",,Garrafa 200ml,200
"Iogurte, natural, desnatado (TACO)",,Caneca,300
"Iogurte, natural, desnatado (TBCA)",,Porção,165
"Iogurte, natural, desnatado (TBCA)",,Colher de Sopa,15
"Iogurte, natural, desnatado (TBCA)",,Copo Americano,150
"Iogurte, natural, desnatado (TBCA)",,Copo Médio,240
"Iogurte, natural, desnatado (TBCA)",,Copo Grande,300
"Iogurte, natural, desnatado (TBCA)",,Garrafa 200ml,200
"Iogurte, natural, desnatado (TBCA)",,Caneca,300
"Iogurte, polpa de fruta,morango",,Porção,165
"Iogurte, polpa de fruta,morango",,Colher de Sopa,15
"Iogurte, polpa de fruta,morango",,Copo Americano,150
"Iogurte, polpa de fruta,morango",,Copo Médio,240
"Iogurte, polpa de fruta,morango",,Copo Grande,300
"Iogurte, polpa de fruta,morango",,Garrafa 200ml,200
"Iogurte, polpa de fruta,morango",,Caneca,300
"Iogurte, sabor abacaxi",,Porção,165
"Iogurte, sabor abacaxi",,Colher de Sopa,15
"Iogurte, sabor abacaxi",,Copo Americano,150
"Iogurte, sabor abacaxi",,Copo Médio,240
"Iogurte, sabor abacaxi",,Copo Grande,300
"Iogurte, sabor abacaxi",,Garrafa 200ml,200
"Iogurte, sabor abacaxi",,Caneca,300
"Iogurte, sabor morango",,Porção,165
"Iogurte, sabor morango",,Colher de Sopa,15
"Iogurte, sabor morango",,Copo Americano,150
"Iogurte, sabor morango",,Copo Médio,240
"Iogurte, sabor morango",,Copo Grande,300
"Iogurte, sabor morango",,Garrafa 200ml,200
"Iogurte, sabor morango",,Caneca,300
"Iogurte, sabor morango (média de diferentes amostras)",,Porção,165
"Iogurte, sabor morango (média de diferentes amostras)",,Colher de Sopa,15
"Iogurte, sabor morango (média de diferentes amostras)",,Copo Americano,150
"Iogurte, sabor morango (média de diferentes amostras)",,Copo Médio,240
"Iogurte, sabor morango (média de diferentes amostras)",,Copo Grande,300
"Iogurte, sabor morango (média de diferentes amostras)",,Garrafa 200ml,200
"Iogurte, sabor morango (média de diferentes amostras)",,Caneca,300
"Iogurte, sabor pêssego (TACO)",,Porção,165
"Iogurte, sabor pêssego (TACO)",,Colher de Sopa,15
"Iogurte, sabor pêssego (TACO)",,Copo Americano,150
"Iogurte, sabor pêssego (TACO)",,Copo Médio,240
"Iogurte, sabor pêssego (TACO)",,Copo Grande,300
"Iogurte, sabor pêssego (TACO)",,Garrafa 200ml,200
"Iogurte, sabor pêssego (TACO)",,Caneca,300
"Iogurte, sabor pêssego (TBCA)",,Porção,165
"Iogurte, sabor pêssego (TBCA)",,Colher de Sopa,15
"Iogurte, sabor pêssego (TBCA)",,Copo Americano,150
"Iogurte, sabor pêssego (TBCA)",,Copo Médio,240
"Iogurte, sabor pêssego (TBCA)",,Copo Grande,300
"Iogurte, sabor pêssego (TBCA)",,Garrafa 200ml,200
"Iogurte, sabor pêssego (TBCA)",,Caneca,300
"Iogurte, salada de frutas",,Porção,165
"Iogurte, salada de frutas",,Colher de Sopa,15
"Iogurte, salada de frutas",,Copo Americano,150
"Iogurte, salada de frutas",,Copo Médio,240
"Iogurte, salada de frutas",,Copo Grande,300
"Iogurte, salada de frutas",,Garrafa 200ml,200
"Iogurte, salada de frutas",,Caneca,300
Jaba,OUTRAS CARNES,Bife,100
Jaba,OUTRAS CARNES,Fatia,90
Jaba,OUTRAS CARNES,Pedaço,35
Jaba,OUTRAS CARNES,Porção,75
Jaba,OUTRAS CARNES,Colher de Arroz,70
Jaba,OUTRAS CARNES,Colher de Sopa,30
Jaba,OUTRAS CARNES,Concha,140
Jaba,OUTRAS CARNES,Escumadeira,70
Jaba cozido(a),OUTRAS CARNES,Bife,100
Jaba cozido(a),OUTRAS CARNES,Fatia,90
Jaba cozido(a),OUTRAS CARNES,Pedaço,35
Jaba cozido(a),OUTRAS CARNES,Porção,75
Jaba cozido(a),OUTRAS CARNES,Colher de Arroz,70
Jaba cozido(a),OUTRAS CARNES,Colher de Sopa,30
Jaba cozido(a),OUTRAS CARNES,Concha,140
Jaba cozido(a),OUTRAS CARNES,Escumadeira,70
Jaba frito(a),OUTRAS CARNES,Bife,100
Jaba frito(a),OUTRAS CARNES,Fatia,90
Jaba frito(a),OUTRAS CARNES,Pedaço,35
Jaba frito(a),OUTRAS CARNES,Porção,75
Jaba frito(a),OUTRAS CARNES,Colher de Arroz,70
Jaba frito(a),OUTRAS CARNES,Colher de Sopa,30
Jaba frito(a),OUTRAS CARNES,Concha,140
Jaba frito(a),OUTRAS CARNES,Escumadeira,70
Jaba refogado(a),OUTRAS CARNES,Bife,100
Jaba refogado(a),OUTRAS CARNES,Fatia,90
Jaba refogado(a),OUTRAS CARNES,Pedaço,35
Jaba refogado(a),OUTRAS CARNES,Porção,75
Jaba refogado(a),OUTRAS CARNES,Colher de Arroz,70
Jaba refogado(a),OUTRAS CARNES,Colher de Sopa,30
Jaba refogado(a),OUTRAS CARNES,Concha,140
Jaba refogado(a),OUTRAS CARNES,Escumadeira,70
Jacare (carne bovina de segunda c/ osso) assado(a),CARNE BOVINA,File,100
Jacare (carne bovina de segunda c/ osso) assado(a),CARNE BOVINA,Bife,100
Jacare (carne bovina de segunda c/ osso) assado(a),CARNE BOVINA,Fatia,90
Jacare (carne bovina de segunda c/ osso) assado(a),CARNE BOVINA,Pedaço,35
Jacare (carne bovina de segunda c/ osso) assado(a),CARNE BOVINA,Porção,75
Jacare (carne bovina de segunda c/ osso) assado(a),CARNE BOVINA,Colher de Arroz,70
Jacare (carne bovina de segunda c/ osso) assado(a),CARNE BOVINA,Colher de Sopa,30
Jacare (carne bovina de segunda c/ osso) assado(a),CARNE BOVINA,Concha,140
Jacare (carne bovina de segunda c/ osso) assado(a),CARNE BOVINA,Escumadeira,70
Jacare (carne bovina de segunda c/ osso) cozido(a),CARNE BOVINA,File,100
Jacare (carne bovina de segunda c/ osso) cozido(a),CARNE BOVINA,Bife,100
Jacare (carne bovina de segunda c/ osso) cozido(a),CARNE BOVINA,Fatia,90
Jacare (carne bovina de segunda c/ osso) cozido(a),CARNE BOVINA,Pedaço,35
Jacare (carne bovina de segunda c/ osso) cozido(a),CARNE BOVINA,Porção,75
Jacare (carne bovina de segunda c/ osso) cozido(a),CARNE BOVINA,Colher de Arroz,70
Jacare (carne bovina de segunda c/ osso) cozido(a),CARNE BOVINA,Colher de Sopa,30
Jacare (carne bovina de segunda c/ osso) cozido(a),CARNE BOVINA,Concha,140
Jacare (carne bovina de segunda c/ osso) cozido(a),CARNE BOVINA,Escumadeira,70
Jacare (carne bovina de segunda c/ osso) frito(a),CARNE BOVINA,File,100
Jacare (carne bovina de segunda c/ osso) frito(a),CARNE BOVINA,Bife,100
Jacare (carne bovina de segunda c/ osso) frito(a),CARNE BOVINA,Fatia,90
Jacare (carne bovina de segunda c/ osso) frito(a),CARNE BOVINA,Pedaço,35
Jacare (carne bovina de segunda c/ osso) frito(a),CARNE BOVINA,Porção,75
Jacare (carne bovina de segunda c/ osso) frito(a),CARNE BOVINA,Colher de Arroz,70
Jacare (carne bovina de segunda c/ osso) frito(a),CARNE BOVINA,Colher de Sopa,30
Jacare (carne bovina de segunda c/ osso) frito(a),CARNE BOVINA,Concha,140
Jacare (carne bovina de segunda c/ osso) frito(a),CARNE BOVINA,Escumadeira,70
Jilo,VERDURAS,Porção,40
Jilo,VERDURAS,Colher de Arroz,95
Jilo,VERDURAS,Colher de Sopa,60
Jilo,VERDURAS,Concha,110
Jilo,VERDURAS,Unidade,26
Jiló,,Porção,40
Jiló,,Colher de Arroz,95
Jiló,,Colher de Sopa,60
Jiló,,Concha,110
Jiló,,Unidade,26
Jiló (casca),,Porção,40
Jiló (casca),,Colher de Arroz,95
Jiló (casca),,Colher de Sopa,60
Jiló (casca),,Concha,110
Jiló (casca),,Unidade,26
Jilo assado(a),VERDURAS,Porção,40
Jilo assado(a),VERDURAS,Colher de Arroz,95
Jilo assado(a),VERDURAS,Colher de Sopa,60
Jilo assado(a),VERDURAS,Concha,110
Jilo assado(a),VERDURAS,Unidade,26
Jilo com manteiga/oleo,VERDURAS,Porção,40
Jilo com manteiga/oleo,VERDURAS,Colher de Arroz,95
Jilo com manteiga/oleo,VERDURAS,Colher de Sopa,60
Jilo com manteiga/oleo,VERDURAS,Concha,110
Jilo com manteiga/oleo,VERDURAS,Unidade,26
Jilo cozido(a),VERDURAS,Porção,40
Jilo cozido(a),VERDURAS,Colher de Arroz,95
Jilo cozido(a),VERDURAS,Colher de Sopa,60
Jilo cozido(a),VERDURAS,Concha,110
Jilo cozido(a),VERDURAS,Unidade,26
Jilo cru(a),VERDURAS,Porção,40
Jilo cru(a),VERDURAS,Colher de Arroz,95
Jilo cru(a),VERDURAS,Colher de Sopa,60
Jilo cru(a),VERDURAS,Concha,110
Jilo cru(a),VERDURAS,Unidade,26
Jilo ensopado,VERDURAS,Porção,40
Jilo ensopado,VERDURAS,Colher de Arroz,95
Jilo ensopado,VERDURAS,Colher de Sopa,60
Jilo ensopado,VERDURAS,Concha,110
Jilo ensopado,VERDURAS,Unidade,26
Jilo frito(a),VERDURAS,Porção,40
Jilo frito(a),VERDURAS,Colher de Arroz,95
Jilo frito(a),VERDURAS,Colher de Sopa,60
Jilo frito(a),VERDURAS,Concha,110
Jilo frito(a),VERDURAS,Unidade,26
Jilo refogado(a),VERDURAS,Porção,40
Jilo refogado(a),VERDURAS,Colher de Arroz,95
Jilo refogado(a),VERDURAS,Colher de Sopa,60
Jilo refogado(a),VERDURAS,Concha,110
Jilo refogado(a),VERDURAS,Unidade,26
"Jiló, cru",,Porção,40
"Jiló, cru",,Colher de Arroz,95
"Jiló, cru",,Colher de Sopa,60
"Jiló, cru",,Concha,110
"Jiló, cru",,Unidade,26
Kitute bovino,CARNE BOVINA,File,100
Kitute bovino,CARNE BOVINA,Bife,100
Kitute bovino,CARNE BOVINA,Fatia,90
Kitute bovino,CARNE BOVINA,Pedaço,35
Kitute bovino,CARNE BOVINA,Porção,75
Kitute bovino,CARNE BOVINA,Colher de Arroz,70
Kitute bovino,CARNE BOVINA,Colher de Sopa,30
Kitute bovino,CARNE BOVINA,Concha,140
Kitute bovino,CARNE BOVINA,Escumadeira,70
Kitute suíno,OUTRAS CARNES,Bife,100
Kitute suíno,OUTRAS CARNES,Fatia,90
Kitute suíno,OUTRAS CARNES,Pedaço,35
Kitute suíno,OUTRAS CARNES,Porção,75
Kitute suíno,OUTRAS CARNES,Colher de Arroz,70
Kitute suíno,OUTRAS CARNES,Colher de Sopa,30
Kitute suíno,OUTRAS CARNES,Concha,140
Kitute suíno,OUTRAS CARNES,Escumadeira,70
Lagarto (cru) - carne bovina,,File,100
Lagarto (cru) - carne bovina,,Bife,100
Lagarto (cru) - carne bovina,,Fatia,90
Lagarto (cru) - carne bovina,,Pedaço,35
Lagarto (cru) - carne bovina,,Porção,75
Lagarto (cru) - carne bovina,,Colher de Arroz,70
Lagarto (cru) - carne bovina,,Colher de Sopa,30
Lagarto (cru) - carne bovina,,Concha,140
Lagarto (cru) - carne bovina,,Escumadeira,70
Lagarto bovino  assado(a),CARNE BOVINA,File,100
Lagarto bovino  assado(a),CARNE BOVINA,Bife,100
Lagarto bovino  assado(a),CARNE BOVINA,Fatia,90
Lagarto bovino  assado(a),CARNE BOVINA,Pedaço,35
Lagarto bovino  assado(a),CARNE BOVINA,Porção,75
Lagarto bovino  assado(a),CARNE BOVINA,Colher de Arroz,70
Lagarto bovino  assado(a),CARNE BOVINA,Colher de Sopa,30
Lagarto bovino  assado(a),CARNE BOVINA,Concha,140
Lagarto bovino  assado(a),CARNE BOVINA,Escumadeira,70
Lagarto bovino  cozido(a),CARNE BOVINA,File,100
Lagarto bovino  cozido(a),CARNE BOVINA,Bife,100
Lagarto bovino  cozido(a),CARNE BOVINA,Fatia,90
Lagarto bovino  cozido(a),CARNE BOVINA,Pedaço,35
Lagarto bovino  cozido(a),CARNE BOVINA,Porção,75
Lagarto bovino  cozido(a),CARNE BOVINA,Colher de Arroz,70
Lagarto bovino  cozido(a),CARNE BOVINA,Colher de Sopa,30
Lagarto bovino  cozido(a),CARNE BOVINA,Concha,140
Lagarto bovino  cozido(a),CARNE BOVINA,Escumadeira,70
Lagarto bovino  frito(a),CARNE BOVINA,File,100
Lagarto bovino  frito(a),CARNE BOVINA,Bife,100
Lagarto bovino  frito(a),CARNE BOVINA,Fatia,90
Lagarto bovino  frito(a),CARNE BOVINA,Pedaço,35
Lagarto bovino  frito(a),CARNE BOVINA,Porção,75
Lagarto bovino  frito(a),CARNE BOVINA,Colher de Arroz,70
Lagarto bovino  frito(a),CARNE BOVINA,Colher de Sopa,30
Lagarto bovino  frito(a),CARNE BOVINA,Concha,140
Lagarto bovino  frito(a),CARNE BOVINA,Escumadeira,70
Lagarto bovino  molho vermelho,CARNE BOVINA,File,100
Lagarto bovino  molho vermelho,CARNE BOVINA,Bife,100
Lagarto bovino  molho vermelho,CARNE BOVINA,Fatia,90
Lagarto bovino  molho vermelho,CARNE BOVINA,Pedaço,35
Lagarto bovino  molho vermelho,CARNE BOVINA,Porção,75
Lagarto bovino  molho vermelho,CARNE BOVINA,Colher de Arroz,70
Lagarto bovino  molho vermelho,CARNE BOVINA,Colher de Sopa,30
Lagarto bovino  molho vermelho,CARNE BOVINA,Concha,140
Lagarto bovino  molho vermelho,CARNE BOVINA,Escumadeira,70
Lagarto bovino  refogado(a),CARNE BOVINA,File,100
Lagarto bovino  refogado(a),CARNE BOVINA,Bife,100
Lagarto bovino  refogado(a),CARNE BOVINA,Fatia,90
Lagarto bovino  refogado(a),CARNE BOVINA,Pedaço,35
Lagarto bovino  refogado(a),CARNE BOVINA,Porção,75
Lagarto bovino  refogado(a),CARNE BOVINA,Colher de Arroz,70
Lagarto bovino  refogado(a),CARNE BOVINA,Colher de Sopa,30
Lagarto bovino  refogado(a),CARNE BOVINA,Concha,140
Lagarto bovino  refogado(a),CARNE BOVINA,Escumadeira,70
Laranja,,Fatia,18
Laranja,,Unidade,180
Laranja,,Unidade Pequena,90
Laranja,,Metade,90
Laranja,,Banda,90
"Laranja (pera, seleta, lima, da terra, etc)",FRUTAS/SUCOS/VITAMINAS,Fatia,18
"Laranja (pera, seleta, lima, da terra, etc)",FRUTAS/SUCOS/VITAMINAS,Unidade,180
"Laranja (pera, seleta, lima, da terra, etc)",FRUTAS/SUCOS/VITAMINAS,Unidade Pequena,90
"Laranja (pera, seleta, lima, da terra, etc)",FRUTAS/SUCOS/VITAMINAS,Metade,90
"Laranja (pera, seleta, lima, da terra, etc)",FRUTAS/SUCOS/VITAMINAS,Banda,90
"Laranja e acerola, suco natural (néctar), c/ açúcar refinado",,Copo Americano,150
"Laranja e acerola, suco natural (néctar), c/ açúcar refinado",,Copo Médio,240
"Laranja e acerola, suco natural (néctar), c/ açúcar refinado",,Copo Grande,300
"Laranja e acerola, suco natural (néctar), c/ açúcar refinado",,Unidade,300
"Laranja e acerola, suco natural (néctar), c/ açúcar refinado",,Garrafa 200ml,200
"Laranja e acerola, suco natural (néctar), c/ açúcar refinado",,Caneca,300
"Laranja e acerola, suco natural (néctar), s/ açúcar",,Copo Americano,150
"Laranja e acerola, suco natural (néctar), s/ açúcar",,Copo Médio,240
"Laranja e acerola, suco natural (néctar), s/ açúcar",,Copo Grande,300
"Laranja e acerola, suco natural (néctar), s/ açúcar",,Unidade,300
"Laranja e acerola, suco natural (néctar), s/ açúcar",,Garrafa 200ml,200
"Laranja e acerola, suco natural (néctar), s/ açúcar",,Caneca,300
"Laranja e banana, suco natural, c/ açúcar refinado",,Copo Americano,150
"Laranja e banana, suco natural, c/ açúcar refinado",,Copo Médio,240
"Laranja e banana, suco natural, c/ açúcar refinado",,Copo Grande,300
"Laranja e banana, suco natural, c/ açúcar refinado",,Unidade,300
"Laranja e banana, suco natural, c/ açúcar refinado",,Garrafa 200ml,200
"Laranja e banana, suco natural, c/ açúcar refinado",,Caneca,300
"Laranja e banana, suco natural, s/ açúcar",,Copo Americano,150
"Laranja e banana, suco natural, s/ açúcar",,Copo Médio,240
"Laranja e banana, suco natural, s/ açúcar",,Copo Grande,300
"Laranja e banana, suco natural, s/ açúcar",,Unidade,300
"Laranja e banana, suco natural, s/ açúcar",,Garrafa 200ml,200
"Laranja e banana, suco natural, s/ açúcar",,Caneca,300
"Laranja e beterraba, suco natural, c/ açúcar refinado",,Copo Americano,150
"Laranja e beterraba, suco natural, c/ açúcar refinado",,Copo Médio,240
"Laranja e beterraba, suco natural, c/ açúcar refinado",,Copo Grande,300
"Laranja e beterraba, suco natural, c/ açúcar refinado",,Unidade,300
"Laranja e beterraba, suco natural, c/ açúcar refinado",,Garrafa 200ml,200
"Laranja e beterraba, suco natural, c/ açúcar refinado",,Caneca,300
"Laranja e beterraba, suco natural, s/ açúcar",,Copo Americano,150
"Laranja e beterraba, suco natural, s/ açúcar",,Copo Médio,240
"Laranja e beterraba, suco natural, s/ açúcar",,Copo Grande,300
"Laranja e beterraba, suco natural, s/ açúcar",,Unidade,300
"Laranja e beterraba, suco natural, s/ açúcar",,Garrafa 200ml,200
"Laranja e beterraba, suco natural, s/ açúcar",,Caneca,300
"Laranja e cenoura, suco natural, c/ açúcar refinado",,Copo Americano,150
"Laranja e cenoura, suco natural, c/ açúcar refinado",,Copo Médio,240
"Laranja e cenoura, suco natural, c/ açúcar refinado",,Copo Grande,300
"Laranja e cenoura, suco natural, c/ açúcar refinado",,Unidade,300
"Laranja e cenoura, suco natural, c/ açúcar refinado",,Garrafa 200ml,200
"Laranja e cenoura, suco natural, c/ açúcar refinado",,Caneca,300
"Laranja e cenoura, suco natural, s/ açúcar",,Copo Americano,150
"Laranja e cenoura, suco natural, s/ açúcar",,Copo Médio,240
"Laranja e cenoura, suco natural, s/ açúcar",,Copo Grande,300
"Laranja e cenoura, suco natural, s/ açúcar",,Unidade,300
"Laranja e cenoura, suco natural, s/ açúcar",,Garrafa 200ml,200
"Laranja e cenoura, suco natural, s/ açúcar",,Caneca,300
"Laranja e mamão, suco natural (néctar), c/ açúcar refinado",,Copo Americano,150
"Laranja e mamão, suco natural (néctar), c/ açúcar refinado",,Copo Médio,240
"Laranja e mamão, suco natural (néctar), c/ açúcar refinado",,Copo Grande,300
"Laranja e mamão, suco natural (néctar), c/ açúcar refinado",,Unidade,300
"Laranja e mamão, suco natural (néctar), c/ açúcar refinado",,Garrafa 200ml,200
"Laranja e mamão, suco natural (néctar), c/ açúcar refinado",,Caneca,300
"Laranja e mamão, suco natural (néctar), s/ açúcar",,Copo Americano,150
"Laranja e mamão, suco natural (néctar), s/ açúcar",,Copo Médio,240
"Laranja e mamão, suco natural (néctar), s/ açúcar",,Copo Grande,300
"Laranja e mamão, suco natural (néctar), s/ açúcar",,Unidade,300
"Laranja e mamão, suco natural (néctar), s/ açúcar",,Garrafa 200ml,200
"Laranja e mamão, suco natural (néctar), s/ açúcar",,Caneca,300
"Laranja e morango, suco natural, c/ açúcar refinado",,Copo Americano,150
"Laranja e morango, suco natural, c/ açúcar refinado",,Copo Médio,240
"Laranja e morango, suco natural, c/ açúcar refinado",,Copo Grande,300
"Laranja e morango, suco natural, c/ açúcar refinado",,Unidade,300
"Laranja e morango, suco natural, c/ açúcar refinado",,Garrafa 200ml,200
"Laranja e morango, suco natural, c/ açúcar refinado",,Caneca,300
"Laranja e morango, suco natural, s/ açúcar",,Copo Americano,150
"Laranja e morango, suco natural, s/ açúcar",,Copo Médio,240
"Laranja e morango, suco natural, s/ açúcar",,Copo Grande,300
"Laranja e morango, suco natural, s/ açúcar",,Unidade,300
"Laranja e morango, suco natural, s/ açúcar",,Garrafa 200ml,200
"Laranja e morango, suco natural, s/ açúcar",,Caneca,300
"Laranja, abacaxi e beterraba, suco natural, c/ açúcar refinado",,Copo Americano,150
"Laranja, abacaxi e beterraba, suco natural, c/ açúcar refinado",,Copo Médio,240
"Laranja, abacaxi e beterraba, suco natural, c/ açúcar refinado",,Copo Grande,300
"Laranja, abacaxi e beterraba, suco natural, c/ açúcar refinado",,Unidade,300
"Laranja, abacaxi e beterraba, suco natural, c/ açúcar refinado",,Garrafa 200ml,200
"Laranja, abacaxi e beterraba, suco natural, c/ açúcar refinado",,Caneca,300
"Laranja, abacaxi e beterraba, suco natural, s/ açúcar",,Copo Americano,150
"Laranja, abacaxi e beterraba, suco natural, s/ açúcar",,Copo Médio,240
"Laranja, abacaxi e beterraba, suco natural, s/ açúcar",,Copo Grande,300
"Laranja, abacaxi e beterraba, suco natural, s/ açúcar",,Unidade,300
"Laranja, abacaxi e beterraba, suco natural, s/ açúcar",,Garrafa 200ml,200
"Laranja, abacaxi e beterraba, suco natural, s/ açúcar",,Caneca,300
"Laranja, baía, suco",,Copo Americano,150
"Laranja, baía, suco",,Copo Médio,240
"Laranja, baía, suco",,Copo Grande,300
"Laranja, baía, suco",,Unidade,300
"Laranja, baía, suco",,Garrafa 200ml,200
"Laranja, baía, suco",,Caneca,300
"Laranja, Baía, suco, s/ açúcar, Citrus sinensis",,Copo Americano,150
"Laranja, Baía, suco, s/ açúcar, Citrus sinensis",,Copo Médio,240
"Laranja, Baía, suco, s/ açúcar, Citrus sinensis",,Copo Grande,300
"Laranja, Baía, suco, s/ açúcar, Citrus sinensis",,Unidade,300
"Laranja, Baía, suco, s/ açúcar, Citrus sinensis",,Garrafa 200ml,200
"Laranja, Baía, suco, s/ açúcar, Citrus sinensis",,Caneca,300
"Laranja, cenoura e beterraba, suco natural, c/ açúcar refinado",,Copo Americano,150
"Laranja, cenoura e beterraba, suco natural, c/ açúcar refinado",,Copo Médio,240
"Laranja, cenoura e beterraba, suco natural, c/ açúcar refinado",,Copo Grande,300
"Laranja, cenoura e beterraba, suco natural, c/ açúcar refinado",,Unidade,300
"Laranja, cenoura e beterraba, suco natural, c/ açúcar refinado",,Garrafa 200ml,200
"Laranja, cenoura e beterraba, suco natural, c/ açúcar refinado",,Caneca,300
"Laranja, cenoura e beterraba, suco natural, s/ açúcar",,Copo Americano,150
"Laranja, cenoura e beterraba, suco natural, s/ açúcar",,Copo Médio,240
"Laranja, cenoura e beterraba, suco natural, s/ açúcar",,Copo Grande,300
"Laranja, cenoura e beterraba, suco natural, s/ açúcar",,Unidade,300
"Laranja, cenoura e beterraba, suco natural, s/ açúcar",,Garrafa 200ml,200
"Laranja, cenoura e beterraba, suco natural, s/ açúcar",,Caneca,300
"Laranja, da terra, crua",,Fatia,18
"Laranja, da terra, crua",,Unidade,180
"Laranja, da terra, crua",,Unidade Pequena,90
"Laranja, da terra, crua",,Metade,90
"Laranja, da terra, crua",,Banda,90
"Laranja, da terra, suco",,Copo Americano,150
"Laranja, da terra, suco",,Copo Médio,240
"Laranja, da terra, suco",,Copo Grande,300
"Laranja, da terra, suco",,Unidade,300
"Laranja, da terra, suco",,Garrafa 200ml,200
"Laranja, da terra, suco",,Caneca,300
"Laranja, in natura, Citrus spp.",,Fatia,18
"Laranja, in natura, Citrus spp.",,Unidade,180
"Laranja, in natura, Citrus spp.",,Unidade Pequena,90
"Laranja, in natura, Citrus spp.",,Metade,90
"Laranja, in natura, Citrus spp.",,Banda,90
"Laranja, lima, crua",,Fatia,18
"Laranja, lima, crua",,Unidade,180
"Laranja, lima, crua",,Unidade Pequena,90
"Laranja, lima, crua",,Metade,90
"Laranja, lima, crua",,Banda,90
"Laranja, Lima, in natura, Citrus sinensis (L.) Osbeck",,Fatia,18
"Laranja, Lima, in natura, Citrus sinensis (L.) Osbeck",,Unidade,180
"Laranja, Lima, in natura, Citrus sinensis (L.) Osbeck",,Unidade Pequena,90
"Laranja, Lima, in natura, Citrus sinensis (L.) Osbeck",,Metade,90
"Laranja, Lima, in natura, Citrus sinensis (L.) Osbeck",,Banda,90
"Laranja, lima, suco",,Copo Americano,150
"Laranja, lima, suco",,Copo Médio,240
"Laranja, lima, suco",,Copo Grande,300
"Laranja, lima, suco",,Unidade,300
"Laranja, lima, suco",,Garrafa 200ml,200
"Laranja, lima, suco",,Caneca,300
"Laranja, pêra, crua",,Fatia,18
"Laranja, pêra, crua",,Unidade,180
"Laranja, pêra, crua",,Unidade Pequena,90
"Laranja, pêra, crua",,Metade,90
"Laranja, pêra, crua",,Banda,90
"Laranja, Pera, in natura, Citrus sinensis",,Fatia,18
"Laranja, Pera, in natura, Citrus sinensis",,Unidade,180
"Laranja, Pera, in natura, Citrus sinensis",,Unidade Pequena,90
"Laranja, Pera, in natura, Citrus sinensis",,Metade,90
"Laranja, Pera, in natura, Citrus sinensis",,Banda,90
"Laranja, pêra, suco",,Copo Americano,150
"Laranja, pêra, suco",,Copo Médio,240
"Laranja, pêra, suco",,Copo Grande,300
"Laranja, pêra, suco",,Unidade,300
"Laranja, pêra, suco",,Garrafa 200ml,200
"Laranja, pêra, suco",,Caneca,300
"Laranja, Pera, suco, s/ açúcar, Citrus sinensis",,Copo Americano,150
"Laranja, Pera, suco, s/ açúcar, Citrus sinensis",,Copo Médio,240
"Laranja, Pera, suco, s/ açúcar, Citrus sinensis",,Copo Grande,300
"Laranja, Pera, suco, s/ açúcar, Citrus sinensis",,Unidade,300
"Laranja, Pera, suco, s/ açúcar, Citrus sinensis",,Garrafa 200ml,200
"Laranja, Pera, suco, s/ açúcar, Citrus sinensis",,Caneca,300
"Laranja, Seleta, in natura, Citrus aurantium L.",,Fatia,18
"Laranja, Seleta, in natura, Citrus aurantium L.",,Unidade,180
"Laranja, Seleta, in natura, Citrus aurantium L.",,Unidade Pequena,90
"Laranja, Seleta, in natura, Citrus aurantium L.",,Metade,90
"Laranja, Seleta, in natura, Citrus aurantium L.",,Banda,90
"Laranja, suco, s/ açúcar, Citrus sinensis",,Copo Americano,150
"Laranja, suco, s/ açúcar, Citrus sinensis",,Copo Médio,240
"Laranja, suco, s/ açúcar, Citrus sinensis",,Copo Grande,300
"Laranja, suco, s/ açúcar, Citrus sinensis",,Unidade,300
"Laranja, suco, s/ açúcar, Citrus sinensis",,Garrafa 200ml,200
"Laranja, suco, s/ açúcar, Citrus sinensis",,Caneca,300
"Laranja, valência, crua",,Fatia,18
"Laranja, valência, crua",,Unidade,180
"Laranja, valência, crua",,Unidade Pequena,90
"Laranja, valência, crua",,Metade,90
"Laranja, valência, crua",,Banda,90
"Laranja, valência, suco",,Copo Americano,150
"Laranja, valência, suco",,Copo Médio,240
"Laranja, valência, suco",,Copo Grande,300
"Laranja, valência, suco",,Unidade,300
"Laranja, valência, suco",,Garrafa 200ml,200
"Laranja, valência, suco",,Caneca,300
"Laranja, Valência, suco, s/ açúcar, Citrus sinensis (L.) Osbeck",,Copo Americano,150
"Laranja, Valência, suco, s/ açúcar, Citrus sinensis (L.) Osbeck",,Copo Médio,240
"Laranja, Valência, suco, s/ açúcar, Citrus sinensis (L.) Osbeck",,Copo Grande,300
"Laranja, Valência, suco, s/ açúcar, Citrus sinensis (L.) Osbeck",,Unidade,300
"Laranja, Valência, suco, s/ açúcar, Citrus sinensis (L.) Osbeck",,Garrafa 200ml,200
"Laranja, Valência, suco, s/ açúcar, Citrus sinensis (L.) Osbeck",,Caneca,300
Laranja-lima,,Fatia,18
Laranja-lima,,Unidade,180
Laranja-lima,,Unidade Pequena,90
Laranja-lima,,Metade,90
Laranja-lima,,Banda,90
Laranja-pera,,Fatia,18
Laranja-pera,,Unidade,180
Laranja-pera,,Unidade Pequena,90
Laranja-pera,,Metade,90
Laranja-pera,,Banda,90
Laranja-seleta,,Fatia,18
Laranja-seleta,,Unidade,180
Laranja-seleta,,Unidade Pequena,90
Laranja-seleta,,Metade,90
Laranja-seleta,,Banda,90
Lasanha à bolonhesacongelada - Sadia@,,Porção,100
Lasanha de calabresacongelada - Sadia@,,Porção,100
Lasanha de frango ao molhode vegetais congelada -Sadia®,,Porção,100
Lasanha de presunto e queijoao sugo congelada - Sadia@,,Porção,100
Lasanha quatro queijoscongelada - Sadia®,,Porção,100
Lasanha verde à bolonhesacongelada - Sadia@,,Porção,100
"Lasanha, bolonhesa, congelada, ""Sadia""",,Porção,100
"Lasanha, mini, bolonhesa, congelada, ""Sadia""",,Porção,100
"Lasanha, quatro queijos, congelada, ""Sadia""",,Porção,100
"Lasanha, verde, bolonhesa, congelada, ""Sadia""",,Porção,100
Leite achocolatado,LATICINIOS,Colher de Sopa,15
Leite achocolatado,LATICINIOS,Copo Americano,150
Leite achocolatado,LATICINIOS,Copo Médio,240
Leite achocolatado,LATICINIOS,Copo Grande,300
Leite achocolatado,LATICINIOS,Garrafa 200ml,200
Leite achocolatado,LATICINIOS,Caneca,300
Leite achocolatado diet,LATICINIOS,Colher de Sopa,15
Leite achocolatado diet,LATICINIOS,Copo Americano,150
Leite achocolatado diet,LATICINIOS,Copo Médio,240
Leite achocolatado diet,LATICINIOS,Copo Grande,300
Leite achocolatado diet,LATICINIOS,Garrafa 200ml,200
Leite achocolatado diet,LATICINIOS,Caneca,300
Leite achocolatado light,LATICINIOS,Colher de Sopa,15
Leite achocolatado light,LATICINIOS,Copo Americano,150
Leite achocolatado light,LATICINIOS,Copo Médio,240
Leite achocolatado light,LATICINIOS,Copo Grande,300
Leite achocolatado light,LATICINIOS,Garrafa 200ml,200
Leite achocolatado light,LATICINIOS,Caneca,300
Leite aromatizado,LATICINIOS,Colher de Sopa,15
Leite aromatizado,LATICINIOS,Copo Americano,150
Leite aromatizado,LATICINIOS,Copo Médio,240
Leite aromatizado,LATICINIOS,Copo Grande,300
Leite aromatizado,LATICINIOS,Garrafa 200ml,200
Leite aromatizado,LATICINIOS,Caneca,300
Leite beijinho,LATICINIOS,Colher de Sopa,15
Leite beijinho,LATICINIOS,Copo Americano,150
Leite beijinho,LATICINIOS,Copo Médio,240
Leite beijinho,LATICINIOS,Copo Grande,300
Leite beijinho,LATICINIOS,Garrafa 200ml,200
Leite beijinho,LATICINIOS,Caneca,300
Leite chocolate NesquikNestlé Fast - Nestlé®,,Colher de Sopa,15
Leite chocolate NesquikNestlé Fast - Nestlé®,,Copo Americano,150
Leite chocolate NesquikNestlé Fast - Nestlé®,,Copo Médio,240
Leite chocolate NesquikNestlé Fast - Nestlé®,,Copo Grande,300
Leite chocolate NesquikNestlé Fast - Nestlé®,,Garrafa 200ml,200
Leite chocolate NesquikNestlé Fast - Nestlé®,,Caneca,300
Leite com chocolate e açúcar,,Colher de Sopa,15
Leite com chocolate e açúcar,,Copo Americano,150
Leite com chocolate e açúcar,,Copo Médio,240
Leite com chocolate e açúcar,,Copo Grande,300
Leite com chocolate e açúcar,,Garrafa 200ml,200
Leite com chocolate e açúcar,,Caneca,300
Leite com sabor,LATICINIOS,Colher de Sopa,15
Leite com sabor,LATICINIOS,Copo Americano,150
Leite com sabor,LATICINIOS,Copo Médio,240
Leite com sabor,LATICINIOS,Copo Grande,300
Leite com sabor,LATICINIOS,Garrafa 200ml,200
Leite com sabor,LATICINIOS,Caneca,300
Leite com sabor diet,LATICINIOS,Colher de Sopa,15
Leite com sabor diet,LATICINIOS,Copo Americano,150
Leite com sabor diet,LATICINIOS,Copo Médio,240
Leite com sabor diet,LATICINIOS,Copo Grande,300
Leite com sabor diet,LATICINIOS,Garrafa 200ml,200
Leite com sabor diet,LATICINIOS,Caneca,300
Leite condensado,AÇUCARES/CONFEITARIA,Colher de Arroz,30
Leite condensado,AÇUCARES/CONFEITARIA,Colher de Sopa,15
Leite condensado,AÇUCARES/CONFEITARIA,Colher de Sobremesa,10
Leite condensado,AÇUCARES/CONFEITARIA,Copo Médio,240
Leite condensado,AÇUCARES/CONFEITARIA,Copo Grande,300
Leite condensado - Glória®,,Colher de Arroz,30
Leite condensado - Glória®,,Colher de Sopa,15
Leite condensado - Glória®,,Colher de Sobremesa,10
Leite condensado - Glória®,,Copo Médio,240
Leite condensado - Glória®,,Copo Grande,300
Leite condensado light Moça- Nestlé®,,Colher de Arroz,30
Leite condensado light Moça- Nestlé®,,Colher de Sopa,15
Leite condensado light Moça- Nestlé®,,Colher de Sobremesa,10
Leite condensado light Moça- Nestlé®,,Copo Médio,240
Leite condensado light Moça- Nestlé®,,Copo Grande,300
Leite condensado Moça -Nestlé®,,Colher de Arroz,30
Leite condensado Moça -Nestlé®,,Colher de Sopa,15
Leite condensado Moça -Nestlé®,,Colher de Sobremesa,10
Leite condensado Moça -Nestlé®,,Copo Médio,240
Leite condensado Moça -Nestlé®,,Copo Grande,300
Leite de cabra,LATICINIOS,Colher de Sopa,15
Leite de cabra,LATICINIOS,Copo Americano,150
Leite de cabra,LATICINIOS,Copo Médio,240
Leite de cabra,LATICINIOS,Copo Grande,300
Leite de cabra,LATICINIOS,Garrafa 200ml,200
Leite de cabra,LATICINIOS,Caneca,300
Leite de cabra desnatado -Caprilat®,,Colher de Sopa,15
Leite de cabra desnatado -Caprilat®,,Copo Americano,150
Leite de cabra desnatado -Caprilat®,,Copo Médio,240
Leite de cabra desnatado -Caprilat®,,Copo Grande,300
Leite de cabra desnatado -Caprilat®,,Garrafa 200ml,200
Leite de cabra desnatado -Caprilat®,,Caneca,300
Leite de cabra integral -Caprilat®,,Colher de Sopa,15
Leite de cabra integral -Caprilat®,,Copo Americano,150
Leite de cabra integral -Caprilat®,,Copo Médio,240
Leite de cabra integral -Caprilat®,,Copo Grande,300
Leite de cabra integral -Caprilat®,,Garrafa 200ml,200
Leite de cabra integral -Caprilat®,,Caneca,300
Leite de cabra integral em pó-Caprilat®,,Porção,26
Leite de cabra integral em pó-Caprilat®,,Colher de Arroz,32
Leite de cabra integral em pó-Caprilat®,,Colher de Sopa,16
Leite de cabra integral em pó-Caprilat®,,Colher de Chá,4
Leite de cabra integral em pó-Caprilat®,,Colher de Café,2
Leite de cabra integral em póinstantâneo - Caprilat®,,Porção,26
Leite de cabra integral em póinstantâneo - Caprilat®,,Colher de Arroz,32
Leite de cabra integral em póinstantâneo - Caprilat®,,Colher de Sopa,16
Leite de cabra integral em póinstantâneo - Caprilat®,,Colher de Chá,4
Leite de cabra integral em póinstantâneo - Caprilat®,,Colher de Café,2
Leite de coco,LEITES VEGETAIS,Colher de Sopa,20
Leite de coco,LEITES VEGETAIS,Concha,80
Leite de coco,LEITES VEGETAIS,Colher de Chá,5
Leite de coco,LEITES VEGETAIS,Copo Americano,150
Leite de coco,LEITES VEGETAIS,Copo Médio,240
Leite de coco,LEITES VEGETAIS,Copo Grande,300
Leite de coco - Ducóco0,,Colher de Sopa,20
Leite de coco - Ducóco0,,Concha,80
Leite de coco - Ducóco0,,Colher de Chá,5
Leite de coco - Ducóco0,,Copo Americano,150
Leite de coco - Ducóco0,,Copo Médio,240
Leite de coco - Ducóco0,,Copo Grande,300
Leite de coco - Socôco®,,Colher de Sopa,20
Leite de coco - Socôco®,,Concha,80
Leite de coco - Socôco®,,Colher de Chá,5
Leite de coco - Socôco®,,Copo Americano,150
Leite de coco - Socôco®,,Copo Médio,240
Leite de coco - Socôco®,,Copo Grande,300
Leite de coco light,LEITES VEGETAIS,Colher de Sopa,20
Leite de coco light,LEITES VEGETAIS,Concha,80
Leite de coco light,LEITES VEGETAIS,Colher de Chá,5
Leite de coco light,LEITES VEGETAIS,Copo Americano,150
Leite de coco light,LEITES VEGETAIS,Copo Médio,240
Leite de coco light,LEITES VEGETAIS,Copo Grande,300
Leite de gergelim,,Colher de Sopa,20
Leite de gergelim,,Concha,80
Leite de gergelim,,Colher de Chá,5
Leite de gergelim,,Copo Americano,150
Leite de gergelim,,Copo Médio,240
Leite de gergelim,,Copo Grande,300
Leite de soja,,Colher de Sopa,20
Leite de soja,,Concha,80
Leite de soja,,Colher de Chá,5
Leite de soja,,Copo Americano,150
Leite de soja,,Copo Médio,240
Leite de soja,,Copo Grande,300
Leite de soja com sabor,LEITES VEGETAIS,Colher de Sopa,20
Leite de soja com sabor,LEITES VEGETAIS,Concha,80
Leite de soja com sabor,LEITES VEGETAIS,Colher de Chá,5
Leite de soja com sabor,LEITES VEGETAIS,Copo Americano,150
Leite de soja com sabor,LEITES VEGETAIS,Copo Médio,240
Leite de soja com sabor,LEITES VEGETAIS,Copo Grande,300
Leite de soja com sabor light,LEITES VEGETAIS,Colher de Sopa,20
Leite de soja com sabor light,LEITES VEGETAIS,Concha,80
Leite de soja com sabor light,LEITES VEGETAIS,Colher de Chá,5
Leite de soja com sabor light,LEITES VEGETAIS,Copo Americano,150
Leite de soja com sabor light,LEITES VEGETAIS,Copo Médio,240
Leite de soja com sabor light,LEITES VEGETAIS,Copo Grande,300
Leite de soja em pó,LEITES VEGETAIS,Colher de Sopa,13
Leite de soja em pó,LEITES VEGETAIS,Colher de Chá,3
Leite de soja em pó,LEITES VEGETAIS,Colher de Sobremesa,6
Leite de soja em pó light,LEITES VEGETAIS,Colher de Sopa,13
Leite de soja em pó light,LEITES VEGETAIS,Colher de Chá,3
Leite de soja em pó light,LEITES VEGETAIS,Colher de Sobremesa,6
Leite de vaca desnatado,LATICINIOS,Colher de Sopa,15
Leite de vaca desnatado,LATICINIOS,Copo Americano,150
Leite de vaca desnatado,LATICINIOS,Copo Médio,240
Leite de vaca desnatado,LATICINIOS,Copo Grande,300
Leite de vaca desnatado,LATICINIOS,Garrafa 200ml,200
Leite de vaca desnatado,LATICINIOS,Caneca,300
Leite de vaca fresco,LATICINIOS,Colher de Sopa,15
Leite de vaca fresco,LATICINIOS,Copo Americano,150
Leite de vaca fresco,LATICINIOS,Copo Médio,240
Leite de vaca fresco,LATICINIOS,Copo Grande,300
Leite de vaca fresco,LATICINIOS,Garrafa 200ml,200
Leite de vaca fresco,LATICINIOS,Caneca,300
Leite de vaca fresco orgânico,LATICINIOS,Colher de Sopa,15
Leite de vaca fresco orgânico,LATICINIOS,Copo Americano,150
Leite de vaca fresco orgânico,LATICINIOS,Copo Médio,240
Leite de vaca fresco orgânico,LATICINIOS,Copo Grande,300
Leite de vaca fresco orgânico,LATICINIOS,Garrafa 200ml,200
Leite de vaca fresco orgânico,LATICINIOS,Caneca,300
Leite de vaca integral,LATICINIOS,Colher de Sopa,15
Leite de vaca integral,LATICINIOS,Copo Americano,150
Leite de vaca integral,LATICINIOS,Copo Médio,240
Leite de vaca integral,LATICINIOS,Copo Grande,300
Leite de vaca integral,LATICINIOS,Garrafa 200ml,200
Leite de vaca integral,LATICINIOS,Caneca,300
Leite de vaca integral orgânico,LATICINIOS,Colher de Sopa,15
Leite de vaca integral orgânico,LATICINIOS,Copo Americano,150
Leite de vaca integral orgânico,LATICINIOS,Copo Médio,240
Leite de vaca integral orgânico,LATICINIOS,Copo Grande,300
Leite de vaca integral orgânico,LATICINIOS,Garrafa 200ml,200
Leite de vaca integral orgânico,LATICINIOS,Caneca,300
Leite de vaca semidesnatado,LATICINIOS,Colher de Sopa,15
Leite de vaca semidesnatado,LATICINIOS,Copo Americano,150
Leite de vaca semidesnatado,LATICINIOS,Copo Médio,240
Leite de vaca semidesnatado,LATICINIOS,Copo Grande,300
Leite de vaca semidesnatado,LATICINIOS,Garrafa 200ml,200
Leite de vaca semidesnatado,LATICINIOS,Caneca,300
Leite em pó,LATICINIOS,Porção,26
Leite em pó,LATICINIOS,Colher de Arroz,32
Leite em pó,LATICINIOS,Colher de Sopa,16
Leite em pó,LATICINIOS,Colher de Chá,4
Leite em pó,LATICINIOS,Colher de Café,2
Leite em pó com sabor,LATICINIOS,Porção,26
Leite em pó com sabor,LATICINIOS,Colher de Arroz,32
Leite em pó com sabor,LATICINIOS,Colher de Sopa,16
Leite em pó com sabor,LATICINIOS,Colher de Chá,4
Leite em pó com sabor,LATICINIOS,Colher de Café,2
Leite em pó de soja - Sobee®,,Porção,26
Leite em pó de soja - Sobee®,,Colher de Arroz,32
Leite em pó de soja - Sobee®,,Colher de Sopa,16
Leite em pó de soja - Sobee®,,Colher de Chá,4
Leite em pó de soja - Sobee®,,Colher de Café,2
Leite em pó desnatado,LATICINIOS,Porção,26
Leite em pó desnatado,LATICINIOS,Colher de Arroz,32
Leite em pó desnatado,LATICINIOS,Colher de Sopa,16
Leite em pó desnatado,LATICINIOS,Colher de Chá,4
Leite em pó desnatado,LATICINIOS,Colher de Café,2
Leite em pó desnatado -Glória®,,Porção,26
Leite em pó desnatado -Glória®,,Colher de Arroz,32
Leite em pó desnatado -Glória®,,Colher de Sopa,16
Leite em pó desnatado -Glória®,,Colher de Chá,4
Leite em pó desnatado -Glória®,,Colher de Café,2
Leite em pó integral,LATICINIOS,Porção,26
Leite em pó integral,LATICINIOS,Colher de Arroz,32
Leite em pó integral,LATICINIOS,Colher de Sopa,16
Leite em pó integral,LATICINIOS,Colher de Chá,4
Leite em pó integral,LATICINIOS,Colher de Café,2
Leite em pó integral de cabracom ácido fólico - Scabra®,,Porção,26
Leite em pó integral de cabracom ácido fólico - Scabra®,,Colher de Arroz,32
Leite em pó integral de cabracom ácido fólico - Scabra®,,Colher de Sopa,16
Leite em pó integral de cabracom ácido fólico - Scabra®,,Colher de Chá,4
Leite em pó integral de cabracom ácido fólico - Scabra®,,Colher de Café,2
Leite em pó integral de cabracom ácido fólico reconstituído - Scabra®*,,Porção,26
Leite em pó integral de cabracom ácido fólico reconstituído - Scabra®*,,Colher de Arroz,32
Leite em pó integral de cabracom ácido fólico reconstituído - Scabra®*,,Colher de Sopa,16
Leite em pó integral de cabracom ácido fólico reconstituído - Scabra®*,,Colher de Chá,4
Leite em pó integral de cabracom ácido fólico reconstituído - Scabra®*,,Colher de Café,2
Leite em pó integral fortificado- La Serenissima®,,Porção,26
Leite em pó integral fortificado- La Serenissima®,,Colher de Arroz,32
Leite em pó integral fortificado- La Serenissima®,,Colher de Sopa,16
Leite em pó integral fortificado- La Serenissima®,,Colher de Chá,4
Leite em pó integral fortificado- La Serenissima®,,Colher de Café,2
Leite em pó integral fortificadoinstantâneo Ninho - Nestlé®,,Porção,26
Leite em pó integral fortificadoinstantâneo Ninho - Nestlé®,,Colher de Arroz,32
Leite em pó integral fortificadoinstantâneo Ninho - Nestlé®,,Colher de Sopa,16
Leite em pó integral fortificadoinstantâneo Ninho - Nestlé®,,Colher de Chá,4
Leite em pó integral fortificadoinstantâneo Ninho - Nestlé®,,Colher de Café,2
Leite em pó integral fortificadoNinho - Nestlé®,,Porção,26
Leite em pó integral fortificadoNinho - Nestlé®,,Colher de Arroz,32
Leite em pó integral fortificadoNinho - Nestlé®,,Colher de Sopa,16
Leite em pó integral fortificadoNinho - Nestlé®,,Colher de Chá,4
Leite em pó integral fortificadoNinho - Nestlé®,,Colher de Café,2
Leite em pó integralenriquecido - Nutricional (Posto de Saúde),,Porção,26
Leite em pó integralenriquecido - Nutricional (Posto de Saúde),,Colher de Arroz,32
Leite em pó integralenriquecido - Nutricional (Posto de Saúde),,Colher de Sopa,16
Leite em pó integralenriquecido - Nutricional (Posto de Saúde),,Colher de Chá,4
Leite em pó integralenriquecido - Nutricional (Posto de Saúde),,Colher de Café,2
Leite em pó integralenriquecido Bônus - Nestlé®,,Porção,26
Leite em pó integralenriquecido Bônus - Nestlé®,,Colher de Arroz,32
Leite em pó integralenriquecido Bônus - Nestlé®,,Colher de Sopa,16
Leite em pó integralenriquecido Bônus - Nestlé®,,Colher de Chá,4
Leite em pó integralenriquecido Bônus - Nestlé®,,Colher de Café,2
Leite em pó integralenriquecido com ferro e vitamina - Nutril®,,Porção,26
Leite em pó integralenriquecido com ferro e vitamina - Nutril®,,Colher de Arroz,32
Leite em pó integralenriquecido com ferro e vitamina - Nutril®,,Colher de Sopa,16
Leite em pó integralenriquecido com ferro e vitamina - Nutril®,,Colher de Chá,4
Leite em pó integralenriquecido com ferro e vitamina - Nutril®,,Colher de Café,2
Leite em pó modificado -Pregestimil®,,Porção,26
Leite em pó modificado -Pregestimil®,,Colher de Arroz,32
Leite em pó modificado -Pregestimil®,,Colher de Sopa,16
Leite em pó modificado -Pregestimil®,,Colher de Chá,4
Leite em pó modificado -Pregestimil®,,Colher de Café,2
Leite em pó modificado Sobee- Mead Johnson0,,Porção,26
Leite em pó modificado Sobee- Mead Johnson0,,Colher de Arroz,32
Leite em pó modificado Sobee- Mead Johnson0,,Colher de Sopa,16
Leite em pó modificado Sobee- Mead Johnson0,,Colher de Chá,4
Leite em pó modificado Sobee- Mead Johnson0,,Colher de Café,2
Leite em pó modificadoEnfalac - Prematuro®,,Porção,26
Leite em pó modificadoEnfalac - Prematuro®,,Colher de Arroz,32
Leite em pó modificadoEnfalac - Prematuro®,,Colher de Sopa,16
Leite em pó modificadoEnfalac - Prematuro®,,Colher de Chá,4
Leite em pó modificadoEnfalac - Prematuro®,,Colher de Café,2
Leite em pó Nestogeno Soy -Nestlé®,,Porção,26
Leite em pó Nestogeno Soy -Nestlé®,,Colher de Arroz,32
Leite em pó Nestogeno Soy -Nestlé®,,Colher de Sopa,16
Leite em pó Nestogeno Soy -Nestlé®,,Colher de Chá,4
Leite em pó Nestogeno Soy -Nestlé®,,Colher de Café,2
Leite em pó semidesnatadoBônus - Nestlé®,,Porção,26
Leite em pó semidesnatadoBônus - Nestlé®,,Colher de Arroz,32
Leite em pó semidesnatadoBônus - Nestlé®,,Colher de Sopa,16
Leite em pó semidesnatadoBônus - Nestlé®,,Colher de Chá,4
Leite em pó semidesnatadoBônus - Nestlé®,,Colher de Café,2
Leite em pó semidesnatadoenriquecido Svelty Soy -Nestlé®,,Porção,26
Leite em pó semidesnatadoenriquecido Svelty Soy -Nestlé®,,Colher de Arroz,32
Leite em pó semidesnatadoenriquecido Svelty Soy -Nestlé®,,Colher de Sopa,16
Leite em pó semidesnatadoenriquecido Svelty Soy -Nestlé®,,Colher de Chá,4
Leite em pó semidesnatadoenriquecido Svelty Soy -Nestlé®,,Colher de Café,2
Leite em pó total cálcioMolico - Nestlé®,,Porção,26
Leite em pó total cálcioMolico - Nestlé®,,Colher de Arroz,32
Leite em pó total cálcioMolico - Nestlé®,,Colher de Sopa,16
Leite em pó total cálcioMolico - Nestlé®,,Colher de Chá,4
Leite em pó total cálcioMolico - Nestlé®,,Colher de Café,2
Leite fermentado,LATICINIOS,Colher de Sopa,15
Leite fermentado,LATICINIOS,Copo Americano,150
Leite fermentado,LATICINIOS,Copo Médio,240
Leite fermentado,LATICINIOS,Copo Grande,300
Leite fermentado,LATICINIOS,Garrafa 200ml,200
Leite fermentado,LATICINIOS,Caneca,300
Leite fermentado Chamyto -Nestlé®,,Colher de Sopa,15
Leite fermentado Chamyto -Nestlé®,,Copo Americano,150
Leite fermentado Chamyto -Nestlé®,,Copo Médio,240
Leite fermentado Chamyto -Nestlé®,,Copo Grande,300
Leite fermentado Chamyto -Nestlé®,,Garrafa 200ml,200
Leite fermentado Chamyto -Nestlé®,,Caneca,300
Leite geleificado,LATICINIOS,Copo Médio,240
Leite geleificado,LATICINIOS,Copo Grande,300
Leite gelificado chocolate -Nestlé®,,Copo Médio,240
Leite gelificado chocolate -Nestlé®,,Copo Grande,300
Leite integral em pó - LaSerenissima®,,Porção,26
Leite integral em pó - LaSerenissima®,,Colher de Arroz,32
Leite integral em pó - LaSerenissima®,,Colher de Sopa,16
Leite integral em pó - LaSerenissima®,,Colher de Chá,4
Leite integral em pó - LaSerenissima®,,Colher de Café,2
Leite integral Nescau -Nestlé®,,Colher de Sopa,15
Leite integral Nescau -Nestlé®,,Copo Americano,150
Leite integral Nescau -Nestlé®,,Copo Médio,240
Leite integral Nescau -Nestlé®,,Copo Grande,300
Leite integral Nescau -Nestlé®,,Garrafa 200ml,200
Leite integral Nescau -Nestlé®,,Caneca,300
Leite longa vida desnatado -Cotochés®,,Colher de Sopa,15
Leite longa vida desnatado -Cotochés®,,Copo Americano,150
Leite longa vida desnatado -Cotochés®,,Copo Médio,240
Leite longa vida desnatado -Cotochés®,,Copo Grande,300
Leite longa vida desnatado -Cotochés®,,Garrafa 200ml,200
Leite longa vida desnatado -Cotochés®,,Caneca,300
Leite longa vida desnatado -Elegê®,,Colher de Sopa,15
Leite longa vida desnatado -Elegê®,,Copo Americano,150
Leite longa vida desnatado -Elegê®,,Copo Médio,240
Leite longa vida desnatado -Elegê®,,Copo Grande,300
Leite longa vida desnatado -Elegê®,,Garrafa 200ml,200
Leite longa vida desnatado -Elegê®,,Caneca,300
Leite longa vida desnatado -Leco®,,Colher de Sopa,15
Leite longa vida desnatado -Leco®,,Copo Americano,150
Leite longa vida desnatado -Leco®,,Copo Médio,240
Leite longa vida desnatado -Leco®,,Copo Grande,300
Leite longa vida desnatado -Leco®,,Garrafa 200ml,200
Leite longa vida desnatado -Leco®,,Caneca,300
Leite longa vida desnatado -ltalac®,,Colher de Sopa,15
Leite longa vida desnatado -ltalac®,,Copo Americano,150
Leite longa vida desnatado -ltalac®,,Copo Médio,240
Leite longa vida desnatado -ltalac®,,Copo Grande,300
Leite longa vida desnatado -ltalac®,,Garrafa 200ml,200
Leite longa vida desnatado -ltalac®,,Caneca,300
Leite longa vida desnatado -Parmalat®,,Colher de Sopa,15
Leite longa vida desnatado -Parmalat®,,Copo Americano,150
Leite longa vida desnatado -Parmalat®,,Copo Médio,240
Leite longa vida desnatado -Parmalat®,,Copo Grande,300
Leite longa vida desnatado -Parmalat®,,Garrafa 200ml,200
Leite longa vida desnatado -Parmalat®,,Caneca,300
Leite longa vida integral -Cotochés®,,Colher de Sopa,15
Leite longa vida integral -Cotochés®,,Copo Americano,150
Leite longa vida integral -Cotochés®,,Copo Médio,240
Leite longa vida integral -Cotochés®,,Copo Grande,300
Leite longa vida integral -Cotochés®,,Garrafa 200ml,200
Leite longa vida integral -Cotochés®,,Caneca,300
Leite longa vida integral -Elegê®,,Colher de Sopa,15
Leite longa vida integral -Elegê®,,Copo Americano,150
Leite longa vida integral -Elegê®,,Copo Médio,240
Leite longa vida integral -Elegê®,,Copo Grande,300
Leite longa vida integral -Elegê®,,Garrafa 200ml,200
Leite longa vida integral -Elegê®,,Caneca,300
Leite longa vida integral -Parmalat®,,Colher de Sopa,15
Leite longa vida integral -Parmalat®,,Copo Americano,150
Leite longa vida integral -Parmalat®,,Copo Médio,240
Leite longa vida integral -Parmalat®,,Copo Grande,300
Leite longa vida integral -Parmalat®,,Garrafa 200ml,200
Leite longa vida integral -Parmalat®,,Caneca,300
Leite longa vida integral -Paulista®,,Colher de Sopa,15
Leite longa vida integral -Paulista®,,Copo Americano,150
Leite longa vida integral -Paulista®,,Copo Médio,240
Leite longa vida integral -Paulista®,,Copo Grande,300
Leite longa vida integral -Paulista®,,Garrafa 200ml,200
Leite longa vida integral -Paulista®,,Caneca,300
Leite longa vida integral zerolactose - Parmalat®,,Colher de Sopa,15
Leite longa vida integral zerolactose - Parmalat®,,Copo Americano,150
Leite longa vida integral zerolactose - Parmalat®,,Copo Médio,240
Leite longa vida integral zerolactose - Parmalat®,,Copo Grande,300
Leite longa vida integral zerolactose - Parmalat®,,Garrafa 200ml,200
Leite longa vida integral zerolactose - Parmalat®,,Caneca,300
Leite longa vidasemidesnatado - Cotochés®,,Colher de Sopa,15
Leite longa vidasemidesnatado - Cotochés®,,Copo Americano,150
Leite longa vidasemidesnatado - Cotochés®,,Copo Médio,240
Leite longa vidasemidesnatado - Cotochés®,,Copo Grande,300
Leite longa vidasemidesnatado - Cotochés®,,Garrafa 200ml,200
Leite longa vidasemidesnatado - Cotochés®,,Caneca,300
Leite longa vidasemidesnatado - Elegé0,,Colher de Sopa,15
Leite longa vidasemidesnatado - Elegé0,,Copo Americano,150
Leite longa vidasemidesnatado - Elegé0,,Copo Médio,240
Leite longa vidasemidesnatado - Elegé0,,Copo Grande,300
Leite longa vidasemidesnatado - Elegé0,,Garrafa 200ml,200
Leite longa vidasemidesnatado - Elegé0,,Caneca,300
Leite longa vidasemidesnatado - Parmalat®,,Colher de Sopa,15
Leite longa vidasemidesnatado - Parmalat®,,Copo Americano,150
Leite longa vidasemidesnatado - Parmalat®,,Copo Médio,240
Leite longa vidasemidesnatado - Parmalat®,,Copo Grande,300
Leite longa vidasemidesnatado - Parmalat®,,Garrafa 200ml,200
Leite longa vidasemidesnatado - Parmalat®,,Caneca,300
Leite materno,,Colher de Sopa,15
Leite materno,,Copo Americano,150
Leite materno,,Copo Médio,240
Leite materno,,Copo Grande,300
Leite materno,,Garrafa 200ml,200
Leite materno,,Caneca,300
Leite morango Longuinho -Paulista®,,Colher de Sopa,15
Leite morango Longuinho -Paulista®,,Copo Americano,150
Leite morango Longuinho -Paulista®,,Copo Médio,240
Leite morango Longuinho -Paulista®,,Copo Grande,300
Leite morango Longuinho -Paulista®,,Garrafa 200ml,200
Leite morango Longuinho -Paulista®,,Caneca,300
Leite morango Nesquik -Nestlé®,,Colher de Sopa,15
Leite morango Nesquik -Nestlé®,,Copo Americano,150
Leite morango Nesquik -Nestlé®,,Copo Médio,240
Leite morango Nesquik -Nestlé®,,Copo Grande,300
Leite morango Nesquik -Nestlé®,,Garrafa 200ml,200
Leite morango Nesquik -Nestlé®,,Caneca,300
Leite não especificado pasteurizado,LATICINIOS,Porção,165
Leite não especificado pasteurizado,LATICINIOS,Colher de Sopa,15
Leite não especificado pasteurizado,LATICINIOS,Copo Americano,150
Leite não especificado pasteurizado,LATICINIOS,Copo Médio,240
Leite não especificado pasteurizado,LATICINIOS,Copo Grande,300
Leite não especificado pasteurizado,LATICINIOS,Garrafa 200ml,200
Leite não especificado pasteurizado,LATICINIOS,Caneca,300
Leite pasteurizado light -Paulista®,,Colher de Sopa,15
Leite pasteurizado light -Paulista®,,Copo Americano,150
Leite pasteurizado light -Paulista®,,Copo Médio,240
Leite pasteurizado light -Paulista®,,Copo Grande,300
Leite pasteurizado light -Paulista®,,Garrafa 200ml,200
Leite pasteurizado light -Paulista®,,Caneca,300
Leite semidesnatado de vaca orgânico,LATICINIOS,Porção,165
Leite semidesnatado de vaca orgânico,LATICINIOS,Colher de Sopa,15
Leite semidesnatado de vaca orgânico,LATICINIOS,Copo Americano,150
Leite semidesnatado de vaca orgânico,LATICINIOS,Copo Médio,240
Leite semidesnatado de vaca orgânico,LATICINIOS,Copo Grande,300
Leite semidesnatado de vaca orgânico,LATICINIOS,Garrafa 200ml,200
Leite semidesnatado de vaca orgânico,LATICINIOS,Caneca,300
Leite semidesnatado -Paulista®,,Colher de Sopa,15
Leite semidesnatado -Paulista®,,Copo Americano,150
Leite semidesnatado -Paulista®,,Copo Médio,240
Leite semidesnatado -Paulista®,,Copo Grande,300
Leite semidesnatado -Paulista®,,Garrafa 200ml,200
Leite semidesnatado -Paulista®,,Caneca,300
Leite tipo A integralpasteurizado - Bela Vista®,,Colher de Sopa,15
Leite tipo A integralpasteurizado - Bela Vista®,,Copo Americano,150
Leite tipo A integralpasteurizado - Bela Vista®,,Copo Médio,240
Leite tipo A integralpasteurizado - Bela Vista®,,Copo Grande,300
Leite tipo A integralpasteurizado - Bela Vista®,,Garrafa 200ml,200
Leite tipo A integralpasteurizado - Bela Vista®,,Caneca,300
"Leite, búfala, integral",,Colher de Sopa,15
"Leite, búfala, integral",,Copo Americano,150
"Leite, búfala, integral",,Copo Médio,240
"Leite, búfala, integral",,Copo Grande,300
"Leite, búfala, integral",,Garrafa 200ml,200
"Leite, búfala, integral",,Caneca,300
"Leite, c/café, vaca, pó",,Porção,26
"Leite, c/café, vaca, pó",,Colher de Arroz,32
"Leite, c/café, vaca, pó",,Colher de Sopa,16
"Leite, c/café, vaca, pó",,Colher de Chá,4
"Leite, c/café, vaca, pó",,Colher de Café,2
"Leite, cabra, desnatado",,Copo Americano,150
"Leite, cabra, desnatado",,Copo Médio,240
"Leite, cabra, desnatado",,Copo Grande,300
"Leite, cabra, desnatado",,Garrafa 200ml,200
"Leite, cabra, desnatado",,Caneca,300
"Leite, cabra, integral",,Copo Americano,150
"Leite, cabra, integral",,Copo Médio,240
"Leite, cabra, integral",,Copo Grande,300
"Leite, cabra, integral",,Garrafa 200ml,200
"Leite, cabra, integral",,Caneca,300
"Leite, condensado",,Colher de Arroz,30
"Leite, condensado",,Colher de Sopa,15
"Leite, condensado",,Colher de Sobremesa,10
"Leite, condensado",,Copo Médio,240
"Leite, condensado",,Copo Grande,300
"Leite, de cabra",,Colher de Sopa,15
"Leite, de cabra",,Copo Americano,150
"Leite, de cabra",,Copo Médio,240
"Leite, de cabra",,Copo Grande,300
"Leite, de cabra",,Garrafa 200ml,200
"Leite, de cabra",,Caneca,300
"Leite, de coco",,Colher de Sopa,15
"Leite, de coco",,Copo Americano,150
"Leite, de coco",,Copo Médio,240
"Leite, de coco",,Copo Grande,300
"Leite, de coco",,Garrafa 200ml,200
"Leite, de coco",,Caneca,300
"Leite, de vaca, achocolatado",,Colher de Sopa,15
"Leite, de vaca, achocolatado",,Copo Americano,150
"Leite, de vaca, achocolatado",,Copo Médio,240
"Leite, de vaca, achocolatado",,Copo Grande,300
"Leite, de vaca, achocolatado",,Garrafa 200ml,200
"Leite, de vaca, achocolatado",,Caneca,300
"Leite, de vaca, desnatado, pó",,Porção,26
"Leite, de vaca, desnatado, pó",,Colher de Arroz,32
"Leite, de vaca, desnatado, pó",,Colher de Sopa,16
"Leite, de vaca, desnatado, pó",,Colher de Chá,4
"Leite, de vaca, desnatado, pó",,Colher de Café,2
"Leite, de vaca, desnatado, UHT",,Colher de Sopa,15
"Leite, de vaca, desnatado, UHT",,Copo Americano,150
"Leite, de vaca, desnatado, UHT",,Copo Médio,240
"Leite, de vaca, desnatado, UHT",,Copo Grande,300
"Leite, de vaca, desnatado, UHT",,Garrafa 200ml,200
"Leite, de vaca, desnatado, UHT",,Caneca,300
"Leite, de vaca, integral",,Colher de Sopa,15
"Leite, de vaca, integral",,Copo Americano,150
"Leite, de vaca, integral",,Copo Médio,240
"Leite, de vaca, integral",,Copo Grande,300
"Leite, de vaca, integral",,Garrafa 200ml,200
"Leite, de vaca, integral",,Caneca,300
"Leite, de vaca, integral, pó",,Porção,26
"Leite, de vaca, integral, pó",,Colher de Arroz,32
"Leite, de vaca, integral, pó",,Colher de Sopa,16
"Leite, de vaca, integral, pó",,Colher de Chá,4
"Leite, de vaca, integral, pó",,Colher de Café,2
"Leite, fermentado",,Colher de Sopa,15
"Leite, fermentado",,Copo Americano,150
"Leite, fermentado",,Copo Médio,240
"Leite, fermentado",,Copo Grande,300
"Leite, fermentado",,Garrafa 200ml,200
"Leite, fermentado",,Caneca,300
"Leite, fermentado, fermentado",,Colher de Sopa,15
"Leite, fermentado, fermentado",,Copo Americano,150
"Leite, fermentado, fermentado",,Copo Médio,240
"Leite, fermentado, fermentado",,Copo Grande,300
"Leite, fermentado, fermentado",,Garrafa 200ml,200
"Leite, fermentado, fermentado",,Caneca,300
"Leite, humano, maduro (média de diferentes amostras)",,Colher de Sopa,15
"Leite, humano, maduro (média de diferentes amostras)",,Copo Americano,150
"Leite, humano, maduro (média de diferentes amostras)",,Copo Médio,240
"Leite, humano, maduro (média de diferentes amostras)",,Copo Grande,300
"Leite, humano, maduro (média de diferentes amostras)",,Garrafa 200ml,200
"Leite, humano, maduro (média de diferentes amostras)",,Caneca,300
"Leite, vaca, c/ chocolate, fluído",,Colher de Sopa,15
"Leite, vaca, c/ chocolate, fluído",,Copo Americano,150
"Leite, vaca, c/ chocolate, fluído",,Copo Médio,240
"Leite, vaca, c/ chocolate, fluído",,Copo Grande,300
"Leite, vaca, c/ chocolate, fluído",,Garrafa 200ml,200
"Leite, vaca, c/ chocolate, fluído",,Caneca,300
"Leite, vaca, c/ chocolate, pó",,Porção,26
"Leite, vaca, c/ chocolate, pó",,Colher de Arroz,32
"Leite, vaca, c/ chocolate, pó",,Colher de Sopa,16
"Leite, vaca, c/ chocolate, pó",,Colher de Chá,4
"Leite, vaca, c/ chocolate, pó",,Colher de Café,2
"Leite, vaca, c/ chocolate, Toddynho",,Colher de Sopa,15
"Leite, vaca, c/ chocolate, Toddynho",,Copo Americano,150
"Leite, vaca, c/ chocolate, Toddynho",,Copo Médio,240
"Leite, vaca, c/ chocolate, Toddynho",,Copo Grande,300
"Leite, vaca, c/ chocolate, Toddynho",,Garrafa 200ml,200
"Leite, vaca, c/ chocolate, Toddynho",,Caneca,300
"Leite, vaca, c/chocolate, desnatado, ""Toddynho""",,Colher de Sopa,15
"Leite, vaca, c/chocolate, desnatado, ""Toddynho""",,Copo Americano,150
"Leite, vaca, c/chocolate, desnatado, ""Toddynho""",,Copo Médio,240
"Leite, vaca, c/chocolate, desnatado, ""Toddynho""",,Copo Grande,300
"Leite, vaca, c/chocolate, desnatado, ""Toddynho""",,Garrafa 200ml,200
"Leite, vaca, c/chocolate, desnatado, ""Toddynho""",,Caneca,300
"Leite, vaca, condensado",,Colher de Sopa,15
"Leite, vaca, condensado",,Copo Americano,150
"Leite, vaca, condensado",,Copo Médio,240
"Leite, vaca, condensado",,Copo Grande,300
"Leite, vaca, condensado",,Garrafa 200ml,200
"Leite, vaca, condensado",,Caneca,300
"Leite, vaca, desnatado, pó",,Porção,26
"Leite, vaca, desnatado, pó",,Colher de Arroz,32
"Leite, vaca, desnatado, pó",,Colher de Sopa,16
"Leite, vaca, desnatado, pó",,Colher de Chá,4
"Leite, vaca, desnatado, pó",,Colher de Café,2
"Leite, vaca, desnatado, UHT, ""Vigor""",,Porção,170
"Leite, vaca, desnatado, UHT, ""Vigor""",,Colher de Sopa,15
"Leite, vaca, desnatado, UHT, ""Vigor""",,Copo Americano,150
"Leite, vaca, desnatado, UHT, ""Vigor""",,Copo Médio,240
"Leite, vaca, desnatado, UHT, ""Vigor""",,Copo Grande,300
"Leite, vaca, integral",,Copo Americano,150
"Leite, vaca, integral",,Copo Médio,240
"Leite, vaca, integral",,Copo Grande,300
"Leite, vaca, integral",,Garrafa 200ml,200
"Leite, vaca, integral",,Caneca,300
"Leite, vaca, integral, orgânico",,Copo Americano,150
"Leite, vaca, integral, orgânico",,Copo Médio,240
"Leite, vaca, integral, orgânico",,Copo Grande,300
"Leite, vaca, integral, orgânico",,Garrafa 200ml,200
"Leite, vaca, integral, orgânico",,Caneca,300
"Leite, vaca, integral, pó",,Porção,26
"Leite, vaca, integral, pó",,Colher de Arroz,32
"Leite, vaca, integral, pó",,Colher de Sopa,16
"Leite, vaca, integral, pó",,Colher de Chá,4
"Leite, vaca, integral, pó",,Colher de Café,2
"Leite, vaca, integral, pó, ""Ninho""",,Porção,26
"Leite, vaca, integral, pó, ""Ninho""",,Colher de Arroz,32
"Leite, vaca, integral, pó, ""Ninho""",,Colher de Sopa,16
"Leite, vaca, integral, pó, ""Ninho""",,Colher de Chá,4
"Leite, vaca, integral, pó, ""Ninho""",,Colher de Café,2
"Leite, vaca, integral, pó, instantâneo, Ninho",,Porção,26
"Leite, vaca, integral, pó, instantâneo, Ninho",,Colher de Arroz,32
"Leite, vaca, integral, pó, instantâneo, Ninho",,Colher de Sopa,16
"Leite, vaca, integral, pó, instantâneo, Ninho",,Colher de Chá,4
"Leite, vaca, integral, pó, instantâneo, Ninho",,Colher de Café,2
"Leite, vaca, integral, UHT (média de diferentes amostras)",,Copo Americano,150
"Leite, vaca, integral, UHT (média de diferentes amostras)",,Copo Médio,240
"Leite, vaca, integral, UHT (média de diferentes amostras)",,Copo Grande,300
"Leite, vaca, integral, UHT (média de diferentes amostras)",,Garrafa 200ml,200
"Leite, vaca, integral, UHT (média de diferentes amostras)",,Caneca,300
"Leite, vaca, semidesnatado, UHT",,Copo Americano,150
"Leite, vaca, semidesnatado, UHT",,Copo Médio,240
"Leite, vaca, semidesnatado, UHT",,Copo Grande,300
"Leite, vaca, semidesnatado, UHT",,Garrafa 200ml,200
"Leite, vaca, semidesnatado, UHT",,Caneca,300
Lentilha,LEGUMINOSAS,Porção,48
Lentilha,LEGUMINOSAS,Colher de Arroz,32
Lentilha,LEGUMINOSAS,Colher de Sopa,18
Lentilha,LEGUMINOSAS,Concha,160
Lentilha,LEGUMINOSAS,Prato Fundo,320
Lentilha,LEGUMINOSAS,Prato Raso,160
Lentilha,LEGUMINOSAS,Tigela,160
Lentilha - Bonduelle®,,Porção,48
Lentilha - Bonduelle®,,Colher de Arroz,32
Lentilha - Bonduelle®,,Colher de Sopa,18
Lentilha - Bonduelle®,,Concha,160
Lentilha - Bonduelle®,,Prato Fundo,320
Lentilha - Bonduelle®,,Prato Raso,160
Lentilha - Bonduelle®,,Tigela,160
Lentilha - Yoki®,,Porção,48
Lentilha - Yoki®,,Colher de Arroz,32
Lentilha - Yoki®,,Colher de Sopa,18
Lentilha - Yoki®,,Concha,160
Lentilha - Yoki®,,Prato Fundo,320
Lentilha - Yoki®,,Prato Raso,160
Lentilha - Yoki®,,Tigela,160
Lentilha cozida (grãos),,Porção,48
Lentilha cozida (grãos),,Colher de Arroz,32
Lentilha cozida (grãos),,Colher de Sopa,18
Lentilha cozida (grãos),,Concha,160
Lentilha cozida (grãos),,Prato Fundo,320
Lentilha cozida (grãos),,Prato Raso,160
Lentilha cozida (grãos),,Tigela,160
Lentilha seca,,Porção,48
Lentilha seca,,Colher de Arroz,32
Lentilha seca,,Colher de Sopa,18
Lentilha seca,,Concha,160
Lentilha seca,,Prato Fundo,320
Lentilha seca,,Prato Raso,160
Lentilha seca,,Tigela,160
"Lentilha, cozida",,Porção,48
"Lentilha, cozida",,Colher de Arroz,32
"Lentilha, cozida",,Colher de Sopa,18
"Lentilha, cozida",,Concha,160
"Lentilha, cozida",,Prato Fundo,320
"Lentilha, cozida",,Prato Raso,160
"Lentilha, cozida",,Tigela,160
"Lentilha, cozida, drenada, c/ óleo e temperos, c/ sal, Lens culinaris",,Porção,48
"Lentilha, cozida, drenada, c/ óleo e temperos, c/ sal, Lens culinaris",,Colher de Arroz,32
"Lentilha, cozida, drenada, c/ óleo e temperos, c/ sal, Lens culinaris",,Colher de Sopa,18
"Lentilha, cozida, drenada, c/ óleo e temperos, c/ sal, Lens culinaris",,Concha,160
"Lentilha, cozida, drenada, c/ óleo e temperos, c/ sal, Lens culinaris",,Prato Fundo,320
"Lentilha, cozida, drenada, c/ óleo e temperos, c/ sal, Lens culinaris",,Prato Raso,160
"Lentilha, cozida, drenada, c/ óleo e temperos, c/ sal, Lens culinaris",,Tigela,160
"Lentilha, cozida, drenada, c/ óleo e temperos, s/ sal, Lens culinaris",,Porção,48
"Lentilha, cozida, drenada, c/ óleo e temperos, s/ sal, Lens culinaris",,Colher de Arroz,32
"Lentilha, cozida, drenada, c/ óleo e temperos, s/ sal, Lens culinaris",,Colher de Sopa,18
"Lentilha, cozida, drenada, c/ óleo e temperos, s/ sal, Lens culinaris",,Concha,160
"Lentilha, cozida, drenada, c/ óleo e temperos, s/ sal, Lens culinaris",,Prato Fundo,320
"Lentilha, cozida, drenada, c/ óleo e temperos, s/ sal, Lens culinaris",,Prato Raso,160
"Lentilha, cozida, drenada, c/ óleo e temperos, s/ sal, Lens culinaris",,Tigela,160
"Lentilha, cozida, s/ sal e temperos, drenada, Lens culinaris",,Porção,48
"Lentilha, cozida, s/ sal e temperos, drenada, Lens culinaris",,Colher de Arroz,32
"Lentilha, cozida, s/ sal e temperos, drenada, Lens culinaris",,Colher de Sopa,18
"Lentilha, cozida, s/ sal e temperos, drenada, Lens culinaris",,Concha,160
"Lentilha, cozida, s/ sal e temperos, drenada, Lens culinaris",,Prato Fundo,320
"Lentilha, cozida, s/ sal e temperos, drenada, Lens culinaris",,Prato Raso,160
"Lentilha, cozida, s/ sal e temperos, drenada, Lens culinaris",,Tigela,160
"Lentilha, crua",,Porção,48
"Lentilha, crua",,Colher de Arroz,32
"Lentilha, crua",,Colher de Sopa,18
"Lentilha, crua",,Concha,160
"Lentilha, crua",,Prato Fundo,320
"Lentilha, crua",,Prato Raso,160
"Lentilha, crua",,Tigela,160
"Lentilha, crua, Lens culinaris",,Porção,48
"Lentilha, crua, Lens culinaris",,Colher de Arroz,32
"Lentilha, crua, Lens culinaris",,Colher de Sopa,18
"Lentilha, crua, Lens culinaris",,Concha,160
"Lentilha, crua, Lens culinaris",,Prato Fundo,320
"Lentilha, crua, Lens culinaris",,Prato Raso,160
"Lentilha, crua, Lens culinaris",,Tigela,160
Levedo de cerveja,CEREAIS,Porção,38
Levedo de cerveja,CEREAIS,Colher de Arroz,36
Levedo de cerveja,CEREAIS,Colher de Sopa,18
Levedo de cerveja,CEREAIS,Colher de Chá,4
Levedo de cerveja,CEREAIS,Colher de Café,2
Levedo de cerveja,CEREAIS,Colher de Sobremesa,8
Limão (casca),,Fatia,17
Limão (casca),,Unidade,84
Limão (casca),,Metade,42
Limão (casca),,Banda,42
"Limão (comum, galego, etc)",FRUTAS/SUCOS/VITAMINAS,Fatia,17
"Limão (comum, galego, etc)",FRUTAS/SUCOS/VITAMINAS,Unidade,84
"Limão (comum, galego, etc)",FRUTAS/SUCOS/VITAMINAS,Metade,42
"Limão (comum, galego, etc)",FRUTAS/SUCOS/VITAMINAS,Banda,42
Limão (suco),,Copo Americano,150
Limão (suco),,Copo Médio,240
Limão (suco),,Copo Grande,300
Limão (suco),,Unidade,300
Limão (suco),,Garrafa 200ml,200
Limão (suco),,Caneca,300
"Limão, cravo, in natura, Citrus limoniaI Osbeck",,Unidade,84
"Limão, cravo, in natura, Citrus limoniaI Osbeck",,Metade,42
"Limão, cravo, in natura, Citrus limoniaI Osbeck",,Banda,42
"Limão, cravo, suco",,Copo Americano,150
"Limão, cravo, suco",,Copo Médio,240
"Limão, cravo, suco",,Copo Grande,300
"Limão, cravo, suco",,Unidade,300
"Limão, cravo, suco",,Garrafa 200ml,200
"Limão, cravo, suco",,Caneca,300
"Limão, galego, suco",,Copo Americano,150
"Limão, galego, suco",,Copo Médio,240
"Limão, galego, suco",,Copo Grande,300
"Limão, galego, suco",,Unidade,300
"Limão, galego, suco",,Garrafa 200ml,200
"Limão, galego, suco",,Caneca,300
"Limão, galego, suco, in natura, Citrus aurantifolia",,Copo Americano,150
"Limão, galego, suco, in natura, Citrus aurantifolia",,Copo Médio,240
"Limão, galego, suco, in natura, Citrus aurantifolia",,Copo Grande,300
"Limão, galego, suco, in natura, Citrus aurantifolia",,Unidade,300
"Limão, galego, suco, in natura, Citrus aurantifolia",,Garrafa 200ml,200
"Limão, galego, suco, in natura, Citrus aurantifolia",,Caneca,300
"Limão, tahiti, cru",,Unidade,84
"Limão, tahiti, cru",,Metade,42
"Limão, tahiti, cru",,Banda,42
"Limão, Tahiti, suco, in natura, Citrus aurantifolia Swing",,Copo Americano,150
"Limão, Tahiti, suco, in natura, Citrus aurantifolia Swing",,Copo Médio,240
"Limão, Tahiti, suco, in natura, Citrus aurantifolia Swing",,Copo Grande,300
"Limão, Tahiti, suco, in natura, Citrus aurantifolia Swing",,Unidade,300
"Limão, Tahiti, suco, in natura, Citrus aurantifolia Swing",,Garrafa 200ml,200
"Limão, Tahiti, suco, in natura, Citrus aurantifolia Swing",,Caneca,300
Língua bovina assado(a),CARNE BOVINA,Fatia,90
Língua bovina assado(a),CARNE BOVINA,Pedaço,35
Língua bovina assado(a),CARNE BOVINA,Porção,75
Língua bovina assado(a),CARNE BOVINA,Colher de Arroz,70
Língua bovina assado(a),CARNE BOVINA,Colher de Sopa,30
Língua bovina assado(a),CARNE BOVINA,Concha,140
Língua bovina assado(a),CARNE BOVINA,Escumadeira,70
Língua bovina cozido(a),CARNE BOVINA,Fatia,90
Língua bovina cozido(a),CARNE BOVINA,Pedaço,35
Língua bovina cozido(a),CARNE BOVINA,Porção,75
Língua bovina cozido(a),CARNE BOVINA,Colher de Arroz,70
Língua bovina cozido(a),CARNE BOVINA,Colher de Sopa,30
Língua bovina cozido(a),CARNE BOVINA,Concha,140
Língua bovina cozido(a),CARNE BOVINA,Escumadeira,70
Língua bovina ensopado,CARNE BOVINA,Fatia,90
Língua bovina ensopado,CARNE BOVINA,Pedaço,35
Língua bovina ensopado,CARNE BOVINA,Porção,75
Língua bovina ensopado,CARNE BOVINA,Colher de Arroz,70
Língua bovina ensopado,CARNE BOVINA,Colher de Sopa,30
Língua bovina ensopado,CARNE BOVINA,Concha,140
Língua bovina ensopado,CARNE BOVINA,Escumadeira,70
Língua bovina frito(a),CARNE BOVINA,Fatia,90
Língua bovina frito(a),CARNE BOVINA,Pedaço,35
Língua bovina frito(a),CARNE BOVINA,Porção,75
Língua bovina frito(a),CARNE BOVINA,Colher de Arroz,70
Língua bovina frito(a),CARNE BOVINA,Colher de Sopa,30
Língua bovina frito(a),CARNE BOVINA,Concha,140
Língua bovina frito(a),CARNE BOVINA,Escumadeira,70
Língua bovina grelhado(a)/brasa/churrasco,CARNE BOVINA,Fatia,90
Língua bovina grelhado(a)/brasa/churrasco,CARNE BOVINA,Pedaço,35
Língua bovina grelhado(a)/brasa/churrasco,CARNE BOVINA,Porção,75
Língua bovina grelhado(a)/brasa/churrasco,CARNE BOVINA,Colher de Arroz,70
Língua bovina grelhado(a)/brasa/churrasco,CARNE BOVINA,Colher de Sopa,30
Língua bovina grelhado(a)/brasa/churrasco,CARNE BOVINA,Concha,140
Língua bovina grelhado(a)/brasa/churrasco,CARNE BOVINA,Escumadeira,70
Língua bovina molho vermelho,CARNE BOVINA,Fatia,90
Língua bovina molho vermelho,CARNE BOVINA,Pedaço,35
Língua bovina molho vermelho,CARNE BOVINA,Porção,75
Língua bovina molho vermelho,CARNE BOVINA,Colher de Arroz,70
Língua bovina molho vermelho,CARNE BOVINA,Colher de Sopa,30
Língua bovina molho vermelho,CARNE BOVINA,Concha,140
Língua bovina molho vermelho,CARNE BOVINA,Escumadeira,70
Língua de vaca (verdura) cru(a),CARNE BOVINA,Fatia,90
Língua de vaca (verdura) cru(a),CARNE BOVINA,Pedaço,35
Língua de vaca (verdura) cru(a),CARNE BOVINA,Porção,75
Língua de vaca (verdura) cru(a),CARNE BOVINA,Colher de Arroz,70
Língua de vaca (verdura) cru(a),CARNE BOVINA,Colher de Sopa,30
Língua de vaca (verdura) cru(a),CARNE BOVINA,Concha,140
Língua de vaca (verdura) cru(a),CARNE BOVINA,Escumadeira,70
Língua suína assado(a),OUTRAS CARNES,Fatia,90
Língua suína assado(a),OUTRAS CARNES,Pedaço,35
Língua suína assado(a),OUTRAS CARNES,Porção,75
Língua suína assado(a),OUTRAS CARNES,Colher de Arroz,70
Língua suína assado(a),OUTRAS CARNES,Colher de Sopa,30
Língua suína assado(a),OUTRAS CARNES,Concha,140
Língua suína assado(a),OUTRAS CARNES,Escumadeira,70
Língua suína cozido(a),OUTRAS CARNES,Fatia,90
Língua suína cozido(a),OUTRAS CARNES,Pedaço,35
Língua suína cozido(a),OUTRAS CARNES,Porção,75
Língua suína cozido(a),OUTRAS CARNES,Colher de Arroz,70
Língua suína cozido(a),OUTRAS CARNES,Colher de Sopa,30
Língua suína cozido(a),OUTRAS CARNES,Concha,140
Língua suína cozido(a),OUTRAS CARNES,Escumadeira,70
Língua suína frito(a),OUTRAS CARNES,Fatia,90
Língua suína frito(a),OUTRAS CARNES,Pedaço,35
Língua suína frito(a),OUTRAS CARNES,Porção,75
Língua suína frito(a),OUTRAS CARNES,Colher de Arroz,70
Língua suína frito(a),OUTRAS CARNES,Colher de Sopa,30
Língua suína frito(a),OUTRAS CARNES,Concha,140
Língua suína frito(a),OUTRAS CARNES,Escumadeira,70
Língua suína grelhado(a)/brasa/churrasco,OUTRAS CARNES,Fatia,90
Língua suína grelhado(a)/brasa/churrasco,OUTRAS CARNES,Pedaço,35
Língua suína grelhado(a)/brasa/churrasco,OUTRAS CARNES,Porção,75
Língua suína grelhado(a)/brasa/churrasco,OUTRAS CARNES,Colher de Arroz,70
Língua suína grelhado(a)/brasa/churrasco,OUTRAS CARNES,Colher de Sopa,30
Língua suína grelhado(a)/brasa/churrasco,OUTRAS CARNES,Concha,140
Língua suína grelhado(a)/brasa/churrasco,OUTRAS CARNES,Escumadeira,70
Língua suína refogado(a),OUTRAS CARNES,Fatia,90
Língua suína refogado(a),OUTRAS CARNES,Pedaço,35
Língua suína refogado(a),OUTRAS CARNES,Porção,75
Língua suína refogado(a),OUTRAS CARNES,Colher de Arroz,70
Língua suína refogado(a),OUTRAS CARNES,Colher de Sopa,30
Língua suína refogado(a),OUTRAS CARNES,Concha,140
Língua suína refogado(a),OUTRAS CARNES,Escumadeira,70
"Linguiça (suína, bovina, mista, etc)",CARNES INDUSTRIALIZADAS,Unidade,100
"Linguiça (suína, bovina, mista, etc)",CARNES INDUSTRIALIZADAS,Unidade Pequena,50
"Linguiça (suína, bovina, mista, etc) assado(a)",CARNES INDUSTRIALIZADAS,Unidade,100
"Linguiça (suína, bovina, mista, etc) assado(a)",CARNES INDUSTRIALIZADAS,Unidade Pequena,50
"Linguiça (suína, bovina, mista, etc) com manteiga/oleo",CARNES INDUSTRIALIZADAS,Unidade,100
"Linguiça (suína, bovina, mista, etc) com manteiga/oleo",CARNES INDUSTRIALIZADAS,Unidade Pequena,50
"Linguiça (suína, bovina, mista, etc) cozido(a)",CARNES INDUSTRIALIZADAS,Unidade,100
"Linguiça (suína, bovina, mista, etc) cozido(a)",CARNES INDUSTRIALIZADAS,Unidade Pequena,50
"Linguiça (suína, bovina, mista, etc) cru(a)",CARNES INDUSTRIALIZADAS,Unidade,100
"Linguiça (suína, bovina, mista, etc) cru(a)",CARNES INDUSTRIALIZADAS,Unidade Pequena,50
"Linguiça (suína, bovina, mista, etc) empanado(a)/a milanesa",CARNES INDUSTRIALIZADAS,Unidade,100
"Linguiça (suína, bovina, mista, etc) empanado(a)/a milanesa",CARNES INDUSTRIALIZADAS,Unidade Pequena,50
"Linguiça (suína, bovina, mista, etc) ensopado",CARNES INDUSTRIALIZADAS,Unidade,100
"Linguiça (suína, bovina, mista, etc) ensopado",CARNES INDUSTRIALIZADAS,Unidade Pequena,50
"Linguiça (suína, bovina, mista, etc) frito(a)",CARNES INDUSTRIALIZADAS,Unidade,100
"Linguiça (suína, bovina, mista, etc) frito(a)",CARNES INDUSTRIALIZADAS,Unidade Pequena,50
"Linguiça (suína, bovina, mista, etc) grelhado(a)/brasa/churrasco",CARNES INDUSTRIALIZADAS,Unidade,100
"Linguiça (suína, bovina, mista, etc) grelhado(a)/brasa/churrasco",CARNES INDUSTRIALIZADAS,Unidade Pequena,50
"Linguiça (suína, bovina, mista, etc) molho vermelho",CARNES INDUSTRIALIZADAS,Unidade,100
"Linguiça (suína, bovina, mista, etc) molho vermelho",CARNES INDUSTRIALIZADAS,Unidade Pequena,50
"Linguiça (suína, bovina, mista, etc) refogado(a)",CARNES INDUSTRIALIZADAS,Unidade,100
"Linguiça (suína, bovina, mista, etc) refogado(a)",CARNES INDUSTRIALIZADAS,Unidade Pequena,50
Linguiça de frango (crua),,Unidade,100
Linguiça de frango (crua),,Unidade Pequena,50
Linguiça de frango (crua) -Aurora®,,Unidade,100
Linguiça de frango (crua) -Aurora®,,Unidade Pequena,50
Linguiça de frango (frita),,Unidade,100
Linguiça de frango (frita),,Unidade Pequena,50
Linguiça de frango (grelhada),,Unidade,100
Linguiça de frango (grelhada),,Unidade Pequena,50
Linguiça de frango assado(a),CARNES INDUSTRIALIZADAS,Unidade,100
Linguiça de frango assado(a),CARNES INDUSTRIALIZADAS,Unidade Pequena,50
Linguiça de frango cozido(a),CARNES INDUSTRIALIZADAS,Unidade,100
Linguiça de frango cozido(a),CARNES INDUSTRIALIZADAS,Unidade Pequena,50
Linguiça de frango cru(a),CARNES INDUSTRIALIZADAS,Unidade,100
Linguiça de frango cru(a),CARNES INDUSTRIALIZADAS,Unidade Pequena,50
Linguiça de frango frito(a),CARNES INDUSTRIALIZADAS,Unidade,100
Linguiça de frango frito(a),CARNES INDUSTRIALIZADAS,Unidade Pequena,50
Linguiça de frango grelhado(a)/brasa/churrasco,CARNES INDUSTRIALIZADAS,Unidade,100
Linguiça de frango grelhado(a)/brasa/churrasco,CARNES INDUSTRIALIZADAS,Unidade Pequena,50
Linguiça de porco (crua),,Unidade,100
Linguiça de porco (crua),,Unidade Pequena,50
Linguiça de porco (frita),,Unidade,100
Linguiça de porco (frita),,Unidade Pequena,50
Linguiça de porco (grelhada),,Unidade,100
Linguiça de porco (grelhada),,Unidade Pequena,50
"Linguiça, calabresa, fininha, crua",,Unidade,100
"Linguiça, calabresa, fininha, crua",,Unidade Pequena,50
"Linguiça, crua (média de diferentes amostras)",,Unidade,100
"Linguiça, crua (média de diferentes amostras)",,Unidade Pequena,50
"Linguiça, frango, crua",,Unidade,100
"Linguiça, frango, crua",,Unidade Pequena,50
"Linguiça, frango, crua, ""Sadia""",,Unidade,100
"Linguiça, frango, crua, ""Sadia""",,Unidade Pequena,50
"Linguiça, frango, crua, Seara",,Unidade,100
"Linguiça, frango, crua, Seara",,Unidade Pequena,50
"Linguiça, frita",,Unidade,100
"Linguiça, frita",,Unidade Pequena,50
"Linguiça, mista, defumada, crua, ""Sadia""",,Porção,100
"Linguiça, mista, defumada, crua, ""Sadia""",,Unidade,100
"Linguiça, mista, defumada, crua, ""Sadia""",,Unidade Pequena,50
"Linguiça, porco, frescal, crua",,Unidade,100
"Linguiça, porco, frescal, crua",,Unidade Pequena,50
"Linguiça, porco, grelhada",,Unidade,100
"Linguiça, porco, grelhada",,Unidade Pequena,50
"Linguiça, porco, média, defumada, crua",,Unidade,100
"Linguiça, porco, média, defumada, crua",,Unidade Pequena,50
"Linguiça, toscana, crua, ""Seara""",,Unidade,50
"Linhaça, semente",,Porção,30
"Linhaça, semente",,Colher de Sopa,15
"Linhaça, semente",,Colher de Chá,4
"Linhaça, semente, Linum usitatissimum L.",,Porção,30
"Linhaça, semente, Linum usitatissimum L.",,Colher de Sopa,15
Lombo não especificado assado(a),CARNE BOVINA,File,100
Lombo não especificado assado(a),CARNE BOVINA,Bife,100
Lombo não especificado assado(a),CARNE BOVINA,Fatia,90
Lombo não especificado assado(a),CARNE BOVINA,Pedaço,35
Lombo não especificado assado(a),CARNE BOVINA,Porção,75
Lombo não especificado assado(a),CARNE BOVINA,Colher de Arroz,70
Lombo não especificado assado(a),CARNE BOVINA,Colher de Sopa,30
Lombo não especificado assado(a),CARNE BOVINA,Concha,140
Lombo não especificado assado(a),CARNE BOVINA,Escumadeira,70
Lombo não especificado cozido(a),CARNE BOVINA,File,100
Lombo não especificado cozido(a),CARNE BOVINA,Bife,100
Lombo não especificado cozido(a),CARNE BOVINA,Fatia,90
Lombo não especificado cozido(a),CARNE BOVINA,Pedaço,35
Lombo não especificado cozido(a),CARNE BOVINA,Porção,75
Lombo não especificado cozido(a),CARNE BOVINA,Colher de Arroz,70
Lombo não especificado cozido(a),CARNE BOVINA,Colher de Sopa,30
Lombo não especificado cozido(a),CARNE BOVINA,Concha,140
Lombo não especificado cozido(a),CARNE BOVINA,Escumadeira,70
Lombo não especificado cru(a),CARNE BOVINA,File,100
Lombo não especificado cru(a),CARNE BOVINA,Bife,100
Lombo não especificado cru(a),CARNE BOVINA,Fatia,90
Lombo não especificado cru(a),CARNE BOVINA,Pedaço,35
Lombo não especificado cru(a),CARNE BOVINA,Porção,75
Lombo não especificado cru(a),CARNE BOVINA,Colher de Arroz,70
Lombo não especificado cru(a),CARNE BOVINA,Colher de Sopa,30
Lombo não especificado cru(a),CARNE BOVINA,Concha,140
Lombo não especificado cru(a),CARNE BOVINA,Escumadeira,70
Lombo não especificado frito(a),CARNE BOVINA,File,100
Lombo não especificado frito(a),CARNE BOVINA,Bife,100
Lombo não especificado frito(a),CARNE BOVINA,Fatia,90
Lombo não especificado frito(a),CARNE BOVINA,Pedaço,35
Lombo não especificado frito(a),CARNE BOVINA,Porção,75
Lombo não especificado frito(a),CARNE BOVINA,Colher de Arroz,70
Lombo não especificado frito(a),CARNE BOVINA,Colher de Sopa,30
Lombo não especificado frito(a),CARNE BOVINA,Concha,140
Lombo não especificado frito(a),CARNE BOVINA,Escumadeira,70
Lombo não especificado molho branco,CARNE BOVINA,File,100
Lombo não especificado molho branco,CARNE BOVINA,Bife,100
Lombo não especificado molho branco,CARNE BOVINA,Fatia,90
Lombo não especificado molho branco,CARNE BOVINA,Pedaço,35
Lombo não especificado molho branco,CARNE BOVINA,Porção,75
Lombo não especificado molho branco,CARNE BOVINA,Colher de Arroz,70
Lombo não especificado molho branco,CARNE BOVINA,Colher de Sopa,30
Lombo não especificado molho branco,CARNE BOVINA,Concha,140
Lombo não especificado molho branco,CARNE BOVINA,Escumadeira,70
Lombo paulista (carne bovina) assado(a),CARNE BOVINA,File,100
Lombo paulista (carne bovina) assado(a),CARNE BOVINA,Bife,100
Lombo paulista (carne bovina) assado(a),CARNE BOVINA,Fatia,90
Lombo paulista (carne bovina) assado(a),CARNE BOVINA,Pedaço,35
Lombo paulista (carne bovina) assado(a),CARNE BOVINA,Porção,75
Lombo paulista (carne bovina) assado(a),CARNE BOVINA,Colher de Arroz,70
Lombo paulista (carne bovina) assado(a),CARNE BOVINA,Colher de Sopa,30
Lombo paulista (carne bovina) assado(a),CARNE BOVINA,Concha,140
Lombo paulista (carne bovina) assado(a),CARNE BOVINA,Escumadeira,70
Lombo paulista (carne bovina) cozido(a),CARNE BOVINA,File,100
Lombo paulista (carne bovina) cozido(a),CARNE BOVINA,Bife,100
Lombo paulista (carne bovina) cozido(a),CARNE BOVINA,Fatia,90
Lombo paulista (carne bovina) cozido(a),CARNE BOVINA,Pedaço,35
Lombo paulista (carne bovina) cozido(a),CARNE BOVINA,Porção,75
Lombo paulista (carne bovina) cozido(a),CARNE BOVINA,Colher de Arroz,70
Lombo paulista (carne bovina) cozido(a),CARNE BOVINA,Colher de Sopa,30
Lombo paulista (carne bovina) cozido(a),CARNE BOVINA,Concha,140
Lombo paulista (carne bovina) cozido(a),CARNE BOVINA,Escumadeira,70
Lombo paulista (carne bovina) ensopado,CARNE BOVINA,File,100
Lombo paulista (carne bovina) ensopado,CARNE BOVINA,Bife,100
Lombo paulista (carne bovina) ensopado,CARNE BOVINA,Fatia,90
Lombo paulista (carne bovina) ensopado,CARNE BOVINA,Pedaço,35
Lombo paulista (carne bovina) ensopado,CARNE BOVINA,Porção,75
Lombo paulista (carne bovina) ensopado,CARNE BOVINA,Colher de Arroz,70
Lombo paulista (carne bovina) ensopado,CARNE BOVINA,Colher de Sopa,30
Lombo paulista (carne bovina) ensopado,CARNE BOVINA,Concha,140
Lombo paulista (carne bovina) ensopado,CARNE BOVINA,Escumadeira,70
Lombo paulista (carne bovina) frito(a),CARNE BOVINA,File,100
Lombo paulista (carne bovina) frito(a),CARNE BOVINA,Bife,100
Lombo paulista (carne bovina) frito(a),CARNE BOVINA,Fatia,90
Lombo paulista (carne bovina) frito(a),CARNE BOVINA,Pedaço,35
Lombo paulista (carne bovina) frito(a),CARNE BOVINA,Porção,75
Lombo paulista (carne bovina) frito(a),CARNE BOVINA,Colher de Arroz,70
Lombo paulista (carne bovina) frito(a),CARNE BOVINA,Colher de Sopa,30
Lombo paulista (carne bovina) frito(a),CARNE BOVINA,Concha,140
Lombo paulista (carne bovina) frito(a),CARNE BOVINA,Escumadeira,70
Lombo suíno assado(a),OUTRAS CARNES,Bife,100
Lombo suíno assado(a),OUTRAS CARNES,Fatia,90
Lombo suíno assado(a),OUTRAS CARNES,Pedaço,35
Lombo suíno assado(a),OUTRAS CARNES,Porção,75
Lombo suíno assado(a),OUTRAS CARNES,Colher de Arroz,70
Lombo suíno assado(a),OUTRAS CARNES,Colher de Sopa,30
Lombo suíno assado(a),OUTRAS CARNES,Concha,140
Lombo suíno assado(a),OUTRAS CARNES,Escumadeira,70
Lombo suíno cozido(a),OUTRAS CARNES,Bife,100
Lombo suíno cozido(a),OUTRAS CARNES,Fatia,90
Lombo suíno cozido(a),OUTRAS CARNES,Pedaço,35
Lombo suíno cozido(a),OUTRAS CARNES,Porção,75
Lombo suíno cozido(a),OUTRAS CARNES,Colher de Arroz,70
Lombo suíno cozido(a),OUTRAS CARNES,Colher de Sopa,30
Lombo suíno cozido(a),OUTRAS CARNES,Concha,140
Lombo suíno cozido(a),OUTRAS CARNES,Escumadeira,70
Lombo suíno frito(a),OUTRAS CARNES,Bife,100
Lombo suíno frito(a),OUTRAS CARNES,Fatia,90
Lombo suíno frito(a),OUTRAS CARNES,Pedaço,35
Lombo suíno frito(a),OUTRAS CARNES,Porção,75
Lombo suíno frito(a),OUTRAS CARNES,Colher de Arroz,70
Lombo suíno frito(a),OUTRAS CARNES,Colher de Sopa,30
Lombo suíno frito(a),OUTRAS CARNES,Concha,140
Lombo suíno frito(a),OUTRAS CARNES,Escumadeira,70
Lombo suíno grelhado(a)/brasa/churrasco,OUTRAS CARNES,Bife,100
Lombo suíno grelhado(a)/brasa/churrasco,OUTRAS CARNES,Fatia,90
Lombo suíno grelhado(a)/brasa/churrasco,OUTRAS CARNES,Pedaço,35
Lombo suíno grelhado(a)/brasa/churrasco,OUTRAS CARNES,Porção,75
Lombo suíno grelhado(a)/brasa/churrasco,OUTRAS CARNES,Colher de Arroz,70
Lombo suíno grelhado(a)/brasa/churrasco,OUTRAS CARNES,Colher de Sopa,30
Lombo suíno grelhado(a)/brasa/churrasco,OUTRAS CARNES,Concha,140
Lombo suíno grelhado(a)/brasa/churrasco,OUTRAS CARNES,Escumadeira,70
"Lombo, canadense, defumado",,Bife,100
"Lombo, canadense, defumado",,Fatia,90
"Lombo, canadense, defumado",,Pedaço,35
"Lombo, canadense, defumado",,Porção,75
"Lombo, canadense, defumado",,Colher de Arroz,70
"Lombo, canadense, defumado",,Colher de Sopa,30
"Lombo, canadense, defumado",,Concha,140
"Lombo, canadense, defumado",,Escumadeira,70
Maçã,FRUTAS/SUCOS/VITAMINAS,Fatia,38
Maçã,FRUTAS/SUCOS/VITAMINAS,Unidade,150
Maçã,FRUTAS/SUCOS/VITAMINAS,Metade,75
Maçã,FRUTAS/SUCOS/VITAMINAS,Banda,75
Maçã (casca),,Fatia,38
Maçã (casca),,Unidade,150
Maçã (casca),,Metade,75
Maçã (casca),,Banda,75
Maçã (sem casca),,Fatia,38
Maçã (sem casca),,Unidade,150
Maçã (sem casca),,Metade,75
Maçã (sem casca),,Banda,75
"Maçã , verde, crua, s/ pele, Malus domestica",,Fatia,38
"Maçã , verde, crua, s/ pele, Malus domestica",,Unidade,150
"Maçã , verde, crua, s/ pele, Malus domestica",,Metade,75
"Maçã , verde, crua, s/ pele, Malus domestica",,Banda,75
Maçã orgânica,FRUTAS/SUCOS/VITAMINAS,Fatia,38
Maçã orgânica,FRUTAS/SUCOS/VITAMINAS,Unidade,150
Maçã orgânica,FRUTAS/SUCOS/VITAMINAS,Metade,75
Maçã orgânica,FRUTAS/SUCOS/VITAMINAS,Banda,75
Maçã -Turma da Mônica®,,Fatia,38
Maçã -Turma da Mônica®,,Unidade,150
Maçã -Turma da Mônica®,,Metade,75
Maçã -Turma da Mônica®,,Banda,75
Maçã vermelha,,Fatia,38
Maçã vermelha,,Unidade,150
Maçã vermelha,,Metade,75
Maçã vermelha,,Banda,75
"Maçã, Argentina, c/ casca, in natura, Malus domestica",,Fatia,25
"Maçã, Argentina, c/ casca, in natura, Malus domestica",,Unidade,50
"Maçã, Argentina, c/ casca, in natura, Malus domestica",,Metade,25
"Maçã, Argentina, c/ casca, in natura, Malus domestica",,Banda,25
"Maçã, Argentina, com casca, crua",,Fatia,25
"Maçã, Argentina, com casca, crua",,Unidade,50
"Maçã, Argentina, com casca, crua",,Metade,25
"Maçã, Argentina, com casca, crua",,Banda,25
"Maçã, c/ casca, in natura, Malus domestica",,Fatia,38
"Maçã, c/ casca, in natura, Malus domestica",,Unidade,150
"Maçã, c/ casca, in natura, Malus domestica",,Metade,75
"Maçã, c/ casca, in natura, Malus domestica",,Banda,75
"Maçã, Fuji, c/ casca, in natura, Malus domestica",,Fatia,35
"Maçã, Fuji, c/ casca, in natura, Malus domestica",,Unidade,70
"Maçã, Fuji, c/ casca, in natura, Malus domestica",,Metade,35
"Maçã, Fuji, c/ casca, in natura, Malus domestica",,Banda,35
"Maçã, Fuji, com casca, crua",,Fatia,35
"Maçã, Fuji, com casca, crua",,Unidade,70
"Maçã, Fuji, com casca, crua",,Metade,35
"Maçã, Fuji, com casca, crua",,Banda,35
Macarrão,FARINHAS/FÉCULAS/MASSAS,Porção,105
Macarrão,FARINHAS/FÉCULAS/MASSAS,Colher de Arroz,50
Macarrão,FARINHAS/FÉCULAS/MASSAS,Colher de Sopa,25
Macarrão,FARINHAS/FÉCULAS/MASSAS,Concha,110
Macarrão,FARINHAS/FÉCULAS/MASSAS,Escumadeira,110
Macarrão,FARINHAS/FÉCULAS/MASSAS,Colher de Chá,6
Macarrão,FARINHAS/FÉCULAS/MASSAS,Colher de Sobremesa,12
Macarrão,FARINHAS/FÉCULAS/MASSAS,Pegador,110
Macarrão,FARINHAS/FÉCULAS/MASSAS,Prato Fundo,400
Macarrão,FARINHAS/FÉCULAS/MASSAS,Prato Raso,320
Macarrão  ao alho e oleo,FARINHAS/FÉCULAS/MASSAS,Porção,105
Macarrão  ao alho e oleo,FARINHAS/FÉCULAS/MASSAS,Colher de Arroz,50
Macarrão  ao alho e oleo,FARINHAS/FÉCULAS/MASSAS,Colher de Sopa,25
Macarrão  ao alho e oleo,FARINHAS/FÉCULAS/MASSAS,Concha,110
Macarrão  ao alho e oleo,FARINHAS/FÉCULAS/MASSAS,Escumadeira,110
Macarrão  ao alho e oleo,FARINHAS/FÉCULAS/MASSAS,Colher de Chá,6
Macarrão  ao alho e oleo,FARINHAS/FÉCULAS/MASSAS,Colher de Sobremesa,12
Macarrão  ao alho e oleo,FARINHAS/FÉCULAS/MASSAS,Pegador,110
Macarrão  ao alho e oleo,FARINHAS/FÉCULAS/MASSAS,Prato Fundo,400
Macarrão  ao alho e oleo,FARINHAS/FÉCULAS/MASSAS,Prato Raso,320
Macarrão  ao vinagrete,FARINHAS/FÉCULAS/MASSAS,Porção,105
Macarrão  ao vinagrete,FARINHAS/FÉCULAS/MASSAS,Colher de Arroz,50
Macarrão  ao vinagrete,FARINHAS/FÉCULAS/MASSAS,Colher de Sopa,25
Macarrão  ao vinagrete,FARINHAS/FÉCULAS/MASSAS,Concha,110
Macarrão  ao vinagrete,FARINHAS/FÉCULAS/MASSAS,Escumadeira,110
Macarrão  ao vinagrete,FARINHAS/FÉCULAS/MASSAS,Colher de Chá,6
Macarrão  ao vinagrete,FARINHAS/FÉCULAS/MASSAS,Colher de Sobremesa,12
Macarrão  ao vinagrete,FARINHAS/FÉCULAS/MASSAS,Pegador,110
Macarrão  ao vinagrete,FARINHAS/FÉCULAS/MASSAS,Prato Fundo,400
Macarrão  ao vinagrete,FARINHAS/FÉCULAS/MASSAS,Prato Raso,320
Macarrão  assado(a),FARINHAS/FÉCULAS/MASSAS,Porção,105
Macarrão  assado(a),FARINHAS/FÉCULAS/MASSAS,Colher de Arroz,50
Macarrão  assado(a),FARINHAS/FÉCULAS/MASSAS,Colher de Sopa,25
Macarrão  assado(a),FARINHAS/FÉCULAS/MASSAS,Concha,110
Macarrão  assado(a),FARINHAS/FÉCULAS/MASSAS,Escumadeira,110
Macarrão  assado(a),FARINHAS/FÉCULAS/MASSAS,Colher de Chá,6
Macarrão  assado(a),FARINHAS/FÉCULAS/MASSAS,Colher de Sobremesa,12
Macarrão  assado(a),FARINHAS/FÉCULAS/MASSAS,Pegador,110
Macarrão  assado(a),FARINHAS/FÉCULAS/MASSAS,Prato Fundo,400
Macarrão  assado(a),FARINHAS/FÉCULAS/MASSAS,Prato Raso,320
Macarrão  com manteiga/oleo,FARINHAS/FÉCULAS/MASSAS,Porção,105
Macarrão  com manteiga/oleo,FARINHAS/FÉCULAS/MASSAS,Colher de Arroz,50
Macarrão  com manteiga/oleo,FARINHAS/FÉCULAS/MASSAS,Colher de Sopa,25
Macarrão  com manteiga/oleo,FARINHAS/FÉCULAS/MASSAS,Concha,110
Macarrão  com manteiga/oleo,FARINHAS/FÉCULAS/MASSAS,Escumadeira,110
Macarrão  com manteiga/oleo,FARINHAS/FÉCULAS/MASSAS,Colher de Chá,6
Macarrão  com manteiga/oleo,FARINHAS/FÉCULAS/MASSAS,Colher de Sobremesa,12
Macarrão  com manteiga/oleo,FARINHAS/FÉCULAS/MASSAS,Pegador,110
Macarrão  com manteiga/oleo,FARINHAS/FÉCULAS/MASSAS,Prato Fundo,400
Macarrão  com manteiga/oleo,FARINHAS/FÉCULAS/MASSAS,Prato Raso,320
Macarrão  cozido(a),FARINHAS/FÉCULAS/MASSAS,Porção,105
Macarrão  cozido(a),FARINHAS/FÉCULAS/MASSAS,Colher de Arroz,50
Macarrão  cozido(a),FARINHAS/FÉCULAS/MASSAS,Colher de Sopa,25
Macarrão  cozido(a),FARINHAS/FÉCULAS/MASSAS,Concha,110
Macarrão  cozido(a),FARINHAS/FÉCULAS/MASSAS,Escumadeira,110
Macarrão  cozido(a),FARINHAS/FÉCULAS/MASSAS,Colher de Chá,6
Macarrão  cozido(a),FARINHAS/FÉCULAS/MASSAS,Colher de Sobremesa,12
Macarrão  cozido(a),FARINHAS/FÉCULAS/MASSAS,Pegador,110
Macarrão  cozido(a),FARINHAS/FÉCULAS/MASSAS,Prato Fundo,400
Macarrão  cozido(a),FARINHAS/FÉCULAS/MASSAS,Prato Raso,320
Macarrão  cru(a),FARINHAS/FÉCULAS/MASSAS,Porção,105
Macarrão  cru(a),FARINHAS/FÉCULAS/MASSAS,Colher de Arroz,50
Macarrão  cru(a),FARINHAS/FÉCULAS/MASSAS,Colher de Sopa,25
Macarrão  cru(a),FARINHAS/FÉCULAS/MASSAS,Concha,110
Macarrão  cru(a),FARINHAS/FÉCULAS/MASSAS,Escumadeira,110
Macarrão  cru(a),FARINHAS/FÉCULAS/MASSAS,Colher de Chá,6
Macarrão  cru(a),FARINHAS/FÉCULAS/MASSAS,Colher de Sobremesa,12
Macarrão  cru(a),FARINHAS/FÉCULAS/MASSAS,Pegador,110
Macarrão  cru(a),FARINHAS/FÉCULAS/MASSAS,Prato Fundo,400
Macarrão  cru(a),FARINHAS/FÉCULAS/MASSAS,Prato Raso,320
Macarrão  empanado(a)/a milanesa,FARINHAS/FÉCULAS/MASSAS,Porção,105
Macarrão  empanado(a)/a milanesa,FARINHAS/FÉCULAS/MASSAS,Colher de Arroz,50
Macarrão  empanado(a)/a milanesa,FARINHAS/FÉCULAS/MASSAS,Colher de Sopa,25
Macarrão  empanado(a)/a milanesa,FARINHAS/FÉCULAS/MASSAS,Concha,110
Macarrão  empanado(a)/a milanesa,FARINHAS/FÉCULAS/MASSAS,Escumadeira,110
Macarrão  empanado(a)/a milanesa,FARINHAS/FÉCULAS/MASSAS,Colher de Chá,6
Macarrão  empanado(a)/a milanesa,FARINHAS/FÉCULAS/MASSAS,Colher de Sobremesa,12
Macarrão  empanado(a)/a milanesa,FARINHAS/FÉCULAS/MASSAS,Pegador,110
Macarrão  empanado(a)/a milanesa,FARINHAS/FÉCULAS/MASSAS,Prato Fundo,400
Macarrão  empanado(a)/a milanesa,FARINHAS/FÉCULAS/MASSAS,Prato Raso,320
Macarrão  ensopado,FARINHAS/FÉCULAS/MASSAS,Porção,105
Macarrão  ensopado,FARINHAS/FÉCULAS/MASSAS,Colher de Arroz,50
Macarrão  ensopado,FARINHAS/FÉCULAS/MASSAS,Colher de Sopa,25
Macarrão  ensopado,FARINHAS/FÉCULAS/MASSAS,Concha,110
Macarrão  ensopado,FARINHAS/FÉCULAS/MASSAS,Escumadeira,110
Macarrão  ensopado,FARINHAS/FÉCULAS/MASSAS,Colher de Chá,6
Macarrão  ensopado,FARINHAS/FÉCULAS/MASSAS,Colher de Sobremesa,12
Macarrão  ensopado,FARINHAS/FÉCULAS/MASSAS,Pegador,110
Macarrão  ensopado,FARINHAS/FÉCULAS/MASSAS,Prato Fundo,400
Macarrão  ensopado,FARINHAS/FÉCULAS/MASSAS,Prato Raso,320
Macarrão  frito(a),FARINHAS/FÉCULAS/MASSAS,Porção,105
Macarrão  frito(a),FARINHAS/FÉCULAS/MASSAS,Colher de Arroz,50
Macarrão  frito(a),FARINHAS/FÉCULAS/MASSAS,Colher de Sopa,25
Macarrão  frito(a),FARINHAS/FÉCULAS/MASSAS,Concha,110
Macarrão  frito(a),FARINHAS/FÉCULAS/MASSAS,Escumadeira,110
Macarrão  frito(a),FARINHAS/FÉCULAS/MASSAS,Colher de Chá,6
Macarrão  frito(a),FARINHAS/FÉCULAS/MASSAS,Colher de Sobremesa,12
Macarrão  frito(a),FARINHAS/FÉCULAS/MASSAS,Pegador,110
Macarrão  frito(a),FARINHAS/FÉCULAS/MASSAS,Prato Fundo,400
Macarrão  frito(a),FARINHAS/FÉCULAS/MASSAS,Prato Raso,320
Macarrão  grelhado(a)/brasa/churrasco,FARINHAS/FÉCULAS/MASSAS,Porção,105
Macarrão  grelhado(a)/brasa/churrasco,FARINHAS/FÉCULAS/MASSAS,Colher de Arroz,50
Macarrão  grelhado(a)/brasa/churrasco,FARINHAS/FÉCULAS/MASSAS,Colher de Sopa,25
Macarrão  grelhado(a)/brasa/churrasco,FARINHAS/FÉCULAS/MASSAS,Concha,110
Macarrão  grelhado(a)/brasa/churrasco,FARINHAS/FÉCULAS/MASSAS,Escumadeira,110
Macarrão  grelhado(a)/brasa/churrasco,FARINHAS/FÉCULAS/MASSAS,Colher de Chá,6
Macarrão  grelhado(a)/brasa/churrasco,FARINHAS/FÉCULAS/MASSAS,Colher de Sobremesa,12
Macarrão  grelhado(a)/brasa/churrasco,FARINHAS/FÉCULAS/MASSAS,Pegador,110
Macarrão  grelhado(a)/brasa/churrasco,FARINHAS/FÉCULAS/MASSAS,Prato Fundo,400
Macarrão  grelhado(a)/brasa/churrasco,FARINHAS/FÉCULAS/MASSAS,Prato Raso,320
Macarrão  molho branco,FARINHAS/FÉCULAS/MASSAS,Porção,105
Macarrão  molho branco,FARINHAS/FÉCULAS/MASSAS,Colher de Arroz,50
Macarrão  molho branco,FARINHAS/FÉCULAS/MASSAS,Colher de Sopa,25
Macarrão  molho branco,FARINHAS/FÉCULAS/MASSAS,Concha,110
Macarrão  molho branco,FARINHAS/FÉCULAS/MASSAS,Escumadeira,110
Macarrão  molho branco,FARINHAS/FÉCULAS/MASSAS,Colher de Chá,6
Macarrão  molho branco,FARINHAS/FÉCULAS/MASSAS,Colher de Sobremesa,12
Macarrão  molho branco,FARINHAS/FÉCULAS/MASSAS,Pegador,110
Macarrão  molho branco,FARINHAS/FÉCULAS/MASSAS,Prato Fundo,400
Macarrão  molho branco,FARINHAS/FÉCULAS/MASSAS,Prato Raso,320
Macarrão  molho vermelho,FARINHAS/FÉCULAS/MASSAS,Porção,105
Macarrão  molho vermelho,FARINHAS/FÉCULAS/MASSAS,Colher de Arroz,50
Macarrão  molho vermelho,FARINHAS/FÉCULAS/MASSAS,Colher de Sopa,25
Macarrão  molho vermelho,FARINHAS/FÉCULAS/MASSAS,Concha,110
Macarrão  molho vermelho,FARINHAS/FÉCULAS/MASSAS,Escumadeira,110
Macarrão  molho vermelho,FARINHAS/FÉCULAS/MASSAS,Colher de Chá,6
Macarrão  molho vermelho,FARINHAS/FÉCULAS/MASSAS,Colher de Sobremesa,12
Macarrão  molho vermelho,FARINHAS/FÉCULAS/MASSAS,Pegador,110
Macarrão  molho vermelho,FARINHAS/FÉCULAS/MASSAS,Prato Fundo,400
Macarrão  molho vermelho,FARINHAS/FÉCULAS/MASSAS,Prato Raso,320
Macarrão  refogado(a),FARINHAS/FÉCULAS/MASSAS,Porção,105
Macarrão  refogado(a),FARINHAS/FÉCULAS/MASSAS,Colher de Arroz,50
Macarrão  refogado(a),FARINHAS/FÉCULAS/MASSAS,Colher de Sopa,25
Macarrão  refogado(a),FARINHAS/FÉCULAS/MASSAS,Concha,110
Macarrão  refogado(a),FARINHAS/FÉCULAS/MASSAS,Escumadeira,110
Macarrão  refogado(a),FARINHAS/FÉCULAS/MASSAS,Colher de Chá,6
Macarrão  refogado(a),FARINHAS/FÉCULAS/MASSAS,Colher de Sobremesa,12
Macarrão  refogado(a),FARINHAS/FÉCULAS/MASSAS,Pegador,110
Macarrão  refogado(a),FARINHAS/FÉCULAS/MASSAS,Prato Fundo,400
Macarrão  refogado(a),FARINHAS/FÉCULAS/MASSAS,Prato Raso,320
Macarrão (cozido),,Porção,105
Macarrão (cozido),,Colher de Arroz,50
Macarrão (cozido),,Colher de Sopa,25
Macarrão (cozido),,Concha,110
Macarrão (cozido),,Escumadeira,110
Macarrão (cozido),,Colher de Chá,6
Macarrão (cozido),,Colher de Sobremesa,12
Macarrão (cozido),,Pegador,110
Macarrão (cozido),,Prato Fundo,400
Macarrão (cozido),,Prato Raso,320
Macarrão (cru),,Porção,105
Macarrão (cru),,Colher de Arroz,50
Macarrão (cru),,Colher de Sopa,25
Macarrão (cru),,Concha,110
Macarrão (cru),,Escumadeira,110
Macarrão (cru),,Colher de Chá,6
Macarrão (cru),,Colher de Sobremesa,12
Macarrão (cru),,Pegador,110
Macarrão (cru),,Prato Fundo,400
Macarrão (cru),,Prato Raso,320
Macarrão ao sugo,,Porção,105
Macarrão ao sugo,,Colher de Arroz,50
Macarrão ao sugo,,Colher de Sopa,25
Macarrão ao sugo,,Concha,110
Macarrão ao sugo,,Escumadeira,110
Macarrão ao sugo,,Colher de Chá,6
Macarrão ao sugo,,Colher de Sobremesa,12
Macarrão ao sugo,,Pegador,110
Macarrão ao sugo,,Prato Fundo,400
Macarrão ao sugo,,Prato Raso,320
Macarrão com carne,FARINHAS/FÉCULAS/MASSAS,Porção,105
Macarrão com carne,FARINHAS/FÉCULAS/MASSAS,Colher de Arroz,50
Macarrão com carne,FARINHAS/FÉCULAS/MASSAS,Colher de Sopa,25
Macarrão com carne,FARINHAS/FÉCULAS/MASSAS,Concha,110
Macarrão com carne,FARINHAS/FÉCULAS/MASSAS,Escumadeira,110
Macarrão com carne,FARINHAS/FÉCULAS/MASSAS,Colher de Chá,6
Macarrão com carne,FARINHAS/FÉCULAS/MASSAS,Colher de Sobremesa,12
Macarrão com carne,FARINHAS/FÉCULAS/MASSAS,Pegador,110
Macarrão com carne,FARINHAS/FÉCULAS/MASSAS,Prato Fundo,400
Macarrão com carne,FARINHAS/FÉCULAS/MASSAS,Prato Raso,320
Macarrão com peixe,FARINHAS/FÉCULAS/MASSAS,Porção,105
Macarrão com peixe,FARINHAS/FÉCULAS/MASSAS,Colher de Arroz,50
Macarrão com peixe,FARINHAS/FÉCULAS/MASSAS,Colher de Sopa,25
Macarrão com peixe,FARINHAS/FÉCULAS/MASSAS,Concha,110
Macarrão com peixe,FARINHAS/FÉCULAS/MASSAS,Escumadeira,110
Macarrão com peixe,FARINHAS/FÉCULAS/MASSAS,Colher de Chá,6
Macarrão com peixe,FARINHAS/FÉCULAS/MASSAS,Colher de Sobremesa,12
Macarrão com peixe,FARINHAS/FÉCULAS/MASSAS,Pegador,110
Macarrão com peixe,FARINHAS/FÉCULAS/MASSAS,Prato Fundo,400
Macarrão com peixe,FARINHAS/FÉCULAS/MASSAS,Prato Raso,320
Macarrão de sêmola de grãoduro - Smurfs Delverde®,,Porção,105
Macarrão de sêmola de grãoduro - Smurfs Delverde®,,Colher de Arroz,50
Macarrão de sêmola de grãoduro - Smurfs Delverde®,,Colher de Sopa,25
Macarrão de sêmola de grãoduro - Smurfs Delverde®,,Concha,110
Macarrão de sêmola de grãoduro - Smurfs Delverde®,,Escumadeira,110
Macarrão de sêmola de grãoduro - Smurfs Delverde®,,Colher de Chá,6
Macarrão de sêmola de grãoduro - Smurfs Delverde®,,Colher de Sobremesa,12
Macarrão de sêmola de grãoduro - Smurfs Delverde®,,Pegador,110
Macarrão de sêmola de grãoduro - Smurfs Delverde®,,Prato Fundo,400
Macarrão de sêmola de grãoduro - Smurfs Delverde®,,Prato Raso,320
Macarrão instantaneo,FARINHAS/FÉCULAS/MASSAS,Porção,105
Macarrão instantaneo,FARINHAS/FÉCULAS/MASSAS,Colher de Arroz,50
Macarrão instantaneo,FARINHAS/FÉCULAS/MASSAS,Colher de Sopa,25
Macarrão instantaneo,FARINHAS/FÉCULAS/MASSAS,Concha,110
Macarrão instantaneo,FARINHAS/FÉCULAS/MASSAS,Escumadeira,110
Macarrão instantaneo,FARINHAS/FÉCULAS/MASSAS,Colher de Chá,6
Macarrão instantaneo,FARINHAS/FÉCULAS/MASSAS,Colher de Sobremesa,12
Macarrão instantaneo,FARINHAS/FÉCULAS/MASSAS,Pegador,110
Macarrão instantaneo,FARINHAS/FÉCULAS/MASSAS,Prato Fundo,400
Macarrão instantaneo,FARINHAS/FÉCULAS/MASSAS,Prato Raso,320
Macarrão instantaneo light,FARINHAS/FÉCULAS/MASSAS,Porção,105
Macarrão instantaneo light,FARINHAS/FÉCULAS/MASSAS,Colher de Arroz,50
Macarrão instantaneo light,FARINHAS/FÉCULAS/MASSAS,Colher de Sopa,25
Macarrão instantaneo light,FARINHAS/FÉCULAS/MASSAS,Concha,110
Macarrão instantaneo light,FARINHAS/FÉCULAS/MASSAS,Escumadeira,110
Macarrão instantaneo light,FARINHAS/FÉCULAS/MASSAS,Colher de Chá,6
Macarrão instantaneo light,FARINHAS/FÉCULAS/MASSAS,Colher de Sobremesa,12
Macarrão instantaneo light,FARINHAS/FÉCULAS/MASSAS,Pegador,110
Macarrão instantaneo light,FARINHAS/FÉCULAS/MASSAS,Prato Fundo,400
Macarrão instantaneo light,FARINHAS/FÉCULAS/MASSAS,Prato Raso,320
Macarrão instantaneo light sopa,SOPAS/CALDOS/MINGAUS,Porção,105
Macarrão instantaneo light sopa,SOPAS/CALDOS/MINGAUS,Colher de Arroz,50
Macarrão instantaneo light sopa,SOPAS/CALDOS/MINGAUS,Colher de Sopa,25
Macarrão instantaneo light sopa,SOPAS/CALDOS/MINGAUS,Concha,110
Macarrão instantaneo light sopa,SOPAS/CALDOS/MINGAUS,Escumadeira,110
Macarrão instantaneo light sopa,SOPAS/CALDOS/MINGAUS,Colher de Chá,6
Macarrão instantaneo light sopa,SOPAS/CALDOS/MINGAUS,Colher de Sobremesa,12
Macarrão instantaneo light sopa,SOPAS/CALDOS/MINGAUS,Pegador,110
Macarrão instantaneo light sopa,SOPAS/CALDOS/MINGAUS,Prato Fundo,400
Macarrão instantaneo light sopa,SOPAS/CALDOS/MINGAUS,Prato Raso,320
Macarrão pronto light  cozido(a),FARINHAS/FÉCULAS/MASSAS,Porção,105
Macarrão pronto light  cozido(a),FARINHAS/FÉCULAS/MASSAS,Colher de Arroz,50
Macarrão pronto light  cozido(a),FARINHAS/FÉCULAS/MASSAS,Colher de Sopa,25
Macarrão pronto light  cozido(a),FARINHAS/FÉCULAS/MASSAS,Concha,110
Macarrão pronto light  cozido(a),FARINHAS/FÉCULAS/MASSAS,Escumadeira,110
Macarrão pronto light  cozido(a),FARINHAS/FÉCULAS/MASSAS,Colher de Chá,6
Macarrão pronto light  cozido(a),FARINHAS/FÉCULAS/MASSAS,Colher de Sobremesa,12
Macarrão pronto light  cozido(a),FARINHAS/FÉCULAS/MASSAS,Pegador,110
Macarrão pronto light  cozido(a),FARINHAS/FÉCULAS/MASSAS,Prato Fundo,400
Macarrão pronto light  cozido(a),FARINHAS/FÉCULAS/MASSAS,Prato Raso,320
"Macarrão, instantâneo",,Porção,105
"Macarrão, instantâneo",,Colher de Arroz,50
"Macarrão, instantâneo",,Colher de Sopa,25
"Macarrão, instantâneo",,Concha,110
"Macarrão, instantâneo",,Escumadeira,110
"Macarrão, instantâneo",,Colher de Chá,6
"Macarrão, instantâneo",,Colher de Sobremesa,12
"Macarrão, instantâneo",,Pegador,110
"Macarrão, instantâneo",,Prato Fundo,400
"Macarrão, instantâneo",,Prato Raso,320
"Macarrão, molho bolognesa",,Porção,105
"Macarrão, molho bolognesa",,Colher de Arroz,50
"Macarrão, molho bolognesa",,Colher de Sopa,25
"Macarrão, molho bolognesa",,Concha,110
"Macarrão, molho bolognesa",,Escumadeira,110
"Macarrão, molho bolognesa",,Colher de Chá,6
"Macarrão, molho bolognesa",,Colher de Sobremesa,12
"Macarrão, molho bolognesa",,Pegador,110
"Macarrão, molho bolognesa",,Prato Fundo,400
"Macarrão, molho bolognesa",,Prato Raso,320
"Macarrão, molho bolonhesa",,Porção,105
"Macarrão, molho bolonhesa",,Colher de Arroz,50
"Macarrão, molho bolonhesa",,Colher de Sopa,25
"Macarrão, molho bolonhesa",,Concha,110
"Macarrão, molho bolonhesa",,Escumadeira,110
"Macarrão, molho bolonhesa",,Colher de Chá,6
"Macarrão, molho bolonhesa",,Colher de Sobremesa,12
"Macarrão, molho bolonhesa",,Pegador,110
"Macarrão, molho bolonhesa",,Prato Fundo,400
"Macarrão, molho bolonhesa",,Prato Raso,320
"Macarrão, trigo, c/ ovos, à bolonhesa, c/ sal",,Porção,105
"Macarrão, trigo, c/ ovos, à bolonhesa, c/ sal",,Colher de Arroz,50
"Macarrão, trigo, c/ ovos, à bolonhesa, c/ sal",,Colher de Sopa,25
"Macarrão, trigo, c/ ovos, à bolonhesa, c/ sal",,Concha,110
"Macarrão, trigo, c/ ovos, à bolonhesa, c/ sal",,Escumadeira,110
"Macarrão, trigo, c/ ovos, à bolonhesa, c/ sal",,Colher de Chá,6
"Macarrão, trigo, c/ ovos, à bolonhesa, c/ sal",,Colher de Sobremesa,12
"Macarrão, trigo, c/ ovos, à bolonhesa, c/ sal",,Pegador,110
"Macarrão, trigo, c/ ovos, à bolonhesa, c/ sal",,Prato Fundo,400
"Macarrão, trigo, c/ ovos, à bolonhesa, c/ sal",,Prato Raso,320
"Macarrão, trigo, c/ ovos, ao alho e óleo, c/ sal",,Porção,105
"Macarrão, trigo, c/ ovos, ao alho e óleo, c/ sal",,Colher de Arroz,50
"Macarrão, trigo, c/ ovos, ao alho e óleo, c/ sal",,Colher de Sopa,25
"Macarrão, trigo, c/ ovos, ao alho e óleo, c/ sal",,Concha,110
"Macarrão, trigo, c/ ovos, ao alho e óleo, c/ sal",,Escumadeira,110
"Macarrão, trigo, c/ ovos, ao alho e óleo, c/ sal",,Colher de Chá,6
"Macarrão, trigo, c/ ovos, ao alho e óleo, c/ sal",,Colher de Sobremesa,12
"Macarrão, trigo, c/ ovos, ao alho e óleo, c/ sal",,Pegador,110
"Macarrão, trigo, c/ ovos, ao alho e óleo, c/ sal",,Prato Fundo,400
"Macarrão, trigo, c/ ovos, ao alho e óleo, c/ sal",,Prato Raso,320
"Macarrão, trigo, c/ ovos, ao alho e óleo, s/ sal",,Porção,105
"Macarrão, trigo, c/ ovos, ao alho e óleo, s/ sal",,Colher de Arroz,50
"Macarrão, trigo, c/ ovos, ao alho e óleo, s/ sal",,Colher de Sopa,25
"Macarrão, trigo, c/ ovos, ao alho e óleo, s/ sal",,Concha,110
"Macarrão, trigo, c/ ovos, ao alho e óleo, s/ sal",,Escumadeira,110
"Macarrão, trigo, c/ ovos, ao alho e óleo, s/ sal",,Colher de Chá,6
"Macarrão, trigo, c/ ovos, ao alho e óleo, s/ sal",,Colher de Sobremesa,12
"Macarrão, trigo, c/ ovos, ao alho e óleo, s/ sal",,Pegador,110
"Macarrão, trigo, c/ ovos, ao alho e óleo, s/ sal",,Prato Fundo,400
"Macarrão, trigo, c/ ovos, ao alho e óleo, s/ sal",,Prato Raso,320
"Macarrão, trigo, c/ ovos, ao molho branbco, c/ sal",,Porção,105
"Macarrão, trigo, c/ ovos, ao molho branbco, c/ sal",,Colher de Arroz,50
"Macarrão, trigo, c/ ovos, ao molho branbco, c/ sal",,Colher de Sopa,25
"Macarrão, trigo, c/ ovos, ao molho branbco, c/ sal",,Concha,110
"Macarrão, trigo, c/ ovos, ao molho branbco, c/ sal",,Escumadeira,110
"Macarrão, trigo, c/ ovos, ao molho branbco, c/ sal",,Colher de Chá,6
"Macarrão, trigo, c/ ovos, ao molho branbco, c/ sal",,Colher de Sobremesa,12
"Macarrão, trigo, c/ ovos, ao molho branbco, c/ sal",,Pegador,110
"Macarrão, trigo, c/ ovos, ao molho branbco, c/ sal",,Prato Fundo,400
"Macarrão, trigo, c/ ovos, ao molho branbco, c/ sal",,Prato Raso,320
"Macarrão, trigo, c/ ovos, ao molho branbco, s/ sal",,Porção,105
"Macarrão, trigo, c/ ovos, ao molho branbco, s/ sal",,Colher de Arroz,50
"Macarrão, trigo, c/ ovos, ao molho branbco, s/ sal",,Colher de Sopa,25
"Macarrão, trigo, c/ ovos, ao molho branbco, s/ sal",,Concha,110
"Macarrão, trigo, c/ ovos, ao molho branbco, s/ sal",,Escumadeira,110
"Macarrão, trigo, c/ ovos, ao molho branbco, s/ sal",,Colher de Chá,6
"Macarrão, trigo, c/ ovos, ao molho branbco, s/ sal",,Colher de Sobremesa,12
"Macarrão, trigo, c/ ovos, ao molho branbco, s/ sal",,Pegador,110
"Macarrão, trigo, c/ ovos, ao molho branbco, s/ sal",,Prato Fundo,400
"Macarrão, trigo, c/ ovos, ao molho branbco, s/ sal",,Prato Raso,320
"Macarrão, trigo, c/ ovos, ao sugo, c/ sal",,Porção,105
"Macarrão, trigo, c/ ovos, ao sugo, c/ sal",,Colher de Arroz,50
"Macarrão, trigo, c/ ovos, ao sugo, c/ sal",,Colher de Sopa,25
"Macarrão, trigo, c/ ovos, ao sugo, c/ sal",,Concha,110
"Macarrão, trigo, c/ ovos, ao sugo, c/ sal",,Escumadeira,110
"Macarrão, trigo, c/ ovos, ao sugo, c/ sal",,Colher de Chá,6
"Macarrão, trigo, c/ ovos, ao sugo, c/ sal",,Colher de Sobremesa,12
"Macarrão, trigo, c/ ovos, ao sugo, c/ sal",,Pegador,110
"Macarrão, trigo, c/ ovos, ao sugo, c/ sal",,Prato Fundo,400
"Macarrão, trigo, c/ ovos, ao sugo, c/ sal",,Prato Raso,320
"Macarrão, trigo, c/ ovos, ao sugo, s/ sal",,Porção,105
"Macarrão, trigo, c/ ovos, ao sugo, s/ sal",,Colher de Arroz,50
"Macarrão, trigo, c/ ovos, ao sugo, s/ sal",,Colher de Sopa,25
"Macarrão, trigo, c/ ovos, ao sugo, s/ sal",,Concha,110
"Macarrão, trigo, c/ ovos, ao sugo, s/ sal",,Escumadeira,110
"Macarrão, trigo, c/ ovos, ao sugo, s/ sal",,Colher de Chá,6
"Macarrão, trigo, c/ ovos, ao sugo, s/ sal",,Colher de Sobremesa,12
"Macarrão, trigo, c/ ovos, ao sugo, s/ sal",,Pegador,110
"Macarrão, trigo, c/ ovos, ao sugo, s/ sal",,Prato Fundo,400
"Macarrão, trigo, c/ ovos, ao sugo, s/ sal",,Prato Raso,320
"Macarrão, trigo, c/ ovos, ao vinagrete, c/ sal",,Porção,105
"Macarrão, trigo, c/ ovos, ao vinagrete, c/ sal",,Colher de Arroz,50
"Macarrão, trigo, c/ ovos, ao vinagrete, c/ sal",,Colher de Sopa,25
"Macarrão, trigo, c/ ovos, ao vinagrete, c/ sal",,Concha,110
"Macarrão, trigo, c/ ovos, ao vinagrete, c/ sal",,Escumadeira,110
"Macarrão, trigo, c/ ovos, ao vinagrete, c/ sal",,Colher de Chá,6
"Macarrão, trigo, c/ ovos, ao vinagrete, c/ sal",,Colher de Sobremesa,12
"Macarrão, trigo, c/ ovos, ao vinagrete, c/ sal",,Pegador,110
"Macarrão, trigo, c/ ovos, ao vinagrete, c/ sal",,Prato Fundo,400
"Macarrão, trigo, c/ ovos, ao vinagrete, c/ sal",,Prato Raso,320
"Macarrão, trigo, c/ ovos, ao vinagrete, s/ sal",,Porção,105
"Macarrão, trigo, c/ ovos, ao vinagrete, s/ sal",,Colher de Arroz,50
"Macarrão, trigo, c/ ovos, ao vinagrete, s/ sal",,Colher de Sopa,25
"Macarrão, trigo, c/ ovos, ao vinagrete, s/ sal",,Concha,110
"Macarrão, trigo, c/ ovos, ao vinagrete, s/ sal",,Escumadeira,110
"Macarrão, trigo, c/ ovos, ao vinagrete, s/ sal",,Colher de Chá,6
"Macarrão, trigo, c/ ovos, ao vinagrete, s/ sal",,Colher de Sobremesa,12
"Macarrão, trigo, c/ ovos, ao vinagrete, s/ sal",,Pegador,110
"Macarrão, trigo, c/ ovos, ao vinagrete, s/ sal",,Prato Fundo,400
"Macarrão, trigo, c/ ovos, ao vinagrete, s/ sal",,Prato Raso,320
"Macarrão, trigo, c/ ovos, cozido, drenado, s/ sal",,Porção,105
"Macarrão, trigo, c/ ovos, cozido, drenado, s/ sal",,Colher de Arroz,50
"Macarrão, trigo, c/ ovos, cozido, drenado, s/ sal",,Colher de Sopa,25
"Macarrão, trigo, c/ ovos, cozido, drenado, s/ sal",,Concha,110
"Macarrão, trigo, c/ ovos, cozido, drenado, s/ sal",,Escumadeira,110
"Macarrão, trigo, c/ ovos, cozido, drenado, s/ sal",,Colher de Chá,6
"Macarrão, trigo, c/ ovos, cozido, drenado, s/ sal",,Colher de Sobremesa,12
"Macarrão, trigo, c/ ovos, cozido, drenado, s/ sal",,Pegador,110
"Macarrão, trigo, c/ ovos, cozido, drenado, s/ sal",,Prato Fundo,400
"Macarrão, trigo, c/ ovos, cozido, drenado, s/ sal",,Prato Raso,320
"Macarrão, trigo, c/ ovos, na manteiga, c/ sal",,Porção,105
"Macarrão, trigo, c/ ovos, na manteiga, c/ sal",,Colher de Arroz,50
"Macarrão, trigo, c/ ovos, na manteiga, c/ sal",,Colher de Sopa,25
"Macarrão, trigo, c/ ovos, na manteiga, c/ sal",,Concha,110
"Macarrão, trigo, c/ ovos, na manteiga, c/ sal",,Escumadeira,110
"Macarrão, trigo, c/ ovos, na manteiga, c/ sal",,Colher de Chá,6
"Macarrão, trigo, c/ ovos, na manteiga, c/ sal",,Colher de Sobremesa,12
"Macarrão, trigo, c/ ovos, na manteiga, c/ sal",,Pegador,110
"Macarrão, trigo, c/ ovos, na manteiga, c/ sal",,Prato Fundo,400
"Macarrão, trigo, c/ ovos, na manteiga, c/ sal",,Prato Raso,320
"Macarrão, trigo, c/ ovos, na manteiga, s/ sal",,Porção,105
"Macarrão, trigo, c/ ovos, na manteiga, s/ sal",,Colher de Arroz,50
"Macarrão, trigo, c/ ovos, na manteiga, s/ sal",,Colher de Sopa,25
"Macarrão, trigo, c/ ovos, na manteiga, s/ sal",,Concha,110
"Macarrão, trigo, c/ ovos, na manteiga, s/ sal",,Escumadeira,110
"Macarrão, trigo, c/ ovos, na manteiga, s/ sal",,Colher de Chá,6
"Macarrão, trigo, c/ ovos, na manteiga, s/ sal",,Colher de Sobremesa,12
"Macarrão, trigo, c/ ovos, na manteiga, s/ sal",,Pegador,110
"Macarrão, trigo, c/ ovos, na manteiga, s/ sal",,Prato Fundo,400
"Macarrão, trigo, c/ ovos, na manteiga, s/ sal",,Prato Raso,320
"Macarrão, trigo, c/ ovos, seco, cru",,Porção,105
"Macarrão, trigo, c/ ovos, seco, cru",,Colher de Arroz,50
"Macarrão, trigo, c/ ovos, seco, cru",,Colher de Sopa,25
"Macarrão, trigo, c/ ovos, seco, cru",,Concha,110
"Macarrão, trigo, c/ ovos, seco, cru",,Escumadeira,110
"Macarrão, trigo, c/ ovos, seco, cru",,Colher de Chá,6
"Macarrão, trigo, c/ ovos, seco, cru",,Colher de Sobremesa,12
"Macarrão, trigo, c/ ovos, seco, cru",,Pegador,110
"Macarrão, trigo, c/ ovos, seco, cru",,Prato Fundo,400
"Macarrão, trigo, c/ ovos, seco, cru",,Prato Raso,320
"Macarrão, trigo, cru",,Porção,105
"Macarrão, trigo, cru",,Colher de Arroz,50
"Macarrão, trigo, cru",,Colher de Sopa,25
"Macarrão, trigo, cru",,Concha,110
"Macarrão, trigo, cru",,Escumadeira,110
"Macarrão, trigo, cru",,Colher de Chá,6
"Macarrão, trigo, cru",,Colher de Sobremesa,12
"Macarrão, trigo, cru",,Pegador,110
"Macarrão, trigo, cru",,Prato Fundo,400
"Macarrão, trigo, cru",,Prato Raso,320
"Macarrão, trigo, cru, com ovos",,Porção,105
"Macarrão, trigo, cru, com ovos",,Colher de Arroz,50
"Macarrão, trigo, cru, com ovos",,Colher de Sopa,25
"Macarrão, trigo, cru, com ovos",,Concha,110
"Macarrão, trigo, cru, com ovos",,Escumadeira,110
"Macarrão, trigo, cru, com ovos",,Colher de Chá,6
"Macarrão, trigo, cru, com ovos",,Colher de Sobremesa,12
"Macarrão, trigo, cru, com ovos",,Pegador,110
"Macarrão, trigo, cru, com ovos",,Prato Fundo,400
"Macarrão, trigo, cru, com ovos",,Prato Raso,320
"Macarrão, trigo, instantâneo",,Porção,105
"Macarrão, trigo, instantâneo",,Colher de Arroz,50
"Macarrão, trigo, instantâneo",,Colher de Sopa,25
"Macarrão, trigo, instantâneo",,Concha,110
"Macarrão, trigo, instantâneo",,Escumadeira,110
"Macarrão, trigo, instantâneo",,Colher de Chá,6
"Macarrão, trigo, instantâneo",,Colher de Sobremesa,12
"Macarrão, trigo, instantâneo",,Pegador,110
"Macarrão, trigo, instantâneo",,Prato Fundo,400
"Macarrão, trigo, instantâneo",,Prato Raso,320
"Macarrão, trigo, integral, à bolonhesa, c/ sal",,Porção,105
"Macarrão, trigo, integral, à bolonhesa, c/ sal",,Colher de Arroz,50
"Macarrão, trigo, integral, à bolonhesa, c/ sal",,Colher de Sopa,25
"Macarrão, trigo, integral, à bolonhesa, c/ sal",,Concha,110
"Macarrão, trigo, integral, à bolonhesa, c/ sal",,Escumadeira,110
"Macarrão, trigo, integral, à bolonhesa, c/ sal",,Colher de Chá,6
"Macarrão, trigo, integral, à bolonhesa, c/ sal",,Colher de Sobremesa,12
"Macarrão, trigo, integral, à bolonhesa, c/ sal",,Pegador,110
"Macarrão, trigo, integral, à bolonhesa, c/ sal",,Prato Fundo,400
"Macarrão, trigo, integral, à bolonhesa, c/ sal",,Prato Raso,320
"Macarrão, trigo, integral, ao alho e óleo, c/ sal",,Porção,105
"Macarrão, trigo, integral, ao alho e óleo, c/ sal",,Colher de Arroz,50
"Macarrão, trigo, integral, ao alho e óleo, c/ sal",,Colher de Sopa,25
"Macarrão, trigo, integral, ao alho e óleo, c/ sal",,Concha,110
"Macarrão, trigo, integral, ao alho e óleo, c/ sal",,Escumadeira,110
"Macarrão, trigo, integral, ao alho e óleo, c/ sal",,Colher de Chá,6
"Macarrão, trigo, integral, ao alho e óleo, c/ sal",,Colher de Sobremesa,12
"Macarrão, trigo, integral, ao alho e óleo, c/ sal",,Pegador,110
"Macarrão, trigo, integral, ao alho e óleo, c/ sal",,Prato Fundo,400
"Macarrão, trigo, integral, ao alho e óleo, c/ sal",,Prato Raso,320
"Macarrão, trigo, integral, ao alho e óleo, s/ sal",,Porção,105
"Macarrão, trigo, integral, ao alho e óleo, s/ sal",,Colher de Arroz,50
"Macarrão, trigo, integral, ao alho e óleo, s/ sal",,Colher de Sopa,25
"Macarrão, trigo, integral, ao alho e óleo, s/ sal",,Concha,110
"Macarrão, trigo, integral, ao alho e óleo, s/ sal",,Escumadeira,110
"Macarrão, trigo, integral, ao alho e óleo, s/ sal",,Colher de Chá,6
"Macarrão, trigo, integral, ao alho e óleo, s/ sal",,Colher de Sobremesa,12
"Macarrão, trigo, integral, ao alho e óleo, s/ sal",,Pegador,110
"Macarrão, trigo, integral, ao alho e óleo, s/ sal",,Prato Fundo,400
"Macarrão, trigo, integral, ao alho e óleo, s/ sal",,Prato Raso,320
"Macarrão, trigo, integral, ao molho branco, c/ sal",,Porção,105
"Macarrão, trigo, integral, ao molho branco, c/ sal",,Colher de Arroz,50
"Macarrão, trigo, integral, ao molho branco, c/ sal",,Colher de Sopa,25
"Macarrão, trigo, integral, ao molho branco, c/ sal",,Concha,110
"Macarrão, trigo, integral, ao molho branco, c/ sal",,Escumadeira,110
"Macarrão, trigo, integral, ao molho branco, c/ sal",,Colher de Chá,6
"Macarrão, trigo, integral, ao molho branco, c/ sal",,Colher de Sobremesa,12
"Macarrão, trigo, integral, ao molho branco, c/ sal",,Pegador,110
"Macarrão, trigo, integral, ao molho branco, c/ sal",,Prato Fundo,400
"Macarrão, trigo, integral, ao molho branco, c/ sal",,Prato Raso,320
"Macarrão, trigo, integral, ao molho branco, s/ sal",,Porção,105
"Macarrão, trigo, integral, ao molho branco, s/ sal",,Colher de Arroz,50
"Macarrão, trigo, integral, ao molho branco, s/ sal",,Colher de Sopa,25
"Macarrão, trigo, integral, ao molho branco, s/ sal",,Concha,110
"Macarrão, trigo, integral, ao molho branco, s/ sal",,Escumadeira,110
"Macarrão, trigo, integral, ao molho branco, s/ sal",,Colher de Chá,6
"Macarrão, trigo, integral, ao molho branco, s/ sal",,Colher de Sobremesa,12
"Macarrão, trigo, integral, ao molho branco, s/ sal",,Pegador,110
"Macarrão, trigo, integral, ao molho branco, s/ sal",,Prato Fundo,400
"Macarrão, trigo, integral, ao molho branco, s/ sal",,Prato Raso,320
"Macarrão, trigo, integral, ao sugo, c/ sal",,Porção,105
"Macarrão, trigo, integral, ao sugo, c/ sal",,Colher de Arroz,50
"Macarrão, trigo, integral, ao sugo, c/ sal",,Colher de Sopa,25
"Macarrão, trigo, integral, ao sugo, c/ sal",,Concha,110
"Macarrão, trigo, integral, ao sugo, c/ sal",,Escumadeira,110
"Macarrão, trigo, integral, ao sugo, c/ sal",,Colher de Chá,6
"Macarrão, trigo, integral, ao sugo, c/ sal",,Colher de Sobremesa,12
"Macarrão, trigo, integral, ao sugo, c/ sal",,Pegador,110
"Macarrão, trigo, integral, ao sugo, c/ sal",,Prato Fundo,400
"Macarrão, trigo, integral, ao sugo, c/ sal",,Prato Raso,320
"Macarrão, trigo, integral, ao sugo, s/ sal",,Porção,105
"Macarrão, trigo, integral, ao sugo, s/ sal",,Colher de Arroz,50
"Macarrão, trigo, integral, ao sugo, s/ sal",,Colher de Sopa,25
"Macarrão, trigo, integral, ao sugo, s/ sal",,Concha,110
"Macarrão, trigo, integral, ao sugo, s/ sal",,Escumadeira,110
"Macarrão, trigo, integral, ao sugo, s/ sal",,Colher de Chá,6
"Macarrão, trigo, integral, ao sugo, s/ sal",,Colher de Sobremesa,12
"Macarrão, trigo, integral, ao sugo, s/ sal",,Pegador,110
"Macarrão, trigo, integral, ao sugo, s/ sal",,Prato Fundo,400
"Macarrão, trigo, integral, ao sugo, s/ sal",,Prato Raso,320
"Macarrão, trigo, integral, cozido, drenado, s/ sal",,Porção,105
"Macarrão, trigo, integral, cozido, drenado, s/ sal",,Colher de Arroz,50
"Macarrão, trigo, integral, cozido, drenado, s/ sal",,Colher de Sopa,25
"Macarrão, trigo, integral, cozido, drenado, s/ sal",,Concha,110
"Macarrão, trigo, integral, cozido, drenado, s/ sal",,Escumadeira,110
"Macarrão, trigo, integral, cozido, drenado, s/ sal",,Colher de Chá,6
"Macarrão, trigo, integral, cozido, drenado, s/ sal",,Colher de Sobremesa,12
"Macarrão, trigo, integral, cozido, drenado, s/ sal",,Pegador,110
"Macarrão, trigo, integral, cozido, drenado, s/ sal",,Prato Fundo,400
"Macarrão, trigo, integral, cozido, drenado, s/ sal",,Prato Raso,320
"Macarrão, trigo, integral, cru",,Porção,105
"Macarrão, trigo, integral, cru",,Colher de Arroz,50
"Macarrão, trigo, integral, cru",,Colher de Sopa,25
"Macarrão, trigo, integral, cru",,Concha,110
"Macarrão, trigo, integral, cru",,Escumadeira,110
"Macarrão, trigo, integral, cru",,Colher de Chá,6
"Macarrão, trigo, integral, cru",,Colher de Sobremesa,12
"Macarrão, trigo, integral, cru",,Pegador,110
"Macarrão, trigo, integral, cru",,Prato Fundo,400
"Macarrão, trigo, integral, cru",,Prato Raso,320
"Macarrão, trigo, integral, na manteiga, c/ sal",,Porção,105
"Macarrão, trigo, integral, na manteiga, c/ sal",,Colher de Arroz,50
"Macarrão, trigo, integral, na manteiga, c/ sal",,Colher de Sopa,25
"Macarrão, trigo, integral, na manteiga, c/ sal",,Concha,110
"Macarrão, trigo, integral, na manteiga, c/ sal",,Escumadeira,110
"Macarrão, trigo, integral, na manteiga, c/ sal",,Colher de Chá,6
"Macarrão, trigo, integral, na manteiga, c/ sal",,Colher de Sobremesa,12
"Macarrão, trigo, integral, na manteiga, c/ sal",,Pegador,110
"Macarrão, trigo, integral, na manteiga, c/ sal",,Prato Fundo,400
"Macarrão, trigo, integral, na manteiga, c/ sal",,Prato Raso,320
"Macarrão, trigo, integral, na manteiga, s/ sal",,Porção,105
"Macarrão, trigo, integral, na manteiga, s/ sal",,Colher de Arroz,50
"Macarrão, trigo, integral, na manteiga, s/ sal",,Colher de Sopa,25
"Macarrão, trigo, integral, na manteiga, s/ sal",,Concha,110
"Macarrão, trigo, integral, na manteiga, s/ sal",,Escumadeira,110
"Macarrão, trigo, integral, na manteiga, s/ sal",,Colher de Chá,6
"Macarrão, trigo, integral, na manteiga, s/ sal",,Colher de Sobremesa,12
"Macarrão, trigo, integral, na manteiga, s/ sal",,Pegador,110
"Macarrão, trigo, integral, na manteiga, s/ sal",,Prato Fundo,400
"Macarrão, trigo, integral, na manteiga, s/ sal",,Prato Raso,320
"Macarrão, trigo, s/ ovos, cozido, drenado, s/ sal",,Porção,105
"Macarrão, trigo, s/ ovos, cozido, drenado, s/ sal",,Colher de Arroz,50
"Macarrão, trigo, s/ ovos, cozido, drenado, s/ sal",,Colher de Sopa,25
"Macarrão, trigo, s/ ovos, cozido, drenado, s/ sal",,Concha,110
"Macarrão, trigo, s/ ovos, cozido, drenado, s/ sal",,Escumadeira,110
"Macarrão, trigo, s/ ovos, cozido, drenado, s/ sal",,Colher de Chá,6
"Macarrão, trigo, s/ ovos, cozido, drenado, s/ sal",,Colher de Sobremesa,12
"Macarrão, trigo, s/ ovos, cozido, drenado, s/ sal",,Pegador,110
"Macarrão, trigo, s/ ovos, cozido, drenado, s/ sal",,Prato Fundo,400
"Macarrão, trigo, s/ ovos, cozido, drenado, s/ sal",,Prato Raso,320
"Macarrão, trigo, s/ ovos, seco, cru",,Porção,105
"Macarrão, trigo, s/ ovos, seco, cru",,Colher de Arroz,50
"Macarrão, trigo, s/ ovos, seco, cru",,Colher de Sopa,25
"Macarrão, trigo, s/ ovos, seco, cru",,Concha,110
"Macarrão, trigo, s/ ovos, seco, cru",,Escumadeira,110
"Macarrão, trigo, s/ ovos, seco, cru",,Colher de Chá,6
"Macarrão, trigo, s/ ovos, seco, cru",,Colher de Sobremesa,12
"Macarrão, trigo, s/ ovos, seco, cru",,Pegador,110
"Macarrão, trigo, s/ ovos, seco, cru",,Prato Fundo,400
"Macarrão, trigo, s/ ovos, seco, cru",,Prato Raso,320
"Macarrão, trigo, seco, cozido, drenado, s/ sal (média diferentes marcas)",,Porção,105
"Macarrão, trigo, seco, cozido, drenado, s/ sal (média diferentes marcas)",,Colher de Arroz,50
"Macarrão, trigo, seco, cozido, drenado, s/ sal (média diferentes marcas)",,Colher de Sopa,25
"Macarrão, trigo, seco, cozido, drenado, s/ sal (média diferentes marcas)",,Concha,110
"Macarrão, trigo, seco, cozido, drenado, s/ sal (média diferentes marcas)",,Escumadeira,110
"Macarrão, trigo, seco, cozido, drenado, s/ sal (média diferentes marcas)",,Colher de Chá,6
"Macarrão, trigo, seco, cozido, drenado, s/ sal (média diferentes marcas)",,Colher de Sobremesa,12
"Macarrão, trigo, seco, cozido, drenado, s/ sal (média diferentes marcas)",,Pegador,110
"Macarrão, trigo, seco, cozido, drenado, s/ sal (média diferentes marcas)",,Prato Fundo,400
"Macarrão, trigo, seco, cozido, drenado, s/ sal (média diferentes marcas)",,Prato Raso,320
"Macarrão, trigo, seco, cru, (média diferentes tipos)",,Porção,105
"Macarrão, trigo, seco, cru, (média diferentes tipos)",,Colher de Arroz,50
"Macarrão, trigo, seco, cru, (média diferentes tipos)",,Colher de Sopa,25
"Macarrão, trigo, seco, cru, (média diferentes tipos)",,Concha,110
"Macarrão, trigo, seco, cru, (média diferentes tipos)",,Escumadeira,110
"Macarrão, trigo, seco, cru, (média diferentes tipos)",,Colher de Chá,6
"Macarrão, trigo, seco, cru, (média diferentes tipos)",,Colher de Sobremesa,12
"Macarrão, trigo, seco, cru, (média diferentes tipos)",,Pegador,110
"Macarrão, trigo, seco, cru, (média diferentes tipos)",,Prato Fundo,400
"Macarrão, trigo, seco, cru, (média diferentes tipos)",,Prato Raso,320
Macarronada,FARINHAS/FÉCULAS/MASSAS,Porção,105
Macarronada,FARINHAS/FÉCULAS/MASSAS,Colher de Arroz,50
Macarronada,FARINHAS/FÉCULAS/MASSAS,Colher de Sopa,25
Macarronada,FARINHAS/FÉCULAS/MASSAS,Concha,110
Macarronada,FARINHAS/FÉCULAS/MASSAS,Escumadeira,110
Macarronada,FARINHAS/FÉCULAS/MASSAS,Colher de Chá,6
Macarronada,FARINHAS/FÉCULAS/MASSAS,Colher de Sobremesa,12
Macarronada,FARINHAS/FÉCULAS/MASSAS,Pegador,110
Macarronada,FARINHAS/FÉCULAS/MASSAS,Prato Fundo,400
Macarronada,FARINHAS/FÉCULAS/MASSAS,Prato Raso,320
Macaxeira (cozida),,Fatia,100
Macaxeira (cozida),,Pedaço,100
Macaxeira (cozida),,Porção,128
Macaxeira (cozida),,Colher de Arroz,60
Macaxeira (cozida),,Colher de Sopa,30
Macaxeira assado(a),TUBERCULOS,Fatia,100
Macaxeira assado(a),TUBERCULOS,Pedaço,100
Macaxeira assado(a),TUBERCULOS,Porção,128
Macaxeira assado(a),TUBERCULOS,Colher de Arroz,60
Macaxeira assado(a),TUBERCULOS,Colher de Sopa,30
Macaxeira cozido(a),TUBERCULOS,Fatia,100
Macaxeira cozido(a),TUBERCULOS,Pedaço,100
Macaxeira cozido(a),TUBERCULOS,Porção,128
Macaxeira cozido(a),TUBERCULOS,Colher de Arroz,60
Macaxeira cozido(a),TUBERCULOS,Colher de Sopa,30
Macaxeira cru(a),TUBERCULOS,Fatia,100
Macaxeira cru(a),TUBERCULOS,Pedaço,100
Macaxeira cru(a),TUBERCULOS,Porção,128
Macaxeira cru(a),TUBERCULOS,Colher de Arroz,60
Macaxeira cru(a),TUBERCULOS,Colher de Sopa,30
Macaxeira frito(a),TUBERCULOS,Fatia,100
Macaxeira frito(a),TUBERCULOS,Pedaço,100
Macaxeira frito(a),TUBERCULOS,Porção,128
Macaxeira frito(a),TUBERCULOS,Colher de Arroz,60
Macaxeira frito(a),TUBERCULOS,Colher de Sopa,30
Maionese (molho),CONDIMENTOS,Colher de Sopa,10
Maionese (molho) light,CONDIMENTOS,Colher de Sopa,10
Maionese com limão -Hellmann's®,,Colher de Sopa,10
Maionese com reduzido teorde lipídios - Oderich®,,Colher de Sopa,10
Maionese de alho - Jurema®,,Colher de Sopa,10
Maionese de alho e cebola -Heilmannise,,Colher de Sopa,10
Maionese de atum - Oderich®,,Colher de Sopa,10
Maionese de atum -Hellmann's®,,Colher de Sopa,10
Maionese de azeitona -Hellman's®,,Colher de Sopa,10
Maionese de azeitona -Jurema®,,Colher de Sopa,10
Maionese de azeitonas verdes- Oderich®,,Colher de Sopa,10
Maionese de ervas finas -Oderich®,,Colher de Sopa,10
Maionese de limão -Oderich®,,Colher de Sopa,10
Maionese de molho tártaro -Oderich®,,Colher de Sopa,10
Maionese de pimenta -Jurema®,,Colher de Sopa,10
Maionese de tártaro -Hellmann's®,,Colher de Sopa,10
Maionese de tártaro -Jurema®,,Colher de Sopa,10
Maionese de tofu - Ecobras®,,Colher de Sopa,10
Maionese de tofu com chili -Ecobras®,,Colher de Sopa,10
Maionese de tofu comazeitona - Ecobras®,,Colher de Sopa,10
Maionese de tomate seco -Oderich®,,Colher de Sopa,10
Maionese Deleite -Hellmann's®,,Colher de Sopa,10
Maionese light - Carrefour®,,Colher de Sopa,10
Maionese light - GoodLight®,,Colher de Sopa,10
Maionese light - Hellmann's®,,Colher de Sopa,10
Maionese light - Jurema®,,Colher de Sopa,10
Maionese light - Liza®,,Colher de Sopa,10
Maionese light -Vigor®,,Colher de Sopa,12
Maionese tradicional - Liza®,,Colher de Sopa,10
Maionese tradicional - Pão deAçúcar®,,Colher de Sopa,10
Maionese tradicional -Gourmet®,,Colher de Sopa,10
Maionese tradicional -Hellmann's®,,Colher de Sopa,10
Maionese tradicional -Jurema®,,Colher de Sopa,10
Maionese tradicional -Maionegg's®,,Colher de Sopa,10
Maionese tradicional -Maria®,,Colher de Sopa,10
Maionese tradicional -Vigor®,,Colher de Sopa,10
Maionese tradicionalCapriccio - Cica®,,Colher de Sopa,10
"Maionese, molho, tradicional, c/ovos, industrializada",,Colher de Sopa,10
"Maionese, tradicional com ovos",,Colher de Sopa,10
Mamão,FRUTAS/SUCOS/VITAMINAS,Fatia,170
Mamão,FRUTAS/SUCOS/VITAMINAS,Pedaço,120
Mamão,FRUTAS/SUCOS/VITAMINAS,Unidade,310
Mamão,FRUTAS/SUCOS/VITAMINAS,Unidade Pequena,270
Mamão,FRUTAS/SUCOS/VITAMINAS,Metade,155
Mamão,FRUTAS/SUCOS/VITAMINAS,Banda,155
Mamão (casca),,Fatia,170
Mamão (casca),,Pedaço,120
Mamão (casca),,Unidade,310
Mamão (casca),,Unidade Pequena,270
Mamão (casca),,Metade,155
Mamão (casca),,Banda,155
Mamão formosa,,Fatia,170
Mamão formosa,,Pedaço,120
Mamão formosa,,Unidade,310
Mamão formosa,,Unidade Pequena,270
Mamão formosa,,Metade,155
Mamão formosa,,Banda,155
Mamão natural desidratado -Fazenda Tamanduá®,,Fatia,170
Mamão natural desidratado -Fazenda Tamanduá®,,Pedaço,120
Mamão natural desidratado -Fazenda Tamanduá®,,Unidade,310
Mamão natural desidratado -Fazenda Tamanduá®,,Unidade Pequena,270
Mamão natural desidratado -Fazenda Tamanduá®,,Metade,155
Mamão natural desidratado -Fazenda Tamanduá®,,Banda,155
Mamão papaia,,Fatia,170
Mamão papaia,,Pedaço,120
Mamão papaia,,Unidade,310
Mamão papaia,,Unidade Pequena,270
Mamão papaia,,Metade,155
Mamão papaia,,Banda,155
Mamão verde,,Fatia,170
Mamão verde,,Pedaço,120
Mamão verde,,Unidade,310
Mamão verde,,Unidade Pequena,270
Mamão verde,,Metade,155
Mamão verde,,Banda,155
Mamão verde (casca),,Fatia,170
Mamão verde (casca),,Pedaço,120
Mamão verde (casca),,Unidade,310
Mamão verde (casca),,Unidade Pequena,270
Mamão verde (casca),,Metade,155
Mamão verde (casca),,Banda,155
"Mamão, Formosa, cru",,Fatia,170
"Mamão, Formosa, cru",,Pedaço,120
"Mamão, Formosa, cru",,Unidade,310
"Mamão, Formosa, cru",,Unidade Pequena,270
"Mamão, Formosa, cru",,Metade,155
"Mamão, Formosa, cru",,Banda,155
"Mamão, Formosa, polpa, in natura, Carica papaya L.",,Fatia,170
"Mamão, Formosa, polpa, in natura, Carica papaya L.",,Pedaço,120
"Mamão, Formosa, polpa, in natura, Carica papaya L.",,Unidade,310
"Mamão, Formosa, polpa, in natura, Carica papaya L.",,Unidade Pequena,270
"Mamão, Formosa, polpa, in natura, Carica papaya L.",,Metade,155
"Mamão, Formosa, polpa, in natura, Carica papaya L.",,Banda,155
"Mamão, Papaia, cru",,Fatia,170
"Mamão, Papaia, cru",,Pedaço,120
"Mamão, Papaia, cru",,Unidade,310
"Mamão, Papaia, cru",,Unidade Pequena,270
"Mamão, Papaia, cru",,Metade,155
"Mamão, Papaia, cru",,Banda,155
"Mamão, suco natural (néctar), c/ açúcar refinado",,Copo Americano,150
"Mamão, suco natural (néctar), c/ açúcar refinado",,Copo Médio,240
"Mamão, suco natural (néctar), c/ açúcar refinado",,Copo Grande,300
"Mamão, suco natural (néctar), c/ açúcar refinado",,Unidade,300
"Mamão, suco natural (néctar), c/ açúcar refinado",,Garrafa 200ml,200
"Mamão, suco natural (néctar), c/ açúcar refinado",,Caneca,300
"Mamão, suco natural (néctar), s/ açúcar",,Copo Americano,150
"Mamão, suco natural (néctar), s/ açúcar",,Copo Médio,240
"Mamão, suco natural (néctar), s/ açúcar",,Copo Grande,300
"Mamão, suco natural (néctar), s/ açúcar",,Unidade,300
"Mamão, suco natural (néctar), s/ açúcar",,Garrafa 200ml,200
"Mamão, suco natural (néctar), s/ açúcar",,Caneca,300
Maminha (crua) - carnebovina,,File,100
Maminha (crua) - carnebovina,,Bife,100
Maminha (crua) - carnebovina,,Fatia,90
Maminha (crua) - carnebovina,,Pedaço,35
Maminha (crua) - carnebovina,,Porção,75
Maminha (crua) - carnebovina,,Colher de Arroz,70
Maminha (crua) - carnebovina,,Colher de Sopa,30
Maminha (crua) - carnebovina,,Concha,140
Maminha (crua) - carnebovina,,Escumadeira,70
Maminha assado(a),CARNE BOVINA,File,100
Maminha assado(a),CARNE BOVINA,Bife,100
Maminha assado(a),CARNE BOVINA,Fatia,90
Maminha assado(a),CARNE BOVINA,Pedaço,35
Maminha assado(a),CARNE BOVINA,Porção,75
Maminha assado(a),CARNE BOVINA,Colher de Arroz,70
Maminha assado(a),CARNE BOVINA,Colher de Sopa,30
Maminha assado(a),CARNE BOVINA,Concha,140
Maminha assado(a),CARNE BOVINA,Escumadeira,70
Maminha frito(a),CARNE BOVINA,File,100
Maminha frito(a),CARNE BOVINA,Bife,100
Maminha frito(a),CARNE BOVINA,Fatia,90
Maminha frito(a),CARNE BOVINA,Pedaço,35
Maminha frito(a),CARNE BOVINA,Porção,75
Maminha frito(a),CARNE BOVINA,Colher de Arroz,70
Maminha frito(a),CARNE BOVINA,Colher de Sopa,30
Maminha frito(a),CARNE BOVINA,Concha,140
Maminha frito(a),CARNE BOVINA,Escumadeira,70
Maminha grelhado(a)/brasa/churrasco,CARNE BOVINA,File,100
Maminha grelhado(a)/brasa/churrasco,CARNE BOVINA,Bife,100
Maminha grelhado(a)/brasa/churrasco,CARNE BOVINA,Fatia,90
Maminha grelhado(a)/brasa/churrasco,CARNE BOVINA,Pedaço,35
Maminha grelhado(a)/brasa/churrasco,CARNE BOVINA,Porção,75
Maminha grelhado(a)/brasa/churrasco,CARNE BOVINA,Colher de Arroz,70
Maminha grelhado(a)/brasa/churrasco,CARNE BOVINA,Colher de Sopa,30
Maminha grelhado(a)/brasa/churrasco,CARNE BOVINA,Concha,140
Maminha grelhado(a)/brasa/churrasco,CARNE BOVINA,Escumadeira,70
Maminha molho vermelho,CARNE BOVINA,File,100
Maminha molho vermelho,CARNE BOVINA,Bife,100
Maminha molho vermelho,CARNE BOVINA,Fatia,90
Maminha molho vermelho,CARNE BOVINA,Pedaço,35
Maminha molho vermelho,CARNE BOVINA,Porção,75
Maminha molho vermelho,CARNE BOVINA,Colher de Arroz,70
Maminha molho vermelho,CARNE BOVINA,Colher de Sopa,30
Maminha molho vermelho,CARNE BOVINA,Concha,140
Maminha molho vermelho,CARNE BOVINA,Escumadeira,70
Mandioca (IBGE),TUBERCULOS,Fatia,100
Mandioca (IBGE),TUBERCULOS,Pedaço,100
Mandioca (IBGE),TUBERCULOS,Porção,128
Mandioca (IBGE),TUBERCULOS,Colher de Arroz,60
Mandioca (IBGE),TUBERCULOS,Colher de Sopa,30
Mandioca (Tucunduva),,Fatia,100
Mandioca (Tucunduva),,Pedaço,100
Mandioca (Tucunduva),,Porção,128
Mandioca (Tucunduva),,Colher de Arroz,60
Mandioca (Tucunduva),,Colher de Sopa,30
Mandioca (frita),,Fatia,100
Mandioca (frita),,Pedaço,100
Mandioca (frita),,Porção,128
Mandioca (frita),,Colher de Arroz,60
Mandioca (frita),,Colher de Sopa,30
Mandioca (gratinada),,Fatia,100
Mandioca (gratinada),,Pedaço,100
Mandioca (gratinada),,Porção,128
Mandioca (gratinada),,Colher de Arroz,60
Mandioca (gratinada),,Colher de Sopa,30
Mandioca assado(a),TUBERCULOS,Fatia,100
Mandioca assado(a),TUBERCULOS,Pedaço,100
Mandioca assado(a),TUBERCULOS,Porção,128
Mandioca assado(a),TUBERCULOS,Colher de Arroz,60
Mandioca assado(a),TUBERCULOS,Colher de Sopa,30
Mandioca com manteiga/oleo,TUBERCULOS,Fatia,100
Mandioca com manteiga/oleo,TUBERCULOS,Pedaço,100
Mandioca com manteiga/oleo,TUBERCULOS,Porção,128
Mandioca com manteiga/oleo,TUBERCULOS,Colher de Arroz,60
Mandioca com manteiga/oleo,TUBERCULOS,Colher de Sopa,30
Mandioca cozido(a),TUBERCULOS,Fatia,100
Mandioca cozido(a),TUBERCULOS,Pedaço,100
Mandioca cozido(a),TUBERCULOS,Porção,128
Mandioca cozido(a),TUBERCULOS,Colher de Arroz,60
Mandioca cozido(a),TUBERCULOS,Colher de Sopa,30
Mandioca cru(a),TUBERCULOS,Fatia,100
Mandioca cru(a),TUBERCULOS,Pedaço,100
Mandioca cru(a),TUBERCULOS,Porção,128
Mandioca cru(a),TUBERCULOS,Colher de Arroz,60
Mandioca cru(a),TUBERCULOS,Colher de Sopa,30
Mandioca ensopado,TUBERCULOS,Fatia,100
Mandioca ensopado,TUBERCULOS,Pedaço,100
Mandioca ensopado,TUBERCULOS,Porção,128
Mandioca ensopado,TUBERCULOS,Colher de Arroz,60
Mandioca ensopado,TUBERCULOS,Colher de Sopa,30
Mandioca frito(a),TUBERCULOS,Fatia,100
Mandioca frito(a),TUBERCULOS,Pedaço,100
Mandioca frito(a),TUBERCULOS,Porção,128
Mandioca frito(a),TUBERCULOS,Colher de Arroz,60
Mandioca frito(a),TUBERCULOS,Colher de Sopa,30
Mandioca molho vermelho,TUBERCULOS,Fatia,100
Mandioca molho vermelho,TUBERCULOS,Pedaço,100
Mandioca molho vermelho,TUBERCULOS,Porção,128
Mandioca molho vermelho,TUBERCULOS,Colher de Arroz,60
Mandioca molho vermelho,TUBERCULOS,Colher de Sopa,30
Mandioca refogado(a),TUBERCULOS,Fatia,100
Mandioca refogado(a),TUBERCULOS,Pedaço,100
Mandioca refogado(a),TUBERCULOS,Porção,128
Mandioca refogado(a),TUBERCULOS,Colher de Arroz,60
Mandioca refogado(a),TUBERCULOS,Colher de Sopa,30
"Mandioca, cozida",,Fatia,100
"Mandioca, cozida",,Pedaço,100
"Mandioca, cozida",,Porção,128
"Mandioca, cozida",,Colher de Arroz,60
"Mandioca, cozida",,Colher de Sopa,30
"Mandioca, crua",,Fatia,100
"Mandioca, crua",,Pedaço,100
"Mandioca, crua",,Porção,128
"Mandioca, crua",,Colher de Arroz,60
"Mandioca, crua",,Colher de Sopa,30
"Mandioca, frita",,Fatia,100
"Mandioca, frita",,Pedaço,100
"Mandioca, frita",,Porção,128
"Mandioca, frita",,Colher de Arroz,60
"Mandioca, frita",,Colher de Sopa,30
Mandioquinha,,Fatia,50
Mandioquinha,,Pedaço,50
Mandioquinha,,Porção,70
Mandioquinha,,Colher de Arroz,55
Mandioquinha,,Colher de Sopa,35
Mandioquinha cozido(a),TUBERCULOS,Fatia,50
Mandioquinha cozido(a),TUBERCULOS,Pedaço,50
Mandioquinha cozido(a),TUBERCULOS,Porção,70
Mandioquinha cozido(a),TUBERCULOS,Colher de Arroz,55
Mandioquinha cozido(a),TUBERCULOS,Colher de Sopa,35
Mandioquinha ensopado,TUBERCULOS,Fatia,50
Mandioquinha ensopado,TUBERCULOS,Pedaço,50
Mandioquinha ensopado,TUBERCULOS,Porção,70
Mandioquinha ensopado,TUBERCULOS,Colher de Arroz,55
Mandioquinha ensopado,TUBERCULOS,Colher de Sopa,35
Mandioquinha frito(a),TUBERCULOS,Fatia,50
Mandioquinha frito(a),TUBERCULOS,Pedaço,50
Mandioquinha frito(a),TUBERCULOS,Porção,70
Mandioquinha frito(a),TUBERCULOS,Colher de Arroz,55
Mandioquinha frito(a),TUBERCULOS,Colher de Sopa,35
Mandioquinha refogado(a),TUBERCULOS,Fatia,50
Mandioquinha refogado(a),TUBERCULOS,Pedaço,50
Mandioquinha refogado(a),TUBERCULOS,Porção,70
Mandioquinha refogado(a),TUBERCULOS,Colher de Arroz,55
Mandioquinha refogado(a),TUBERCULOS,Colher de Sopa,35
Mandioquinha salsa (batata baroa),TUBERCULOS,Fatia,50
Mandioquinha salsa (batata baroa),TUBERCULOS,Pedaço,50
Mandioquinha salsa (batata baroa),TUBERCULOS,Porção,70
Mandioquinha salsa (batata baroa),TUBERCULOS,Colher de Arroz,55
Mandioquinha salsa (batata baroa),TUBERCULOS,Colher de Sopa,35
Mandioquinha salsa (batata baroa),TUBERCULOS,Unidade,80
Mandioquinha salsa (batata baroa) cozido(a),TUBERCULOS,Fatia,50
Mandioquinha salsa (batata baroa) cozido(a),TUBERCULOS,Pedaço,50
Mandioquinha salsa (batata baroa) cozido(a),TUBERCULOS,Porção,70
Mandioquinha salsa (batata baroa) cozido(a),TUBERCULOS,Colher de Arroz,55
Mandioquinha salsa (batata baroa) cozido(a),TUBERCULOS,Colher de Sopa,35
Mandioquinha salsa (batata baroa) cozido(a),TUBERCULOS,Unidade,80
Mandioquinha salsa (batata baroa) ensopado,TUBERCULOS,Fatia,50
Mandioquinha salsa (batata baroa) ensopado,TUBERCULOS,Pedaço,50
Mandioquinha salsa (batata baroa) ensopado,TUBERCULOS,Porção,70
Mandioquinha salsa (batata baroa) ensopado,TUBERCULOS,Colher de Arroz,55
Mandioquinha salsa (batata baroa) ensopado,TUBERCULOS,Colher de Sopa,35
Mandioquinha salsa (batata baroa) ensopado,TUBERCULOS,Unidade,80
Mandioquinha salsa (batata baroa) refogado(a),TUBERCULOS,Fatia,50
Mandioquinha salsa (batata baroa) refogado(a),TUBERCULOS,Pedaço,50
Mandioquinha salsa (batata baroa) refogado(a),TUBERCULOS,Porção,70
Mandioquinha salsa (batata baroa) refogado(a),TUBERCULOS,Colher de Arroz,55
Mandioquinha salsa (batata baroa) refogado(a),TUBERCULOS,Colher de Sopa,35
Mandioquinha salsa (batata baroa) refogado(a),TUBERCULOS,Unidade,80
Manga (IBGE),FRUTAS/SUCOS/VITAMINAS,Fatia,22
Manga (IBGE),FRUTAS/SUCOS/VITAMINAS,Pedaço,22
Manga (IBGE),FRUTAS/SUCOS/VITAMINAS,Colher de Arroz,44
Manga (IBGE),FRUTAS/SUCOS/VITAMINAS,Colher de Sopa,22
Manga (IBGE),FRUTAS/SUCOS/VITAMINAS,Unidade,140
Manga (IBGE),FRUTAS/SUCOS/VITAMINAS,Unidade Pequena,60
Manga (IBGE),FRUTAS/SUCOS/VITAMINAS,Metade,70
Manga (IBGE),FRUTAS/SUCOS/VITAMINAS,Banda,70
Manga (Tucunduva),,Fatia,22
Manga (Tucunduva),,Pedaço,22
Manga (Tucunduva),,Colher de Arroz,44
Manga (Tucunduva),,Colher de Sopa,22
Manga (Tucunduva),,Unidade,140
Manga (Tucunduva),,Unidade Pequena,60
Manga (Tucunduva),,Metade,70
Manga (Tucunduva),,Banda,70
"Manga, Haden, crua",,Unidade,60
"Manga, polpa, congelada",,Colher de Sopa,9
"Manga, suco natural (néctar), c/ açúcar refinado",,Copo Americano,150
"Manga, suco natural (néctar), c/ açúcar refinado",,Copo Médio,240
"Manga, suco natural (néctar), c/ açúcar refinado",,Copo Grande,300
"Manga, suco natural (néctar), c/ açúcar refinado",,Unidade,300
"Manga, suco natural (néctar), c/ açúcar refinado",,Garrafa 200ml,200
"Manga, suco natural (néctar), c/ açúcar refinado",,Caneca,300
"Manga, suco natural (néctar), s/ açúcar",,Copo Americano,150
"Manga, suco natural (néctar), s/ açúcar",,Copo Médio,240
"Manga, suco natural (néctar), s/ açúcar",,Copo Grande,300
"Manga, suco natural (néctar), s/ açúcar",,Unidade,300
"Manga, suco natural (néctar), s/ açúcar",,Garrafa 200ml,200
"Manga, suco natural (néctar), s/ açúcar",,Caneca,300
"Manteiga (média várias amostras, c/ e s/ sal)",,Porção,10
"Manteiga (média várias amostras, c/ e s/ sal)",,Colher de Arroz,64
"Manteiga (média várias amostras, c/ e s/ sal)",,Colher de Sopa,32
"Manteiga (média várias amostras, c/ e s/ sal)",,Colher de Chá,8
"Manteiga (média várias amostras, c/ e s/ sal)",,Colher de Café,4
"Manteiga (média várias amostras, c/ e s/ sal)",,Colher de Sobremesa,23
"Manteiga (média várias amostras, c/ e s/ sal)",,Copo Americano,155
"Manteiga (média várias amostras, c/ e s/ sal)",,Copo Médio,155
Manteiga coei sal,,Porção,10
Manteiga coei sal,,Colher de Arroz,64
Manteiga coei sal,,Colher de Sopa,32
Manteiga coei sal,,Colher de Chá,8
Manteiga coei sal,,Colher de Café,4
Manteiga coei sal,,Colher de Sobremesa,23
Manteiga coei sal,,Copo Americano,155
Manteiga coei sal,,Copo Médio,155
Manteiga com margarina comsal -Vigor®,,Colher de Sopa,10
Manteiga com margarina semsal -Vigor®,,Colher de Sopa,10
Manteiga com margarinaextra cremosa com sal Leco -Vigor®,,Colher de Sopa,10
Manteiga com margarinaextra cremosa sem sal Leco -Vigor®,,Colher de Sopa,10
Manteiga com ou sem sal,LATICINIOS,Porção,10
Manteiga com ou sem sal,LATICINIOS,Colher de Arroz,64
Manteiga com ou sem sal,LATICINIOS,Colher de Sopa,32
Manteiga com ou sem sal,LATICINIOS,Colher de Chá,8
Manteiga com ou sem sal,LATICINIOS,Colher de Café,4
Manteiga com ou sem sal,LATICINIOS,Colher de Sobremesa,23
Manteiga com ou sem sal,LATICINIOS,Copo Americano,155
Manteiga com ou sem sal,LATICINIOS,Copo Médio,155
Manteiga com ou sem sal light,LATICINIOS,Porção,10
Manteiga com ou sem sal light,LATICINIOS,Colher de Arroz,64
Manteiga com ou sem sal light,LATICINIOS,Colher de Sopa,32
Manteiga com ou sem sal light,LATICINIOS,Colher de Chá,8
Manteiga com ou sem sal light,LATICINIOS,Colher de Café,4
Manteiga com ou sem sal light,LATICINIOS,Colher de Sobremesa,23
Manteiga com ou sem sal light,LATICINIOS,Copo Americano,155
Manteiga com ou sem sal light,LATICINIOS,Copo Médio,155
Manteiga com sai - Itambé®,,Porção,10
Manteiga com sai - Itambé®,,Colher de Arroz,64
Manteiga com sai - Itambé®,,Colher de Sopa,32
Manteiga com sai - Itambé®,,Colher de Chá,8
Manteiga com sai - Itambé®,,Colher de Café,4
Manteiga com sai - Itambé®,,Colher de Sobremesa,23
Manteiga com sai - Itambé®,,Copo Americano,155
Manteiga com sai - Itambé®,,Copo Médio,155
Manteiga com sal - Aviação(),,Porção,10
Manteiga com sal - Aviação(),,Colher de Arroz,64
Manteiga com sal - Aviação(),,Colher de Sopa,32
Manteiga com sal - Aviação(),,Colher de Chá,8
Manteiga com sal - Aviação(),,Colher de Café,4
Manteiga com sal - Aviação(),,Colher de Sobremesa,23
Manteiga com sal - Aviação(),,Copo Americano,155
Manteiga com sal - Aviação(),,Copo Médio,155
Manteiga com sal -Teixeira®,,Porção,10
Manteiga com sal -Teixeira®,,Colher de Arroz,64
Manteiga com sal -Teixeira®,,Colher de Sopa,32
Manteiga com sal -Teixeira®,,Colher de Chá,8
Manteiga com sal -Teixeira®,,Colher de Café,4
Manteiga com sal -Teixeira®,,Colher de Sobremesa,23
Manteiga com sal -Teixeira®,,Copo Americano,155
Manteiga com sal -Teixeira®,,Copo Médio,155
Manteiga de garrafa,LATICINIOS,Porção,10
Manteiga de garrafa,LATICINIOS,Colher de Arroz,64
Manteiga de garrafa,LATICINIOS,Colher de Sopa,32
Manteiga de garrafa,LATICINIOS,Colher de Chá,8
Manteiga de garrafa,LATICINIOS,Colher de Café,4
Manteiga de garrafa,LATICINIOS,Colher de Sobremesa,23
Manteiga de garrafa,LATICINIOS,Copo Americano,155
Manteiga de garrafa,LATICINIOS,Copo Médio,155
Manteiga extra com sal - LaSereníssima®,,Porção,10
Manteiga extra com sal - LaSereníssima®,,Colher de Arroz,64
Manteiga extra com sal - LaSereníssima®,,Colher de Sopa,32
Manteiga extra com sal - LaSereníssima®,,Colher de Chá,8
Manteiga extra com sal - LaSereníssima®,,Colher de Café,4
Manteiga extra com sal - LaSereníssima®,,Colher de Sobremesa,23
Manteiga extra com sal - LaSereníssima®,,Copo Americano,155
Manteiga extra com sal - LaSereníssima®,,Copo Médio,155
Manteiga extra com sal -Batavo®,,Porção,10
Manteiga extra com sal -Batavo®,,Colher de Sopa,10
Manteiga extra com sal -Elegê®,,Porção,10
Manteiga extra com sal -Elegê®,,Colher de Arroz,64
Manteiga extra com sal -Elegê®,,Colher de Sopa,32
Manteiga extra com sal -Elegê®,,Colher de Chá,8
Manteiga extra com sal -Elegê®,,Colher de Café,4
Manteiga extra com sal -Elegê®,,Colher de Sobremesa,23
Manteiga extra com sal -Elegê®,,Copo Americano,155
Manteiga extra com sal -Elegê®,,Copo Médio,155
Manteiga extra sem sal -Batavo®,,Porção,10
Manteiga extra sem sal -Batavo®,,Colher de Sopa,10
Manteiga francesa com sal LaMotte - Président®,,Porção,10
Manteiga francesa com sal LaMotte - Président®,,Colher de Arroz,64
Manteiga francesa com sal LaMotte - Président®,,Colher de Sopa,32
Manteiga francesa com sal LaMotte - Président®,,Colher de Chá,8
Manteiga francesa com sal LaMotte - Président®,,Colher de Café,4
Manteiga francesa com sal LaMotte - Président®,,Colher de Sobremesa,23
Manteiga francesa com sal LaMotte - Président®,,Copo Americano,155
Manteiga francesa com sal LaMotte - Président®,,Copo Médio,155
Manteiga francesa com sal -Président®,,Porção,10
Manteiga francesa com sal -Président®,,Colher de Arroz,64
Manteiga francesa com sal -Président®,,Colher de Sopa,32
Manteiga francesa com sal -Président®,,Colher de Chá,8
Manteiga francesa com sal -Président®,,Colher de Café,4
Manteiga francesa com sal -Président®,,Colher de Sobremesa,23
Manteiga francesa com sal -Président®,,Copo Americano,155
Manteiga francesa com sal -Président®,,Copo Médio,155
Manteiga francesa sem sal -Président®,,Porção,10
Manteiga francesa sem sal -Président®,,Colher de Arroz,64
Manteiga francesa sem sal -Président®,,Colher de Sopa,32
Manteiga francesa sem sal -Président®,,Colher de Chá,8
Manteiga francesa sem sal -Président®,,Colher de Café,4
Manteiga francesa sem sal -Président®,,Colher de Sobremesa,23
Manteiga francesa sem sal -Président®,,Copo Americano,155
Manteiga francesa sem sal -Président®,,Copo Médio,155
Manteiga sem sal,,Porção,10
Manteiga sem sal,,Colher de Arroz,64
Manteiga sem sal,,Colher de Sopa,32
Manteiga sem sal,,Colher de Chá,8
Manteiga sem sal,,Colher de Café,4
Manteiga sem sal,,Colher de Sobremesa,23
Manteiga sem sal,,Copo Americano,155
Manteiga sem sal,,Copo Médio,155
Manteiga sem sal - Aviação®,,Porção,10
Manteiga sem sal - Aviação®,,Colher de Arroz,64
Manteiga sem sal - Aviação®,,Colher de Sopa,32
Manteiga sem sal - Aviação®,,Colher de Chá,8
Manteiga sem sal - Aviação®,,Colher de Café,4
Manteiga sem sal - Aviação®,,Colher de Sobremesa,23
Manteiga sem sal - Aviação®,,Copo Americano,155
Manteiga sem sal - Aviação®,,Copo Médio,155
"Manteiga, c/ sal",,Porção,10
"Manteiga, c/ sal",,Colher de Arroz,64
"Manteiga, c/ sal",,Colher de Sopa,32
"Manteiga, c/ sal",,Colher de Chá,8
"Manteiga, c/ sal",,Colher de Café,4
"Manteiga, c/ sal",,Colher de Sobremesa,23
"Manteiga, c/ sal",,Copo Americano,155
"Manteiga, c/ sal",,Copo Médio,155
"Manteiga, cacau, Theobroma cacao L.",,Porção,10
"Manteiga, cacau, Theobroma cacao L.",,Colher de Arroz,64
"Manteiga, cacau, Theobroma cacao L.",,Colher de Sopa,32
"Manteiga, cacau, Theobroma cacao L.",,Colher de Chá,8
"Manteiga, cacau, Theobroma cacao L.",,Colher de Café,4
"Manteiga, cacau, Theobroma cacao L.",,Colher de Sobremesa,23
"Manteiga, cacau, Theobroma cacao L.",,Copo Americano,155
"Manteiga, cacau, Theobroma cacao L.",,Copo Médio,155
"Manteiga, com sal",,Porção,10
"Manteiga, com sal",,Colher de Arroz,64
"Manteiga, com sal",,Colher de Sopa,32
"Manteiga, com sal",,Colher de Chá,8
"Manteiga, com sal",,Colher de Café,4
"Manteiga, com sal",,Colher de Sobremesa,23
"Manteiga, com sal",,Copo Americano,155
"Manteiga, com sal",,Copo Médio,155
"Manteiga, levemente salgada, light, Teixeira",,Porção,10
"Manteiga, levemente salgada, light, Teixeira",,Colher de Arroz,64
"Manteiga, levemente salgada, light, Teixeira",,Colher de Sopa,32
"Manteiga, levemente salgada, light, Teixeira",,Colher de Chá,8
"Manteiga, levemente salgada, light, Teixeira",,Colher de Café,4
"Manteiga, levemente salgada, light, Teixeira",,Colher de Sobremesa,23
"Manteiga, levemente salgada, light, Teixeira",,Copo Americano,155
"Manteiga, levemente salgada, light, Teixeira",,Copo Médio,155
"Manteiga, s/ sal",,Porção,10
"Manteiga, s/ sal",,Colher de Arroz,64
"Manteiga, s/ sal",,Colher de Sopa,32
"Manteiga, s/ sal",,Colher de Chá,8
"Manteiga, s/ sal",,Colher de Café,4
"Manteiga, s/ sal",,Colher de Sobremesa,23
"Manteiga, s/ sal",,Copo Americano,155
"Manteiga, s/ sal",,Copo Médio,155
"Manteiga, sem sal",,Porção,10
"Manteiga, sem sal",,Colher de Arroz,64
"Manteiga, sem sal",,Colher de Sopa,32
"Manteiga, sem sal",,Colher de Chá,8
"Manteiga, sem sal",,Colher de Café,4
"Manteiga, sem sal",,Colher de Sobremesa,23
"Manteiga, sem sal",,Copo Americano,155
"Manteiga, sem sal",,Copo Médio,155
Mão bovina cozido(a),CARNE BOVINA,File,100
Mão bovina cozido(a),CARNE BOVINA,Bife,100
Mão bovina cozido(a),CARNE BOVINA,Fatia,90
Mão bovina cozido(a),CARNE BOVINA,Pedaço,35
Mão bovina cozido(a),CARNE BOVINA,Porção,75
Mão bovina cozido(a),CARNE BOVINA,Colher de Arroz,70
Mão bovina cozido(a),CARNE BOVINA,Colher de Sopa,30
Mão bovina cozido(a),CARNE BOVINA,Concha,140
Mão bovina cozido(a),CARNE BOVINA,Escumadeira,70
Maracujá (IBGE),FRUTAS/SUCOS/VITAMINAS,Copo Americano,62
Maracujá (IBGE),FRUTAS/SUCOS/VITAMINAS,Copo Médio,100
Maracujá (IBGE),FRUTAS/SUCOS/VITAMINAS,Copo Grande,125
Maracujá (IBGE),FRUTAS/SUCOS/VITAMINAS,Unidade,45
Maracujá (Tucunduva),,Copo Americano,62
Maracujá (Tucunduva),,Copo Médio,100
Maracujá (Tucunduva),,Copo Grande,125
"Maracujá, cru",,Copo Americano,62
"Maracujá, cru",,Copo Médio,100
"Maracujá, cru",,Copo Grande,125
"Maracujá, cru",,Unidade,45
"Maracujá, polpa, congelada (TACO)",,Colher de Sopa,9
"Maracujá, refresco, c/ suco concentrado , c/ açúcar refinado",,Copo Americano,150
"Maracujá, refresco, c/ suco concentrado , c/ açúcar refinado",,Copo Médio,240
"Maracujá, refresco, c/ suco concentrado , c/ açúcar refinado",,Copo Grande,300
"Maracujá, refresco, c/ suco concentrado , c/ açúcar refinado",,Unidade,300
"Maracujá, refresco, c/ suco concentrado , c/ açúcar refinado",,Garrafa 200ml,200
"Maracujá, refresco, c/ suco concentrado , c/ açúcar refinado",,Caneca,300
"Maracujá, refresco, c/ suco concentrado , s/ açúcar",,Copo Americano,150
"Maracujá, refresco, c/ suco concentrado , s/ açúcar",,Copo Médio,240
"Maracujá, refresco, c/ suco concentrado , s/ açúcar",,Copo Grande,300
"Maracujá, refresco, c/ suco concentrado , s/ açúcar",,Unidade,300
"Maracujá, refresco, c/ suco concentrado , s/ açúcar",,Garrafa 200ml,200
"Maracujá, refresco, c/ suco concentrado , s/ açúcar",,Caneca,300
"Maracujá, refresco, c/ suco natural, c/ açúcar refinado",,Copo Americano,150
"Maracujá, refresco, c/ suco natural, c/ açúcar refinado",,Copo Médio,240
"Maracujá, refresco, c/ suco natural, c/ açúcar refinado",,Copo Grande,300
"Maracujá, refresco, c/ suco natural, c/ açúcar refinado",,Unidade,300
"Maracujá, refresco, c/ suco natural, c/ açúcar refinado",,Garrafa 200ml,200
"Maracujá, refresco, c/ suco natural, c/ açúcar refinado",,Caneca,300
"Maracujá, refresco, c/ suco natural, s/ açúcar",,Copo Americano,150
"Maracujá, refresco, c/ suco natural, s/ açúcar",,Copo Médio,240
"Maracujá, refresco, c/ suco natural, s/ açúcar",,Copo Grande,300
"Maracujá, refresco, c/ suco natural, s/ açúcar",,Unidade,300
"Maracujá, refresco, c/ suco natural, s/ açúcar",,Garrafa 200ml,200
"Maracujá, refresco, c/ suco natural, s/ açúcar",,Caneca,300
"Maracujá, suco concentrado, envasado",,Copo Americano,150
"Maracujá, suco concentrado, envasado",,Copo Médio,240
"Maracujá, suco concentrado, envasado",,Copo Grande,300
"Maracujá, suco concentrado, envasado",,Unidade,300
"Maracujá, suco concentrado, envasado",,Garrafa 200ml,200
"Maracujá, suco concentrado, envasado",,Caneca,300
"Maracujá, suco, concentrado, envasado",,Copo Americano,150
"Maracujá, suco, concentrado, envasado",,Copo Médio,240
"Maracujá, suco, concentrado, envasado",,Copo Grande,300
"Maracujá, suco, concentrado, envasado",,Unidade,300
"Maracujá, suco, concentrado, envasado",,Garrafa 200ml,200
"Maracujá, suco, concentrado, envasado",,Caneca,300
"Margarina (média várias amostras, c/ e s/ sal)",,Porção,10
"Margarina (média várias amostras, c/ e s/ sal)",,Colher de Arroz,64
"Margarina (média várias amostras, c/ e s/ sal)",,Colher de Sopa,32
"Margarina (média várias amostras, c/ e s/ sal)",,Colher de Chá,8
"Margarina (média várias amostras, c/ e s/ sal)",,Colher de Café,4
"Margarina (média várias amostras, c/ e s/ sal)",,Colher de Sobremesa,23
"Margarina (média várias amostras, c/ e s/ sal)",,Copo Americano,155
"Margarina (média várias amostras, c/ e s/ sal)",,Copo Médio,155
Margarina ao leite com sal -Leco®,,Porção,10
Margarina ao leite com sal -Leco®,,Colher de Arroz,64
Margarina ao leite com sal -Leco®,,Colher de Sopa,32
Margarina ao leite com sal -Leco®,,Colher de Chá,8
Margarina ao leite com sal -Leco®,,Colher de Café,4
Margarina ao leite com sal -Leco®,,Colher de Sobremesa,23
Margarina ao leite com sal -Leco®,,Copo Americano,155
Margarina ao leite com sal -Leco®,,Copo Médio,155
Margarina ao leite sem sal -Leco®,,Porção,10
Margarina ao leite sem sal -Leco®,,Colher de Arroz,64
Margarina ao leite sem sal -Leco®,,Colher de Sopa,32
Margarina ao leite sem sal -Leco®,,Colher de Chá,8
Margarina ao leite sem sal -Leco®,,Colher de Café,4
Margarina ao leite sem sal -Leco®,,Colher de Sobremesa,23
Margarina ao leite sem sal -Leco®,,Copo Americano,155
Margarina ao leite sem sal -Leco®,,Copo Médio,155
Margarina com manteiga semsal - Vigor Mix03),,Colher de Sopa,10
Margarina com ou sem sal,GORDURAS/OLEOS,Porção,10
Margarina com ou sem sal,GORDURAS/OLEOS,Colher de Arroz,64
Margarina com ou sem sal,GORDURAS/OLEOS,Colher de Sopa,32
Margarina com ou sem sal,GORDURAS/OLEOS,Colher de Chá,8
Margarina com ou sem sal,GORDURAS/OLEOS,Colher de Café,4
Margarina com ou sem sal,GORDURAS/OLEOS,Colher de Sobremesa,23
Margarina com ou sem sal,GORDURAS/OLEOS,Copo Americano,155
Margarina com ou sem sal,GORDURAS/OLEOS,Copo Médio,155
Margarina com sal Mila -Delícia®,,Porção,10
Margarina com sal Mila -Delícia®,,Colher de Arroz,64
Margarina com sal Mila -Delícia®,,Colher de Sopa,32
Margarina com sal Mila -Delícia®,,Colher de Chá,8
Margarina com sal Mila -Delícia®,,Colher de Café,4
Margarina com sal Mila -Delícia®,,Colher de Sobremesa,23
Margarina com sal Mila -Delícia®,,Copo Americano,155
Margarina com sal Mila -Delícia®,,Copo Médio,155
Margarina cremosa com sal -Delícia®,,Porção,10
Margarina cremosa com sal -Delícia®,,Colher de Arroz,64
Margarina cremosa com sal -Delícia®,,Colher de Sopa,32
Margarina cremosa com sal -Delícia®,,Colher de Chá,8
Margarina cremosa com sal -Delícia®,,Colher de Café,4
Margarina cremosa com sal -Delícia®,,Colher de Sobremesa,23
Margarina cremosa com sal -Delícia®,,Copo Americano,155
Margarina cremosa com sal -Delícia®,,Copo Médio,155
Margarina cremosa com sal- Vigor®,,Colher de Sopa,10
Margarina cremosa com salQualy - Sadia®,,Porção,10
Margarina cremosa com salQualy - Sadia®,,Colher de Arroz,64
Margarina cremosa com salQualy - Sadia®,,Colher de Sopa,32
Margarina cremosa com salQualy - Sadia®,,Colher de Chá,8
Margarina cremosa com salQualy - Sadia®,,Colher de Café,4
Margarina cremosa com salQualy - Sadia®,,Colher de Sobremesa,23
Margarina cremosa com salQualy - Sadia®,,Copo Americano,155
Margarina cremosa com salQualy - Sadia®,,Copo Médio,155
Margarina cremosa sem sal -Delícia®,,Porção,10
Margarina cremosa sem sal -Delícia®,,Colher de Arroz,64
Margarina cremosa sem sal -Delícia®,,Colher de Sopa,32
Margarina cremosa sem sal -Delícia®,,Colher de Chá,8
Margarina cremosa sem sal -Delícia®,,Colher de Café,4
Margarina cremosa sem sal -Delícia®,,Colher de Sobremesa,23
Margarina cremosa sem sal -Delícia®,,Copo Americano,155
Margarina cremosa sem sal -Delícia®,,Copo Médio,155
Margarina cremosa sem sal -Vigor®,,Colher de Sopa,10
Margarina cremosa sem salQualy - Sadia®,,Porção,10
Margarina cremosa sem salQualy - Sadia®,,Colher de Arroz,64
Margarina cremosa sem salQualy - Sadia®,,Colher de Sopa,32
Margarina cremosa sem salQualy - Sadia®,,Colher de Chá,8
Margarina cremosa sem salQualy - Sadia®,,Colher de Café,4
Margarina cremosa sem salQualy - Sadia®,,Colher de Sobremesa,23
Margarina cremosa sem salQualy - Sadia®,,Copo Americano,155
Margarina cremosa sem salQualy - Sadia®,,Copo Médio,155
Margarina culinária -Vigor®,,Colher de Sopa,10
"Margarina e manteiga, c/ sal, ""Vigor mix""",,Colher de Sopa,10
"Margarina e manteiga, s/ sal, ""Vigor mix""",,Colher de Sopa,10
Margarina light,GORDURAS/OLEOS,Porção,10
Margarina light,GORDURAS/OLEOS,Colher de Arroz,64
Margarina light,GORDURAS/OLEOS,Colher de Sopa,32
Margarina light,GORDURAS/OLEOS,Colher de Chá,8
Margarina light,GORDURAS/OLEOS,Colher de Café,4
Margarina light,GORDURAS/OLEOS,Colher de Sobremesa,23
Margarina light,GORDURAS/OLEOS,Copo Americano,155
Margarina light,GORDURAS/OLEOS,Copo Médio,155
Margarina original com sal -Becel®,,Porção,10
Margarina original com sal -Becel®,,Colher de Arroz,64
Margarina original com sal -Becel®,,Colher de Sopa,32
Margarina original com sal -Becel®,,Colher de Chá,8
Margarina original com sal -Becel®,,Colher de Café,4
Margarina original com sal -Becel®,,Colher de Sobremesa,23
Margarina original com sal -Becel®,,Copo Americano,155
Margarina original com sal -Becel®,,Copo Médio,155
Margarina sabor manteiga -Becel®,,Porção,10
Margarina sabor manteiga -Becel®,,Colher de Arroz,64
Margarina sabor manteiga -Becel®,,Colher de Sopa,32
Margarina sabor manteiga -Becel®,,Colher de Chá,8
Margarina sabor manteiga -Becel®,,Colher de Café,4
Margarina sabor manteiga -Becel®,,Colher de Sobremesa,23
Margarina sabor manteiga -Becel®,,Copo Americano,155
Margarina sabor manteiga -Becel®,,Copo Médio,155
Margarina Todo Dia - Primor®,,Porção,10
Margarina Todo Dia - Primor®,,Colher de Arroz,64
Margarina Todo Dia - Primor®,,Colher de Sopa,32
Margarina Todo Dia - Primor®,,Colher de Chá,8
Margarina Todo Dia - Primor®,,Colher de Café,4
Margarina Todo Dia - Primor®,,Colher de Sobremesa,23
Margarina Todo Dia - Primor®,,Copo Americano,155
Margarina Todo Dia - Primor®,,Copo Médio,155
Margarina vegetal com sal -Claybom®,,Porção,10
Margarina vegetal com sal -Claybom®,,Colher de Arroz,64
Margarina vegetal com sal -Claybom®,,Colher de Sopa,32
Margarina vegetal com sal -Claybom®,,Colher de Chá,8
Margarina vegetal com sal -Claybom®,,Colher de Café,4
Margarina vegetal com sal -Claybom®,,Colher de Sobremesa,23
Margarina vegetal com sal -Claybom®,,Copo Americano,155
Margarina vegetal com sal -Claybom®,,Copo Médio,155
Margarina vegetal cremosa com sal Doriana - Seara®,,Porção,10
Margarina vegetal cremosa com sal Doriana - Seara®,,Colher de Arroz,64
Margarina vegetal cremosa com sal Doriana - Seara®,,Colher de Sopa,32
Margarina vegetal cremosa com sal Doriana - Seara®,,Colher de Chá,8
Margarina vegetal cremosa com sal Doriana - Seara®,,Colher de Café,4
Margarina vegetal cremosa com sal Doriana - Seara®,,Colher de Sobremesa,23
Margarina vegetal cremosa com sal Doriana - Seara®,,Copo Americano,155
Margarina vegetal cremosa com sal Doriana - Seara®,,Copo Médio,155
Margarina vegetal cremosasem sal - Doriana®,,Porção,10
Margarina vegetal cremosasem sal - Doriana®,,Colher de Arroz,64
Margarina vegetal cremosasem sal - Doriana®,,Colher de Sopa,32
Margarina vegetal cremosasem sal - Doriana®,,Colher de Chá,8
Margarina vegetal cremosasem sal - Doriana®,,Colher de Café,4
Margarina vegetal cremosasem sal - Doriana®,,Colher de Sobremesa,23
Margarina vegetal cremosasem sal - Doriana®,,Copo Americano,155
Margarina vegetal cremosasem sal - Doriana®,,Copo Médio,155
Margarina vegetal culináriacom sal Forno & Fogão -Primor®,,Porção,10
Margarina vegetal culináriacom sal Forno & Fogão -Primor®,,Colher de Arroz,64
Margarina vegetal culináriacom sal Forno & Fogão -Primor®,,Colher de Sopa,32
Margarina vegetal culináriacom sal Forno & Fogão -Primor®,,Colher de Chá,8
Margarina vegetal culináriacom sal Forno & Fogão -Primor®,,Colher de Café,4
Margarina vegetal culináriacom sal Forno & Fogão -Primor®,,Colher de Sobremesa,23
Margarina vegetal culináriacom sal Forno & Fogão -Primor®,,Copo Americano,155
Margarina vegetal culináriacom sal Forno & Fogão -Primor®,,Copo Médio,155
Margarina vegetal lightDoriana - Seara®,,Porção,10
Margarina vegetal lightDoriana - Seara®,,Colher de Arroz,64
Margarina vegetal lightDoriana - Seara®,,Colher de Sopa,32
Margarina vegetal lightDoriana - Seara®,,Colher de Chá,8
Margarina vegetal lightDoriana - Seara®,,Colher de Café,4
Margarina vegetal lightDoriana - Seara®,,Colher de Sobremesa,23
Margarina vegetal lightDoriana - Seara®,,Copo Americano,155
Margarina vegetal lightDoriana - Seara®,,Copo Médio,155
Margarina vegetal líquida -Doriana®,,Porção,10
Margarina vegetal líquida -Doriana®,,Colher de Arroz,64
Margarina vegetal líquida -Doriana®,,Colher de Sopa,32
Margarina vegetal líquida -Doriana®,,Colher de Chá,8
Margarina vegetal líquida -Doriana®,,Colher de Café,4
Margarina vegetal líquida -Doriana®,,Colher de Sobremesa,23
Margarina vegetal líquida -Doriana®,,Copo Americano,155
Margarina vegetal líquida -Doriana®,,Copo Médio,155
"Margarina, ao leite , c/ sal, ""Leco""",,Porção,10
"Margarina, ao leite , c/ sal, ""Leco""",,Colher de Arroz,64
"Margarina, ao leite , c/ sal, ""Leco""",,Colher de Sopa,32
"Margarina, ao leite , c/ sal, ""Leco""",,Colher de Chá,8
"Margarina, ao leite , c/ sal, ""Leco""",,Colher de Café,4
"Margarina, ao leite , c/ sal, ""Leco""",,Colher de Sobremesa,23
"Margarina, ao leite , c/ sal, ""Leco""",,Copo Americano,155
"Margarina, ao leite , c/ sal, ""Leco""",,Copo Médio,155
"Margarina, ao leite , s/ sal, ""Leco""",,Porção,10
"Margarina, ao leite , s/ sal, ""Leco""",,Colher de Arroz,64
"Margarina, ao leite , s/ sal, ""Leco""",,Colher de Sopa,32
"Margarina, ao leite , s/ sal, ""Leco""",,Colher de Chá,8
"Margarina, ao leite , s/ sal, ""Leco""",,Colher de Café,4
"Margarina, ao leite , s/ sal, ""Leco""",,Colher de Sobremesa,23
"Margarina, ao leite , s/ sal, ""Leco""",,Copo Americano,155
"Margarina, ao leite , s/ sal, ""Leco""",,Copo Médio,155
"Margarina, c/ óleo hidrogenado, c/ sal (65% lipídeos)",,Porção,10
"Margarina, c/ óleo hidrogenado, c/ sal (65% lipídeos)",,Colher de Arroz,64
"Margarina, c/ óleo hidrogenado, c/ sal (65% lipídeos)",,Colher de Sopa,32
"Margarina, c/ óleo hidrogenado, c/ sal (65% lipídeos)",,Colher de Chá,8
"Margarina, c/ óleo hidrogenado, c/ sal (65% lipídeos)",,Colher de Café,4
"Margarina, c/ óleo hidrogenado, c/ sal (65% lipídeos)",,Colher de Sobremesa,23
"Margarina, c/ óleo hidrogenado, c/ sal (65% lipídeos)",,Copo Americano,155
"Margarina, c/ óleo hidrogenado, c/ sal (65% lipídeos)",,Copo Médio,155
"Margarina, c/ óleo hidrogenado, s/ sal (85% lipídeos)",,Porção,10
"Margarina, c/ óleo hidrogenado, s/ sal (85% lipídeos)",,Colher de Arroz,64
"Margarina, c/ óleo hidrogenado, s/ sal (85% lipídeos)",,Colher de Sopa,32
"Margarina, c/ óleo hidrogenado, s/ sal (85% lipídeos)",,Colher de Chá,8
"Margarina, c/ óleo hidrogenado, s/ sal (85% lipídeos)",,Colher de Café,4
"Margarina, c/ óleo hidrogenado, s/ sal (85% lipídeos)",,Colher de Sobremesa,23
"Margarina, c/ óleo hidrogenado, s/ sal (85% lipídeos)",,Copo Americano,155
"Margarina, c/ óleo hidrogenado, s/ sal (85% lipídeos)",,Copo Médio,155
"Margarina, c/ óleo interesterificado, c/ sal (65% lipídeos)",,Porção,10
"Margarina, c/ óleo interesterificado, c/ sal (65% lipídeos)",,Colher de Arroz,64
"Margarina, c/ óleo interesterificado, c/ sal (65% lipídeos)",,Colher de Sopa,32
"Margarina, c/ óleo interesterificado, c/ sal (65% lipídeos)",,Colher de Chá,8
"Margarina, c/ óleo interesterificado, c/ sal (65% lipídeos)",,Colher de Café,4
"Margarina, c/ óleo interesterificado, c/ sal (65% lipídeos)",,Colher de Sobremesa,23
"Margarina, c/ óleo interesterificado, c/ sal (65% lipídeos)",,Copo Americano,155
"Margarina, c/ óleo interesterificado, c/ sal (65% lipídeos)",,Copo Médio,155
"Margarina, c/ óleo interesterificado, s/ sal (65% lipídeos)",,Porção,10
"Margarina, c/ óleo interesterificado, s/ sal (65% lipídeos)",,Colher de Arroz,64
"Margarina, c/ óleo interesterificado, s/ sal (65% lipídeos)",,Colher de Sopa,32
"Margarina, c/ óleo interesterificado, s/ sal (65% lipídeos)",,Colher de Chá,8
"Margarina, c/ óleo interesterificado, s/ sal (65% lipídeos)",,Colher de Café,4
"Margarina, c/ óleo interesterificado, s/ sal (65% lipídeos)",,Colher de Sobremesa,23
"Margarina, c/ óleo interesterificado, s/ sal (65% lipídeos)",,Copo Americano,155
"Margarina, c/ óleo interesterificado, s/ sal (65% lipídeos)",,Copo Médio,155
"Margarina, c/ sal, ""Amélia""",,Porção,10
"Margarina, c/ sal, ""Amélia""",,Colher de Arroz,64
"Margarina, c/ sal, ""Amélia""",,Colher de Sopa,32
"Margarina, c/ sal, ""Amélia""",,Colher de Chá,8
"Margarina, c/ sal, ""Amélia""",,Colher de Café,4
"Margarina, c/ sal, ""Amélia""",,Colher de Sobremesa,23
"Margarina, c/ sal, ""Amélia""",,Copo Americano,155
"Margarina, c/ sal, ""Amélia""",,Copo Médio,155
"Margarina, com óleo hidrogenado, com sal (65% de lipídeos)",,Porção,10
"Margarina, com óleo hidrogenado, com sal (65% de lipídeos)",,Colher de Arroz,64
"Margarina, com óleo hidrogenado, com sal (65% de lipídeos)",,Colher de Sopa,32
"Margarina, com óleo hidrogenado, com sal (65% de lipídeos)",,Colher de Chá,8
"Margarina, com óleo hidrogenado, com sal (65% de lipídeos)",,Colher de Café,4
"Margarina, com óleo hidrogenado, com sal (65% de lipídeos)",,Colher de Sobremesa,23
"Margarina, com óleo hidrogenado, com sal (65% de lipídeos)",,Copo Americano,155
"Margarina, com óleo hidrogenado, com sal (65% de lipídeos)",,Copo Médio,155
"Margarina, com óleo hidrogenado, sem sal (80% de lipídeos)",,Porção,10
"Margarina, com óleo hidrogenado, sem sal (80% de lipídeos)",,Colher de Arroz,64
"Margarina, com óleo hidrogenado, sem sal (80% de lipídeos)",,Colher de Sopa,32
"Margarina, com óleo hidrogenado, sem sal (80% de lipídeos)",,Colher de Chá,8
"Margarina, com óleo hidrogenado, sem sal (80% de lipídeos)",,Colher de Café,4
"Margarina, com óleo hidrogenado, sem sal (80% de lipídeos)",,Colher de Sobremesa,23
"Margarina, com óleo hidrogenado, sem sal (80% de lipídeos)",,Copo Americano,155
"Margarina, com óleo hidrogenado, sem sal (80% de lipídeos)",,Copo Médio,155
"Margarina, com óleo interesterificado, com sal (65%de lipídeos)",,Porção,10
"Margarina, com óleo interesterificado, com sal (65%de lipídeos)",,Colher de Arroz,64
"Margarina, com óleo interesterificado, com sal (65%de lipídeos)",,Colher de Sopa,32
"Margarina, com óleo interesterificado, com sal (65%de lipídeos)",,Colher de Chá,8
"Margarina, com óleo interesterificado, com sal (65%de lipídeos)",,Colher de Café,4
"Margarina, com óleo interesterificado, com sal (65%de lipídeos)",,Colher de Sobremesa,23
"Margarina, com óleo interesterificado, com sal (65%de lipídeos)",,Copo Americano,155
"Margarina, com óleo interesterificado, com sal (65%de lipídeos)",,Copo Médio,155
"Margarina, com óleo interesterificado, sem sal (65% de lipídeos)",,Porção,10
"Margarina, com óleo interesterificado, sem sal (65% de lipídeos)",,Colher de Arroz,64
"Margarina, com óleo interesterificado, sem sal (65% de lipídeos)",,Colher de Sopa,32
"Margarina, com óleo interesterificado, sem sal (65% de lipídeos)",,Colher de Chá,8
"Margarina, com óleo interesterificado, sem sal (65% de lipídeos)",,Colher de Café,4
"Margarina, com óleo interesterificado, sem sal (65% de lipídeos)",,Colher de Sobremesa,23
"Margarina, com óleo interesterificado, sem sal (65% de lipídeos)",,Copo Americano,155
"Margarina, com óleo interesterificado, sem sal (65% de lipídeos)",,Copo Médio,155
Massa de sêmola tipo parafuso- Dona Benta®,,Prato Raso,80
Massa fresca capeletti comrecheio de frango - Massa Leve®,,Porção,100
Mate light,BEBIDAS QUENTES,Copo Americano,150
Mate light,BEBIDAS QUENTES,Copo Médio,240
Mate light,BEBIDAS QUENTES,Copo Grande,300
Mate light,BEBIDAS QUENTES,Xícara de Chá,200
Mate light,BEBIDAS QUENTES,Garrafa 200ml,200
Mate light,BEBIDAS QUENTES,Caneca,300
Mate tradicional,BEBIDAS QUENTES,Copo Americano,150
Mate tradicional,BEBIDAS QUENTES,Copo Médio,240
Mate tradicional,BEBIDAS QUENTES,Copo Grande,300
Mate tradicional,BEBIDAS QUENTES,Xícara de Chá,200
Mate tradicional,BEBIDAS QUENTES,Garrafa 200ml,200
Mate tradicional,BEBIDAS QUENTES,Caneca,300
Maxixe cozido(a),VERDURAS,Pedaço,12
Maxixe cozido(a),VERDURAS,Porção,40
Maxixe cozido(a),VERDURAS,Colher de Arroz,75
Maxixe cozido(a),VERDURAS,Colher de Sopa,40
Maxixe cozido(a),VERDURAS,Concha,130
Maxixe cozido(a),VERDURAS,Escumadeira,130
Maxixe cozido(a),VERDURAS,Pegador,40
Maxixe cozido(a),VERDURAS,Unidade,25
Maxixe cru(a),VERDURAS,Pedaço,12
Maxixe cru(a),VERDURAS,Porção,40
Maxixe cru(a),VERDURAS,Colher de Arroz,75
Maxixe cru(a),VERDURAS,Colher de Sopa,40
Maxixe cru(a),VERDURAS,Concha,130
Maxixe cru(a),VERDURAS,Escumadeira,130
Maxixe cru(a),VERDURAS,Pegador,40
Maxixe cru(a),VERDURAS,Unidade,25
Maxixe ensopado,VERDURAS,Pedaço,12
Maxixe ensopado,VERDURAS,Porção,40
Maxixe ensopado,VERDURAS,Colher de Arroz,75
Maxixe ensopado,VERDURAS,Colher de Sopa,40
Maxixe ensopado,VERDURAS,Concha,130
Maxixe ensopado,VERDURAS,Escumadeira,130
Maxixe ensopado,VERDURAS,Pegador,40
Maxixe ensopado,VERDURAS,Unidade,25
Maxixe refogado(a),VERDURAS,Pedaço,12
Maxixe refogado(a),VERDURAS,Porção,40
Maxixe refogado(a),VERDURAS,Colher de Arroz,75
Maxixe refogado(a),VERDURAS,Colher de Sopa,40
Maxixe refogado(a),VERDURAS,Concha,130
Maxixe refogado(a),VERDURAS,Escumadeira,130
Maxixe refogado(a),VERDURAS,Pegador,40
Maxixe refogado(a),VERDURAS,Unidade,25
"Maxixe, cru",,Pedaço,12
"Maxixe, cru",,Porção,40
"Maxixe, cru",,Colher de Arroz,75
"Maxixe, cru",,Colher de Sopa,40
"Maxixe, cru",,Concha,130
"Maxixe, cru",,Escumadeira,130
"Maxixe, cru",,Pegador,40
"Maxixe, cru",,Unidade,25
Mc Chicken Junior - McDonald's®,,Porção,134
Mc Colosso caramelo - McDonald's® (Tucunduva),,Porção,142
Mc Colosso caramelo - McDonald's® (Tucunduva),,Porção,142
McShake chocolate - McDonald's®,,Porção,400
McShake flocos - McDonald's®,,Porção,400
McShake morango - McDonald's®,,Porção,400
Mel (IBGE),ADOÇANTES,Colher de Arroz,30
Mel (IBGE),ADOÇANTES,Colher de Sopa,15
Mel (IBGE),ADOÇANTES,Colher de Chá,3
Mel (IBGE),ADOÇANTES,Colher de Café,2
Mel (IBGE),ADOÇANTES,Colher de Sobremesa,9
Mel (IBGE),ADOÇANTES,Copo Médio,240
Mel (Tucunduva),,Colher de Arroz,30
Mel (Tucunduva),,Colher de Sopa,15
Mel (Tucunduva),,Colher de Chá,3
Mel (Tucunduva),,Colher de Café,2
Mel (Tucunduva),,Colher de Sobremesa,9
Mel (Tucunduva),,Copo Médio,240
"Mel de abelha, Apis melifera",,Colher de Arroz,30
"Mel de abelha, Apis melifera",,Colher de Sopa,15
"Mel de abelha, Apis melifera",,Colher de Chá,3
"Mel de abelha, Apis melifera",,Colher de Café,2
"Mel de abelha, Apis melifera",,Colher de Sobremesa,9
"Mel de abelha, Apis melifera",,Copo Médio,240
"Mel, de abelha",,Colher de Arroz,30
"Mel, de abelha",,Colher de Sopa,15
"Mel, de abelha",,Colher de Chá,3
"Mel, de abelha",,Colher de Café,2
"Mel, de abelha",,Colher de Sobremesa,9
"Mel, de abelha",,Copo Médio,240
Melancia (IBGE),FRUTAS/SUCOS/VITAMINAS,Fatia,200
Melancia (IBGE),FRUTAS/SUCOS/VITAMINAS,Pedaço,150
Melancia (IBGE),FRUTAS/SUCOS/VITAMINAS,Porção,296
Melancia (Tucunduva),,Fatia,200
Melancia (Tucunduva),,Pedaço,150
Melancia (Tucunduva),,Porção,296
"Melancia e acerola, suco natural (néctar), c/ açúcar refinado",,Copo Americano,150
"Melancia e acerola, suco natural (néctar), c/ açúcar refinado",,Copo Médio,240
"Melancia e acerola, suco natural (néctar), c/ açúcar refinado",,Copo Grande,300
"Melancia e acerola, suco natural (néctar), c/ açúcar refinado",,Unidade,300
"Melancia e acerola, suco natural (néctar), c/ açúcar refinado",,Garrafa 200ml,200
"Melancia e acerola, suco natural (néctar), c/ açúcar refinado",,Caneca,300
"Melancia e acerola, suco natural (nectar), s/ açúcar",,Copo Americano,150
"Melancia e acerola, suco natural (nectar), s/ açúcar",,Copo Médio,240
"Melancia e acerola, suco natural (nectar), s/ açúcar",,Copo Grande,300
"Melancia e acerola, suco natural (nectar), s/ açúcar",,Unidade,300
"Melancia e acerola, suco natural (nectar), s/ açúcar",,Garrafa 200ml,200
"Melancia e acerola, suco natural (nectar), s/ açúcar",,Caneca,300
"Melancia, crua",,Fatia,200
"Melancia, crua",,Pedaço,150
"Melancia, crua",,Porção,296
Melão (IBGE),FRUTAS/SUCOS/VITAMINAS,Fatia,90
Melão (IBGE),FRUTAS/SUCOS/VITAMINAS,Pedaço,22
Melão (IBGE),FRUTAS/SUCOS/VITAMINAS,Porção,230
Melão (IBGE),FRUTAS/SUCOS/VITAMINAS,Unidade,660
Melão (IBGE),FRUTAS/SUCOS/VITAMINAS,Metade,330
Melão (IBGE),FRUTAS/SUCOS/VITAMINAS,Banda,330
Melão (Tucunduva),,Fatia,90
Melão (Tucunduva),,Pedaço,22
Melão (Tucunduva),,Porção,230
"Melão, cru",,Fatia,90
"Melão, cru",,Pedaço,22
"Melão, cru",,Porção,230
"Melão, cru",,Unidade,660
"Melão, suco natural (néctar), c/ açúcar refinado",,Copo Americano,150
"Melão, suco natural (néctar), c/ açúcar refinado",,Copo Médio,240
"Melão, suco natural (néctar), c/ açúcar refinado",,Copo Grande,300
"Melão, suco natural (néctar), c/ açúcar refinado",,Unidade,300
"Melão, suco natural (néctar), c/ açúcar refinado",,Garrafa 200ml,200
"Melão, suco natural (néctar), c/ açúcar refinado",,Caneca,300
"Melão, suco natural (néctar), s/ açúcar",,Copo Americano,150
"Melão, suco natural (néctar), s/ açúcar",,Copo Médio,240
"Melão, suco natural (néctar), s/ açúcar",,Copo Grande,300
"Melão, suco natural (néctar), s/ açúcar",,Unidade,300
"Melão, suco natural (néctar), s/ açúcar",,Garrafa 200ml,200
"Melão, suco natural (néctar), s/ açúcar",,Caneca,300
Mexerica (IBGE),FRUTAS/SUCOS/VITAMINAS,Unidade,135
Mexerica (IBGE),FRUTAS/SUCOS/VITAMINAS,Unidade Pequena,100
Mexerica (Tucunduva),,Unidade,135
Mexerica (Tucunduva),,Unidade Pequena,100
Mexerica (casca),,Unidade,135
Mexerica (casca),,Unidade Pequena,100
"Mexerica, Murcote, crua",,Unidade,135
"Mexerica, Murcote, crua",,Unidade Pequena,100
"Mexerica, Murcote, in natura, Citrus reticulata Blanco x Citrus sinensis (L.) Osbeck",,Unidade,135
"Mexerica, Murcote, in natura, Citrus reticulata Blanco x Citrus sinensis (L.) Osbeck",,Unidade Pequena,100
"Mexerica, Rio, crua",,Unidade,135
"Mexerica, Rio, crua",,Unidade Pequena,100
Milharina - Quaker®,,Xícara de Chá,90
Milho (em grão),CEREAIS,Porção,100
Milho (em grão),CEREAIS,Colher de Arroz,38
Milho (em grão),CEREAIS,Colher de Sopa,24
Milho (em grão),CEREAIS,Colher de Sobremesa,17
Milho (em grão) assado(a),CEREAIS,Porção,100
Milho (em grão) assado(a),CEREAIS,Colher de Arroz,38
Milho (em grão) assado(a),CEREAIS,Colher de Sopa,24
Milho (em grão) assado(a),CEREAIS,Colher de Sobremesa,17
Milho (em grão) cozido(a),CEREAIS,Porção,100
Milho (em grão) cozido(a),CEREAIS,Colher de Arroz,38
Milho (em grão) cozido(a),CEREAIS,Colher de Sopa,24
Milho (em grão) cozido(a),CEREAIS,Colher de Sobremesa,17
Milho (em grão) cru(a),CEREAIS,Porção,100
Milho (em grão) cru(a),CEREAIS,Colher de Arroz,38
Milho (em grão) cru(a),CEREAIS,Colher de Sopa,24
Milho (em grão) cru(a),CEREAIS,Colher de Sobremesa,17
Milho (em grão) ensopado,CEREAIS,Porção,100
Milho (em grão) ensopado,CEREAIS,Colher de Arroz,38
Milho (em grão) ensopado,CEREAIS,Colher de Sopa,24
Milho (em grão) ensopado,CEREAIS,Colher de Sobremesa,17
Milho (em grão) grelhado(a)/brasa/churrasco,CEREAIS,Porção,100
Milho (em grão) grelhado(a)/brasa/churrasco,CEREAIS,Colher de Arroz,38
Milho (em grão) grelhado(a)/brasa/churrasco,CEREAIS,Colher de Sopa,24
Milho (em grão) grelhado(a)/brasa/churrasco,CEREAIS,Colher de Sobremesa,17
Milho (em grão) refogado(a),CEREAIS,Porção,100
Milho (em grão) refogado(a),CEREAIS,Colher de Arroz,38
Milho (em grão) refogado(a),CEREAIS,Colher de Sopa,24
Milho (em grão) refogado(a),CEREAIS,Colher de Sobremesa,17
Milho cozido,CEREAIS,Colher de Arroz,60
Milho cozido,CEREAIS,Colher de Sopa,24
Milho cozido,CEREAIS,Concha,120
Milho cozido,CEREAIS,Colher de Sobremesa,17
Milho cozido,CEREAIS,Unidade,100
Milho cozido,CEREAIS,Unidade Pequena,50
Milho para pipoca - Yoki®,,Xícara de Chá,25
Milho para pipoca light -Linguanotto®,,Xícara de Chá,25
Milho verde,,Porção,100
Milho verde,,Colher de Arroz,38
Milho verde,,Colher de Sopa,24
Milho verde,,Colher de Sobremesa,17
Milho verde - Etti®,,Porção,100
Milho verde - Etti®,,Colher de Arroz,38
Milho verde - Etti®,,Colher de Sopa,24
Milho verde - Etti®,,Colher de Sobremesa,17
Milho verde (cozido),,Porção,100
Milho verde (cozido),,Colher de Arroz,38
Milho verde (cozido),,Colher de Sopa,24
Milho verde (cozido),,Colher de Sobremesa,17
Milho verde com ervilha em conserva,CONSERVAS,Porção,100
Milho verde com ervilha em conserva,CONSERVAS,Colher de Arroz,38
Milho verde com ervilha em conserva,CONSERVAS,Colher de Sopa,24
Milho verde com ervilha em conserva,CONSERVAS,Colher de Sobremesa,17
Milho verde com ervilha em conserva cozido(a),CONSERVAS,Porção,100
Milho verde com ervilha em conserva cozido(a),CONSERVAS,Colher de Arroz,38
Milho verde com ervilha em conserva cozido(a),CONSERVAS,Colher de Sopa,24
Milho verde com ervilha em conserva cozido(a),CONSERVAS,Colher de Sobremesa,17
Milho verde com ervilha em conserva cru(a),CONSERVAS,Porção,100
Milho verde com ervilha em conserva cru(a),CONSERVAS,Colher de Arroz,38
Milho verde com ervilha em conserva cru(a),CONSERVAS,Colher de Sopa,24
Milho verde com ervilha em conserva cru(a),CONSERVAS,Colher de Sobremesa,17
Milho verde com ervilha em conserva frito(a),CONSERVAS,Porção,100
Milho verde com ervilha em conserva frito(a),CONSERVAS,Colher de Arroz,38
Milho verde com ervilha em conserva frito(a),CONSERVAS,Colher de Sopa,24
Milho verde com ervilha em conserva frito(a),CONSERVAS,Colher de Sobremesa,17
Milho verde congelado -Bonduelie®,,Porção,100
Milho verde congelado -Bonduelie®,,Colher de Arroz,38
Milho verde congelado -Bonduelie®,,Colher de Sopa,24
Milho verde congelado -Bonduelie®,,Colher de Sobremesa,17
Milho verde em conserva,CONSERVAS,Porção,100
Milho verde em conserva,CONSERVAS,Colher de Arroz,38
Milho verde em conserva,CONSERVAS,Colher de Sopa,24
Milho verde em conserva,CONSERVAS,Colher de Sobremesa,17
Milho verde em conserva -Jurema®,,Porção,100
Milho verde em conserva -Jurema®,,Colher de Arroz,38
Milho verde em conserva -Jurema®,,Colher de Sopa,24
Milho verde em conserva -Jurema®,,Colher de Sobremesa,17
"Milho, amido, cru (TACO)",,Colher de Arroz,55
"Milho, amido, cru (TACO)",,Colher de Sopa,37
"Milho, amido, cru (TACO)",,Concha,110
"Milho, amido, cru (TBCA)",,Colher de Arroz,55
"Milho, amido, cru (TBCA)",,Colher de Sopa,37
"Milho, amido, cru (TBCA)",,Concha,110
"Milho, fubá, cru",,Colher de Arroz,60
"Milho, fubá, cru",,Colher de Sopa,35
"Milho, fubá, cru",,Concha,150
"Milho, fubá, cru (média diferentes marcas)",,Colher de Arroz,60
"Milho, fubá, cru (média diferentes marcas)",,Colher de Sopa,35
"Milho, fubá, cru (média diferentes marcas)",,Concha,150
"Milho, pipoca, crua (média de diferentes sabores)",,Xícara de Chá,25
"Milho, pipoca, grão, cru, Zea mays (média diferentes amostras)",,Xícara de Chá,25
"Milho, pipoca, micro-ondas, light, preparado",,Xícara de Chá,25
"Milho, pipoca, p/ micro-ondas, bacon, cru, ""Hikari""",,Xícara de Chá,25
"Milho, pipoca, p/ micro-ondas, cru, light, ""Hikari"" (TBCA)",,Xícara de Chá,25
"Milho, pipoca, p/ micro-ondas, cru, light, ""Hikari"" (TBCA)",,Xícara de Chá,25
"Milho, pipoca, p/ micro-ondas, light, cru",,Xícara de Chá,25
"Milho, pipoca, p/ micro-ondas, manteiga, cru, ""Hikari""",,Xícara de Chá,25
"Milho, pipoca, p/ micro-ondas, natural, cru, ""Hikari""",,Xícara de Chá,25
"Milho, pipoca, p/ micro-ondas, queijo, cru, ""Hikari""",,Xícara de Chá,25
"Milho, pipoca, s/ sal, preparado",,Xícara de Chá,25
"Milho, polenta/fubá, cozido",,Colher de Arroz,60
"Milho, polenta/fubá, cozido",,Colher de Sopa,35
"Milho, polenta/fubá, cozido",,Concha,150
"Milho, verde, cozido no vapor, ""Jurema""",,Porção,100
"Milho, verde, cozido no vapor, ""Jurema""",,Colher de Arroz,38
"Milho, verde, cozido no vapor, ""Jurema""",,Colher de Sopa,24
"Milho, verde, cozido no vapor, ""Jurema""",,Colher de Sobremesa,17
"Milho, verde, cru",,Porção,100
"Milho, verde, cru",,Colher de Arroz,38
"Milho, verde, cru",,Colher de Sopa,24
"Milho, verde, cru",,Colher de Sobremesa,17
"Milho, verde, enlatado, drenado",,Porção,100
"Milho, verde, enlatado, drenado",,Colher de Arroz,38
"Milho, verde, enlatado, drenado",,Colher de Sopa,24
"Milho, verde, enlatado, drenado",,Colher de Sobremesa,17
"Milho, verde, grão, assado, c/ manteiga, c/ sal",,Porção,100
"Milho, verde, grão, assado, c/ manteiga, c/ sal",,Colher de Arroz,38
"Milho, verde, grão, assado, c/ manteiga, c/ sal",,Colher de Sopa,24
"Milho, verde, grão, assado, c/ manteiga, c/ sal",,Colher de Sobremesa,17
"Milho, verde, grão, assado, c/ manteiga, s/ sal",,Porção,100
"Milho, verde, grão, assado, c/ manteiga, s/ sal",,Colher de Arroz,38
"Milho, verde, grão, assado, c/ manteiga, s/ sal",,Colher de Sopa,24
"Milho, verde, grão, assado, c/ manteiga, s/ sal",,Colher de Sobremesa,17
"Milho, verde, grão, assado, c/ sal, Zea mays",,Porção,100
"Milho, verde, grão, assado, c/ sal, Zea mays",,Colher de Arroz,38
"Milho, verde, grão, assado, c/ sal, Zea mays",,Colher de Sopa,24
"Milho, verde, grão, assado, c/ sal, Zea mays",,Colher de Sobremesa,17
"Milho, verde, grão, assado, s/ sal, Zea mays",,Porção,100
"Milho, verde, grão, assado, s/ sal, Zea mays",,Colher de Arroz,38
"Milho, verde, grão, assado, s/ sal, Zea mays",,Colher de Sopa,24
"Milho, verde, grão, assado, s/ sal, Zea mays",,Colher de Sobremesa,17
"Milho, verde, grão, cozido, drenado, c/ manteiga, c/ sal",,Porção,100
"Milho, verde, grão, cozido, drenado, c/ manteiga, c/ sal",,Colher de Arroz,38
"Milho, verde, grão, cozido, drenado, c/ manteiga, c/ sal",,Colher de Sopa,24
"Milho, verde, grão, cozido, drenado, c/ manteiga, c/ sal",,Colher de Sobremesa,17
"Milho, verde, grão, cozido, drenado, c/ manteiga, s/ sal",,Porção,100
"Milho, verde, grão, cozido, drenado, c/ manteiga, s/ sal",,Colher de Arroz,38
"Milho, verde, grão, cozido, drenado, c/ manteiga, s/ sal",,Colher de Sopa,24
"Milho, verde, grão, cozido, drenado, c/ manteiga, s/ sal",,Colher de Sobremesa,17
"Milho, verde, grão, cozido, drenado, c/ sal, Zea mays",,Porção,100
"Milho, verde, grão, cozido, drenado, c/ sal, Zea mays",,Colher de Arroz,38
"Milho, verde, grão, cozido, drenado, c/ sal, Zea mays",,Colher de Sopa,24
"Milho, verde, grão, cozido, drenado, c/ sal, Zea mays",,Colher de Sobremesa,17
"Milho, verde, grão, cozido, drenado, s/ sal, Zea mays",,Porção,100
"Milho, verde, grão, cozido, drenado, s/ sal, Zea mays",,Colher de Arroz,38
"Milho, verde, grão, cozido, drenado, s/ sal, Zea mays",,Colher de Sopa,24
"Milho, verde, grão, cozido, drenado, s/ sal, Zea mays",,Colher de Sobremesa,17
"Milho, verde, grão, cru, Zea mays (média diferentes amostras)",,Porção,100
"Milho, verde, grão, cru, Zea mays (média diferentes amostras)",,Colher de Arroz,38
"Milho, verde, grão, cru, Zea mays (média diferentes amostras)",,Colher de Sopa,24
"Milho, verde, grão, cru, Zea mays (média diferentes amostras)",,Colher de Sobremesa,17
"Milho, verde, grão, enlatado, drenado (média diferentes marca)",,Porção,100
"Milho, verde, grão, enlatado, drenado (média diferentes marca)",,Colher de Arroz,38
"Milho, verde, grão, enlatado, drenado (média diferentes marca)",,Colher de Sopa,24
"Milho, verde, grão, enlatado, drenado (média diferentes marca)",,Colher de Sobremesa,17
"Milho, verde, grão, refogado, c/ sal",,Porção,100
"Milho, verde, grão, refogado, c/ sal",,Colher de Arroz,38
"Milho, verde, grão, refogado, c/ sal",,Colher de Sopa,24
"Milho, verde, grão, refogado, c/ sal",,Colher de Sobremesa,17
"Milho, verde, grão, refogado, s/ sal",,Porção,100
"Milho, verde, grão, refogado, s/ sal",,Colher de Arroz,38
"Milho, verde, grão, refogado, s/ sal",,Colher de Sopa,24
"Milho, verde, grão, refogado, s/ sal",,Colher de Sobremesa,17
"Mingau, de maisena, c/ açúcar",,Porção,240
"Mingau, de maisena, c/ açúcar",,Colher de Sopa,20
"Mingau, de maisena, c/ banana, c/ açúcar",,Porção,240
"Mingau, de maisena, c/ banana, c/ açúcar",,Colher de Sopa,20
Miolo de alcatra sem gordura(cru) - carne bovina,,Fatia,90
Miolo de alcatra sem gordura(cru) - carne bovina,,Pedaço,35
Miolo de alcatra sem gordura(cru) - carne bovina,,Porção,75
Miolo de alcatra sem gordura(cru) - carne bovina,,Colher de Arroz,70
Miolo de alcatra sem gordura(cru) - carne bovina,,Colher de Sopa,30
Miolo de alcatra sem gordura(cru) - carne bovina,,Concha,140
Miolo de alcatra sem gordura(cru) - carne bovina,,Escumadeira,70
Miolo de alcatra sem gordura(grelhado) - carne bovina,,Fatia,90
Miolo de alcatra sem gordura(grelhado) - carne bovina,,Pedaço,35
Miolo de alcatra sem gordura(grelhado) - carne bovina,,Porção,75
Miolo de alcatra sem gordura(grelhado) - carne bovina,,Colher de Arroz,70
Miolo de alcatra sem gordura(grelhado) - carne bovina,,Colher de Sopa,30
Miolo de alcatra sem gordura(grelhado) - carne bovina,,Concha,140
Miolo de alcatra sem gordura(grelhado) - carne bovina,,Escumadeira,70
Miolo de boi cozido(a),CARNE BOVINA,Fatia,90
Miolo de boi cozido(a),CARNE BOVINA,Pedaço,35
Miolo de boi cozido(a),CARNE BOVINA,Porção,75
Miolo de boi cozido(a),CARNE BOVINA,Colher de Arroz,70
Miolo de boi cozido(a),CARNE BOVINA,Colher de Sopa,30
Miolo de boi cozido(a),CARNE BOVINA,Concha,140
Miolo de boi cozido(a),CARNE BOVINA,Escumadeira,70
Miudo de bode  cozido(a),OUTRAS CARNES,Fatia,90
Miudo de bode  cozido(a),OUTRAS CARNES,Pedaço,35
Miudo de bode  cozido(a),OUTRAS CARNES,Porção,75
Miudo de bode  cozido(a),OUTRAS CARNES,Colher de Arroz,70
Miudo de bode  cozido(a),OUTRAS CARNES,Colher de Sopa,30
Miudo de bode  cozido(a),OUTRAS CARNES,Concha,140
Miudo de bode  cozido(a),OUTRAS CARNES,Escumadeira,70
Miudo de galinha ou frango  assado(a),AVES,Pedaço,55
Miudo de galinha ou frango  assado(a),AVES,Porção,100
Miudo de galinha ou frango  assado(a),AVES,Colher de Arroz,40
Miudo de galinha ou frango  assado(a),AVES,Colher de Sopa,20
Miudo de galinha ou frango  assado(a),AVES,Concha,80
Miudo de galinha ou frango  assado(a),AVES,Asa,40
Miudo de galinha ou frango  assado(a),AVES,Peito,180
Miudo de galinha ou frango  assado(a),AVES,Coxa,55
Miudo de galinha ou frango  assado(a),AVES,Sobrecoxa,65
Miudo de galinha ou frango  assado(a),AVES,Costela,60
Miudo de galinha ou frango  assado(a),AVES,Pescoço,10
Miudo de galinha ou frango  cozido(a),AVES,Pedaço,55
Miudo de galinha ou frango  cozido(a),AVES,Porção,100
Miudo de galinha ou frango  cozido(a),AVES,Colher de Arroz,40
Miudo de galinha ou frango  cozido(a),AVES,Colher de Sopa,20
Miudo de galinha ou frango  cozido(a),AVES,Concha,80
Miudo de galinha ou frango  cozido(a),AVES,Asa,40
Miudo de galinha ou frango  cozido(a),AVES,Peito,180
Miudo de galinha ou frango  cozido(a),AVES,Coxa,55
Miudo de galinha ou frango  cozido(a),AVES,Sobrecoxa,65
Miudo de galinha ou frango  cozido(a),AVES,Costela,60
Miudo de galinha ou frango  cozido(a),AVES,Pescoço,10
Miudo de galinha ou frango  frito(a),AVES,Pedaço,55
Miudo de galinha ou frango  frito(a),AVES,Porção,100
Miudo de galinha ou frango  frito(a),AVES,Colher de Arroz,40
Miudo de galinha ou frango  frito(a),AVES,Colher de Sopa,20
Miudo de galinha ou frango  frito(a),AVES,Concha,80
Miudo de galinha ou frango  frito(a),AVES,Asa,40
Miudo de galinha ou frango  frito(a),AVES,Peito,180
Miudo de galinha ou frango  frito(a),AVES,Coxa,55
Miudo de galinha ou frango  frito(a),AVES,Sobrecoxa,65
Miudo de galinha ou frango  frito(a),AVES,Costela,60
Miudo de galinha ou frango  frito(a),AVES,Pescoço,10
Miudo de galinha ou frango  molho vermelho,AVES,Pedaço,55
Miudo de galinha ou frango  molho vermelho,AVES,Porção,100
Miudo de galinha ou frango  molho vermelho,AVES,Colher de Arroz,40
Miudo de galinha ou frango  molho vermelho,AVES,Colher de Sopa,20
Miudo de galinha ou frango  molho vermelho,AVES,Concha,80
Miudo de galinha ou frango  molho vermelho,AVES,Asa,40
Miudo de galinha ou frango  molho vermelho,AVES,Peito,180
Miudo de galinha ou frango  molho vermelho,AVES,Coxa,55
Miudo de galinha ou frango  molho vermelho,AVES,Sobrecoxa,65
Miudo de galinha ou frango  molho vermelho,AVES,Costela,60
Miudo de galinha ou frango  molho vermelho,AVES,Pescoço,10
Miudo suíno cozido(a),OUTRAS CARNES,Fatia,90
Miudo suíno cozido(a),OUTRAS CARNES,Pedaço,35
Miudo suíno cozido(a),OUTRAS CARNES,Porção,75
Miudo suíno cozido(a),OUTRAS CARNES,Colher de Arroz,70
Miudo suíno cozido(a),OUTRAS CARNES,Colher de Sopa,30
Miudo suíno cozido(a),OUTRAS CARNES,Concha,140
Miudo suíno cozido(a),OUTRAS CARNES,Escumadeira,70
Mocoto bovino,CARNE BOVINA,Fatia,90
Mocoto bovino,CARNE BOVINA,Pedaço,35
Mocoto bovino,CARNE BOVINA,Porção,75
Mocoto bovino,CARNE BOVINA,Colher de Arroz,70
Mocoto bovino,CARNE BOVINA,Colher de Sopa,30
Mocoto bovino,CARNE BOVINA,Concha,140
Mocoto bovino,CARNE BOVINA,Escumadeira,70
Mocoto bovino cozido(a),CARNE BOVINA,Fatia,90
Mocoto bovino cozido(a),CARNE BOVINA,Pedaço,35
Mocoto bovino cozido(a),CARNE BOVINA,Porção,75
Mocoto bovino cozido(a),CARNE BOVINA,Colher de Arroz,70
Mocoto bovino cozido(a),CARNE BOVINA,Colher de Sopa,30
Mocoto bovino cozido(a),CARNE BOVINA,Concha,140
Mocoto bovino cozido(a),CARNE BOVINA,Escumadeira,70
Mocoto bovino ensopado,CARNE BOVINA,Fatia,90
Mocoto bovino ensopado,CARNE BOVINA,Pedaço,35
Mocoto bovino ensopado,CARNE BOVINA,Porção,75
Mocoto bovino ensopado,CARNE BOVINA,Colher de Arroz,70
Mocoto bovino ensopado,CARNE BOVINA,Colher de Sopa,30
Mocoto bovino ensopado,CARNE BOVINA,Concha,140
Mocoto bovino ensopado,CARNE BOVINA,Escumadeira,70
Mocoto de caprino cozido(a),OUTRAS CARNES,Fatia,90
Mocoto de caprino cozido(a),OUTRAS CARNES,Pedaço,35
Mocoto de caprino cozido(a),OUTRAS CARNES,Porção,75
Mocoto de caprino cozido(a),OUTRAS CARNES,Colher de Arroz,70
Mocoto de caprino cozido(a),OUTRAS CARNES,Colher de Sopa,30
Mocoto de caprino cozido(a),OUTRAS CARNES,Concha,140
Mocoto de caprino cozido(a),OUTRAS CARNES,Escumadeira,70
Mocoto suíno cozido(a),OUTRAS CARNES,Fatia,90
Mocoto suíno cozido(a),OUTRAS CARNES,Pedaço,35
Mocoto suíno cozido(a),OUTRAS CARNES,Porção,75
Mocoto suíno cozido(a),OUTRAS CARNES,Colher de Arroz,70
Mocoto suíno cozido(a),OUTRAS CARNES,Colher de Sopa,30
Mocoto suíno cozido(a),OUTRAS CARNES,Concha,140
Mocoto suíno cozido(a),OUTRAS CARNES,Escumadeira,70
Moranga,VERDURAS,Pedaço,50
Moranga,VERDURAS,Porção,70
Moranga,VERDURAS,Colher de Arroz,72
Moranga,VERDURAS,Colher de Sopa,36
Moranga,VERDURAS,Concha,100
Moranga cozido(a),VERDURAS,Pedaço,50
Moranga cozido(a),VERDURAS,Porção,70
Moranga cozido(a),VERDURAS,Colher de Arroz,72
Moranga cozido(a),VERDURAS,Colher de Sopa,36
Moranga cozido(a),VERDURAS,Concha,100
Moranga ensopado,VERDURAS,Pedaço,50
Moranga ensopado,VERDURAS,Porção,70
Moranga ensopado,VERDURAS,Colher de Arroz,72
Moranga ensopado,VERDURAS,Colher de Sopa,36
Moranga ensopado,VERDURAS,Concha,100
Moranga refogado(a),VERDURAS,Pedaço,50
Moranga refogado(a),VERDURAS,Porção,70
Moranga refogado(a),VERDURAS,Colher de Arroz,72
Moranga refogado(a),VERDURAS,Colher de Sopa,36
Moranga refogado(a),VERDURAS,Concha,100
Morango (IBGE),FRUTAS/SUCOS/VITAMINAS,Porção,120
Morango (IBGE),FRUTAS/SUCOS/VITAMINAS,Copo Americano,62
Morango (IBGE),FRUTAS/SUCOS/VITAMINAS,Prato Sobremesa,120
Morango (IBGE),FRUTAS/SUCOS/VITAMINAS,Xícara de Chá,120
Morango (IBGE),FRUTAS/SUCOS/VITAMINAS,Unidade,12
Morango (IBGE),FRUTAS/SUCOS/VITAMINAS,Unidade Pequena,7
Morango (Tucunduva),,Porção,120
Morango (Tucunduva),,Copo Americano,62
Morango (Tucunduva),,Prato Sobremesa,120
Morango (Tucunduva),,Xícara de Chá,120
Morango (Tucunduva),,Unidade,12
Morango (Tucunduva),,Unidade Pequena,7
"Morango, cru",,Porção,120
"Morango, cru",,Copo Americano,62
"Morango, cru",,Prato Sobremesa,120
"Morango, cru",,Xícara de Chá,120
"Morango, cru",,Unidade,12
"Morango, cru",,Unidade Pequena,7
"Morango, in natura, Fragaria vesca L.",,Porção,120
"Morango, in natura, Fragaria vesca L.",,Copo Americano,62
"Morango, in natura, Fragaria vesca L.",,Prato Sobremesa,120
"Morango, in natura, Fragaria vesca L.",,Xícara de Chá,120
"Morango, in natura, Fragaria vesca L.",,Unidade,12
"Morango, in natura, Fragaria vesca L.",,Unidade Pequena,7
"Morango, suco natural (néctar), c/ açúcar refinado",,Copo Americano,150
"Morango, suco natural (néctar), c/ açúcar refinado",,Copo Médio,240
"Morango, suco natural (néctar), c/ açúcar refinado",,Copo Grande,300
"Morango, suco natural (néctar), c/ açúcar refinado",,Unidade,300
"Morango, suco natural (néctar), c/ açúcar refinado",,Garrafa 200ml,200
"Morango, suco natural (néctar), c/ açúcar refinado",,Caneca,300
"Morango, suco natural (néctar), s/ açúcar",,Copo Americano,150
"Morango, suco natural (néctar), s/ açúcar",,Copo Médio,240
"Morango, suco natural (néctar), s/ açúcar",,Copo Grande,300
"Morango, suco natural (néctar), s/ açúcar",,Unidade,300
"Morango, suco natural (néctar), s/ açúcar",,Garrafa 200ml,200
"Morango, suco natural (néctar), s/ açúcar",,Caneca,300
Mortadela (IBGE),CARNES INDUSTRIALIZADAS,Fatia,35
Mortadela (TACO),,Fatia,35
Mortadela (Tucunduva),,Fatia,35
Mortadela (TBCA),,Fatia,35
Mortadela light,CARNES INDUSTRIALIZADAS,Fatia,35
Mousse de qualquer sabor (geléia),AÇUCARES/CONFEITARIA,Colher de Sopa,20
Mucilon de arroz - Nestlé®,,Porção,21
Mucilon de arroz - Nestlé®,,Colher de Sopa,7
Mucilon de milho - Nestlé®,,Porção,21
Mucilon de milho - Nestlé®,,Colher de Sopa,7
Musculo bovino assado(a),CARNE BOVINA,File,100
Musculo bovino assado(a),CARNE BOVINA,Bife,100
Musculo bovino assado(a),CARNE BOVINA,Fatia,90
Musculo bovino assado(a),CARNE BOVINA,Pedaço,35
Musculo bovino assado(a),CARNE BOVINA,Porção,75
Musculo bovino assado(a),CARNE BOVINA,Colher de Arroz,70
Musculo bovino assado(a),CARNE BOVINA,Colher de Sopa,30
Musculo bovino assado(a),CARNE BOVINA,Concha,140
Musculo bovino assado(a),CARNE BOVINA,Escumadeira,70
Musculo bovino cozido(a),CARNE BOVINA,File,100
Musculo bovino cozido(a),CARNE BOVINA,Bife,100
Musculo bovino cozido(a),CARNE BOVINA,Fatia,90
Musculo bovino cozido(a),CARNE BOVINA,Pedaço,35
Musculo bovino cozido(a),CARNE BOVINA,Porção,75
Musculo bovino cozido(a),CARNE BOVINA,Colher de Arroz,70
Musculo bovino cozido(a),CARNE BOVINA,Colher de Sopa,30
Musculo bovino cozido(a),CARNE BOVINA,Concha,140
Musculo bovino cozido(a),CARNE BOVINA,Escumadeira,70
Musculo bovino ensopado,CARNE BOVINA,File,100
Musculo bovino ensopado,CARNE BOVINA,Bife,100
Musculo bovino ensopado,CARNE BOVINA,Fatia,90
Musculo bovino ensopado,CARNE BOVINA,Pedaço,35
Musculo bovino ensopado,CARNE BOVINA,Porção,75
Musculo bovino ensopado,CARNE BOVINA,Colher de Arroz,70
Musculo bovino ensopado,CARNE BOVINA,Colher de Sopa,30
Musculo bovino ensopado,CARNE BOVINA,Concha,140
Musculo bovino ensopado,CARNE BOVINA,Escumadeira,70
Musculo bovino molho vermelho,CARNE BOVINA,File,100
Musculo bovino molho vermelho,CARNE BOVINA,Bife,100
Musculo bovino molho vermelho,CARNE BOVINA,Fatia,90
Musculo bovino molho vermelho,CARNE BOVINA,Pedaço,35
Musculo bovino molho vermelho,CARNE BOVINA,Porção,75
Musculo bovino molho vermelho,CARNE BOVINA,Colher de Arroz,70
Musculo bovino molho vermelho,CARNE BOVINA,Colher de Sopa,30
Musculo bovino molho vermelho,CARNE BOVINA,Concha,140
Musculo bovino molho vermelho,CARNE BOVINA,Escumadeira,70
Musculo não especificado cozido(a),CARNE BOVINA,File,100
Musculo não especificado cozido(a),CARNE BOVINA,Bife,100
Musculo não especificado cozido(a),CARNE BOVINA,Fatia,90
Musculo não especificado cozido(a),CARNE BOVINA,Pedaço,35
Musculo não especificado cozido(a),CARNE BOVINA,Porção,75
Musculo não especificado cozido(a),CARNE BOVINA,Colher de Arroz,70
Musculo não especificado cozido(a),CARNE BOVINA,Colher de Sopa,30
Musculo não especificado cozido(a),CARNE BOVINA,Concha,140
Musculo não especificado cozido(a),CARNE BOVINA,Escumadeira,70
Musculo não especificado ensopado,CARNE BOVINA,File,100
Musculo não especificado ensopado,CARNE BOVINA,Bife,100
Musculo não especificado ensopado,CARNE BOVINA,Fatia,90
Musculo não especificado ensopado,CARNE BOVINA,Pedaço,35
Musculo não especificado ensopado,CARNE BOVINA,Porção,75
Musculo não especificado ensopado,CARNE BOVINA,Colher de Arroz,70
Musculo não especificado ensopado,CARNE BOVINA,Colher de Sopa,30
Musculo não especificado ensopado,CARNE BOVINA,Concha,140
Musculo não especificado ensopado,CARNE BOVINA,Escumadeira,70
Mussarela,CARNES INDUSTRIALIZADAS,Fatia,28
Mussarela de bufala,CARNES INDUSTRIALIZADAS,Fatia,28
Mussarela light,CARNES INDUSTRIALIZADAS,Fatia,28
Musse de açaí,,Colher de Sopa,10
Nabo (cozido),,Porção,30
Nabo (cru),,Porção,30
Nabo cozido(a),TUBERCULOS,Porção,30
Nabo refogado(a),TUBERCULOS,Porção,30
"Nabo, cru",,Porção,30
Nata,LATICINIOS,Colher de Arroz,40
Nata,LATICINIOS,Colher de Sopa,20
Nata,LATICINIOS,Colher de Chá,5
Nescau tradicional - Nestlé®,,Porção,20
Nescau tradicional - Nestlé®,,Colher de Sopa,10
Nesquik em pó sabor morango- Nestlé®,,Porção,20
Nesquik em pó sabor morango- Nestlé®,,Colher de Sopa,10
Nesquik prontinho sabormorango - Nestlé®,,Unidade,190
Neston três cereais - Nestlé®,,Porção,30
Neston três cereais - Nestlé®,,Colher de Sopa,7
"Neston vitamina banana, maçã e mamão - Nestlé®",,Porção,25
"Neston vitamina banana, maçã e mamão - Nestlé®",,Colher de Sopa,12
"Neston vitamina morango, pêra e banana - Nestlé®",,Porção,25
"Neston vitamina morango, pêra e banana - Nestlé®",,Colher de Sopa,12
Nhoque -Vigor®,,Colher de Sopa,10
Noz (nogueira),OLEAGINOSAS,Porção,25
Noz (nogueira),OLEAGINOSAS,Unidade,5
Noz (nogueira),OLEAGINOSAS,Punhado,40
"Noz, crua",,Porção,25
"Noz, crua",,Unidade,5
"Noz, crua",,Punhado,40
"Noz, crua, Carya illinoinensis (Wangenh.) K. Koch.",,Porção,25
"Noz, crua, Carya illinoinensis (Wangenh.) K. Koch.",,Unidade,5
"Noz, crua, Carya illinoinensis (Wangenh.) K. Koch.",,Punhado,40
Nozes,,Porção,25
Nozes,,Unidade,5
Nozes,,Punhado,40
Nuggets de frango com queijo- Sadia®,,Porção,130
Nuggets de frango compresunto - Sadia®,,Porção,130
Nuggets de frango crocante- Sadia®,,Porção,130
Nuggets de frango tradicional- Sadia®,,Porção,130
Nuggets Vita Soja - Sadia®,,Porção,130
Nutren Active sabor banana -Nestlé®,,Colher de Sopa,16
Nutren Active sabor baunilha- Nestlé®,,Colher de Sopa,16
Nutren Active sabor chocolate- Nestlé®,,Colher de Sopa,16
Nutren Active sabor morango- Nestlé®,,Colher de Sopa,16
Nutren kids sabor baunilha -Nestlé®,,Colher de Sopa,11
Nutren kids sabor chocolate- Nestlé® (Tucunduva),,Colher de Sopa,11
Nutren kids sabor chocolate- Nestlé® (Tucunduva),,Colher de Sopa,11
Óleo de babaçu,,Colher de Sopa,13
Óleo de canola,,Colher de Sopa,13
Óleo de canola - Liza®,,Colher de Sopa,13
Óleo de canola - Purilev®,,Colher de Sopa,13
Óleo de canola - Salada®,,Colher de Sopa,13
Óleo de canola - Saúde®,,Colher de Sopa,13
Óleo de canola Qualitá - Pãode Açúcar®,,Colher de Sopa,13
"Óleo de canola, girassol e soja- Cyclus Saúde®",,Colher de Sopa,13
Oleo de dende,GORDURAS/OLEOS,Colher de Sopa,13
Óleo de gergelim,,Colher de Sopa,13
Óleo de gergelim extravirgem- Pazze®,,Colher de Sopa,13
Óleo de girassol,,Colher de Sopa,13
Óleo de girassol - Bece10,,Colher de Sopa,13
Óleo de girassol - Liza®,,Colher de Sopa,13
Óleo de girassol - Salada®,,Colher de Sopa,13
Óleo de girassol - Saúde®,,Colher de Sopa,13
Óleo de girassol Qualitá - Pãode Açúcar°,,Colher de Sopa,13
Óleo de linhaça extravirgem- Pazze®,,Colher de Sopa,13
Óleo de Lorenzo,,Colher de Sopa,13
Óleo de milho,,Colher de Sopa,13
Óleo de milho - Liza®,,Colher de Sopa,13
Óleo de milho - Mazola0,,Colher de Sopa,13
Óleo de milho - Salada®,,Colher de Sopa,13
Óleo de milho - Saúde®,,Colher de Sopa,13
Óleo de milho Qualitá - Pãode Açúcar®,,Colher de Sopa,13
Óleo de pequi,,Colher de Sopa,13
Oleo de soja,GORDURAS/OLEOS,Colher de Sopa,13
Óleo de soja,,Colher de Sopa,13
Óleo de soja - Liza®,,Colher de Sopa,13
Óleo de soja - Saúde®,,Colher de Sopa,13
Óleo de soja - Soya®,,Colher de Sopa,13
Óleo de soja - Veleiro®,,Colher de Sopa,13
Óleo de soja e oliva ervasfinas - Maria®,,Colher de Sopa,13
Óleo de soja e olivatradicional - Maria®,,Colher de Sopa,13
Óleo de soja Qualitá - Pão de Açúcar®,,Colher de Sopa,13
Óleo misto tradicional -Olívia®,,Colher de Sopa,13
Oleo não especificado,GORDURAS/OLEOS,Colher de Sopa,13
"Óleo, canola, Arachis hypogaea L.",,Colher de Sopa,13
"Óleo, composto (85% soja, 15% oliva)",,Colher de Sopa,13
"Óleo, de babaçu",,Colher de Sopa,13
"Óleo, de canola",,Colher de Sopa,13
"Óleo, de girassol",,Colher de Sopa,13
"Óleo, de milho",,Colher de Sopa,13
"Óleo, de pequi",,Colher de Sopa,13
"Óleo, de soja",,Colher de Sopa,13
"Óleo, girassol, Helianthus annus L.",,Colher de Sopa,13
"Óleo, milho, Zea mays",,Colher de Sopa,13
"Óleo, soja, Glycine max",,Colher de Sopa,13
Omelete,OVOS,Fatia,10
Omelete,OVOS,Pedaço,25
Omelete,OVOS,Colher de Arroz,45
Omelete,OVOS,Colher de Sopa,15
Omelete,OVOS,Colher de Sobremesa,8
Omelete,OVOS,Unidade,65
Omelete simples,,Fatia,10
Omelete simples,,Pedaço,25
Omelete simples,,Colher de Arroz,45
Omelete simples,,Colher de Sopa,15
Omelete simples,,Colher de Sobremesa,8
Omelete simples,,Unidade,65
"Omelete, ovo, galinha, de queijo parmesão , s/ sal,",,Fatia,10
"Omelete, ovo, galinha, de queijo parmesão , s/ sal,",,Pedaço,25
"Omelete, ovo, galinha, de queijo parmesão , s/ sal,",,Colher de Arroz,45
"Omelete, ovo, galinha, de queijo parmesão , s/ sal,",,Colher de Sopa,15
"Omelete, ovo, galinha, de queijo parmesão , s/ sal,",,Colher de Sobremesa,8
"Omelete, ovo, galinha, de queijo parmesão , s/ sal,",,Unidade,65
Orelha de porco (crua),,Fatia,90
Orelha de porco (crua),,Pedaço,35
Orelha de porco (crua),,Porção,75
Orelha de porco (crua),,Colher de Arroz,70
Orelha de porco (crua),,Colher de Sopa,30
Orelha de porco (crua),,Concha,140
Orelha de porco (crua),,Escumadeira,70
Orelha suína fresca cozido(a),OUTRAS CARNES,Fatia,90
Orelha suína fresca cozido(a),OUTRAS CARNES,Pedaço,35
Orelha suína fresca cozido(a),OUTRAS CARNES,Porção,75
Orelha suína fresca cozido(a),OUTRAS CARNES,Colher de Arroz,70
Orelha suína fresca cozido(a),OUTRAS CARNES,Colher de Sopa,30
Orelha suína fresca cozido(a),OUTRAS CARNES,Concha,140
Orelha suína fresca cozido(a),OUTRAS CARNES,Escumadeira,70
Ovo de codorna (IBGE),OVOS,Unidade,10
Ovo de codorna (Tucunduva),,Unidade,10
Ovo de codorna ao vinagrete,OVOS,Unidade,10
Ovo de codorna cozido(a),OVOS,Unidade,10
Ovo de codorna cru(a),OVOS,Unidade,10
Ovo de codorna frito(a),OVOS,Unidade,10
Ovo de galinha (IBGE),OVOS,Unidade,45
Ovo de galinha (Tucunduva),,Unidade,45
Ovo de galinha - Qualityeggs®,,Unidade,45
Ovo de galinha ao alho e oleo,OVOS,Unidade,45
Ovo de galinha ao vinagrete,OVOS,Unidade,45
Ovo de galinha ao vinagrete,OVOS,Metade,22
Ovo de galinha ao vinagrete,OVOS,Banda,22
Ovo de galinha assado(a),OVOS,Unidade,45
Ovo de galinha assado(a),OVOS,Metade,22
Ovo de galinha assado(a),OVOS,Banda,22
Ovo de galinha com manteiga/oleo,OVOS,Porção,50
Ovo de galinha com manteiga/oleo,OVOS,Colher de Sopa,15
Ovo de galinha com manteiga/oleo,OVOS,Unidade,50
Ovo de galinha com manteiga/oleo,OVOS,Metade,25
Ovo de galinha com manteiga/oleo,OVOS,Banda,25
Ovo de galinha cozido(a),OVOS,Colher de Arroz,45
Ovo de galinha cozido(a),OVOS,Colher de Sopa,15
Ovo de galinha cozido(a),OVOS,Unidade,45
Ovo de galinha cozido(a),OVOS,Metade,22
Ovo de galinha cozido(a),OVOS,Banda,22
Ovo de galinha cru(a),OVOS,Unidade,45
Ovo de galinha ensopado,OVOS,Unidade,45
Ovo de galinha frito(a),OVOS,Fatia,10
Ovo de galinha frito(a),OVOS,Porção,50
Ovo de galinha frito(a),OVOS,Colher de Arroz,45
Ovo de galinha frito(a),OVOS,Colher de Sopa,15
Ovo de galinha frito(a),OVOS,Unidade,50
Ovo de galinha frito(a),OVOS,Metade,25
Ovo de galinha frito(a),OVOS,Banda,25
Ovo de galinha molho vermelho,OVOS,Unidade,45
Ovo de galinha refogado(a),OVOS,Unidade,45
Ovo frito,,Fatia,10
Ovo frito,,Porção,50
Ovo frito,,Colher de Arroz,45
Ovo frito,,Colher de Sopa,15
Ovo frito,,Unidade,50
Ovo frito,,Metade,25
Ovo frito,,Banda,25
"Ovo, codorna, inteiro, cru,",,Unidade,10
"Ovo, de codorna, inteiro, cru",,Unidade,10
"Ovo, de galinha, clara, cozida/10minutos",,Unidade,15
"Ovo, de galinha, clara, cozida/10minutos",,Metade,7
"Ovo, de galinha, gema, cozida/10minutos",,Unidade,30
"Ovo, de galinha, inteiro, cozido/10minutos",,Unidade,45
"Ovo, de galinha, inteiro, cru",,Unidade,45
"Ovo, de galinha, inteiro, frito",,Unidade,45
"Ovo, galinha, branco, inteiro, cru,",,Unidade,45
"Ovo, galinha, clara, cozida/10 min, s/ sal,",,Unidade,15
"Ovo, galinha, clara, cozida/10 min, s/ sal,",,Metade,7
"Ovo, galinha, clara, crua,",,Unidade,15
"Ovo, galinha, clara, crua,",,Metade,7
"Ovo, galinha, clara, desidratada, pasteurizada,",,Unidade,15
"Ovo, galinha, clara, desidratada, pasteurizada,",,Metade,7
"Ovo, galinha, frito, c/ sal",,Unidade,50
"Ovo, galinha, frito, c/ sal",,Metade,25
"Ovo, galinha, frito, s/ sal",,Unidade,50
"Ovo, galinha, frito, s/ sal",,Metade,25
"Ovo, galinha, gema, cozida/10 min, s/ sal,",,Unidade,30
"Ovo, galinha, gema, crua (média várias amostras)",,Unidade,30
"Ovo, galinha, gema, desidratada, pasteurizada,",,Unidade,30
"Ovo, galinha, inteiro, cozido, s/ sal (média várias amostras)",,Unidade,45
"Ovo, galinha, inteiro, cozido, s/ sal (média várias amostras)",,Metade,22
"Ovo, galinha, inteiro, cru (média várias amostras)",,Unidade,45
"Ovo, galinha, inteiro, cru (média várias amostras)",,Metade,22
"Ovo, galinha, mexido, c/ sal",,Unidade,50
"Ovo, galinha, mexido, c/ sal",,Metade,25
"Ovo, galinha, mexido, s/ sal",,Unidade,50
"Ovo, galinha, mexido, s/ sal",,Metade,25
"Ovo, galinha, orgânico, inteiro, cru,",,Unidade,45
"Ovo, galinha, orgânico, inteiro, cru,",,Metade,22
"Ovo, galinha, orgânico, inteiro, frito, s/ sal,",,Unidade,50
"Ovo, galinha, orgânico, inteiro, frito, s/ sal,",,Metade,25
"Ovo, galinha, semi-orgânico, cru,",,Unidade,45
"Ovo, galinha, semi-orgânico, cru,",,Metade,22
"Ovo, galinha, vermelho, inteiro, cru,",,Unidade,45
"Ovo, galinha, vermelho, inteiro, cru,",,Metade,22
Paçoca de amendoim -Yoki®,,Unidade,22
Pão 7 grãos Fit - Pullman®,,Fatia,25
Pão 9 grãos Vitagrão -Pullman®,,Fatia,25
Pão alemão - Pumpernickel®,,Fatia,25
Pão alemão 100% integralVollkorn Brot - Wickbold®,,Fatia,25
Pão alemão 3 grãos Korn Brot- Wickbold®,,Fatia,25
Pão alemão Fitness Brot - Wickbold®Pão alemão 100% integral,,Fatia,25
Pão caseiro,,Fatia,30
Pão caseiro,,Unidade,60
Pão caseiro de coco - Panco®,,Fatia,50
Pão caseiro de coco - Panco®,,Unidade,60
Pão caseiro de milho -Panco®,,Fatia,50
Pão caseiro de milho -Panco®,,Unidade,60
Pão com 10 grãos Estar Leve - Wickbold®,,Fatia,25
Pão com grãos Grão Sabor -Wickbold®,,Fatia,25
Pão com manteiga,FARINHAS/FÉCULAS/MASSAS,Fatia,30
Pão com manteiga,FARINHAS/FÉCULAS/MASSAS,Pedaço,30
Pão com manteiga,FARINHAS/FÉCULAS/MASSAS,Unidade,60
Pão com margarina,FARINHAS/FÉCULAS/MASSAS,Fatia,30
Pão com margarina,FARINHAS/FÉCULAS/MASSAS,Pedaço,30
Pão com margarina,FARINHAS/FÉCULAS/MASSAS,Unidade,60
Pão de alho temperado -Nosso Pão®,,Fatia,30
Pão de alho temperado -Nosso Pão®,,Pedaço,30
Pão de alho temperado -Nosso Pão®,,Unidade,60
Pão de aveia e linhaça -Wickbold®,,Fatia,25
Pão de batata,,Fatia,30
Pão de batata,,Pedaço,30
Pão de centeio,,Fatia,30
Pão de centeio,,Pedaço,30
Pão de centeio Os Clássicos - Wickbold®,,Fatia,25
Pão de forma - Panco®,,Fatia,25
Pão de forma 100% integralFit - Pullnnan®,,Fatia,25
Pão de forma 100% integrallinhaça Plus Vita - Pullman®,,Fatia,25
Pão de forma 12 grãos BomHumor - Nutrella®,,Fatia,50
Pão de forma 7 grãos BomHumor - Nutrella®,,Fatia,25
Pão de forma aveia lightPullman®,,Fatia,25
Pão de forma aveia -Wickbold®,,Fatia,25
Pão de forma baby -Pullman®,,Fatia,25
Pão de forma centeio -Pullman®,,Fatia,25
Pão de forma glúten lightFalkenburg®,,Fatia,25
Pão de forma industrializado de qualquer marca,FARINHAS/FÉCULAS/MASSAS,Fatia,25
Pão de forma integral 12 grãosVitagrão - Pullman®,,Fatia,25
Pão de forma libanês -Maxifour®,,Fatia,25
Pão de forma light 100% integral iogurte Plus Vita -Pullman®,,Fatia,25
Pão de forma light 100%integral linhaça e quinoa Plus Vita - Pullman®,,Fatia,25
Pão de forma light 100%integral trigo Plus Vita - Pullman®,,Fatia,25
Pão de forma light 100°/0integral cenoura Plus Vita - Pullman®,,Fatia,25
Pão de forma light Plus Vita -Pullman®,,Fatia,25
Pão de forma sem casca Estar Leve - Wickbold®Pão de forma tradicional - Pullman®,,Fatia,25
Pão de forma tradicional - Pullman®,,Fatia,25
Pão de forma tradicional - Wickbold®,,Fatia,25
Pão de girassol e castanha - Wickbold®,,Fatia,25
Pão de granola light,,Fatia,25
Pão de hamburguer,FARINHAS/FÉCULAS/MASSAS,Unidade,70
Pão de hamburguer,FARINHAS/FÉCULAS/MASSAS,Unidade Pequena,50
Pão de hamburguer,FARINHAS/FÉCULAS/MASSAS,Metade,35
Pão de hambúrguer - Panco®,,Unidade,50
Pão de hambúrguer comgergelim -Wickbold®,,Unidade,50
Pão de hambúrguer original - Wickbold®,,Unidade,50
Pão de hambúrguer -Pullman®,,Unidade,50
Pão de hot dog - Panco®,,Unidade,50
Pão de hot dog - Pullman®,,Unidade,50
Pão de hot dog - Wickbold®,,Unidade,50
"Pão de iogurte, cenoura e mel- Nutrella®",,Fatia,17
Pão de linhaça e kummelGrão Sabor - Wickbold®,,Fatia,25
Pão de manteiga - Nutrella®,,Fatia,25
Pão de mel (IBGE),FARINHAS/FÉCULAS/MASSAS,Unidade,12
Pão de mel (Tucunduva),,Unidade,12
Pão de mel - Panco®,,Unidade,12
Pão de mel - Pane,,Unidade,12
Pão de mel diet,FARINHAS/FÉCULAS/MASSAS,Unidade,12
Pão de milho,FARINHAS/FÉCULAS/MASSAS,Fatia,35
Pão de milho,FARINHAS/FÉCULAS/MASSAS,Pedaço,35
Pão de milho,FARINHAS/FÉCULAS/MASSAS,Unidade,70
Pão de milho,FARINHAS/FÉCULAS/MASSAS,Unidade Pequena,50
Pão de milho,FARINHAS/FÉCULAS/MASSAS,Metade,35
Pão de milho - Seven Boys®,,Unidade,70
Pão de milho - Seven Boys®,,Unidade Pequena,50
Pão de milho - Seven Boys®,,Metade,35
Pão de queijo (IBGE),FARINHAS/FÉCULAS/MASSAS,Porção,58
Pão de queijo (IBGE),FARINHAS/FÉCULAS/MASSAS,Unidade,20
Pão de queijo (Tucunduva),,Porção,58
Pão de queijo coquetel -Forno de Minas®,,Porção,58
Pão de queijo coquetel -Qualitá®,,Porção,58
Pão de queijo lanche - Fornode Minas®,,Porção,58
Pão de queijo light,FARINHAS/FÉCULAS/MASSAS,Porção,58
Pão de queijo light,FARINHAS/FÉCULAS/MASSAS,Unidade,20
Pão de queijo mini - Casa doPão de Queijo,,Porção,58
Pão de queijo preparado -Yoki®,,Colher de Sopa,10
Pão de sal,FARINHAS/FÉCULAS/MASSAS,Unidade,50
Pão de sal,FARINHAS/FÉCULAS/MASSAS,Metade,25
Pão de trigo integral GrãoSabor -Wickbold®,,Fatia,25
Pão de turma sem cascaoriginal - Wickbold®,,Fatia,25
Pão diet (de forma industrializado),FARINHAS/FÉCULAS/MASSAS,Fatia,25
Pão doce,FARINHAS/FÉCULAS/MASSAS,Fatia,35
Pão doce,FARINHAS/FÉCULAS/MASSAS,Pedaço,35
Pão doce,FARINHAS/FÉCULAS/MASSAS,Unidade,70
Pão doce diet,FARINHAS/FÉCULAS/MASSAS,Fatia,35
Pão doce diet,FARINHAS/FÉCULAS/MASSAS,Pedaço,35
Pão doce diet,FARINHAS/FÉCULAS/MASSAS,Unidade,70
Pão francês,,Unidade,50
Pão francês,,Metade,25
Pão integral,FARINHAS/FÉCULAS/MASSAS,Fatia,25
Pão integral - Wickbold®,,Fatia,25
Pão integral Graham Plus Vita- Pullman®,,Fatia,25
Pão integral Grão Sabor -Wickbold®,,Fatia,25
Pão integral light,FARINHAS/FÉCULAS/MASSAS,Fatia,25
Pão italiano,,Fatia,25
Pão light (de forma industrializado),FARINHAS/FÉCULAS/MASSAS,Fatia,25
Pão misto com canela e passas- Nutrella®,,Fatia,25
Pão não especificado,FARINHAS/FÉCULAS/MASSAS,Fatia,25
Pão não especificado,FARINHAS/FÉCULAS/MASSAS,Pedaço,25
Pão não especificado,FARINHAS/FÉCULAS/MASSAS,Unidade,50
Pão preto - Nutrella®,,Fatia,25
Pão preto - Wickbold®,,Fatia,50
Pão preto com farinha integralde centeio e trigo integral -Wickbold®,,Fatia,50
Pão preto Plus Vita -Pullman0,,Fatia,25
Pão sírio extrafino - PitaBread®,,Fatia,50
Pão sírio integral - PitaBread®,,Unidade,50
Pão sírio para beirute - PitaBread®,,Porção,50
Pão sírio pequeno - PitaBread®,,Unidade,20
Pão sovado - NutrellaS),,Fatia,50
Pão sovado - Panco®,,Fatia,50
"Pão, aveia, forma",,Fatia,25
"Pão, de soja",,Fatia,25
"Pão, glúten, forma",,Fatia,25
"Pão, milho, forma (TACO)",,Fatia,25
"Pão, milho, forma (TBCA)",,Fatia,25
"Pão, trigo, aveia, c/ fibras, forma, diet (TBCA)",,Fatia,25
"Pão, trigo, aveia, c/ fibras, forma, diet (TBCA)",,Fatia,25
"Pão, trigo, batata",,Unidade,50
"Pão, trigo, batata",,Metade,25
"Pão, trigo, bisnaguinha",,Unidade,50
"Pão, trigo, bisnaguinha",,Metade,25
"Pão, trigo, branco, francês (médias de diferentes amostras)",,Unidade,50
"Pão, trigo, branco, francês (médias de diferentes amostras)",,Metade,25
"Pão, trigo, branco, hamburguer/hot dog/leite (média de diferentes amostras)",,Unidade,70
"Pão, trigo, branco, hamburguer/hot dog/leite (média de diferentes amostras)",,Metade,35
"Pão, trigo, c/ fibras, forma, ""Diet Bread""",,Fatia,25
"Pão, trigo, c/ trigo/aveia/soja, forma, ""Energia""",,Fatia,25
"Pão, trigo, fonte de fibra, forma (média de diferentes tipos)",,Fatia,25
"Pão, trigo, forma, diet/light (TBCA)",,Fatia,25
"Pão, trigo, forma, diet/light (TBCA)",,Fatia,25
"Pão, trigo, forma, integral",,Fatia,25
"Pão, trigo, francês",,Pedaço,25
"Pão, trigo, francês",,Unidade,50
"Pão, trigo, francês",,Metade,25
"Pão, trigo, gluten, forma",,Fatia,25
"Pão, trigo, hamburger",,Unidade,70
"Pão, trigo, hamburger",,Metade,35
"Pão, trigo, hot dog",,Unidade,50
"Pão, trigo, hot dog",,Metade,25
"Pão, trigo, integral, c/ fibras, forma, ""Grão Sabor""",,Fatia,25
"Pão, trigo, integral, c/ fibras, forma, ""Quadradinho""",,Fatia,25
"Pão, trigo, integral, forma (média diferentes marcas)",,Fatia,25
"Pão, trigo, leite (média de diferentes tipos)",,Unidade,50
"Pão, trigo, leite (média de diferentes tipos)",,Metade,25
"Pão, trigo, sovado (TACO)",,Fatia,35
"Pão, trigo, sovado (TACO)",,Pedaço,35
"Pão, trigo, sovado (TACO)",,Unidade,70
"Pão, trigo, sovado (TACO)",,Metade,35
"Pão, trigo, sovado (TBCA)",,Unidade,50
"Pão, trigo, sovado (TBCA)",,Metade,25
"Pão, trigo/centeio, preto, forma",,Unidade,50
"Pão, trigo/centeio, preto, forma",,Metade,25
Pão-de-leite - Nutrella®,,Fatia,25
Pão-de-leite - Nutrella®,,Unidade,50
Pão-de-leite - Nutrella®,,Metade,25
Pão-de-leite - Wickbold®,,Unidade,50
Pão-de-ló,,Unidade,50
Pão-de-ló,,Metade,25
Papaia,FRUTAS/SUCOS/VITAMINAS,Fatia,170
Papaia,FRUTAS/SUCOS/VITAMINAS,Pedaço,120
Papaia,FRUTAS/SUCOS/VITAMINAS,Unidade,310
Papaia,FRUTAS/SUCOS/VITAMINAS,Unidade Pequena,270
Papaia,FRUTAS/SUCOS/VITAMINAS,Metade,155
Papaia,FRUTAS/SUCOS/VITAMINAS,Banda,155
Papinha banana e maçãPapinhas Nestlé Etapa 2 - Nestlé®,,Unidade,170
Papinha banana e maçãPapinhas Nestlé Etapa 2 - Nestlé®,,Unidade Pequena,115
Papinha de creminho demilho com cenoura e peito de frango Papinhas Nestlé Etapa 3 - Nestlé®,,Unidade,170
Papinha de creminho demilho com cenoura e peito de frango Papinhas Nestlé Etapa 3 - Nestlé®,,Unidade Pequena,115
Papinha de lentilha com arroze peito de frango Papinhas Nestlé Etapa 3 - Nestlé®,,Unidade,170
Papinha de lentilha com arroze peito de frango Papinhas Nestlé Etapa 3 - Nestlé®,,Unidade Pequena,115
"Papinha de peito de frango, legumes e macarrão PapinhasNestlé Etapa 2 - Nestlé®",,Unidade,170
"Papinha de peito de frango, legumes e macarrão PapinhasNestlé Etapa 2 - Nestlé®",,Unidade Pequena,115
"Papinha de peito de peru, legumes e arroz PapinhasNestlé Etapa 2 - Nestlé®",,Unidade,170
"Papinha de peito de peru, legumes e arroz PapinhasNestlé Etapa 2 - Nestlé®",,Unidade Pequena,115
Papinha de purezinhoPapinhas Nestlé Etapa Jr- Nestlé®,,Unidade,170
Papinha de purezinhoPapinhas Nestlé Etapa Jr- Nestlé®,,Unidade Pequena,115
Papinha frutas sortidas -Nestlé Baby®,,Unidade,170
Papinha frutas sortidas -Nestlé Baby®,,Unidade Pequena,115
"Papinha gema de ovo, carne elegumes Papinhas Nestlé Etapa 2 - Nestlé®",,Unidade,170
"Papinha gema de ovo, carne elegumes Papinhas Nestlé Etapa 2 - Nestlé®",,Unidade Pequena,115
Papinha legumes com carnePapinhas Nestlé Etapa 2 - Nestlé®,,Unidade,170
Papinha legumes com carnePapinhas Nestlé Etapa 2 - Nestlé®,,Unidade Pequena,115
Papinha maçã Papinhas NestléEtapa 1 - Nestlé®,,Unidade,170
Papinha maçã Papinhas NestléEtapa 1 - Nestlé®,,Unidade Pequena,115
"Papinha maçã, goiaba ebanana Papinhas Nestlé Purezinho de Frutas - Nestlé®",,Unidade,170
"Papinha maçã, goiaba ebanana Papinhas Nestlé Purezinho de Frutas - Nestlé®",,Unidade Pequena,115
"Papinha macarrão, carne elegumes Papinhas Nestlé Etapa 3 - Nestlé®",,Unidade,170
"Papinha macarrão, carne elegumes Papinhas Nestlé Etapa 3 - Nestlé®",,Unidade Pequena,115
Papinha mix de frutasPapinhas Nestlé Purezinho de Frutas - Nestlé®,,Unidade,170
Papinha mix de frutasPapinhas Nestlé Purezinho de Frutas - Nestlé®,,Unidade Pequena,115
Papinha pêra e mangaPapinhas Nestlé Purezinho de Frutas - Nestlé®,,Unidade,170
Papinha pêra e mangaPapinhas Nestlé Purezinho de Frutas - Nestlé®,,Unidade Pequena,115
Papinha pêra Papinhas NestléEtapa 1 - Nestlé®,,Unidade,170
Papinha pêra Papinhas NestléEtapa 1 - Nestlé®,,Unidade Pequena,115
Papinha picadinho de carnePapinhas Nestlé Etapa Jr.- Nestlé®,,Unidade,170
Papinha picadinho de carnePapinhas Nestlé Etapa Jr.- Nestlé®,,Unidade Pequena,115
Papinha risotinho de frangoPapinhas Nestlé Etapa ir - Nestlé®,,Unidade,170
Papinha risotinho de frangoPapinhas Nestlé Etapa ir - Nestlé®,,Unidade Pequena,115
Parte de galinha ou frango não especificada,AVES,File,100
Parte de galinha ou frango não especificada,AVES,Bife,100
Parte de galinha ou frango não especificada,AVES,Pedaço,55
Parte de galinha ou frango não especificada,AVES,Porção,100
Parte de galinha ou frango não especificada,AVES,Colher de Arroz,40
Parte de galinha ou frango não especificada,AVES,Colher de Sopa,20
Parte de galinha ou frango não especificada,AVES,Concha,80
Parte de galinha ou frango não especificada,AVES,Asa,40
Parte de galinha ou frango não especificada,AVES,Peito,180
Parte de galinha ou frango não especificada,AVES,Coxa,55
Parte de galinha ou frango não especificada,AVES,Sobrecoxa,65
Parte de galinha ou frango não especificada,AVES,Costela,60
Parte de galinha ou frango não especificada,AVES,Pescoço,10
Parte de galinha ou frango não especificada assado(a),AVES,File,100
Parte de galinha ou frango não especificada assado(a),AVES,Bife,100
Parte de galinha ou frango não especificada assado(a),AVES,Pedaço,55
Parte de galinha ou frango não especificada assado(a),AVES,Porção,100
Parte de galinha ou frango não especificada assado(a),AVES,Colher de Arroz,40
Parte de galinha ou frango não especificada assado(a),AVES,Colher de Sopa,20
Parte de galinha ou frango não especificada assado(a),AVES,Concha,80
Parte de galinha ou frango não especificada assado(a),AVES,Asa,40
Parte de galinha ou frango não especificada assado(a),AVES,Peito,180
Parte de galinha ou frango não especificada assado(a),AVES,Coxa,55
Parte de galinha ou frango não especificada assado(a),AVES,Sobrecoxa,65
Parte de galinha ou frango não especificada assado(a),AVES,Costela,60
Parte de galinha ou frango não especificada assado(a),AVES,Pescoço,10
Parte de galinha ou frango não especificada cozido(a),AVES,File,100
Parte de galinha ou frango não especificada cozido(a),AVES,Bife,100
Parte de galinha ou frango não especificada cozido(a),AVES,Pedaço,55
Parte de galinha ou frango não especificada cozido(a),AVES,Porção,100
Parte de galinha ou frango não especificada cozido(a),AVES,Colher de Arroz,40
Parte de galinha ou frango não especificada cozido(a),AVES,Colher de Sopa,20
Parte de galinha ou frango não especificada cozido(a),AVES,Concha,80
Parte de galinha ou frango não especificada cozido(a),AVES,Asa,40
Parte de galinha ou frango não especificada cozido(a),AVES,Peito,180
Parte de galinha ou frango não especificada cozido(a),AVES,Coxa,55
Parte de galinha ou frango não especificada cozido(a),AVES,Sobrecoxa,65
Parte de galinha ou frango não especificada cozido(a),AVES,Costela,60
Parte de galinha ou frango não especificada cozido(a),AVES,Pescoço,10
Parte de galinha ou frango não especificada cru(a),AVES,File,100
Parte de galinha ou frango não especificada cru(a),AVES,Bife,100
Parte de galinha ou frango não especificada cru(a),AVES,Pedaço,55
Parte de galinha ou frango não especificada cru(a),AVES,Porção,100
Parte de galinha ou frango não especificada cru(a),AVES,Colher de Arroz,40
Parte de galinha ou frango não especificada cru(a),AVES,Colher de Sopa,20
Parte de galinha ou frango não especificada cru(a),AVES,Concha,80
Parte de galinha ou frango não especificada cru(a),AVES,Asa,40
Parte de galinha ou frango não especificada cru(a),AVES,Peito,180
Parte de galinha ou frango não especificada cru(a),AVES,Coxa,55
Parte de galinha ou frango não especificada cru(a),AVES,Sobrecoxa,65
Parte de galinha ou frango não especificada cru(a),AVES,Costela,60
Parte de galinha ou frango não especificada cru(a),AVES,Pescoço,10
Parte de galinha ou frango não especificada empanado(a)/a milanesa,AVES,File,100
Parte de galinha ou frango não especificada empanado(a)/a milanesa,AVES,Bife,100
Parte de galinha ou frango não especificada empanado(a)/a milanesa,AVES,Pedaço,55
Parte de galinha ou frango não especificada empanado(a)/a milanesa,AVES,Porção,100
Parte de galinha ou frango não especificada empanado(a)/a milanesa,AVES,Colher de Arroz,40
Parte de galinha ou frango não especificada empanado(a)/a milanesa,AVES,Colher de Sopa,20
Parte de galinha ou frango não especificada empanado(a)/a milanesa,AVES,Concha,80
Parte de galinha ou frango não especificada empanado(a)/a milanesa,AVES,Asa,40
Parte de galinha ou frango não especificada empanado(a)/a milanesa,AVES,Peito,180
Parte de galinha ou frango não especificada empanado(a)/a milanesa,AVES,Coxa,55
Parte de galinha ou frango não especificada empanado(a)/a milanesa,AVES,Sobrecoxa,65
Parte de galinha ou frango não especificada empanado(a)/a milanesa,AVES,Costela,60
Parte de galinha ou frango não especificada empanado(a)/a milanesa,AVES,Pescoço,10
Parte de galinha ou frango não especificada ensopado,AVES,File,100
Parte de galinha ou frango não especificada ensopado,AVES,Bife,100
Parte de galinha ou frango não especificada ensopado,AVES,Pedaço,55
Parte de galinha ou frango não especificada ensopado,AVES,Porção,100
Parte de galinha ou frango não especificada ensopado,AVES,Colher de Arroz,40
Parte de galinha ou frango não especificada ensopado,AVES,Colher de Sopa,20
Parte de galinha ou frango não especificada ensopado,AVES,Concha,80
Parte de galinha ou frango não especificada ensopado,AVES,Asa,40
Parte de galinha ou frango não especificada ensopado,AVES,Peito,180
Parte de galinha ou frango não especificada ensopado,AVES,Coxa,55
Parte de galinha ou frango não especificada ensopado,AVES,Sobrecoxa,65
Parte de galinha ou frango não especificada ensopado,AVES,Costela,60
Parte de galinha ou frango não especificada ensopado,AVES,Pescoço,10
Parte de galinha ou frango não especificada frito(a),AVES,File,100
Parte de galinha ou frango não especificada frito(a),AVES,Bife,100
Parte de galinha ou frango não especificada frito(a),AVES,Pedaço,55
Parte de galinha ou frango não especificada frito(a),AVES,Porção,100
Parte de galinha ou frango não especificada frito(a),AVES,Colher de Arroz,40
Parte de galinha ou frango não especificada frito(a),AVES,Colher de Sopa,20
Parte de galinha ou frango não especificada frito(a),AVES,Concha,80
Parte de galinha ou frango não especificada frito(a),AVES,Asa,40
Parte de galinha ou frango não especificada frito(a),AVES,Peito,180
Parte de galinha ou frango não especificada frito(a),AVES,Coxa,55
Parte de galinha ou frango não especificada frito(a),AVES,Sobrecoxa,65
Parte de galinha ou frango não especificada frito(a),AVES,Costela,60
Parte de galinha ou frango não especificada frito(a),AVES,Pescoço,10
Parte de galinha ou frango não especificada grelhado(a)/brasa/churrasco,AVES,File,100
Parte de galinha ou frango não especificada grelhado(a)/brasa/churrasco,AVES,Bife,100
Parte de galinha ou frango não especificada grelhado(a)/brasa/churrasco,AVES,Pedaço,55
Parte de galinha ou frango não especificada grelhado(a)/brasa/churrasco,AVES,Porção,100
Parte de galinha ou frango não especificada grelhado(a)/brasa/churrasco,AVES,Colher de Arroz,40
Parte de galinha ou frango não especificada grelhado(a)/brasa/churrasco,AVES,Colher de Sopa,20
Parte de galinha ou frango não especificada grelhado(a)/brasa/churrasco,AVES,Concha,80
Parte de galinha ou frango não especificada grelhado(a)/brasa/churrasco,AVES,Asa,40
Parte de galinha ou frango não especificada grelhado(a)/brasa/churrasco,AVES,Peito,180
Parte de galinha ou frango não especificada grelhado(a)/brasa/churrasco,AVES,Coxa,55
Parte de galinha ou frango não especificada grelhado(a)/brasa/churrasco,AVES,Sobrecoxa,65
Parte de galinha ou frango não especificada grelhado(a)/brasa/churrasco,AVES,Costela,60
Parte de galinha ou frango não especificada grelhado(a)/brasa/churrasco,AVES,Pescoço,10
Parte de galinha ou frango não especificada molho vermelho,AVES,File,100
Parte de galinha ou frango não especificada molho vermelho,AVES,Bife,100
Parte de galinha ou frango não especificada molho vermelho,AVES,Pedaço,55
Parte de galinha ou frango não especificada molho vermelho,AVES,Porção,100
Parte de galinha ou frango não especificada molho vermelho,AVES,Colher de Arroz,40
Parte de galinha ou frango não especificada molho vermelho,AVES,Colher de Sopa,20
Parte de galinha ou frango não especificada molho vermelho,AVES,Concha,80
Parte de galinha ou frango não especificada molho vermelho,AVES,Asa,40
Parte de galinha ou frango não especificada molho vermelho,AVES,Peito,180
Parte de galinha ou frango não especificada molho vermelho,AVES,Coxa,55
Parte de galinha ou frango não especificada molho vermelho,AVES,Sobrecoxa,65
Parte de galinha ou frango não especificada molho vermelho,AVES,Costela,60
Parte de galinha ou frango não especificada molho vermelho,AVES,Pescoço,10
Parte de galinha ou frango não especificada refogado(a),AVES,File,100
Parte de galinha ou frango não especificada refogado(a),AVES,Bife,100
Parte de galinha ou frango não especificada refogado(a),AVES,Pedaço,55
Parte de galinha ou frango não especificada refogado(a),AVES,Porção,100
Parte de galinha ou frango não especificada refogado(a),AVES,Colher de Arroz,40
Parte de galinha ou frango não especificada refogado(a),AVES,Colher de Sopa,20
Parte de galinha ou frango não especificada refogado(a),AVES,Concha,80
Parte de galinha ou frango não especificada refogado(a),AVES,Asa,40
Parte de galinha ou frango não especificada refogado(a),AVES,Peito,180
Parte de galinha ou frango não especificada refogado(a),AVES,Coxa,55
Parte de galinha ou frango não especificada refogado(a),AVES,Sobrecoxa,65
Parte de galinha ou frango não especificada refogado(a),AVES,Costela,60
Parte de galinha ou frango não especificada refogado(a),AVES,Pescoço,10
Passa,FRUTAS/SUCOS/VITAMINAS,Porção,36
Passa,FRUTAS/SUCOS/VITAMINAS,Colher de Sopa,18
Pasta de amendoim,OLEAGINOSAS,Colher de Chá,12
Patê de presunto - Sadia®,,Colher de Sopa,10
"Patê, peito de peru, defumado, vidro, ""Sadia""",,Colher de Sopa,10
"Patê, presunto, vidro, ""Sadia""",,Colher de Sopa,10
Patinho assado(a),,File,100
Patinho assado(a),,Bife,100
Patinho assado(a),,Fatia,90
Patinho assado(a),,Pedaço,35
Patinho assado(a),,Porção,75
Patinho assado(a),,Colher de Arroz,70
Patinho assado(a),,Colher de Sopa,30
Patinho assado(a),,Concha,140
Patinho assado(a),,Escumadeira,70
Patinho cozido(a),,File,100
Patinho cozido(a),,Bife,100
Patinho cozido(a),,Fatia,90
Patinho cozido(a),,Pedaço,35
Patinho cozido(a),,Porção,75
Patinho cozido(a),,Colher de Arroz,70
Patinho cozido(a),,Colher de Sopa,30
Patinho cozido(a),,Concha,140
Patinho cozido(a),,Escumadeira,70
Patinho empanado(a)/a milanesa,,File,100
Patinho empanado(a)/a milanesa,,Bife,100
Patinho empanado(a)/a milanesa,,Fatia,90
Patinho empanado(a)/a milanesa,,Pedaço,35
Patinho empanado(a)/a milanesa,,Porção,75
Patinho empanado(a)/a milanesa,,Colher de Arroz,70
Patinho empanado(a)/a milanesa,,Colher de Sopa,30
Patinho empanado(a)/a milanesa,,Concha,140
Patinho empanado(a)/a milanesa,,Escumadeira,70
Patinho ensopado,,File,100
Patinho ensopado,,Bife,100
Patinho ensopado,,Fatia,90
Patinho ensopado,,Pedaço,35
Patinho ensopado,,Porção,75
Patinho ensopado,,Colher de Arroz,70
Patinho ensopado,,Colher de Sopa,30
Patinho ensopado,,Concha,140
Patinho ensopado,,Escumadeira,70
Patinho frito(a),,File,100
Patinho frito(a),,Bife,100
Patinho frito(a),,Fatia,90
Patinho frito(a),,Pedaço,35
Patinho frito(a),,Porção,75
Patinho frito(a),,Colher de Arroz,70
Patinho frito(a),,Colher de Sopa,30
Patinho frito(a),,Concha,140
Patinho frito(a),,Escumadeira,70
Patinho grelhado(a)/brasa/churrasco,,File,100
Patinho grelhado(a)/brasa/churrasco,,Bife,100
Patinho grelhado(a)/brasa/churrasco,,Fatia,90
Patinho grelhado(a)/brasa/churrasco,,Pedaço,35
Patinho grelhado(a)/brasa/churrasco,,Porção,75
Patinho grelhado(a)/brasa/churrasco,,Colher de Arroz,70
Patinho grelhado(a)/brasa/churrasco,,Colher de Sopa,30
Patinho grelhado(a)/brasa/churrasco,,Concha,140
Patinho grelhado(a)/brasa/churrasco,,Escumadeira,70
Patinho molho vermelho,,File,100
Patinho molho vermelho,,Bife,100
Patinho molho vermelho,,Fatia,90
Patinho molho vermelho,,Pedaço,35
Patinho molho vermelho,,Porção,75
Patinho molho vermelho,,Colher de Arroz,70
Patinho molho vermelho,,Colher de Sopa,30
Patinho molho vermelho,,Concha,140
Patinho molho vermelho,,Escumadeira,70
Pato em pedaços cozido(a),AVES,Pedaço,80
Pato em pedaços ensopado,AVES,Pedaço,80
Pé de moleque - Yoki®,,Unidade,17
Pé e asa de galinha ou frango assado(a),AVES,Asa,40
Pé e asa de galinha ou frango cozido(a),AVES,Asa,40
Pé e asa de galinha ou frango frito(a),AVES,Asa,40
Peito de frango com pele (cru),,File,100
Peito de frango com pele (cru),,Bife,100
Peito de frango com pele (cru),,Pedaço,55
Peito de frango com pele (cru),,Porção,100
Peito de frango com pele (cru),,Colher de Arroz,40
Peito de frango com pele (cru),,Colher de Sopa,20
Peito de frango com pele (cru),,Concha,80
Peito de frango com pele (cru),,Peito,180
Peito de frango com pele(assado),,File,100
Peito de frango com pele(assado),,Bife,100
Peito de frango com pele(assado),,Pedaço,55
Peito de frango com pele(assado),,Porção,100
Peito de frango com pele(assado),,Colher de Arroz,40
Peito de frango com pele(assado),,Colher de Sopa,20
Peito de frango com pele(assado),,Concha,80
Peito de frango com pele(assado),,Peito,180
"Peito de frango com pele, semosso (cru)",,File,100
"Peito de frango com pele, semosso (cru)",,Bife,100
"Peito de frango com pele, semosso (cru)",,Pedaço,55
"Peito de frango com pele, semosso (cru)",,Porção,100
"Peito de frango com pele, semosso (cru)",,Colher de Arroz,40
"Peito de frango com pele, semosso (cru)",,Colher de Sopa,20
"Peito de frango com pele, semosso (cru)",,Concha,80
"Peito de frango com pele, semosso (cru)",,Peito,180
Peito de frango em filé àmilanesa,,File,100
Peito de frango em filé àmilanesa,,Bife,100
Peito de frango em filé àmilanesa,,Pedaço,55
Peito de frango em filé àmilanesa,,Porção,100
Peito de frango em filé àmilanesa,,Colher de Arroz,40
Peito de frango em filé àmilanesa,,Colher de Sopa,20
Peito de frango em filé àmilanesa,,Concha,80
Peito de frango em filé àmilanesa,,Peito,180
Peito de frango sem pele (cru),,File,100
Peito de frango sem pele (cru),,Bife,100
Peito de frango sem pele (cru),,Pedaço,55
Peito de frango sem pele (cru),,Porção,100
Peito de frango sem pele (cru),,Colher de Arroz,40
Peito de frango sem pele (cru),,Colher de Sopa,20
Peito de frango sem pele (cru),,Concha,80
Peito de frango sem pele (cru),,Peito,180
Peito de frango sem pele light- Seara@,,File,100
Peito de frango sem pele light- Seara@,,Bife,100
Peito de frango sem pele light- Seara@,,Pedaço,55
Peito de frango sem pele light- Seara@,,Porção,100
Peito de frango sem pele light- Seara@,,Colher de Arroz,40
Peito de frango sem pele light- Seara@,,Colher de Sopa,20
Peito de frango sem pele light- Seara@,,Concha,80
Peito de frango sem pele light- Seara@,,Peito,180
Peito de frango sem pele(cozido),,File,100
Peito de frango sem pele(cozido),,Bife,100
Peito de frango sem pele(cozido),,Pedaço,55
Peito de frango sem pele(cozido),,Porção,100
Peito de frango sem pele(cozido),,Colher de Arroz,40
Peito de frango sem pele(cozido),,Colher de Sopa,20
Peito de frango sem pele(cozido),,Concha,80
Peito de frango sem pele(cozido),,Peito,180
Peito de frango sem pele(grelhado),,File,100
Peito de frango sem pele(grelhado),,Bife,100
Peito de frango sem pele(grelhado),,Pedaço,55
Peito de frango sem pele(grelhado),,Porção,100
Peito de frango sem pele(grelhado),,Colher de Arroz,40
Peito de frango sem pele(grelhado),,Colher de Sopa,20
Peito de frango sem pele(grelhado),,Concha,80
Peito de frango sem pele(grelhado),,Peito,180
"Peito de frango sem pele, semosso (cru)",,File,100
"Peito de frango sem pele, semosso (cru)",,Bife,100
"Peito de frango sem pele, semosso (cru)",,Pedaço,55
"Peito de frango sem pele, semosso (cru)",,Porção,100
"Peito de frango sem pele, semosso (cru)",,Colher de Arroz,40
"Peito de frango sem pele, semosso (cru)",,Colher de Sopa,20
"Peito de frango sem pele, semosso (cru)",,Concha,80
"Peito de frango sem pele, semosso (cru)",,Peito,180
Peito de galinha ou frango,AVES,File,100
Peito de galinha ou frango,AVES,Bife,100
Peito de galinha ou frango,AVES,Pedaço,55
Peito de galinha ou frango,AVES,Porção,100
Peito de galinha ou frango,AVES,Colher de Arroz,40
Peito de galinha ou frango,AVES,Colher de Sopa,20
Peito de galinha ou frango,AVES,Concha,80
Peito de galinha ou frango,AVES,Peito,180
Peito de galinha ou frango assado(a),AVES,File,100
Peito de galinha ou frango assado(a),AVES,Bife,100
Peito de galinha ou frango assado(a),AVES,Pedaço,55
Peito de galinha ou frango assado(a),AVES,Porção,100
Peito de galinha ou frango assado(a),AVES,Colher de Arroz,40
Peito de galinha ou frango assado(a),AVES,Colher de Sopa,20
Peito de galinha ou frango assado(a),AVES,Concha,80
Peito de galinha ou frango assado(a),AVES,Peito,180
Peito de galinha ou frango cozido(a),AVES,File,100
Peito de galinha ou frango cozido(a),AVES,Bife,100
Peito de galinha ou frango cozido(a),AVES,Pedaço,55
Peito de galinha ou frango cozido(a),AVES,Porção,100
Peito de galinha ou frango cozido(a),AVES,Colher de Arroz,40
Peito de galinha ou frango cozido(a),AVES,Colher de Sopa,20
Peito de galinha ou frango cozido(a),AVES,Concha,80
Peito de galinha ou frango cozido(a),AVES,Peito,180
Peito de galinha ou frango cru(a),AVES,File,100
Peito de galinha ou frango cru(a),AVES,Bife,100
Peito de galinha ou frango cru(a),AVES,Pedaço,55
Peito de galinha ou frango cru(a),AVES,Porção,100
Peito de galinha ou frango cru(a),AVES,Colher de Arroz,40
Peito de galinha ou frango cru(a),AVES,Colher de Sopa,20
Peito de galinha ou frango cru(a),AVES,Concha,80
Peito de galinha ou frango cru(a),AVES,Peito,180
Peito de galinha ou frango empanado(a)/a milanesa,AVES,File,100
Peito de galinha ou frango empanado(a)/a milanesa,AVES,Bife,100
Peito de galinha ou frango empanado(a)/a milanesa,AVES,Pedaço,55
Peito de galinha ou frango empanado(a)/a milanesa,AVES,Porção,100
Peito de galinha ou frango empanado(a)/a milanesa,AVES,Colher de Arroz,40
Peito de galinha ou frango empanado(a)/a milanesa,AVES,Colher de Sopa,20
Peito de galinha ou frango empanado(a)/a milanesa,AVES,Concha,80
Peito de galinha ou frango empanado(a)/a milanesa,AVES,Peito,180
Peito de galinha ou frango ensopado,AVES,File,100
Peito de galinha ou frango ensopado,AVES,Bife,100
Peito de galinha ou frango ensopado,AVES,Pedaço,55
Peito de galinha ou frango ensopado,AVES,Porção,100
Peito de galinha ou frango ensopado,AVES,Colher de Arroz,40
Peito de galinha ou frango ensopado,AVES,Colher de Sopa,20
Peito de galinha ou frango ensopado,AVES,Concha,80
Peito de galinha ou frango ensopado,AVES,Peito,180
Peito de galinha ou frango frito(a),AVES,File,100
Peito de galinha ou frango frito(a),AVES,Bife,100
Peito de galinha ou frango frito(a),AVES,Pedaço,55
Peito de galinha ou frango frito(a),AVES,Porção,100
Peito de galinha ou frango frito(a),AVES,Colher de Arroz,40
Peito de galinha ou frango frito(a),AVES,Colher de Sopa,20
Peito de galinha ou frango frito(a),AVES,Concha,80
Peito de galinha ou frango frito(a),AVES,Peito,180
Peito de galinha ou frango grelhado(a)/brasa/churrasco,AVES,File,100
Peito de galinha ou frango grelhado(a)/brasa/churrasco,AVES,Bife,100
Peito de galinha ou frango grelhado(a)/brasa/churrasco,AVES,Pedaço,55
Peito de galinha ou frango grelhado(a)/brasa/churrasco,AVES,Porção,100
Peito de galinha ou frango grelhado(a)/brasa/churrasco,AVES,Colher de Arroz,40
Peito de galinha ou frango grelhado(a)/brasa/churrasco,AVES,Colher de Sopa,20
Peito de galinha ou frango grelhado(a)/brasa/churrasco,AVES,Concha,80
Peito de galinha ou frango grelhado(a)/brasa/churrasco,AVES,Peito,180
Peito de galinha ou frango molho branco,AVES,File,100
Peito de galinha ou frango molho branco,AVES,Bife,100
Peito de galinha ou frango molho branco,AVES,Pedaço,55
Peito de galinha ou frango molho branco,AVES,Porção,100
Peito de galinha ou frango molho branco,AVES,Colher de Arroz,40
Peito de galinha ou frango molho branco,AVES,Colher de Sopa,20
Peito de galinha ou frango molho branco,AVES,Concha,80
Peito de galinha ou frango molho branco,AVES,Peito,180
Peito de galinha ou frango molho vermelho,AVES,File,100
Peito de galinha ou frango molho vermelho,AVES,Bife,100
Peito de galinha ou frango molho vermelho,AVES,Pedaço,55
Peito de galinha ou frango molho vermelho,AVES,Porção,100
Peito de galinha ou frango molho vermelho,AVES,Colher de Arroz,40
Peito de galinha ou frango molho vermelho,AVES,Colher de Sopa,20
Peito de galinha ou frango molho vermelho,AVES,Concha,80
Peito de galinha ou frango molho vermelho,AVES,Peito,180
Peito de galinha ou frango refogado(a),AVES,File,100
Peito de galinha ou frango refogado(a),AVES,Bife,100
Peito de galinha ou frango refogado(a),AVES,Pedaço,55
Peito de galinha ou frango refogado(a),AVES,Porção,100
Peito de galinha ou frango refogado(a),AVES,Colher de Arroz,40
Peito de galinha ou frango refogado(a),AVES,Colher de Sopa,20
Peito de galinha ou frango refogado(a),AVES,Concha,80
Peito de galinha ou frango refogado(a),AVES,Peito,180
Peito de pato frito(a),AVES,Pedaço,80
Peito de peru,AVES,Fatia,32
Peito de peru,AVES,Pedaço,32
Peito de peru (cru),,Fatia,32
Peito de peru (cru),,Pedaço,32
Peito de peru assado(a),AVES,Fatia,32
Peito de peru assado(a),AVES,Pedaço,32
Peito de peru cozido(a),AVES,Fatia,32
Peito de peru cozido(a),AVES,Pedaço,32
Peito de peru cru(a),AVES,Fatia,32
Peito de peru cru(a),AVES,Pedaço,32
Peito de peru defumadoCalifórnia - Sadia@,,Fatia,32
Peito de peru defumadoCalifórnia - Sadia@,,Pedaço,32
Peito de peru empanado(a)/a milanesa,AVES,Fatia,32
Peito de peru empanado(a)/a milanesa,AVES,Pedaço,32
Peito de peru frito(a),AVES,Fatia,32
Peito de peru frito(a),AVES,Pedaço,32
Peito de peru grelhado(a)/brasa/churrasco,AVES,Fatia,32
Peito de peru grelhado(a)/brasa/churrasco,AVES,Pedaço,32
Peito de peru light,AVES,Fatia,32
Peito de peru light,AVES,Pedaço,32
Peito de peru light cozido(a),AVES,Fatia,32
Peito de peru light cozido(a),AVES,Pedaço,32
Peito de peru light cru(a),AVES,Fatia,32
Peito de peru light cru(a),AVES,Pedaço,32
Pepino (IBGE),VERDURAS,Fatia,3
Pepino (IBGE),VERDURAS,Porção,36
Pepino (IBGE),VERDURAS,Colher de Arroz,36
Pepino (IBGE),VERDURAS,Colher de Sopa,18
Pepino (IBGE),VERDURAS,Prato Raso,36
Pepino (IBGE),VERDURAS,Unidade,100
Pepino (IBGE),VERDURAS,Unidade Pequena,75
Pepino (IBGE),VERDURAS,Metade,50
Pepino (Tucunduva),,Fatia,3
Pepino (Tucunduva),,Porção,36
Pepino (Tucunduva),,Colher de Arroz,36
Pepino (Tucunduva),,Colher de Sopa,18
Pepino (Tucunduva),,Prato Raso,36
Pepino (Tucunduva),,Unidade,100
Pepino (Tucunduva),,Unidade Pequena,75
Pepino (Tucunduva),,Metade,50
Pepino (casca),,Fatia,3
Pepino (casca),,Porção,36
Pepino (casca),,Colher de Arroz,36
Pepino (casca),,Colher de Sopa,18
Pepino (casca),,Prato Raso,36
Pepino (casca),,Unidade,100
Pepino (casca),,Unidade Pequena,75
Pepino (casca),,Metade,50
Pepino em conserva,CONSERVAS,Fatia,3
Pepino em conserva,CONSERVAS,Porção,36
Pepino em conserva,CONSERVAS,Colher de Arroz,36
Pepino em conserva,CONSERVAS,Colher de Sopa,18
Pepino em conserva,CONSERVAS,Prato Raso,36
Pepino em conserva,CONSERVAS,Unidade,100
Pepino em conserva,CONSERVAS,Unidade Pequena,75
Pepino em conserva,CONSERVAS,Metade,50
"Pepino, cru",,Fatia,3
"Pepino, cru",,Porção,36
"Pepino, cru",,Colher de Arroz,36
"Pepino, cru",,Colher de Sopa,18
"Pepino, cru",,Prato Raso,36
"Pepino, cru",,Unidade,100
"Pepino, cru",,Unidade Pequena,75
"Pepino, cru",,Metade,50
Pera (IBGE),FRUTAS/SUCOS/VITAMINAS,Fatia,32
Pera (IBGE),FRUTAS/SUCOS/VITAMINAS,Pedaço,32
Pera (IBGE),FRUTAS/SUCOS/VITAMINAS,Unidade,130
Pera (IBGE),FRUTAS/SUCOS/VITAMINAS,Unidade Pequena,98
Pera (IBGE),FRUTAS/SUCOS/VITAMINAS,Metade,65
Pera (IBGE),FRUTAS/SUCOS/VITAMINAS,Banda,65
Pera (Tucunduva),,Fatia,32
Pera (Tucunduva),,Pedaço,32
Pera (Tucunduva),,Unidade,130
Pera (Tucunduva),,Unidade Pequena,98
Pera (Tucunduva),,Metade,65
Pera (Tucunduva),,Banda,65
Pera (casca),,Fatia,32
Pera (casca),,Pedaço,32
Pera (casca),,Unidade,130
Pera (casca),,Unidade Pequena,98
Pera (casca),,Metade,65
Pera (casca),,Banda,65
"Pera, in natura, Pyrus communis",,Fatia,32
"Pera, in natura, Pyrus communis",,Pedaço,32
"Pera, in natura, Pyrus communis",,Unidade,130
"Pera, in natura, Pyrus communis",,Unidade Pequena,98
"Pera, in natura, Pyrus communis",,Metade,65
"Pera, in natura, Pyrus communis",,Banda,65
"Pêra, Park, crua",,Fatia,32
"Pêra, Park, crua",,Pedaço,32
"Pêra, Park, crua",,Unidade,130
"Pêra, Park, crua",,Unidade Pequena,98
"Pêra, Park, crua",,Metade,65
"Pêra, Park, crua",,Banda,65
"Pera, Park, in natura, Pyrus communis L.",,Fatia,32
"Pera, Park, in natura, Pyrus communis L.",,Pedaço,32
"Pera, Park, in natura, Pyrus communis L.",,Unidade,130
"Pera, Park, in natura, Pyrus communis L.",,Unidade Pequena,98
"Pera, Park, in natura, Pyrus communis L.",,Metade,65
"Pera, Park, in natura, Pyrus communis L.",,Banda,65
"Pêra, Williams, crua",,Fatia,32
"Pêra, Williams, crua",,Pedaço,32
"Pêra, Williams, crua",,Unidade,130
"Pêra, Williams, crua",,Unidade Pequena,98
"Pêra, Williams, crua",,Metade,65
"Pêra, Williams, crua",,Banda,65
"Pera, Williams, in natura, Pyrus communis L.",,Fatia,32
"Pera, Williams, in natura, Pyrus communis L.",,Pedaço,32
"Pera, Williams, in natura, Pyrus communis L.",,Unidade,130
"Pera, Williams, in natura, Pyrus communis L.",,Unidade Pequena,98
"Pera, Williams, in natura, Pyrus communis L.",,Metade,65
"Pera, Williams, in natura, Pyrus communis L.",,Banda,65
Peru em pedaço não especificado  assado(a),AVES,Pedaço,32
Peru em pedaço não especificado cozido(a),AVES,Pedaço,32
Peru em pedaço não especificado ensopado,AVES,Pedaço,32
Peru em pedaço não especificado frito(a),AVES,Pedaço,32
"Peru, congelado, assado (TACO)",,Pedaço,32
"Peru, congelado, assado (TBCA)",,Pedaço,32
"Peru, congelado, cru (TACO)",,Pedaço,32
"Peru, congelado, cru (TBCA)",,Pedaço,32
"Peru, peito, defumado",,Pedaço,32
Pescoço de galinha ou frango assado(a),AVES,Pescoço,10
Pescoço de galinha ou frango cozido(a),AVES,Pescoço,10
Pescoço de galinha ou frango frito(a),AVES,Pescoço,10
Pescoço de galinha ou frango molho branco,AVES,Pescoço,10
Pescoço de galinha ou frango refogado(a),AVES,Pescoço,10
Pêssego (IBGE),FRUTAS/SUCOS/VITAMINAS,Pedaço,15
Pêssego (IBGE),FRUTAS/SUCOS/VITAMINAS,Porção,226
Pêssego (IBGE),FRUTAS/SUCOS/VITAMINAS,Tigela,80
Pêssego (IBGE),FRUTAS/SUCOS/VITAMINAS,Unidade,60
Pêssego (IBGE),FRUTAS/SUCOS/VITAMINAS,Unidade Pequena,62
Pêssego (Tucunduva),,Pedaço,15
Pêssego (Tucunduva),,Porção,226
Pêssego (Tucunduva),,Tigela,80
Pêssego (Tucunduva),,Unidade,60
Pêssego (Tucunduva),,Unidade Pequena,62
"Pêssego, Aurora, cru",,Pedaço,15
"Pêssego, Aurora, cru",,Porção,226
"Pêssego, Aurora, cru",,Tigela,80
"Pêssego, Aurora, cru",,Unidade,60
"Pêssego, Aurora, cru",,Unidade Pequena,62
"Pêssego, enlatado, em calda, suco",,Copo Americano,150
"Pêssego, enlatado, em calda, suco",,Copo Médio,240
"Pêssego, enlatado, em calda, suco",,Copo Grande,300
"Pêssego, enlatado, em calda, suco",,Unidade,300
"Pêssego, enlatado, em calda, suco",,Garrafa 200ml,200
"Pêssego, enlatado, em calda, suco",,Caneca,300
Pimentão,VERDURAS,Fatia,6
Pimentão,VERDURAS,Colher de Arroz,26
Pimentão,VERDURAS,Colher de Sopa,13
Pimentão,VERDURAS,Concha,52
Pimentão,VERDURAS,Unidade,55
Pimentão,VERDURAS,Unidade Pequena,38
Pimentão,VERDURAS,Metade,28
Pimentão amarelo,,Fatia,6
Pimentão amarelo,,Colher de Arroz,26
Pimentão amarelo,,Colher de Sopa,13
Pimentão amarelo,,Concha,52
Pimentão amarelo,,Unidade,55
Pimentão amarelo,,Unidade Pequena,38
Pimentão amarelo,,Metade,28
Pimentão orgânico,VERDURAS,Fatia,6
Pimentão orgânico,VERDURAS,Colher de Arroz,26
Pimentão orgânico,VERDURAS,Colher de Sopa,13
Pimentão orgânico,VERDURAS,Concha,52
Pimentão orgânico,VERDURAS,Unidade,55
Pimentão orgânico,VERDURAS,Unidade Pequena,38
Pimentão orgânico,VERDURAS,Metade,28
Pimentão verde,,Fatia,6
Pimentão verde,,Colher de Arroz,26
Pimentão verde,,Colher de Sopa,13
Pimentão verde,,Concha,52
Pimentão verde,,Unidade,55
Pimentão verde,,Unidade Pequena,38
Pimentão verde,,Metade,28
Pimentão vermelho,,Fatia,6
Pimentão vermelho,,Colher de Arroz,26
Pimentão vermelho,,Colher de Sopa,13
Pimentão vermelho,,Concha,52
Pimentão vermelho,,Unidade,55
Pimentão vermelho,,Unidade Pequena,38
Pimentão vermelho,,Metade,28
"Pimentão, amarelo, cru",,Fatia,6
"Pimentão, amarelo, cru",,Colher de Arroz,26
"Pimentão, amarelo, cru",,Colher de Sopa,13
"Pimentão, amarelo, cru",,Concha,52
"Pimentão, amarelo, cru",,Unidade,55
"Pimentão, amarelo, cru",,Unidade Pequena,38
"Pimentão, amarelo, cru",,Metade,28
"Pimentão, verde, cru",,Fatia,6
"Pimentão, verde, cru",,Colher de Arroz,26
"Pimentão, verde, cru",,Colher de Sopa,13
"Pimentão, verde, cru",,Concha,52
"Pimentão, verde, cru",,Unidade,55
"Pimentão, verde, cru",,Unidade Pequena,38
"Pimentão, verde, cru",,Metade,28
"Pimentão, vermelho, cru",,Fatia,6
"Pimentão, vermelho, cru",,Colher de Arroz,26
"Pimentão, vermelho, cru",,Colher de Sopa,13
"Pimentão, vermelho, cru",,Concha,52
"Pimentão, vermelho, cru",,Unidade,55
"Pimentão, vermelho, cru",,Unidade Pequena,38
"Pimentão, vermelho, cru",,Metade,28
Pingo Douro - Elma Chips®,,Unidade,90
Pingo Douro - Elma Chips®,,Unidade Pequena,48
Pinhão,OLEAGINOSAS,Unidade,4
Pinhão (cozido),,Unidade,4
Pinhão (cru),,Unidade,4
"Pinhão, cozido",,Unidade,4
Pipoca  light,,Xícara de Chá,25
Pipoca doce de milhocaramelizada - Clac®,,Xícara de Chá,25
Pipoca doce industrializada,,Xícara de Chá,25
Pipoca doce ou salgada,AÇUCARES/CONFEITARIA,Xícara de Chá,25
Pipoca para micro-ondas demanteiga suave -Yoki®,,Xícara de Chá,25
Pipoca para micro-ondasnatural -Yoki®,,Xícara de Chá,25
Pipoca salgada,,Xícara de Chá,25
Pipoca salgada com manteiga,,Xícara de Chá,25
Pipoca sem sal,,Xícara de Chá,25
"Pipoca, com óleo de soja, sem sal",,Xícara de Chá,25
Pizza,FARINHAS/FÉCULAS/MASSAS,Porção,77
Pizza calabreza,FARINHAS/FÉCULAS/MASSAS,Porção,77
Pizza de calabresa,,Porção,77
Pizza de calabresa Apreciattacongelada - Perdigão®,,Porção,77
Pizza de calabresa congelada- Sadia®,,Porção,77
Pizza de catupiry,,Porção,77
Pizza de frango com catupiryApreciatta congelada - Perdigão®,,Porção,77
Pizza de frango com catupirye muçarela congelada - Sadia®,,Porção,77
Pizza de lombo com catupirye muçarela congelada - Sadia®,,Porção,77
Pizza de muçarela,,Porção,77
Pizza de muçarela Apreciattacongelada - Perdigão®,,Porção,77
Pizza de muçarela congelada- Sadia®,,Porção,77
"Pizza de muçarela de búfala, rúcula e tomate seco",,Porção,77
Pizza de peito de peruLight & Elegant congelada - Perdigão®,,Porção,77
Pizza de presunto comchampignon Apreciatta congelada - Perdigão®,,Porção,77
"Pizza de presunto, muçarelae champignon congelada - Sadia®",,Porção,77
Pizza de quatro queijosApreciatta congelada - Perdigão®,,Porção,77
Pizza de quatro queijoscongelada - Sadia®,,Porção,77
Pizza marguerita Apreciattacongelada - Perdigão®,,Porção,77
Pizza meia calabresameia muçarela Apreciatta congelada - Perdigão®,,Porção,77
Pizza meia muçarela meiaFrango com catupiry Apreciatta congelada - Perdigão(),,Porção,77
Pizza muzzarela,FARINHAS/FÉCULAS/MASSAS,Porção,77
Pizza portuguesa,FARINHAS/FÉCULAS/MASSAS,Porção,77
Pizza portuguesa light,FARINHAS/FÉCULAS/MASSAS,Porção,77
Pizza presunto,FARINHAS/FÉCULAS/MASSAS,Porção,77
Pizza pronta light,FARINHAS/FÉCULAS/MASSAS,Porção,77
Pizza vegetariana congeladaPão de Açúcar®,,Porção,77
"Pizza, massa, assada",,Porção,77
"Pizza, muçarela, assada",,Porção,77
Polentina com sal - Quaker®,,Xícara de Chá,90
Polentina temperada -Quaker®,,Xícara de Chá,90
Polpa de açaí congelada -Maisa®,,Porção,100
Polpa de açaí congelada -Maisa®,,Colher de Sopa,10
Polpa de açaí e guaranácongelada Açaí Sport - DeMarchi®,,Porção,100
Polpa de açaí e guaranácongelada Açaí Sport - DeMarchi®,,Colher de Sopa,10
Polpa de açaí naturalcongelada - Frooty®,,Porção,100
Polpa de açaí naturalcongelada - Frooty®,,Colher de Sopa,10
Polpa de coco,FRUTAS/SUCOS/VITAMINAS,Pedaço,40
Polpa de coco,FRUTAS/SUCOS/VITAMINAS,Metade,20
Polpa de coco,FRUTAS/SUCOS/VITAMINAS,Banda,20
Polpa de fruta de açaí -Maisa®,,Porção,100
Polpa de fruta de açaí -Maisa®,,Colher de Sopa,10
Presunto,CARNES INDUSTRIALIZADAS,Fatia,20
Presunto de peru Califórnia -Sadia®,,Fatia,20
Presunto de peru defumadoCalifórnia - Sadia®,,Fatia,20
Presunto de porco,,Fatia,20
"Presunto, c/ capa de gordura, cozido, fatiado",,Fatia,20
"Presunto, com capa de gordura",,Fatia,20
"Presunto, lanche, Presunto, ""Wilson""",,Fatia,20
"Presunto, peru, lanche",,Fatia,20
"Presunto, porco, c/ capa de gordura (média de diferentes amostras)",,Fatia,20
"Presunto, porco, lanche, cozido (média de diferentes amostras)",,Fatia,20
"Presunto, porco, s/ capa de gordura (média de diferentes amostras)",,Fatia,20
"Presunto, Presunto, cozido, ""Seara""",,Fatia,20
"Presunto, s/ capa de gordura, fatiado",,Fatia,20
"Presunto, sem capa de gordura",,Fatia,20
Proteína de soja,LEGUMINOSAS,Colher de Arroz,48
Proteína de soja,LEGUMINOSAS,Colher de Sopa,24
Proteína de soja,LEGUMINOSAS,Concha,48
Proteína de soja orgânica,LEGUMINOSAS,Colher de Arroz,48
Proteína de soja orgânica,LEGUMINOSAS,Colher de Sopa,24
Proteína de soja orgânica,LEGUMINOSAS,Concha,48
Puba de milho,FARINHAS/FÉCULAS/MASSAS,Fatia,60
"Pudim, baunilha, mistura p/, ""Oetker""",,Colher de Sopa,11
"Pudim, baunilha, pó, preparado, ""Oetker""",,Colher de Sopa,11
"Pudim, caramelo, mistura p/, ""Oetker"" (TBCA)",,Colher de Sopa,11
"Pudim, caramelo, mistura p/, ""Oetker"" (TBCA)",,Colher de Sopa,11
"Pudim, caramelo, pó, preparado, ""Oetker""",,Colher de Sopa,11
"Pudim, chocolate, mistura p/, ""Oetker""",,Colher de Sopa,11
"Pudim, chocolate, mistura p/, diet, ""Oetker""",,Colher de Sopa,11
"Pudim, chocolate, pó, preparado, ""Oetker""",,Colher de Sopa,11
"Pudim, coco, mistura p/, ""Oetker""",,Colher de Sopa,11
"Pudim, coco, pó, preparado, ""Oetker""",,Colher de Sopa,11
"Pudim, leite c/ calda de caramelo, pó, preparado, ""Oetker""",,Colher de Sopa,11
"pudim, leite, c/ calda caramelo, mistura p/, ""Oetker""",,Colher de Sopa,11
"pudim, morango, mistura p/, ""Oetker""",,Colher de Sopa,11
"Pudim, morango, pó, preparado, ""Oetker""",,Colher de Sopa,11
Qsuco,,Copo Americano,150
Qsuco,,Copo Médio,240
Qsuco,,Copo Grande,300
Qsuco,,Unidade,300
Qsuco,,Garrafa 200ml,200
Qsuco,,Caneca,300
Qsuco diet,,Copo Americano,150
Qsuco diet,,Copo Médio,240
Qsuco diet,,Copo Grande,300
Qsuco diet,,Unidade,300
Qsuco diet,,Garrafa 200ml,200
Qsuco diet,,Caneca,300
Qsuco light,,Copo Americano,150
Qsuco light,,Copo Médio,240
Qsuco light,,Copo Grande,300
Qsuco light,,Unidade,300
Qsuco light,,Garrafa 200ml,200
Qsuco light,,Caneca,300
Queijo canastra,LATICINIOS,Fatia,45
Queijo cheddar,,Fatia,15
Queijo colonial,LATICINIOS,Fatia,45
Queijo cottage - Lacreme@,,Colher de Sopa,25
Queijo cottage (1% gordura),,Colher de Sopa,25
Queijo cream cheese -Danúbio®,,Colher de Sopa,30
Queijo cremoso,LATICINIOS,Colher de Sopa,30
Queijo de bufalo,LATICINIOS,Pedaço,20
Queijo de coalho,LATICINIOS,Fatia,45
Queijo de coalho,LATICINIOS,Pedaço,100
Queijo de coalho frescal orgânico,LATICINIOS,Fatia,45
Queijo de coalho frescal orgânico,LATICINIOS,Pedaço,100
Queijo de coalho light,LATICINIOS,Fatia,45
Queijo de coalho light,LATICINIOS,Pedaço,100
Queijo de coalho light,LATICINIOS,Porção,50
Queijo de colonia,LATICINIOS,Fatia,45
Queijo de manteiga,LATICINIOS,Fatia,45
Queijo de minas,LATICINIOS,Fatia,45
Queijo de minas frescal orgânico,LATICINIOS,Fatia,45
Queijo de minas light,LATICINIOS,Fatia,45
Queijo de reino,LATICINIOS,Fatia,45
Queijo gorgonzola,LATICINIOS,Fatia,38
Queijo minas,,Fatia,45
Queijo minas frescal,,Fatia,45
Queijo muçarela,,Fatia,20
Queijo muçarela,,Porção,45
Queijo muçarela com leite debúfala -Valle d'Oro®,,Fatia,20
Queijo muçarela com leite debúfala -Valle d'Oro®,,Porção,45
Queijo mussarela light,LATICINIOS,Fatia,20
Queijo mussarela light,LATICINIOS,Porção,45
Queijo muzarella,LATICINIOS,Fatia,20
Queijo muzarella,LATICINIOS,Porção,45
Queijo não especificado,LATICINIOS,Fatia,20
Queijo não especificado,LATICINIOS,Porção,45
Queijo não especificado light,LATICINIOS,Fatia,20
Queijo não especificado light,LATICINIOS,Porção,45
Queijo parmesão,,Fatia,30
Queijo parmesão - Quatá0,,Fatia,30
Queijo parmesão ralado -Vigor®,,Colher de Sopa,30
Queijo polenguinho,LATICINIOS,Unidade,20
Queijo polenguinho light,LATICINIOS,Unidade,20
Queijo prato (IBGE),LATICINIOS,Fatia,15
Queijo prato (IBGE),LATICINIOS,Porção,30
Queijo prato (Tucunduva),,Fatia,15
Queijo prato (Tucunduva),,Porção,30
Queijo prato - Polenghi®,,Fatia,15
Queijo prato - Polenghi®,,Porção,30
Queijo prato light,LATICINIOS,Fatia,15
Queijo prato light,LATICINIOS,Porção,30
Queijo prato processado emfatias - Barateiro®,,Fatia,15
Queijo prato processado emfatias - Barateiro®,,Porção,30
Queijo provolone (IBGE),LATICINIOS,Fatia,25
Queijo provolone (Tucunduva),,Fatia,25
Queijo ralado,LATICINIOS,Porção,30
Queijo ralado,LATICINIOS,Colher de Arroz,30
Queijo ralado,LATICINIOS,Colher de Sopa,15
Queijo ralado,LATICINIOS,Colher de Chá,4
Queijo ralado,LATICINIOS,Colher de Café,2
Queijo ralado,LATICINIOS,Colher de Sobremesa,8
Queijo ralado,LATICINIOS,Copo Americano,74
Queijo ralado light,LATICINIOS,Porção,30
Queijo ralado light,LATICINIOS,Colher de Arroz,30
Queijo ralado light,LATICINIOS,Colher de Sopa,15
Queijo ralado light,LATICINIOS,Colher de Chá,4
Queijo ralado light,LATICINIOS,Colher de Café,2
Queijo ralado light,LATICINIOS,Colher de Sobremesa,8
Queijo ralado light,LATICINIOS,Copo Americano,74
Queijo ricota,LATICINIOS,Fatia,35
Queijo ricota,LATICINIOS,Porção,100
Queijo ricota,LATICINIOS,Colher de Sopa,44
Queijo ricota light,LATICINIOS,Fatia,35
Queijo ricota light,LATICINIOS,Porção,100
Queijo ricota light,LATICINIOS,Colher de Sopa,44
"Queijo, coalho",,Fatia,30
"Queijo, leite de vaca e búfala, muçarela",,Fatia,45
"Queijo, minas, frescal (TACO)",,Fatia,45
"Queijo, minas, frescal (TBCA)",,Fatia,45
"Queijo, minas, frescal, light",,Fatia,45
"Queijo, minas, frescal, light, ""Danúbio""",,Fatia,45
"Queijo, minas, meia cura",,Fatia,45
"Queijo, minas, padrão (média de diferentes amostras)",,Fatia,45
"Queijo, minas, padrão, ""Teixeira""",,Fatia,45
"Queijo, minas, padrão, light, ""Teixeira""",,Fatia,45
"Queijo, minas, padrão, zero% gordura",,Fatia,45
"Queijo, minas, tipo parmesão",,Fatia,45
"Queijo, mozarela",,Fatia,20
"Queijo, muçarela (média de diferentes amostras)",,Fatia,20
"Queijo, parmesão",,Fatia,20
"Queijo, pasteurizado",,Fatia,20
"Queijo, pasteurizado (média de diferentes amostras)",,Fatia,20
"Queijo, prato (TACO)",,Fatia,15
"Queijo, prato (TACO)",,Porção,30
"Queijo, prato (TBCA)",,Fatia,15
"Queijo, prato (TBCA)",,Porção,30
"Queijo, provolone",,Fatia,25
"Queijo, requeijão, cremoso",,Colher de Sopa,30
"Queijo, ricota (TACO)",,Fatia,35
"Queijo, ricota (TACO)",,Porção,100
"Queijo, ricota (TACO)",,Colher de Sopa,44
"Queijo, ricota (TBCA)",,Fatia,35
"Queijo, ricota (TBCA)",,Porção,100
"Queijo, ricota (TBCA)",,Colher de Sopa,44
Quiabo (IBGE),VERDURAS,Fatia,5
Quiabo (IBGE),VERDURAS,Pedaço,5
Quiabo (IBGE),VERDURAS,Colher de Arroz,80
Quiabo (IBGE),VERDURAS,Colher de Sopa,40
Quiabo (IBGE),VERDURAS,Concha,160
Quiabo (IBGE),VERDURAS,Unidade,18
Quiabo (Tucunduva),,Fatia,5
Quiabo (Tucunduva),,Pedaço,5
Quiabo (Tucunduva),,Colher de Arroz,80
Quiabo (Tucunduva),,Colher de Sopa,40
Quiabo (Tucunduva),,Concha,160
Quiabo (Tucunduva),,Unidade,18
Quiabo  cozido(a),VERDURAS,Fatia,5
Quiabo  cozido(a),VERDURAS,Pedaço,5
Quiabo  cozido(a),VERDURAS,Colher de Arroz,80
Quiabo  cozido(a),VERDURAS,Colher de Sopa,40
Quiabo  cozido(a),VERDURAS,Concha,160
Quiabo  cozido(a),VERDURAS,Unidade,18
Quiabo  empanado(a)/a milanesa,VERDURAS,Colher de Sopa,40
Quiabo  ensopado,VERDURAS,Fatia,5
Quiabo  ensopado,VERDURAS,Pedaço,5
Quiabo  ensopado,VERDURAS,Colher de Arroz,80
Quiabo  ensopado,VERDURAS,Colher de Sopa,40
Quiabo  ensopado,VERDURAS,Concha,160
Quiabo  ensopado,VERDURAS,Unidade,18
Quiabo  frito(a),VERDURAS,Fatia,5
Quiabo  frito(a),VERDURAS,Pedaço,5
Quiabo  frito(a),VERDURAS,Colher de Arroz,80
Quiabo  frito(a),VERDURAS,Colher de Sopa,40
Quiabo  frito(a),VERDURAS,Concha,160
Quiabo  frito(a),VERDURAS,Unidade,18
Quiabo  refogado(a),VERDURAS,Fatia,5
Quiabo  refogado(a),VERDURAS,Pedaço,5
Quiabo  refogado(a),VERDURAS,Colher de Arroz,80
Quiabo  refogado(a),VERDURAS,Colher de Sopa,40
Quiabo  refogado(a),VERDURAS,Concha,160
Quiabo  refogado(a),VERDURAS,Unidade,18
Quiabo cru(a),VERDURAS,Fatia,5
Quiabo cru(a),VERDURAS,Pedaço,5
Quiabo cru(a),VERDURAS,Colher de Arroz,80
Quiabo cru(a),VERDURAS,Colher de Sopa,40
Quiabo cru(a),VERDURAS,Concha,160
Quiabo cru(a),VERDURAS,Unidade,18
"Quiabo, cru",,Fatia,5
"Quiabo, cru",,Pedaço,5
"Quiabo, cru",,Colher de Arroz,80
"Quiabo, cru",,Colher de Sopa,40
"Quiabo, cru",,Concha,160
"Quiabo, cru",,Unidade,18
Quiche de cebola congelada - Pão de Açúcar®,,Fatia,40
Quiche de tomate seco congelada - Pão de Açúcar®,,Fatia,40
Rabanete (cru) ,,Porção,90
Rabanete (cru) ,,Colher de Sopa,11
Rabanete (cru) ,,Pegador,11
Rabanete (cru) ,,Unidade,25
Rabanete (folha) ,,Porção,90
Rabanete (folha) ,,Colher de Sopa,11
Rabanete (folha) ,,Pegador,11
Rabanete (folha) ,,Unidade,25
Rabanete ao vinagrete,,Porção,90
Rabanete ao vinagrete,,Colher de Sopa,11
Rabanete ao vinagrete,,Pegador,11
Rabanete ao vinagrete,,Unidade,25
Rabanete cozido(a),,Porção,90
Rabanete cozido(a),,Colher de Sopa,11
Rabanete cozido(a),,Pegador,11
Rabanete cozido(a),,Unidade,25
Rabanete cru(a),,Porção,90
Rabanete cru(a),,Colher de Sopa,11
Rabanete cru(a),,Pegador,11
Rabanete cru(a),,Unidade,25
"Rabanete, cru",,Porção,90
"Rabanete, cru",,Colher de Sopa,11
"Rabanete, cru",,Pegador,11
"Rabanete, cru",,Unidade,25
Radite ao vinagrete,,Porção,42
Radite ao vinagrete,,Folha,12
Radite cru(a),,Porção,42
Radite cru(a),,Folha,12
Radite refogado(a),,Porção,42
Radite refogado(a),,Folha,12
Ravióli de ricota e espinafre - Frescarini®,,Fatia,35
Ravióli de ricota e espinafre - Frescarini®,,Porção,100
Ravióli de ricota e espinafre - Frescarini®,,Colher de Sopa,44
Refresco,FRUTAS/SUCOS/VITAMINAS,Copo Americano,150
Refresco,FRUTAS/SUCOS/VITAMINAS,Copo Médio,240
Refresco,FRUTAS/SUCOS/VITAMINAS,Copo Grande,300
Refresco,FRUTAS/SUCOS/VITAMINAS,Unidade,300
Refresco,FRUTAS/SUCOS/VITAMINAS,Garrafa 200ml,200
Refresco,FRUTAS/SUCOS/VITAMINAS,Caneca,300
Refresco de cajú,FRUTAS/SUCOS/VITAMINAS,Copo Americano,150
Refresco de cajú,FRUTAS/SUCOS/VITAMINAS,Copo Médio,240
Refresco de cajú,FRUTAS/SUCOS/VITAMINAS,Copo Grande,300
Refresco de cajú,FRUTAS/SUCOS/VITAMINAS,Unidade,300
Refresco de cajú,FRUTAS/SUCOS/VITAMINAS,Garrafa 200ml,200
Refresco de cajú,FRUTAS/SUCOS/VITAMINAS,Caneca,300
Refresco de groselha,FRUTAS/SUCOS/VITAMINAS,Copo Americano,150
Refresco de groselha,FRUTAS/SUCOS/VITAMINAS,Copo Médio,240
Refresco de groselha,FRUTAS/SUCOS/VITAMINAS,Copo Grande,300
Refresco de groselha,FRUTAS/SUCOS/VITAMINAS,Unidade,300
Refresco de groselha,FRUTAS/SUCOS/VITAMINAS,Garrafa 200ml,200
Refresco de groselha,FRUTAS/SUCOS/VITAMINAS,Caneca,300
Refresco de laranja,FRUTAS/SUCOS/VITAMINAS,Copo Americano,150
Refresco de laranja,FRUTAS/SUCOS/VITAMINAS,Copo Médio,240
Refresco de laranja,FRUTAS/SUCOS/VITAMINAS,Copo Grande,300
Refresco de laranja,FRUTAS/SUCOS/VITAMINAS,Unidade,300
Refresco de laranja,FRUTAS/SUCOS/VITAMINAS,Garrafa 200ml,200
Refresco de laranja,FRUTAS/SUCOS/VITAMINAS,Caneca,300
Refresco de limão,FRUTAS/SUCOS/VITAMINAS,Copo Americano,150
Refresco de limão,FRUTAS/SUCOS/VITAMINAS,Copo Médio,240
Refresco de limão,FRUTAS/SUCOS/VITAMINAS,Copo Grande,300
Refresco de limão,FRUTAS/SUCOS/VITAMINAS,Unidade,300
Refresco de limão,FRUTAS/SUCOS/VITAMINAS,Garrafa 200ml,200
Refresco de limão,FRUTAS/SUCOS/VITAMINAS,Caneca,300
Refresco de maracujá,FRUTAS/SUCOS/VITAMINAS,Copo Americano,150
Refresco de maracujá,FRUTAS/SUCOS/VITAMINAS,Copo Médio,240
Refresco de maracujá,FRUTAS/SUCOS/VITAMINAS,Copo Grande,300
Refresco de maracujá,FRUTAS/SUCOS/VITAMINAS,Unidade,300
Refresco de maracujá,FRUTAS/SUCOS/VITAMINAS,Garrafa 200ml,200
Refresco de maracujá,FRUTAS/SUCOS/VITAMINAS,Caneca,300
Refrigerante de cola diet,,Copo Americano,150
Refrigerante de cola diet,,Copo Médio,240
Refrigerante de cola diet,,Copo Grande,300
Refrigerante de cola diet,,Unidade,300
Refrigerante de cola diet,,Garrafa 200ml,200
Refrigerante de cola diet,,Caneca,300
Refrigerante de cola light,,Copo Americano,150
Refrigerante de cola light,,Copo Médio,240
Refrigerante de cola light,,Copo Grande,300
Refrigerante de cola light,,Unidade,300
Refrigerante de cola light,,Garrafa 200ml,200
Refrigerante de cola light,,Caneca,300
Refrigerante de cola tradicional,,Copo Americano,150
Refrigerante de cola tradicional,,Copo Médio,240
Refrigerante de cola tradicional,,Copo Grande,300
Refrigerante de cola tradicional,,Unidade,300
Refrigerante de cola tradicional,,Garrafa 200ml,200
Refrigerante de cola tradicional,,Caneca,300
Refrigerante de guaraná diet,,Copo Americano,150
Refrigerante de guaraná diet,,Copo Médio,240
Refrigerante de guaraná diet,,Copo Grande,300
Refrigerante de guaraná diet,,Unidade,300
Refrigerante de guaraná diet,,Garrafa 200ml,200
Refrigerante de guaraná diet,,Caneca,300
Refrigerante de guaraná light,,Copo Americano,150
Refrigerante de guaraná light,,Copo Médio,240
Refrigerante de guaraná light,,Copo Grande,300
Refrigerante de guaraná light,,Unidade,300
Refrigerante de guaraná light,,Garrafa 200ml,200
Refrigerante de guaraná light,,Caneca,300
Refrigerante de guaraná tradicional,,Copo Americano,150
Refrigerante de guaraná tradicional,,Copo Médio,240
Refrigerante de guaraná tradicional,,Copo Grande,300
Refrigerante de guaraná tradicional,,Unidade,300
Refrigerante de guaraná tradicional,,Garrafa 200ml,200
Refrigerante de guaraná tradicional,,Caneca,300
Refrigerante de limão diet,,Copo Americano,150
Refrigerante de limão diet,,Copo Médio,240
Refrigerante de limão diet,,Copo Grande,300
Refrigerante de limão diet,,Unidade,300
Refrigerante de limão diet,,Garrafa 200ml,200
Refrigerante de limão diet,,Caneca,300
Refrigerante de quinino dietetico,,Copo Americano,150
Refrigerante de quinino dietetico,,Copo Médio,240
Refrigerante de quinino dietetico,,Copo Grande,300
Refrigerante de quinino dietetico,,Unidade,300
Refrigerante de quinino dietetico,,Garrafa 200ml,200
Refrigerante de quinino dietetico,,Caneca,300
Refrigerante não especificado,,Copo Americano,150
Refrigerante não especificado,,Copo Médio,240
Refrigerante não especificado,,Copo Grande,300
Refrigerante não especificado,,Unidade,300
Refrigerante não especificado,,Garrafa 200ml,200
Refrigerante não especificado,,Caneca,300
"Refrigerante, c/ adoçante, (média de diferentes amostras)",,Copo Americano,150
"Refrigerante, c/ adoçante, (média de diferentes amostras)",,Copo Médio,240
"Refrigerante, c/ adoçante, (média de diferentes amostras)",,Copo Grande,300
"Refrigerante, c/ adoçante, (média de diferentes amostras)",,Unidade,300
"Refrigerante, c/ adoçante, (média de diferentes amostras)",,Garrafa 200ml,200
"Refrigerante, c/ adoçante, (média de diferentes amostras)",,Caneca,300
"Refrigerante, regular, c/açúcar, (média de diferentes amostras)",,Copo Americano,150
"Refrigerante, regular, c/açúcar, (média de diferentes amostras)",,Copo Médio,240
"Refrigerante, regular, c/açúcar, (média de diferentes amostras)",,Copo Grande,300
"Refrigerante, regular, c/açúcar, (média de diferentes amostras)",,Unidade,300
"Refrigerante, regular, c/açúcar, (média de diferentes amostras)",,Garrafa 200ml,200
"Refrigerante, regular, c/açúcar, (média de diferentes amostras)",,Caneca,300
"Refrigerante, tipo água tônica",,Copo Americano,150
"Refrigerante, tipo água tônica",,Copo Médio,240
"Refrigerante, tipo água tônica",,Copo Grande,300
"Refrigerante, tipo água tônica",,Unidade,300
"Refrigerante, tipo água tônica",,Garrafa 200ml,200
"Refrigerante, tipo água tônica",,Caneca,300
"Refrigerante, tipo água tônica, c/ adoçante",,Copo Americano,150
"Refrigerante, tipo água tônica, c/ adoçante",,Copo Médio,240
"Refrigerante, tipo água tônica, c/ adoçante",,Copo Grande,300
"Refrigerante, tipo água tônica, c/ adoçante",,Unidade,300
"Refrigerante, tipo água tônica, c/ adoçante",,Garrafa 200ml,200
"Refrigerante, tipo água tônica, c/ adoçante",,Caneca,300
"Refrigerante, tipo água tônica, regular, c/ açúcar",,Copo Americano,150
"Refrigerante, tipo água tônica, regular, c/ açúcar",,Copo Médio,240
"Refrigerante, tipo água tônica, regular, c/ açúcar",,Copo Grande,300
"Refrigerante, tipo água tônica, regular, c/ açúcar",,Unidade,300
"Refrigerante, tipo água tônica, regular, c/ açúcar",,Garrafa 200ml,200
"Refrigerante, tipo água tônica, regular, c/ açúcar",,Caneca,300
"Refrigerante, tipo cola",,Copo Americano,150
"Refrigerante, tipo cola",,Copo Médio,240
"Refrigerante, tipo cola",,Copo Grande,300
"Refrigerante, tipo cola",,Unidade,300
"Refrigerante, tipo cola",,Garrafa 200ml,200
"Refrigerante, tipo cola",,Caneca,300
"Refrigerante, tipo cola, c/ adoçante",,Copo Americano,150
"Refrigerante, tipo cola, c/ adoçante",,Copo Médio,240
"Refrigerante, tipo cola, c/ adoçante",,Copo Grande,300
"Refrigerante, tipo cola, c/ adoçante",,Unidade,300
"Refrigerante, tipo cola, c/ adoçante",,Garrafa 200ml,200
"Refrigerante, tipo cola, c/ adoçante",,Caneca,300
"Refrigerante, tipo cola, regular, c/ açúcar",,Copo Americano,150
"Refrigerante, tipo cola, regular, c/ açúcar",,Copo Médio,240
"Refrigerante, tipo cola, regular, c/ açúcar",,Copo Grande,300
"Refrigerante, tipo cola, regular, c/ açúcar",,Unidade,300
"Refrigerante, tipo cola, regular, c/ açúcar",,Garrafa 200ml,200
"Refrigerante, tipo cola, regular, c/ açúcar",,Caneca,300
"Refrigerante, tipo guaraná",,Copo Americano,150
"Refrigerante, tipo guaraná",,Copo Médio,240
"Refrigerante, tipo guaraná",,Copo Grande,300
"Refrigerante, tipo guaraná",,Unidade,300
"Refrigerante, tipo guaraná",,Garrafa 200ml,200
"Refrigerante, tipo guaraná",,Caneca,300
"Refrigerante, tipo guaraná, c/ adoçante",,Copo Americano,150
"Refrigerante, tipo guaraná, c/ adoçante",,Copo Médio,240
"Refrigerante, tipo guaraná, c/ adoçante",,Copo Grande,300
"Refrigerante, tipo guaraná, c/ adoçante",,Unidade,300
"Refrigerante, tipo guaraná, c/ adoçante",,Garrafa 200ml,200
"Refrigerante, tipo guaraná, c/ adoçante",,Caneca,300
"Refrigerante, tipo guaraná, regular, c/ açúcar",,Copo Americano,150
"Refrigerante, tipo guaraná, regular, c/ açúcar",,Copo Médio,240
"Refrigerante, tipo guaraná, regular, c/ açúcar",,Copo Grande,300
"Refrigerante, tipo guaraná, regular, c/ açúcar",,Unidade,300
"Refrigerante, tipo guaraná, regular, c/ açúcar",,Garrafa 200ml,200
"Refrigerante, tipo guaraná, regular, c/ açúcar",,Caneca,300
"Refrigerante, tipo laranja",,Copo Americano,150
"Refrigerante, tipo laranja",,Copo Médio,240
"Refrigerante, tipo laranja",,Copo Grande,300
"Refrigerante, tipo laranja",,Unidade,300
"Refrigerante, tipo laranja",,Garrafa 200ml,200
"Refrigerante, tipo laranja",,Caneca,300
"Refrigerante, tipo laranja, c/ adoçante",,Copo Americano,150
"Refrigerante, tipo laranja, c/ adoçante",,Copo Médio,240
"Refrigerante, tipo laranja, c/ adoçante",,Copo Grande,300
"Refrigerante, tipo laranja, c/ adoçante",,Unidade,300
"Refrigerante, tipo laranja, c/ adoçante",,Garrafa 200ml,200
"Refrigerante, tipo laranja, c/ adoçante",,Caneca,300
"Refrigerante, tipo laranja, regular, c/ açúcar",,Copo Americano,150
"Refrigerante, tipo laranja, regular, c/ açúcar",,Copo Médio,240
"Refrigerante, tipo laranja, regular, c/ açúcar",,Copo Grande,300
"Refrigerante, tipo laranja, regular, c/ açúcar",,Unidade,300
"Refrigerante, tipo laranja, regular, c/ açúcar",,Garrafa 200ml,200
"Refrigerante, tipo laranja, regular, c/ açúcar",,Caneca,300
"Refrigerante, tipo limão",,Copo Americano,150
"Refrigerante, tipo limão",,Copo Médio,240
"Refrigerante, tipo limão",,Copo Grande,300
"Refrigerante, tipo limão",,Unidade,300
"Refrigerante, tipo limão",,Garrafa 200ml,200
"Refrigerante, tipo limão",,Caneca,300
"Refrigerante, tipo limão, c/ adoçante",,Copo Americano,150
"Refrigerante, tipo limão, c/ adoçante",,Copo Médio,240
"Refrigerante, tipo limão, c/ adoçante",,Copo Grande,300
"Refrigerante, tipo limão, c/ adoçante",,Unidade,300
"Refrigerante, tipo limão, c/ adoçante",,Garrafa 200ml,200
"Refrigerante, tipo limão, c/ adoçante",,Caneca,300
"Refrigerante, tipo limão, regular, c/ açúcar",,Copo Americano,150
"Refrigerante, tipo limão, regular, c/ açúcar",,Copo Médio,240
"Refrigerante, tipo limão, regular, c/ açúcar",,Copo Grande,300
"Refrigerante, tipo limão, regular, c/ açúcar",,Unidade,300
"Refrigerante, tipo limão, regular, c/ açúcar",,Garrafa 200ml,200
"Refrigerante, tipo limão, regular, c/ açúcar",,Caneca,300
Repolho,HORTALIÇAS,Porção,75
Repolho,HORTALIÇAS,Colher de Arroz,45
Repolho,HORTALIÇAS,Colher de Sopa,20
Repolho,HORTALIÇAS,Concha,50
Repolho,HORTALIÇAS,Escumadeira,45
Repolho,HORTALIÇAS,Pegador,20
Repolho,HORTALIÇAS,Folha,26
Repolho ao alho e oleo,HORTALIÇAS,Porção,75
Repolho ao alho e oleo,HORTALIÇAS,Colher de Arroz,45
Repolho ao alho e oleo,HORTALIÇAS,Colher de Sopa,20
Repolho ao alho e oleo,HORTALIÇAS,Concha,50
Repolho ao alho e oleo,HORTALIÇAS,Escumadeira,45
Repolho ao alho e oleo,HORTALIÇAS,Pegador,20
Repolho ao alho e oleo,HORTALIÇAS,Folha,26
Repolho ao vinagrete,HORTALIÇAS,Porção,75
Repolho ao vinagrete,HORTALIÇAS,Colher de Arroz,45
Repolho ao vinagrete,HORTALIÇAS,Colher de Sopa,20
Repolho ao vinagrete,HORTALIÇAS,Concha,50
Repolho ao vinagrete,HORTALIÇAS,Escumadeira,45
Repolho ao vinagrete,HORTALIÇAS,Pegador,20
Repolho ao vinagrete,HORTALIÇAS,Folha,26
Repolho cozido(a),HORTALIÇAS,Porção,75
Repolho cozido(a),HORTALIÇAS,Colher de Arroz,45
Repolho cozido(a),HORTALIÇAS,Colher de Sopa,20
Repolho cozido(a),HORTALIÇAS,Concha,50
Repolho cozido(a),HORTALIÇAS,Escumadeira,45
Repolho cozido(a),HORTALIÇAS,Pegador,20
Repolho cozido(a),HORTALIÇAS,Folha,26
Repolho cru(a),HORTALIÇAS,Porção,75
Repolho cru(a),HORTALIÇAS,Colher de Arroz,45
Repolho cru(a),HORTALIÇAS,Colher de Sopa,20
Repolho cru(a),HORTALIÇAS,Concha,50
Repolho cru(a),HORTALIÇAS,Escumadeira,45
Repolho cru(a),HORTALIÇAS,Pegador,20
Repolho cru(a),HORTALIÇAS,Folha,26
Repolho ensopado,HORTALIÇAS,Porção,75
Repolho ensopado,HORTALIÇAS,Colher de Arroz,45
Repolho ensopado,HORTALIÇAS,Colher de Sopa,20
Repolho ensopado,HORTALIÇAS,Concha,50
Repolho ensopado,HORTALIÇAS,Escumadeira,45
Repolho ensopado,HORTALIÇAS,Pegador,20
Repolho ensopado,HORTALIÇAS,Folha,26
Repolho frito(a),HORTALIÇAS,Porção,75
Repolho frito(a),HORTALIÇAS,Colher de Arroz,45
Repolho frito(a),HORTALIÇAS,Colher de Sopa,20
Repolho frito(a),HORTALIÇAS,Concha,50
Repolho frito(a),HORTALIÇAS,Escumadeira,45
Repolho frito(a),HORTALIÇAS,Pegador,20
Repolho frito(a),HORTALIÇAS,Folha,26
Repolho molho branco,HORTALIÇAS,Porção,75
Repolho molho branco,HORTALIÇAS,Colher de Arroz,45
Repolho molho branco,HORTALIÇAS,Colher de Sopa,20
Repolho molho branco,HORTALIÇAS,Concha,50
Repolho molho branco,HORTALIÇAS,Escumadeira,45
Repolho molho branco,HORTALIÇAS,Pegador,20
Repolho molho branco,HORTALIÇAS,Folha,26
Repolho refogado(a),HORTALIÇAS,Porção,75
Repolho refogado(a),HORTALIÇAS,Colher de Arroz,45
Repolho refogado(a),HORTALIÇAS,Colher de Sopa,20
Repolho refogado(a),HORTALIÇAS,Concha,50
Repolho refogado(a),HORTALIÇAS,Escumadeira,45
Repolho refogado(a),HORTALIÇAS,Pegador,20
Repolho refogado(a),HORTALIÇAS,Folha,26
"Repolho, branco, cru",,Porção,75
"Repolho, branco, cru",,Colher de Arroz,45
"Repolho, branco, cru",,Colher de Sopa,20
"Repolho, branco, cru",,Concha,50
"Repolho, branco, cru",,Escumadeira,45
"Repolho, branco, cru",,Pegador,20
"Repolho, branco, cru",,Folha,26
"Repolho, roxo, cru",,Porção,75
"Repolho, roxo, cru",,Colher de Arroz,45
"Repolho, roxo, cru",,Colher de Sopa,20
"Repolho, roxo, cru",,Concha,50
"Repolho, roxo, cru",,Escumadeira,45
"Repolho, roxo, cru",,Pegador,20
"Repolho, roxo, cru",,Folha,26
"Repolho, roxo, refogado",,Porção,75
"Repolho, roxo, refogado",,Colher de Arroz,45
"Repolho, roxo, refogado",,Colher de Sopa,20
"Repolho, roxo, refogado",,Concha,50
"Repolho, roxo, refogado",,Escumadeira,45
"Repolho, roxo, refogado",,Pegador,20
"Repolho, roxo, refogado",,Folha,26
Repolho-branco (cozido),,Porção,75
Repolho-branco (cozido),,Colher de Arroz,45
Repolho-branco (cozido),,Colher de Sopa,20
Repolho-branco (cozido),,Concha,50
Repolho-branco (cozido),,Escumadeira,45
Repolho-branco (cozido),,Pegador,20
Repolho-branco (cozido),,Folha,26
Repolho-branco (cru),,Porção,75
Repolho-branco (cru),,Colher de Arroz,45
Repolho-branco (cru),,Colher de Sopa,20
Repolho-branco (cru),,Concha,50
Repolho-branco (cru),,Escumadeira,45
Repolho-branco (cru),,Pegador,20
Repolho-branco (cru),,Folha,26
Repolho-roxo (cozido),,Porção,75
Repolho-roxo (cozido),,Colher de Arroz,45
Repolho-roxo (cozido),,Colher de Sopa,20
Repolho-roxo (cozido),,Concha,50
Repolho-roxo (cozido),,Escumadeira,45
Repolho-roxo (cozido),,Pegador,20
Repolho-roxo (cozido),,Folha,26
Repolho-Roxo (cru),,Porção,75
Repolho-Roxo (cru),,Colher de Arroz,45
Repolho-Roxo (cru),,Colher de Sopa,20
Repolho-Roxo (cru),,Concha,50
Repolho-Roxo (cru),,Escumadeira,45
Repolho-Roxo (cru),,Pegador,20
Repolho-Roxo (cru),,Folha,26
Requeijão - Nestlê®,,Colher de Sopa,30
Requeijão cremoso - Poços de Calda®,,Colher de Sopa,30
Requeijão cremoso light - Danúbio®,,Colher de Sopa,30
Requeijão cremoso light - Poços de Calda®,,Colher de Sopa,30
Requeijão cremoso tradicional - Danúbio®,,Colher de Sopa,30
Requeijão light,,Colher de Sopa,30
Ricota,,Fatia,35
Ricota,,Porção,100
Ricota,,Colher de Sopa,44
Rucula,HORTALIÇAS,Colher de Arroz,16
Rucula,HORTALIÇAS,Colher de Sopa,8
Rucula,HORTALIÇAS,Escumadeira,16
Rucula,HORTALIÇAS,Pegador,8
Rucula,HORTALIÇAS,Prato Fundo,80
Rucula,HORTALIÇAS,Prato Raso,60
Rúcula,,Colher de Arroz,16
Rúcula,,Colher de Sopa,8
Rúcula,,Escumadeira,16
Rúcula,,Pegador,8
Rúcula,,Prato Fundo,80
Rúcula,,Prato Raso,60
"Rúcula, crua",,Colher de Arroz,16
"Rúcula, crua",,Colher de Sopa,8
"Rúcula, crua",,Escumadeira,16
"Rúcula, crua",,Pegador,8
"Rúcula, crua",,Prato Fundo,80
"Rúcula, crua",,Prato Raso,60
Ruffles cebola e salsa -Pepsico®,,Unidade,84
Ruffles cebola e salsa -Pepsico®,,Unidade Pequena,57
Ruffles original - Pepsico®,,Unidade,84
Ruffles original - Pepsico®,,Unidade Pequena,57
"Salame, porco, hamburguês, ""Sadia""",,Fatia,6
"Salame, porco, hamburguês, ""Sadia""",,Porção,40
"Salame, porco, italiano, ""Sadia""",,Fatia,6
"Salame, porco, italiano, ""Sadia""",,Porção,40
"Salame, porco, milano, ""Sadia""",,Fatia,6
"Salame, porco, milano, ""Sadia""",,Porção,40
"Salaminho, porco, ""Sadia""",,Fatia,4
"Salaminho, porco, ""Sadia""",,Porção,40
Salsão,,Colher de Sopa,14
Salsão (aipo) refogado(a),HORTALIÇAS,Colher de Sopa,14
Salsicha,,Unidade,50
Salsicha,,Metade,25
Salsicha de frango,,Unidade,50
Salsicha de frango,,Metade,25
Salsicha de frango - Seara®,,Unidade,50
Salsicha de frango - Seara®,,Metade,25
Salsicha de peru - Sadia®,,Unidade,50
Salsicha de peru - Sadia®,,Metade,25
Salsicha em conserva,CONSERVAS,Unidade,50
Salsicha em conserva,CONSERVAS,Metade,25
Salsicha no varejo,CARNES INDUSTRIALIZADAS,Unidade,50
Salsicha no varejo,CARNES INDUSTRIALIZADAS,Metade,25
Salsicha no varejo ao alho e oleo,CARNES INDUSTRIALIZADAS,Unidade,50
Salsicha no varejo ao alho e oleo,CARNES INDUSTRIALIZADAS,Metade,25
Salsicha no varejo assado(a),CARNES INDUSTRIALIZADAS,Unidade,50
Salsicha no varejo assado(a),CARNES INDUSTRIALIZADAS,Metade,25
Salsicha no varejo com manteiga/oleo,CARNES INDUSTRIALIZADAS,Unidade,50
Salsicha no varejo com manteiga/oleo,CARNES INDUSTRIALIZADAS,Metade,25
Salsicha no varejo cozido(a),CARNES INDUSTRIALIZADAS,Unidade,50
Salsicha no varejo cozido(a),CARNES INDUSTRIALIZADAS,Metade,25
Salsicha no varejo cru(a),CARNES INDUSTRIALIZADAS,Unidade,50
Salsicha no varejo cru(a),CARNES INDUSTRIALIZADAS,Metade,25
Salsicha no varejo ensopado,CARNES INDUSTRIALIZADAS,Unidade,50
Salsicha no varejo ensopado,CARNES INDUSTRIALIZADAS,Metade,25
Salsicha no varejo frito(a),CARNES INDUSTRIALIZADAS,Unidade,50
Salsicha no varejo frito(a),CARNES INDUSTRIALIZADAS,Metade,25
Salsicha no varejo grelhado(a)/brasa/churrasco,CARNES INDUSTRIALIZADAS,Unidade,50
Salsicha no varejo grelhado(a)/brasa/churrasco,CARNES INDUSTRIALIZADAS,Metade,25
Salsicha no varejo light frito(a),CARNES INDUSTRIALIZADAS,Unidade,50
Salsicha no varejo light frito(a),CARNES INDUSTRIALIZADAS,Metade,25
Salsicha no varejo molho branco,CARNES INDUSTRIALIZADAS,Unidade,50
Salsicha no varejo molho branco,CARNES INDUSTRIALIZADAS,Metade,25
Salsicha no varejo molho vermelho,CARNES INDUSTRIALIZADAS,Unidade,50
Salsicha no varejo molho vermelho,CARNES INDUSTRIALIZADAS,Metade,25
Salsicha no varejo refogado(a),CARNES INDUSTRIALIZADAS,Unidade,50
Salsicha no varejo refogado(a),CARNES INDUSTRIALIZADAS,Metade,25
"Salsicha, frango, não aquecida, ""Sadia"" (média de diferentes amostras)",,Unidade,50
"Salsicha, frango, não aquecida, ""Sadia"" (média de diferentes amostras)",,Metade,25
"Salsicha, hot dog, não aquecida, ""Sadia""",,Unidade,50
"Salsicha, hot dog, não aquecida, ""Sadia""",,Metade,25
"Salsicha, Ionguette, não aquecida, ""Sadia""",,Unidade,50
"Salsicha, Ionguette, não aquecida, ""Sadia""",,Metade,25
"Salsicha, não aquecida",,Unidade,50
"Salsicha, não aquecida",,Metade,25
"Salsicha, soja",,Unidade,50
"Salsicha, soja",,Metade,25
Semente de abóbora com sal,,Porção,30
Semente de abóbora com sal,,Colher de Sopa,15
Semente de abóbora sem sal,,Porção,30
Semente de abóbora sem sal,,Colher de Sopa,15
Semente de girassol,,Porção,30
Semente de girassol,,Colher de Sopa,15
Semente de linhaça,OLEAGINOSAS,Porção,30
Semente de linhaça,OLEAGINOSAS,Colher de Sopa,15
Sobrecoxa de frango com pele(assada),,Sobrecoxa,65
Sobrecoxa de frango com pele(crua),,Sobrecoxa,65
Sobrecoxa de frango cozidacom molho de tomate,,Sobrecoxa,65
Sobrecoxa de frango cozidasem pele com molho de tomate,,Sobrecoxa,65
Sobrecoxa de frango sem pele(assada),,Sobrecoxa,65
Sobrecoxa de frango sem pele(crua),,Sobrecoxa,65
Soja em grão,LEGUMINOSAS,Porção,43
Soja em grão,LEGUMINOSAS,Colher de Arroz,29
Soja em grão,LEGUMINOSAS,Colher de Sopa,24
Soja em grão,LEGUMINOSAS,Concha,57
Soja em grãos - Mais Vita®,,Porção,43
Soja em grãos - Mais Vita®,,Colher de Arroz,29
Soja em grãos - Mais Vita®,,Colher de Sopa,24
Soja em grãos - Mais Vita®,,Concha,57
"Soja, extrato solúvel, natural, fluido",,Porção,38
"Soja, extrato solúvel, natural, fluido",,Colher de Arroz,36
"Soja, extrato solúvel, natural, fluido",,Colher de Sopa,18
"Soja, extrato solúvel, natural, fluido",,Colher de Chá,4
"Soja, extrato solúvel, natural, fluido",,Colher de Café,2
"Soja, extrato solúvel, natural, fluido",,Colher de Sobremesa,8
"Soja, extrato solúvel, pó",,Porção,38
"Soja, extrato solúvel, pó",,Colher de Arroz,36
"Soja, extrato solúvel, pó",,Colher de Sopa,18
"Soja, extrato solúvel, pó",,Colher de Chá,4
"Soja, extrato solúvel, pó",,Colher de Café,2
"Soja, extrato solúvel, pó",,Colher de Sobremesa,8
"Soja, extrato, solúvel, pó",,Porção,38
"Soja, extrato, solúvel, pó",,Colher de Arroz,36
"Soja, extrato, solúvel, pó",,Colher de Sopa,18
"Soja, extrato, solúvel, pó",,Colher de Chá,4
"Soja, extrato, solúvel, pó",,Colher de Café,2
"Soja, extrato, solúvel, pó",,Colher de Sobremesa,8
"Soja, farinha",,Porção,38
"Soja, farinha",,Colher de Arroz,36
"Soja, farinha",,Colher de Sopa,18
"Soja, farinha",,Colher de Chá,4
"Soja, farinha",,Colher de Café,2
"Soja, farinha",,Colher de Sobremesa,8
"Soja, farinha, c/ casca, desengordurada, Glycine max L.",,Porção,38
"Soja, farinha, c/ casca, desengordurada, Glycine max L.",,Colher de Arroz,36
"Soja, farinha, c/ casca, desengordurada, Glycine max L.",,Colher de Sopa,18
"Soja, farinha, c/ casca, desengordurada, Glycine max L.",,Colher de Chá,4
"Soja, farinha, c/ casca, desengordurada, Glycine max L.",,Colher de Café,2
"Soja, farinha, c/ casca, desengordurada, Glycine max L.",,Colher de Sobremesa,8
"Soja, farinha, c/ casca, Glycine max L.",,Porção,38
"Soja, farinha, c/ casca, Glycine max L.",,Colher de Arroz,36
"Soja, farinha, c/ casca, Glycine max L.",,Colher de Sopa,18
"Soja, farinha, c/ casca, Glycine max L.",,Colher de Chá,4
"Soja, farinha, c/ casca, Glycine max L.",,Colher de Café,2
"Soja, farinha, c/ casca, Glycine max L.",,Colher de Sobremesa,8
"Soja, farinha, s/ casca, Glycine max L. (média diferentes variedades)",,Porção,38
"Soja, farinha, s/ casca, Glycine max L. (média diferentes variedades)",,Colher de Arroz,36
"Soja, farinha, s/ casca, Glycine max L. (média diferentes variedades)",,Colher de Sopa,18
"Soja, farinha, s/ casca, Glycine max L. (média diferentes variedades)",,Colher de Chá,4
"Soja, farinha, s/ casca, Glycine max L. (média diferentes variedades)",,Colher de Café,2
"Soja, farinha, s/ casca, Glycine max L. (média diferentes variedades)",,Colher de Sobremesa,8
"Soja, grão, descascada, cozida, Glycine max L. Merril",,Porção,43
"Soja, grão, descascada, cozida, Glycine max L. Merril",,Colher de Arroz,29
"Soja, grão, descascada, cozida, Glycine max L. Merril",,Colher de Sopa,24
"Soja, grão, descascada, cozida, Glycine max L. Merril",,Concha,57
"Soja, grão, Glycine max L. Merril (média diferentes variedades)",,Porção,43
"Soja, grão, Glycine max L. Merril (média diferentes variedades)",,Colher de Arroz,29
"Soja, grão, Glycine max L. Merril (média diferentes variedades)",,Colher de Sopa,24
"Soja, grão, Glycine max L. Merril (média diferentes variedades)",,Concha,57
"Soja, grão, orgânica, cozida, Glycine max L. Merril",,Porção,43
"Soja, grão, orgânica, cozida, Glycine max L. Merril",,Colher de Arroz,29
"Soja, grão, orgânica, cozida, Glycine max L. Merril",,Colher de Sopa,24
"Soja, grão, orgânica, cozida, Glycine max L. Merril",,Concha,57
"Soja, grão, s/ pele, tostada, moída, Glycine max L. Merril",,Porção,43
"Soja, grão, s/ pele, tostada, moída, Glycine max L. Merril",,Colher de Arroz,29
"Soja, grão, s/ pele, tostada, moída, Glycine max L. Merril",,Colher de Sopa,24
"Soja, grão, s/ pele, tostada, moída, Glycine max L. Merril",,Concha,57
"Soja, grão, seco em estufa, Glycine max L. Merril",,Porção,43
"Soja, grão, seco em estufa, Glycine max L. Merril",,Colher de Arroz,29
"Soja, grão, seco em estufa, Glycine max L. Merril",,Colher de Sopa,24
"Soja, grão, seco em estufa, Glycine max L. Merril",,Concha,57
"Soja, grão, torrada, Glycine max L. Merril",,Porção,43
"Soja, grão, torrada, Glycine max L. Merril",,Colher de Arroz,29
"Soja, grão, torrada, Glycine max L. Merril",,Colher de Sopa,24
"Soja, grão, torrada, Glycine max L. Merril",,Concha,57
Sopa creme de cebola -Maggi®,,Unidade,68
Sopa de carne conchinha -Maggi®,,Unidade,63
"Sopa de carne, macarrão elegumes Sopão - Maggi®",,Unidade,200
Sopa de cebola - Maggi®,,Unidade,68
Sopa de galinha com arroz elegumes Canjão - Maggi®,,Unidade,70
Sopa de galinha com arroz -Maggi4b,,Unidade,70
Sopa de galinha fideline -Maggi®,,Unidade,60
"Sopa de galinha, macarrão elegumes Sopão - Maggi®",,Unidade,60
"Sopa, Canjão (galinha c/ arroz e legumes), desidratada, ""Maggi""",,Unidade,200
"Sopa, carne, c/ macarrão e legumes, desidratada, ""Maggi""",,Unidade,200
"Sopa, cebola, desidratada, ""Maggi""",,Unidade,68
"Sopa, creme de cebola, desidratada, ""Maggi""",,Unidade,68
"Sopa, creme de evilhas , c/ bacon, desidratada, ""Maggi""",,Unidade,68
"Sopa, creme de galinha, desidratada, ""Maggi""",,Unidade,68
"Sopa, galinha, c/ macarrão e legumes, desidratada, ""Maggi""",,Unidade,200
Sopinha com pedaços carne elegumes - Nestlé baby®,,Unidade,170
Sopinha com pedaços carne elegumes - Nestlé baby®,,Unidade Pequena,115
"Sopinha com pedaços carne, caldo de feijão e arroz -Nestlé baby®",,Unidade,170
"Sopinha com pedaços carne, caldo de feijão e arroz -Nestlé baby®",,Unidade Pequena,115
"Sopinha com pedaços carne, legumes e macarrão - Nestlé baby®",,Unidade,170
"Sopinha com pedaços carne, legumes e macarrão - Nestlé baby®",,Unidade Pequena,115
Sopinha com pedaços galinhae legumes - Nestlé baby®,,Unidade,170
Sopinha com pedaços galinhae legumes - Nestlé baby®,,Unidade Pequena,115
"Sopinha desidratada carne, legumes e macarrão - Nestlé baby®",,Unidade,170
"Sopinha desidratada carne, legumes e macarrão - Nestlé baby®",,Unidade Pequena,115
Sopinha desidratada compedaços carne com legumes - Nestlé baby®,,Unidade,170
Sopinha desidratada compedaços carne com legumes - Nestlé baby®,,Unidade Pequena,115
"Sopinha desidratada compedaços carne, legumes e macarrão - Nestlé baby®",,Unidade,170
"Sopinha desidratada compedaços carne, legumes e macarrão - Nestlé baby®",,Unidade Pequena,115
Sopinha desidratada compedaços galinha com arroz - Nestlé haby®,,Unidade,170
Sopinha desidratada compedaços galinha com arroz - Nestlé haby®,,Unidade Pequena,115
Sopinha desidratada cremosacarne com legumes - Nestlé baby®,,Unidade,170
Sopinha desidratada cremosacarne com legumes - Nestlé baby®,,Unidade Pequena,115
"Sopinha desidratada cremosacarne, legumes e macarrão - Nestlé baby®",,Unidade,170
"Sopinha desidratada cremosacarne, legumes e macarrão - Nestlé baby®",,Unidade Pequena,115
Sopinha desidratada cremosagalinha com arroz - Nestlé baby®,,Unidade,170
Sopinha desidratada cremosagalinha com arroz - Nestlé baby®,,Unidade Pequena,115
Sopinha desidratada cremosalegumes - Nestlé baby®,,Unidade,170
Sopinha desidratada cremosalegumes - Nestlé baby®,,Unidade Pequena,115
Sorvete crocante - LaBasque®,,Porção,60
Sorvete de abacaxi-do-cerrado,,Porção,60
Sorvete de gueroba,,Porção,60
Sorvete de massa baunilha -Hãagen Dazs®,,Porção,60
Sorvete de massa brigadeiroMoça - Nestlé®,,Porção,60
Sorvete de massa Chicabon -Kibon®,,Porção,60
Sorvete de massa chocolate -La Basque®,,Porção,60
Sorvete de massa chocolate -Pão de Açúcar®,,Porção,60
Sorvete de massa chocolate0% gordura Carte d'Or - Kibon®,,Porção,60
Sorvete de massa chocolatecom amêndoas - La Basque®,,Porção,60
Sorvete de massa chocolatecom cookies - Baden Baden®,,Porção,60
Sorvete de massa chocolatecom raspas Carte d'Or - Kibon®,,Porção,60
Sorvete de massa chocolatecom trufa - Baden Baden®,,Porção,60
Sorvete de massa coco comnozes - La BasqueO,,Porção,60
Sorvete de massa creme - Pãode Açúcar®,,Porção,60
Sorvete de massa creme -Barateiro®,,Porção,60
Sorvete de massa creme comcookies - Baden Baden®,,Porção,60
Sorvete de massa creme -Kibon®,,Porção,60
Sorvete de massa creme trufaCarte d'Or - Kibon®,,Porção,60
Sorvete de massa cremecrocante - Baden Baden®,,Porção,60
Sorvete de massa cremegourmet - Nestlé®,,Porção,60
Sorvete de massa DiamanteNegro - Kibon®,,Porção,60
Sorvete de massa doce de leitecom brownie - Baden Baden®,,Porção,60
Sorvete de massa doce de leitecom nozes - La Basque®,,Porção,60
Sorvete de massa flocos -Kibon®,,Porção,60
Sorvete de massa flocosclassic - Nestlé®,,Porção,60
Sorvete de massa flocosQualitá - Pão de Açúcar®,,Porção,60
Sorvete de massa framboesaO% gordura Carte d'Or - Kibon®,,Porção,60
Sorvete de massa Galak -Nestlé®,,Porção,60
Sorvete de massa iogurte comfrutas vermelhas - Taeq®,,Porção,60
Sorvete de massa Laka -Kibon®,,Porção,60
Sorvete de massa macadâmia- Hãagen Dazs®,,Porção,60
Sorvete de massa maracujá0% gordura Carte d'Or - Kibon®,,Porção,60
Sorvete de massa morango -Hãagen Dazs®,,Porção,60
Sorvete de massa morangoQualitá - Pão de Açúcar®,,Porção,60
Sorvete de massa napolitano- Kibon®,,Porção,60
Sorvete de massa napolitanoespecialidades - Nestlé®,,Porção,60
Sorvete de massa napolitanoQualitá - Pão de Açúcar®,,Porção,60
Sorvete de massa papaya comcassis Carte d'Or - Kibon®,,Porção,60
Sorvete de massa passas aorum - Kibon®,,Porção,60
Sorvete de massa pavê dechocolate Carte d'Or - Kíbon@,,Porção,60
Sorvete de massa pavê decreme crocante Carte d'Or - Kibon®,,Porção,60
Sorvete de massa pistachecom pistache torrado - La Basque®,,Porção,60
Sorvete de massa prestígio -Nestlé®,,Porção,60
Sorvete de massa torta demorango Carte d'Or - Kibon®,,Porção,60
Sorvete de muriti,,Porção,60
Sorvete de palito abacaxiFruttare - Kibon®,,Unidade,60
Sorvete de palito brigadeiro -Kibon®,,Unidade,60
Sorvete de palito brigadeiro -Nestlé®,,Unidade,60
Sorvete de palito chocolateChicabon - KibonO,,Unidade,60
Sorvete de palito coco Fruttare- Kibon,,Unidade,60
Sorvete de palito coco -Nestlé0,,Unidade,60
Sorvete de palito limãoFruttare - Kibon®,,Unidade,60
Sorvete de palito Mega -Nestlé®,,Unidade,60
Sorvete de palito morangoFruttare Caseiro - Kibon®,,Unidade,60
Sorvete de palito Tablito -Kibon®,,Unidade,60
Sorvete de palito uva FruttareKibon®,,Unidade,60
Sorvete de qualquer sabor industrializado,AÇUCARES/CONFEITARIA,Unidade,60
Sorvete de qualquer sabor industrializado diet,AÇUCARES/CONFEITARIA,Unidade,60
Sorvete de qualquer sabor industrializado light,AÇUCARES/CONFEITARIA,Unidade,60
Sorvete Eskibon - Kibon®,,Unidade,48
Steak de frango,CARNES INDUSTRIALIZADAS,Porção,100
Steak de frango assado(a),CARNES INDUSTRIALIZADAS,Porção,100
Steak de frango congelado -Aurora@,,Porção,100
Steak de frango cozido(a),CARNES INDUSTRIALIZADAS,Porção,100
Steak de frango empanado(a)/a milanesa,CARNES INDUSTRIALIZADAS,Porção,100
Steak de frango frito(a),CARNES INDUSTRIALIZADAS,Porção,100
Steak de frango grelhado(a)/brasa/churrasco,CARNES INDUSTRIALIZADAS,Porção,100
Steak de peixe congeladoCosta Sul®,,Porção,100
Steak empanado de frangocongelado - Perdigão®,,Porção,100
Stiksy - Elma Chips®,,Unidade,90
Stiksy - Elma Chips®,,Unidade Pequena,48
Sua suína cozido(a),OUTRAS CARNES,Bife,100
Sua suína cozido(a),OUTRAS CARNES,Fatia,90
Sua suína cozido(a),OUTRAS CARNES,Pedaço,35
Sua suína cozido(a),OUTRAS CARNES,Porção,75
Sua suína cozido(a),OUTRAS CARNES,Colher de Arroz,70
Sua suína cozido(a),OUTRAS CARNES,Colher de Sopa,30
Sua suína cozido(a),OUTRAS CARNES,Concha,140
Sua suína cozido(a),OUTRAS CARNES,Escumadeira,70
Sua suína frito(a),OUTRAS CARNES,Bife,100
Sua suína frito(a),OUTRAS CARNES,Fatia,90
Sua suína frito(a),OUTRAS CARNES,Pedaço,35
Sua suína frito(a),OUTRAS CARNES,Porção,75
Sua suína frito(a),OUTRAS CARNES,Colher de Arroz,70
Sua suína frito(a),OUTRAS CARNES,Colher de Sopa,30
Sua suína frito(a),OUTRAS CARNES,Concha,140
Sua suína frito(a),OUTRAS CARNES,Escumadeira,70
Suco,OUTRAS BEBIDAS,Copo Americano,150
Suco,OUTRAS BEBIDAS,Copo Médio,240
Suco,OUTRAS BEBIDAS,Copo Grande,300
Suco,OUTRAS BEBIDAS,Unidade,300
Suco,OUTRAS BEBIDAS,Garrafa 200ml,200
Suco,OUTRAS BEBIDAS,Caneca,300
Suco concentrado de caju -Maguary®,,Copo Americano,150
Suco concentrado de caju -Maguary®,,Copo Médio,240
Suco concentrado de caju -Maguary®,,Copo Grande,300
Suco concentrado de caju -Maguary®,,Unidade,300
Suco concentrado de caju -Maguary®,,Garrafa 200ml,200
Suco concentrado de caju -Maguary®,,Caneca,300
Suco concentrado de caju -Serigy®*,,Copo Americano,150
Suco concentrado de caju -Serigy®*,,Copo Médio,240
Suco concentrado de caju -Serigy®*,,Copo Grande,300
Suco concentrado de caju -Serigy®*,,Unidade,300
Suco concentrado de caju -Serigy®*,,Garrafa 200ml,200
Suco concentrado de caju -Serigy®*,,Caneca,300
Suco de abacaxi,FRUTAS/SUCOS/VITAMINAS,Copo Americano,150
Suco de abacaxi,FRUTAS/SUCOS/VITAMINAS,Copo Médio,240
Suco de abacaxi,FRUTAS/SUCOS/VITAMINAS,Copo Grande,300
Suco de abacaxi,FRUTAS/SUCOS/VITAMINAS,Unidade,300
Suco de abacaxi,FRUTAS/SUCOS/VITAMINAS,Garrafa 200ml,200
Suco de abacaxi,FRUTAS/SUCOS/VITAMINAS,Caneca,300
Suco de abacaxi com açúcar,,Copo Americano,150
Suco de abacaxi com açúcar,,Copo Médio,240
Suco de abacaxi com açúcar,,Copo Grande,300
Suco de abacaxi com açúcar,,Unidade,300
Suco de abacaxi com açúcar,,Garrafa 200ml,200
Suco de abacaxi com açúcar,,Caneca,300
Suco de abacaxi com hortelãe açúcar,,Copo Americano,150
Suco de abacaxi com hortelãe açúcar,,Copo Médio,240
Suco de abacaxi com hortelãe açúcar,,Copo Grande,300
Suco de abacaxi com hortelãe açúcar,,Unidade,300
Suco de abacaxi com hortelãe açúcar,,Garrafa 200ml,200
Suco de abacaxi com hortelãe açúcar,,Caneca,300
Suco de abacaxi com hortelãsem açúcar,,Copo Americano,150
Suco de abacaxi com hortelãsem açúcar,,Copo Médio,240
Suco de abacaxi com hortelãsem açúcar,,Copo Grande,300
Suco de abacaxi com hortelãsem açúcar,,Unidade,300
Suco de abacaxi com hortelãsem açúcar,,Garrafa 200ml,200
Suco de abacaxi com hortelãsem açúcar,,Caneca,300
Suco de abacaxi orgânico,FRUTAS/SUCOS/VITAMINAS,Copo Americano,150
Suco de abacaxi orgânico,FRUTAS/SUCOS/VITAMINAS,Copo Médio,240
Suco de abacaxi orgânico,FRUTAS/SUCOS/VITAMINAS,Copo Grande,300
Suco de abacaxi orgânico,FRUTAS/SUCOS/VITAMINAS,Unidade,300
Suco de abacaxi orgânico,FRUTAS/SUCOS/VITAMINAS,Garrafa 200ml,200
Suco de abacaxi orgânico,FRUTAS/SUCOS/VITAMINAS,Caneca,300
Suco de abacaxi sem açúcar,,Copo Americano,150
Suco de abacaxi sem açúcar,,Copo Médio,240
Suco de abacaxi sem açúcar,,Copo Grande,300
Suco de abacaxi sem açúcar,,Unidade,300
Suco de abacaxi sem açúcar,,Garrafa 200ml,200
Suco de abacaxi sem açúcar,,Caneca,300
Suco de abacaxi Tonyu -Yakult®,,Copo Americano,150
Suco de abacaxi Tonyu -Yakult®,,Copo Médio,240
Suco de abacaxi Tonyu -Yakult®,,Copo Grande,300
Suco de abacaxi Tonyu -Yakult®,,Unidade,300
Suco de abacaxi Tonyu -Yakult®,,Garrafa 200ml,200
Suco de abacaxi Tonyu -Yakult®,,Caneca,300
Suco de acerola,FRUTAS/SUCOS/VITAMINAS,Copo Americano,150
Suco de acerola,FRUTAS/SUCOS/VITAMINAS,Copo Médio,240
Suco de acerola,FRUTAS/SUCOS/VITAMINAS,Copo Grande,300
Suco de acerola,FRUTAS/SUCOS/VITAMINAS,Unidade,300
Suco de acerola,FRUTAS/SUCOS/VITAMINAS,Garrafa 200ml,200
Suco de acerola,FRUTAS/SUCOS/VITAMINAS,Caneca,300
Suco de acerola orgânico,FRUTAS/SUCOS/VITAMINAS,Copo Americano,150
Suco de acerola orgânico,FRUTAS/SUCOS/VITAMINAS,Copo Médio,240
Suco de acerola orgânico,FRUTAS/SUCOS/VITAMINAS,Copo Grande,300
Suco de acerola orgânico,FRUTAS/SUCOS/VITAMINAS,Unidade,300
Suco de acerola orgânico,FRUTAS/SUCOS/VITAMINAS,Garrafa 200ml,200
Suco de acerola orgânico,FRUTAS/SUCOS/VITAMINAS,Caneca,300
Suco de beterraba,FRUTAS/SUCOS/VITAMINAS,Copo Americano,150
Suco de beterraba,FRUTAS/SUCOS/VITAMINAS,Copo Médio,240
Suco de beterraba,FRUTAS/SUCOS/VITAMINAS,Copo Grande,300
Suco de beterraba,FRUTAS/SUCOS/VITAMINAS,Unidade,300
Suco de beterraba,FRUTAS/SUCOS/VITAMINAS,Garrafa 200ml,200
Suco de beterraba,FRUTAS/SUCOS/VITAMINAS,Caneca,300
Suco de carambola,,Copo Americano,150
Suco de carambola,,Copo Médio,240
Suco de carambola,,Copo Grande,300
Suco de carambola,,Unidade,300
Suco de carambola,,Garrafa 200ml,200
Suco de carambola,,Caneca,300
Suco de carambola Clight -Nutra Sweet®*,,Copo Americano,150
Suco de carambola Clight -Nutra Sweet®*,,Copo Médio,240
Suco de carambola Clight -Nutra Sweet®*,,Copo Grande,300
Suco de carambola Clight -Nutra Sweet®*,,Unidade,300
Suco de carambola Clight -Nutra Sweet®*,,Garrafa 200ml,200
Suco de carambola Clight -Nutra Sweet®*,,Caneca,300
Suco de clorofila,FRUTAS/SUCOS/VITAMINAS,Copo Americano,150
Suco de clorofila,FRUTAS/SUCOS/VITAMINAS,Copo Médio,240
Suco de clorofila,FRUTAS/SUCOS/VITAMINAS,Copo Grande,300
Suco de clorofila,FRUTAS/SUCOS/VITAMINAS,Unidade,300
Suco de clorofila,FRUTAS/SUCOS/VITAMINAS,Garrafa 200ml,200
Suco de clorofila,FRUTAS/SUCOS/VITAMINAS,Caneca,300
Suco de cupuacu,FRUTAS/SUCOS/VITAMINAS,Copo Americano,150
Suco de cupuacu,FRUTAS/SUCOS/VITAMINAS,Copo Médio,240
Suco de cupuacu,FRUTAS/SUCOS/VITAMINAS,Copo Grande,300
Suco de cupuacu,FRUTAS/SUCOS/VITAMINAS,Unidade,300
Suco de cupuacu,FRUTAS/SUCOS/VITAMINAS,Garrafa 200ml,200
Suco de cupuacu,FRUTAS/SUCOS/VITAMINAS,Caneca,300
Suco de cupuaçu,,Copo Americano,150
Suco de cupuaçu,,Copo Médio,240
Suco de cupuaçu,,Copo Grande,300
Suco de cupuaçu,,Unidade,300
Suco de cupuaçu,,Garrafa 200ml,200
Suco de cupuaçu,,Caneca,300
Suco de folha de vinagreira,,Copo Americano,150
Suco de folha de vinagreira,,Copo Médio,240
Suco de folha de vinagreira,,Copo Grande,300
Suco de folha de vinagreira,,Unidade,300
Suco de folha de vinagreira,,Garrafa 200ml,200
Suco de folha de vinagreira,,Caneca,300
Suco de goiaba,FRUTAS/SUCOS/VITAMINAS,Copo Americano,150
Suco de goiaba,FRUTAS/SUCOS/VITAMINAS,Copo Médio,240
Suco de goiaba,FRUTAS/SUCOS/VITAMINAS,Copo Grande,300
Suco de goiaba,FRUTAS/SUCOS/VITAMINAS,Unidade,300
Suco de goiaba,FRUTAS/SUCOS/VITAMINAS,Garrafa 200ml,200
Suco de goiaba,FRUTAS/SUCOS/VITAMINAS,Caneca,300
Suco de goiaba orgânico,FRUTAS/SUCOS/VITAMINAS,Copo Americano,150
Suco de goiaba orgânico,FRUTAS/SUCOS/VITAMINAS,Copo Médio,240
Suco de goiaba orgânico,FRUTAS/SUCOS/VITAMINAS,Copo Grande,300
Suco de goiaba orgânico,FRUTAS/SUCOS/VITAMINAS,Unidade,300
Suco de goiaba orgânico,FRUTAS/SUCOS/VITAMINAS,Garrafa 200ml,200
Suco de goiaba orgânico,FRUTAS/SUCOS/VITAMINAS,Caneca,300
Suco de laranja,FRUTAS/SUCOS/VITAMINAS,Copo Americano,150
Suco de laranja,FRUTAS/SUCOS/VITAMINAS,Copo Médio,240
Suco de laranja,FRUTAS/SUCOS/VITAMINAS,Copo Grande,300
Suco de laranja,FRUTAS/SUCOS/VITAMINAS,Unidade,300
Suco de laranja,FRUTAS/SUCOS/VITAMINAS,Garrafa 200ml,200
Suco de laranja,FRUTAS/SUCOS/VITAMINAS,Caneca,300
Suco de laranja - Leco®,,Copo Americano,150
Suco de laranja - Leco®,,Copo Médio,240
Suco de laranja - Leco®,,Copo Grande,300
Suco de laranja - Leco®,,Unidade,300
Suco de laranja - Leco®,,Garrafa 200ml,200
Suco de laranja - Leco®,,Caneca,300
Suco de laranja cenoura e beterraba,FRUTAS/SUCOS/VITAMINAS,Copo Americano,150
Suco de laranja cenoura e beterraba,FRUTAS/SUCOS/VITAMINAS,Copo Médio,240
Suco de laranja cenoura e beterraba,FRUTAS/SUCOS/VITAMINAS,Copo Grande,300
Suco de laranja cenoura e beterraba,FRUTAS/SUCOS/VITAMINAS,Unidade,300
Suco de laranja cenoura e beterraba,FRUTAS/SUCOS/VITAMINAS,Garrafa 200ml,200
Suco de laranja cenoura e beterraba,FRUTAS/SUCOS/VITAMINAS,Caneca,300
Suco de laranja cenoura e beterraba orgânico,FRUTAS/SUCOS/VITAMINAS,Copo Americano,150
Suco de laranja cenoura e beterraba orgânico,FRUTAS/SUCOS/VITAMINAS,Copo Médio,240
Suco de laranja cenoura e beterraba orgânico,FRUTAS/SUCOS/VITAMINAS,Copo Grande,300
Suco de laranja cenoura e beterraba orgânico,FRUTAS/SUCOS/VITAMINAS,Unidade,300
Suco de laranja cenoura e beterraba orgânico,FRUTAS/SUCOS/VITAMINAS,Garrafa 200ml,200
Suco de laranja cenoura e beterraba orgânico,FRUTAS/SUCOS/VITAMINAS,Caneca,300
Suco de laranja Clight - NutraSweet®,,Copo Americano,150
Suco de laranja Clight - NutraSweet®,,Copo Médio,240
Suco de laranja Clight - NutraSweet®,,Copo Grande,300
Suco de laranja Clight - NutraSweet®,,Unidade,300
Suco de laranja Clight - NutraSweet®,,Garrafa 200ml,200
Suco de laranja Clight - NutraSweet®,,Caneca,300
Suco de laranja com acerolae açúcar,,Copo Americano,150
Suco de laranja com acerolae açúcar,,Copo Médio,240
Suco de laranja com acerolae açúcar,,Copo Grande,300
Suco de laranja com acerolae açúcar,,Unidade,300
Suco de laranja com acerolae açúcar,,Garrafa 200ml,200
Suco de laranja com acerolae açúcar,,Caneca,300
Suco de laranja com acerolasem açúcar,,Copo Americano,150
Suco de laranja com acerolasem açúcar,,Copo Médio,240
Suco de laranja com acerolasem açúcar,,Copo Grande,300
Suco de laranja com acerolasem açúcar,,Unidade,300
Suco de laranja com acerolasem açúcar,,Garrafa 200ml,200
Suco de laranja com acerolasem açúcar,,Caneca,300
Suco de laranja com açúcar,,Copo Americano,150
Suco de laranja com açúcar,,Copo Médio,240
Suco de laranja com açúcar,,Copo Grande,300
Suco de laranja com açúcar,,Unidade,300
Suco de laranja com açúcar,,Garrafa 200ml,200
Suco de laranja com açúcar,,Caneca,300
Suco de laranja com banana,FRUTAS/SUCOS/VITAMINAS,Copo Americano,150
Suco de laranja com banana,FRUTAS/SUCOS/VITAMINAS,Copo Médio,240
Suco de laranja com banana,FRUTAS/SUCOS/VITAMINAS,Copo Grande,300
Suco de laranja com banana,FRUTAS/SUCOS/VITAMINAS,Unidade,300
Suco de laranja com banana,FRUTAS/SUCOS/VITAMINAS,Garrafa 200ml,200
Suco de laranja com banana,FRUTAS/SUCOS/VITAMINAS,Caneca,300
Suco de laranja com berinjela,,Copo Americano,150
Suco de laranja com berinjela,,Copo Médio,240
Suco de laranja com berinjela,,Copo Grande,300
Suco de laranja com berinjela,,Unidade,300
Suco de laranja com berinjela,,Garrafa 200ml,200
Suco de laranja com berinjela,,Caneca,300
Suco de laranja com cenoura sem açúcar,,Copo Americano,150
Suco de laranja com cenoura sem açúcar,,Copo Médio,240
Suco de laranja com cenoura sem açúcar,,Copo Grande,300
Suco de laranja com cenoura sem açúcar,,Unidade,300
Suco de laranja com cenoura sem açúcar,,Garrafa 200ml,200
Suco de laranja com cenoura sem açúcar,,Caneca,300
Suco de laranja com cenourae açúcar,,Copo Americano,150
Suco de laranja com cenourae açúcar,,Copo Médio,240
Suco de laranja com cenourae açúcar,,Copo Grande,300
Suco de laranja com cenourae açúcar,,Unidade,300
Suco de laranja com cenourae açúcar,,Garrafa 200ml,200
Suco de laranja com cenourae açúcar,,Caneca,300
Suco de laranja diet Clight -Nutra Sweet®*,,Copo Americano,150
Suco de laranja diet Clight -Nutra Sweet®*,,Copo Médio,240
Suco de laranja diet Clight -Nutra Sweet®*,,Copo Grande,300
Suco de laranja diet Clight -Nutra Sweet®*,,Unidade,300
Suco de laranja diet Clight -Nutra Sweet®*,,Garrafa 200ml,200
Suco de laranja diet Clight -Nutra Sweet®*,,Caneca,300
Suco de laranja e beterraba,FRUTAS/SUCOS/VITAMINAS,Copo Americano,150
Suco de laranja e beterraba,FRUTAS/SUCOS/VITAMINAS,Copo Médio,240
Suco de laranja e beterraba,FRUTAS/SUCOS/VITAMINAS,Copo Grande,300
Suco de laranja e beterraba,FRUTAS/SUCOS/VITAMINAS,Unidade,300
Suco de laranja e beterraba,FRUTAS/SUCOS/VITAMINAS,Garrafa 200ml,200
Suco de laranja e beterraba,FRUTAS/SUCOS/VITAMINAS,Caneca,300
Suco de laranja e cenoura,FRUTAS/SUCOS/VITAMINAS,Copo Americano,150
Suco de laranja e cenoura,FRUTAS/SUCOS/VITAMINAS,Copo Médio,240
Suco de laranja e cenoura,FRUTAS/SUCOS/VITAMINAS,Copo Grande,300
Suco de laranja e cenoura,FRUTAS/SUCOS/VITAMINAS,Unidade,300
Suco de laranja e cenoura,FRUTAS/SUCOS/VITAMINAS,Garrafa 200ml,200
Suco de laranja e cenoura,FRUTAS/SUCOS/VITAMINAS,Caneca,300
Suco de laranja integralpasteurizado - Xandô®,,Copo Americano,150
Suco de laranja integralpasteurizado - Xandô®,,Copo Médio,240
Suco de laranja integralpasteurizado - Xandô®,,Copo Grande,300
Suco de laranja integralpasteurizado - Xandô®,,Unidade,300
Suco de laranja integralpasteurizado - Xandô®,,Garrafa 200ml,200
Suco de laranja integralpasteurizado - Xandô®,,Caneca,300
Suco de laranja orgânico,FRUTAS/SUCOS/VITAMINAS,Copo Americano,150
Suco de laranja orgânico,FRUTAS/SUCOS/VITAMINAS,Copo Médio,240
Suco de laranja orgânico,FRUTAS/SUCOS/VITAMINAS,Copo Grande,300
Suco de laranja orgânico,FRUTAS/SUCOS/VITAMINAS,Unidade,300
Suco de laranja orgânico,FRUTAS/SUCOS/VITAMINAS,Garrafa 200ml,200
Suco de laranja orgânico,FRUTAS/SUCOS/VITAMINAS,Caneca,300
Suco de laranja sem açúcar -Fazenda Bela Vista®,,Copo Americano,150
Suco de laranja sem açúcar -Fazenda Bela Vista®,,Copo Médio,240
Suco de laranja sem açúcar -Fazenda Bela Vista®,,Copo Grande,300
Suco de laranja sem açúcar -Fazenda Bela Vista®,,Unidade,300
Suco de laranja sem açúcar -Fazenda Bela Vista®,,Garrafa 200ml,200
Suco de laranja sem açúcar -Fazenda Bela Vista®,,Caneca,300
Suco de laranja -Tange)*,,Copo Americano,150
Suco de laranja -Tange)*,,Copo Médio,240
Suco de laranja -Tange)*,,Copo Grande,300
Suco de laranja -Tange)*,,Unidade,300
Suco de laranja -Tange)*,,Garrafa 200ml,200
Suco de laranja -Tange)*,,Caneca,300
Suco de lima-limão Clight -Nutra Sweet®,,Copo Americano,150
Suco de lima-limão Clight -Nutra Sweet®,,Copo Médio,240
Suco de lima-limão Clight -Nutra Sweet®,,Copo Grande,300
Suco de lima-limão Clight -Nutra Sweet®,,Unidade,300
Suco de lima-limão Clight -Nutra Sweet®,,Garrafa 200ml,200
Suco de lima-limão Clight -Nutra Sweet®,,Caneca,300
Suco de lima-limão diet Clight- Nutra Sweet®*,,Copo Americano,150
Suco de lima-limão diet Clight- Nutra Sweet®*,,Copo Médio,240
Suco de lima-limão diet Clight- Nutra Sweet®*,,Copo Grande,300
Suco de lima-limão diet Clight- Nutra Sweet®*,,Unidade,300
Suco de lima-limão diet Clight- Nutra Sweet®*,,Garrafa 200ml,200
Suco de lima-limão diet Clight- Nutra Sweet®*,,Caneca,300
Suco de limão - Ta ng0*,,Copo Americano,150
Suco de limão - Ta ng0*,,Copo Médio,240
Suco de limão - Ta ng0*,,Copo Grande,300
Suco de limão - Ta ng0*,,Unidade,300
Suco de limão - Ta ng0*,,Garrafa 200ml,200
Suco de limão - Ta ng0*,,Caneca,300
Suco de limão MID -Ajinomotoe*,,Copo Americano,150
Suco de limão MID -Ajinomotoe*,,Copo Médio,240
Suco de limão MID -Ajinomotoe*,,Copo Grande,300
Suco de limão MID -Ajinomotoe*,,Unidade,300
Suco de limão MID -Ajinomotoe*,,Garrafa 200ml,200
Suco de limão MID -Ajinomotoe*,,Caneca,300
Suco de maçã Tonyu Yakult®,,Copo Americano,150
Suco de maçã Tonyu Yakult®,,Copo Médio,240
Suco de maçã Tonyu Yakult®,,Copo Grande,300
Suco de maçã Tonyu Yakult®,,Unidade,300
Suco de maçã Tonyu Yakult®,,Garrafa 200ml,200
Suco de maçã Tonyu Yakult®,,Caneca,300
Suco de mamão,FRUTAS/SUCOS/VITAMINAS,Copo Americano,150
Suco de mamão,FRUTAS/SUCOS/VITAMINAS,Copo Médio,240
Suco de mamão,FRUTAS/SUCOS/VITAMINAS,Copo Grande,300
Suco de mamão,FRUTAS/SUCOS/VITAMINAS,Unidade,300
Suco de mamão,FRUTAS/SUCOS/VITAMINAS,Garrafa 200ml,200
Suco de mamão,FRUTAS/SUCOS/VITAMINAS,Caneca,300
Suco de manga,FRUTAS/SUCOS/VITAMINAS,Copo Americano,150
Suco de manga,FRUTAS/SUCOS/VITAMINAS,Copo Médio,240
Suco de manga,FRUTAS/SUCOS/VITAMINAS,Copo Grande,300
Suco de manga,FRUTAS/SUCOS/VITAMINAS,Unidade,300
Suco de manga,FRUTAS/SUCOS/VITAMINAS,Garrafa 200ml,200
Suco de manga,FRUTAS/SUCOS/VITAMINAS,Caneca,300
Suco de manga - Tang0,,Copo Americano,150
Suco de manga - Tang0,,Copo Médio,240
Suco de manga - Tang0,,Copo Grande,300
Suco de manga - Tang0,,Unidade,300
Suco de manga - Tang0,,Garrafa 200ml,200
Suco de manga - Tang0,,Caneca,300
Suco de manga orgânico,FRUTAS/SUCOS/VITAMINAS,Copo Americano,150
Suco de manga orgânico,FRUTAS/SUCOS/VITAMINAS,Copo Médio,240
Suco de manga orgânico,FRUTAS/SUCOS/VITAMINAS,Copo Grande,300
Suco de manga orgânico,FRUTAS/SUCOS/VITAMINAS,Unidade,300
Suco de manga orgânico,FRUTAS/SUCOS/VITAMINAS,Garrafa 200ml,200
Suco de manga orgânico,FRUTAS/SUCOS/VITAMINAS,Caneca,300
Suco de maracujá,FRUTAS/SUCOS/VITAMINAS,Copo Americano,150
Suco de maracujá,FRUTAS/SUCOS/VITAMINAS,Copo Médio,240
Suco de maracujá,FRUTAS/SUCOS/VITAMINAS,Copo Grande,300
Suco de maracujá,FRUTAS/SUCOS/VITAMINAS,Unidade,300
Suco de maracujá,FRUTAS/SUCOS/VITAMINAS,Garrafa 200ml,200
Suco de maracujá,FRUTAS/SUCOS/VITAMINAS,Caneca,300
Suco de maracujá Clight -Nutra Sweet®,,Copo Americano,150
Suco de maracujá Clight -Nutra Sweet®,,Copo Médio,240
Suco de maracujá Clight -Nutra Sweet®,,Copo Grande,300
Suco de maracujá Clight -Nutra Sweet®,,Unidade,300
Suco de maracujá Clight -Nutra Sweet®,,Garrafa 200ml,200
Suco de maracujá Clight -Nutra Sweet®,,Caneca,300
Suco de maracujá com açúcar,,Copo Americano,150
Suco de maracujá com açúcar,,Copo Médio,240
Suco de maracujá com açúcar,,Copo Grande,300
Suco de maracujá com açúcar,,Unidade,300
Suco de maracujá com açúcar,,Garrafa 200ml,200
Suco de maracujá com açúcar,,Caneca,300
Suco de maracujá orgânico,FRUTAS/SUCOS/VITAMINAS,Copo Americano,150
Suco de maracujá orgânico,FRUTAS/SUCOS/VITAMINAS,Copo Médio,240
Suco de maracujá orgânico,FRUTAS/SUCOS/VITAMINAS,Copo Grande,300
Suco de maracujá orgânico,FRUTAS/SUCOS/VITAMINAS,Unidade,300
Suco de maracujá orgânico,FRUTAS/SUCOS/VITAMINAS,Garrafa 200ml,200
Suco de maracujá orgânico,FRUTAS/SUCOS/VITAMINAS,Caneca,300
Suco de maracujá -Tan,,Copo Americano,150
Suco de maracujá -Tan,,Copo Médio,240
Suco de maracujá -Tan,,Copo Grande,300
Suco de maracujá -Tan,,Unidade,300
Suco de maracujá -Tan,,Garrafa 200ml,200
Suco de maracujá -Tan,,Caneca,300
Suco de maracujá -Tial®,,Copo Americano,150
Suco de maracujá -Tial®,,Copo Médio,240
Suco de maracujá -Tial®,,Copo Grande,300
Suco de maracujá -Tial®,,Unidade,300
Suco de maracujá -Tial®,,Garrafa 200ml,200
Suco de maracujá -Tial®,,Caneca,300
Suco de maracujá Tonyu -Yakult®,,Copo Americano,150
Suco de maracujá Tonyu -Yakult®,,Copo Médio,240
Suco de maracujá Tonyu -Yakult®,,Copo Grande,300
Suco de maracujá Tonyu -Yakult®,,Unidade,300
Suco de maracujá Tonyu -Yakult®,,Garrafa 200ml,200
Suco de maracujá Tonyu -Yakult®,,Caneca,300
Suco de melancia com açúcar,,Copo Americano,150
Suco de melancia com açúcar,,Copo Médio,240
Suco de melancia com açúcar,,Copo Grande,300
Suco de melancia com açúcar,,Unidade,300
Suco de melancia com açúcar,,Garrafa 200ml,200
Suco de melancia com açúcar,,Caneca,300
Suco de melancia sem açúcar,,Copo Americano,150
Suco de melancia sem açúcar,,Copo Médio,240
Suco de melancia sem açúcar,,Copo Grande,300
Suco de melancia sem açúcar,,Unidade,300
Suco de melancia sem açúcar,,Garrafa 200ml,200
Suco de melancia sem açúcar,,Caneca,300
Suco de melão,FRUTAS/SUCOS/VITAMINAS,Copo Americano,150
Suco de melão,FRUTAS/SUCOS/VITAMINAS,Copo Médio,240
Suco de melão,FRUTAS/SUCOS/VITAMINAS,Copo Grande,300
Suco de melão,FRUTAS/SUCOS/VITAMINAS,Unidade,300
Suco de melão,FRUTAS/SUCOS/VITAMINAS,Garrafa 200ml,200
Suco de melão,FRUTAS/SUCOS/VITAMINAS,Caneca,300
Suco de melão com açúcar,,Copo Americano,150
Suco de melão com açúcar,,Copo Médio,240
Suco de melão com açúcar,,Copo Grande,300
Suco de melão com açúcar,,Unidade,300
Suco de melão com açúcar,,Garrafa 200ml,200
Suco de melão com açúcar,,Caneca,300
Suco de melão sem açúcar,,Copo Americano,150
Suco de melão sem açúcar,,Copo Médio,240
Suco de melão sem açúcar,,Copo Grande,300
Suco de melão sem açúcar,,Unidade,300
Suco de melão sem açúcar,,Garrafa 200ml,200
Suco de melão sem açúcar,,Caneca,300
Suco de morango,FRUTAS/SUCOS/VITAMINAS,Copo Americano,150
Suco de morango,FRUTAS/SUCOS/VITAMINAS,Copo Médio,240
Suco de morango,FRUTAS/SUCOS/VITAMINAS,Copo Grande,300
Suco de morango,FRUTAS/SUCOS/VITAMINAS,Unidade,300
Suco de morango,FRUTAS/SUCOS/VITAMINAS,Garrafa 200ml,200
Suco de morango,FRUTAS/SUCOS/VITAMINAS,Caneca,300
Suco de morango - Yakult®,,Copo Americano,150
Suco de morango - Yakult®,,Copo Médio,240
Suco de morango - Yakult®,,Copo Grande,300
Suco de morango - Yakult®,,Unidade,300
Suco de morango - Yakult®,,Garrafa 200ml,200
Suco de morango - Yakult®,,Caneca,300
Suco de morango orgânico,FRUTAS/SUCOS/VITAMINAS,Copo Americano,150
Suco de morango orgânico,FRUTAS/SUCOS/VITAMINAS,Copo Médio,240
Suco de morango orgânico,FRUTAS/SUCOS/VITAMINAS,Copo Grande,300
Suco de morango orgânico,FRUTAS/SUCOS/VITAMINAS,Unidade,300
Suco de morango orgânico,FRUTAS/SUCOS/VITAMINAS,Garrafa 200ml,200
Suco de morango orgânico,FRUTAS/SUCOS/VITAMINAS,Caneca,300
Suco de pera diet Clight -Nutra Sweet®*,,Copo Americano,150
Suco de pera diet Clight -Nutra Sweet®*,,Copo Médio,240
Suco de pera diet Clight -Nutra Sweet®*,,Copo Grande,300
Suco de pera diet Clight -Nutra Sweet®*,,Unidade,300
Suco de pera diet Clight -Nutra Sweet®*,,Garrafa 200ml,200
Suco de pera diet Clight -Nutra Sweet®*,,Caneca,300
Suco de pêssego,FRUTAS/SUCOS/VITAMINAS,Copo Americano,150
Suco de pêssego,FRUTAS/SUCOS/VITAMINAS,Copo Médio,240
Suco de pêssego,FRUTAS/SUCOS/VITAMINAS,Copo Grande,300
Suco de pêssego,FRUTAS/SUCOS/VITAMINAS,Unidade,300
Suco de pêssego,FRUTAS/SUCOS/VITAMINAS,Garrafa 200ml,200
Suco de pêssego,FRUTAS/SUCOS/VITAMINAS,Caneca,300
Suco de pêssego em calda,FRUTAS/SUCOS/VITAMINAS,Copo Americano,150
Suco de pêssego em calda,FRUTAS/SUCOS/VITAMINAS,Copo Médio,240
Suco de pêssego em calda,FRUTAS/SUCOS/VITAMINAS,Copo Grande,300
Suco de pêssego em calda,FRUTAS/SUCOS/VITAMINAS,Unidade,300
Suco de pêssego em calda,FRUTAS/SUCOS/VITAMINAS,Garrafa 200ml,200
Suco de pêssego em calda,FRUTAS/SUCOS/VITAMINAS,Caneca,300
Suco de pêssego em calda organico,FRUTAS/SUCOS/VITAMINAS,Copo Americano,150
Suco de pêssego em calda organico,FRUTAS/SUCOS/VITAMINAS,Copo Médio,240
Suco de pêssego em calda organico,FRUTAS/SUCOS/VITAMINAS,Copo Grande,300
Suco de pêssego em calda organico,FRUTAS/SUCOS/VITAMINAS,Unidade,300
Suco de pêssego em calda organico,FRUTAS/SUCOS/VITAMINAS,Garrafa 200ml,200
Suco de pêssego em calda organico,FRUTAS/SUCOS/VITAMINAS,Caneca,300
Suco de pêssego light - DelValle®,,Copo Americano,150
Suco de pêssego light - DelValle®,,Copo Médio,240
Suco de pêssego light - DelValle®,,Copo Grande,300
Suco de pêssego light - DelValle®,,Unidade,300
Suco de pêssego light - DelValle®,,Garrafa 200ml,200
Suco de pêssego light - DelValle®,,Caneca,300
Suco de pêssego organico,FRUTAS/SUCOS/VITAMINAS,Copo Americano,150
Suco de pêssego organico,FRUTAS/SUCOS/VITAMINAS,Copo Médio,240
Suco de pêssego organico,FRUTAS/SUCOS/VITAMINAS,Copo Grande,300
Suco de pêssego organico,FRUTAS/SUCOS/VITAMINAS,Unidade,300
Suco de pêssego organico,FRUTAS/SUCOS/VITAMINAS,Garrafa 200ml,200
Suco de pêssego organico,FRUTAS/SUCOS/VITAMINAS,Caneca,300
Suco de pêssego -Tial®,,Copo Americano,150
Suco de pêssego -Tial®,,Copo Médio,240
Suco de pêssego -Tial®,,Copo Grande,300
Suco de pêssego -Tial®,,Unidade,300
Suco de pêssego -Tial®,,Garrafa 200ml,200
Suco de pêssego -Tial®,,Caneca,300
Suco de tangerina Clight -Nutra Sweet®,,Copo Americano,150
Suco de tangerina Clight -Nutra Sweet®,,Copo Médio,240
Suco de tangerina Clight -Nutra Sweet®,,Copo Grande,300
Suco de tangerina Clight -Nutra Sweet®,,Unidade,300
Suco de tangerina Clight -Nutra Sweet®,,Garrafa 200ml,200
Suco de tangerina Clight -Nutra Sweet®,,Caneca,300
Suco de tomate integral -Superbom®,,Copo Americano,150
Suco de tomate integral -Superbom®,,Copo Médio,240
Suco de tomate integral -Superbom®,,Copo Grande,300
Suco de tomate integral -Superbom®,,Unidade,300
Suco de tomate integral -Superbom®,,Garrafa 200ml,200
Suco de tomate integral -Superbom®,,Caneca,300
Suco de uva - Tang®*,,Copo Americano,150
Suco de uva - Tang®*,,Copo Médio,240
Suco de uva - Tang®*,,Copo Grande,300
Suco de uva - Tang®*,,Unidade,300
Suco de uva - Tang®*,,Garrafa 200ml,200
Suco de uva - Tang®*,,Caneca,300
Suco de uva integral -Superbom®,,Copo Americano,150
Suco de uva integral -Superbom®,,Copo Médio,240
Suco de uva integral -Superbom®,,Copo Grande,300
Suco de uva integral -Superbom®,,Unidade,300
Suco de uva integral -Superbom®,,Garrafa 200ml,200
Suco de uva integral -Superbom®,,Caneca,300
Suco orgânico,FRUTAS/SUCOS/VITAMINAS,Copo Americano,150
Suco orgânico,FRUTAS/SUCOS/VITAMINAS,Copo Médio,240
Suco orgânico,FRUTAS/SUCOS/VITAMINAS,Copo Grande,300
Suco orgânico,FRUTAS/SUCOS/VITAMINAS,Unidade,300
Suco orgânico,FRUTAS/SUCOS/VITAMINAS,Garrafa 200ml,200
Suco orgânico,FRUTAS/SUCOS/VITAMINAS,Caneca,300
"Suco vitaminado (laranja, limão, cenoura, tomate, mamão e açúcar)",,Copo Americano,150
"Suco vitaminado (laranja, limão, cenoura, tomate, mamão e açúcar)",,Copo Médio,240
"Suco vitaminado (laranja, limão, cenoura, tomate, mamão e açúcar)",,Copo Grande,300
"Suco vitaminado (laranja, limão, cenoura, tomate, mamão e açúcar)",,Unidade,300
"Suco vitaminado (laranja, limão, cenoura, tomate, mamão e açúcar)",,Garrafa 200ml,200
"Suco vitaminado (laranja, limão, cenoura, tomate, mamão e açúcar)",,Caneca,300
Sucri lhos - Kellogg's®,,Xícara de Chá,30
Sundae de caramelo - McDonald's®,,Porção,156
Sundae de chocolate - McDonald's®,,Porção,146
Sundae de morango - McDonald's®,,Porção,163
Taioba cozido(a),HORTALIÇAS,Porção,42
Taioba cozido(a),HORTALIÇAS,Colher de Sopa,20
Taioba cozido(a),HORTALIÇAS,Pegador,23
Taioba cru(a),HORTALIÇAS,Porção,42
Taioba cru(a),HORTALIÇAS,Colher de Sopa,20
Taioba cru(a),HORTALIÇAS,Pegador,23
Taioba refogado(a),HORTALIÇAS,Porção,42
Taioba refogado(a),HORTALIÇAS,Colher de Sopa,20
Taioba refogado(a),HORTALIÇAS,Pegador,23
Tangerina,FRUTAS/SUCOS/VITAMINAS,Copo Americano,62
Tangerina,FRUTAS/SUCOS/VITAMINAS,Copo Médio,100
Tangerina,FRUTAS/SUCOS/VITAMINAS,Copo Grande,125
Tangerina,FRUTAS/SUCOS/VITAMINAS,Unidade,135
Tangerina,FRUTAS/SUCOS/VITAMINAS,Unidade Pequena,100
Tangerina,FRUTAS/SUCOS/VITAMINAS,Metade,68
Tangerina,FRUTAS/SUCOS/VITAMINAS,Banda,68
"Tangerina, in natura, Citrus reticulata var. Ponkã",,Copo Americano,62
"Tangerina, in natura, Citrus reticulata var. Ponkã",,Copo Médio,100
"Tangerina, in natura, Citrus reticulata var. Ponkã",,Copo Grande,125
"Tangerina, in natura, Citrus reticulata var. Ponkã",,Unidade,135
"Tangerina, in natura, Citrus reticulata var. Ponkã",,Unidade Pequena,100
"Tangerina, in natura, Citrus reticulata var. Ponkã",,Metade,68
"Tangerina, in natura, Citrus reticulata var. Ponkã",,Banda,68
"Tangerina, Poncã, crua",,Copo Americano,62
"Tangerina, Poncã, crua",,Copo Médio,100
"Tangerina, Poncã, crua",,Copo Grande,125
"Tangerina, Poncã, crua",,Unidade,135
"Tangerina, Poncã, crua",,Unidade Pequena,100
"Tangerina, Poncã, crua",,Metade,68
"Tangerina, Poncã, crua",,Banda,68
"Tangerina, Poncã, suco",,Copo Americano,150
"Tangerina, Poncã, suco",,Copo Médio,240
"Tangerina, Poncã, suco",,Copo Grande,300
"Tangerina, Poncã, suco",,Unidade,300
"Tangerina, Poncã, suco",,Garrafa 200ml,200
"Tangerina, Poncã, suco",,Caneca,300
"Tangerina, Poncã, suco, s/ açúcar",,Copo Americano,150
"Tangerina, Poncã, suco, s/ açúcar",,Copo Médio,240
"Tangerina, Poncã, suco, s/ açúcar",,Copo Grande,300
"Tangerina, Poncã, suco, s/ açúcar",,Unidade,300
"Tangerina, Poncã, suco, s/ açúcar",,Garrafa 200ml,200
"Tangerina, Poncã, suco, s/ açúcar",,Caneca,300
Tapioca de goma,FARINHAS/FÉCULAS/MASSAS,Pedaço,12
Tapioca de goma,FARINHAS/FÉCULAS/MASSAS,Unidade,50
Tapioca de goma,FARINHAS/FÉCULAS/MASSAS,Metade,25
Tapioca seca,,Pedaço,12
Tapioca seca,,Unidade,50
Tapioca seca,,Metade,25
"Tapioca, com manteiga",,Pedaço,12
"Tapioca, com manteiga",,Unidade,50
"Tapioca, com manteiga",,Metade,25
Tatu (lagarto redondo),OUTRAS CARNES,Bife,100
Tatu (lagarto redondo),OUTRAS CARNES,Fatia,90
Tatu (lagarto redondo),OUTRAS CARNES,Pedaço,35
Tatu (lagarto redondo),OUTRAS CARNES,Porção,75
Tatu (lagarto redondo),OUTRAS CARNES,Colher de Arroz,70
Tatu (lagarto redondo),OUTRAS CARNES,Colher de Sopa,30
Tatu (lagarto redondo),OUTRAS CARNES,Concha,140
Tatu (lagarto redondo),OUTRAS CARNES,Escumadeira,70
Tatu (lagarto redondo) assado(a),OUTRAS CARNES,Bife,100
Tatu (lagarto redondo) assado(a),OUTRAS CARNES,Fatia,90
Tatu (lagarto redondo) assado(a),OUTRAS CARNES,Pedaço,35
Tatu (lagarto redondo) assado(a),OUTRAS CARNES,Porção,75
Tatu (lagarto redondo) assado(a),OUTRAS CARNES,Colher de Arroz,70
Tatu (lagarto redondo) assado(a),OUTRAS CARNES,Colher de Sopa,30
Tatu (lagarto redondo) assado(a),OUTRAS CARNES,Concha,140
Tatu (lagarto redondo) assado(a),OUTRAS CARNES,Escumadeira,70
Tatu (lagarto redondo) cozido(a),OUTRAS CARNES,Bife,100
Tatu (lagarto redondo) cozido(a),OUTRAS CARNES,Fatia,90
Tatu (lagarto redondo) cozido(a),OUTRAS CARNES,Pedaço,35
Tatu (lagarto redondo) cozido(a),OUTRAS CARNES,Porção,75
Tatu (lagarto redondo) cozido(a),OUTRAS CARNES,Colher de Arroz,70
Tatu (lagarto redondo) cozido(a),OUTRAS CARNES,Colher de Sopa,30
Tatu (lagarto redondo) cozido(a),OUTRAS CARNES,Concha,140
Tatu (lagarto redondo) cozido(a),OUTRAS CARNES,Escumadeira,70
Tatu (lagarto redondo) orgânico assado(a),OUTRAS CARNES,Bife,100
Tatu (lagarto redondo) orgânico assado(a),OUTRAS CARNES,Fatia,90
Tatu (lagarto redondo) orgânico assado(a),OUTRAS CARNES,Pedaço,35
Tatu (lagarto redondo) orgânico assado(a),OUTRAS CARNES,Porção,75
Tatu (lagarto redondo) orgânico assado(a),OUTRAS CARNES,Colher de Arroz,70
Tatu (lagarto redondo) orgânico assado(a),OUTRAS CARNES,Colher de Sopa,30
Tatu (lagarto redondo) orgânico assado(a),OUTRAS CARNES,Concha,140
Tatu (lagarto redondo) orgânico assado(a),OUTRAS CARNES,Escumadeira,70
Tatu (lagarto redondo) refogado(a),OUTRAS CARNES,Bife,100
Tatu (lagarto redondo) refogado(a),OUTRAS CARNES,Fatia,90
Tatu (lagarto redondo) refogado(a),OUTRAS CARNES,Pedaço,35
Tatu (lagarto redondo) refogado(a),OUTRAS CARNES,Porção,75
Tatu (lagarto redondo) refogado(a),OUTRAS CARNES,Colher de Arroz,70
Tatu (lagarto redondo) refogado(a),OUTRAS CARNES,Colher de Sopa,30
Tatu (lagarto redondo) refogado(a),OUTRAS CARNES,Concha,140
Tatu (lagarto redondo) refogado(a),OUTRAS CARNES,Escumadeira,70
"Tender, frango, ""Sadia""",,Fatia,20
"Tender, porco, bolinha, ""Sadia""",,Fatia,20
Tirinhas de frango congeladas- Seara®,,Porção,130
Tomate (IBGE),VERDURAS,Porção,80
Tomate (IBGE),VERDURAS,Colher de Sopa,30
Tomate (IBGE),VERDURAS,Unidade,100
Tomate (Tucunduva),,Porção,80
Tomate (Tucunduva),,Colher de Sopa,30
Tomate (Tucunduva),,Unidade,100
Tomate orgânico,VERDURAS,Porção,80
Tomate orgânico,VERDURAS,Colher de Sopa,30
Tomate orgânico,VERDURAS,Unidade,100
Tomate seco (IBGE),VERDURAS,Porção,35
Tomate seco (IBGE),VERDURAS,Colher de Sopa,18
Tomate seco (IBGE),VERDURAS,Unidade,100
Tomate seco (IBGE),VERDURAS,Punhado,35
Tomate seco (Tucunduva),,Porção,35
Tomate seco (Tucunduva),,Colher de Sopa,18
Tomate seco (Tucunduva),,Unidade,100
Tomate seco (Tucunduva),,Punhado,35
"Tomate, com semente, cru",,Porção,80
"Tomate, com semente, cru",,Colher de Sopa,30
"Tomate, com semente, cru",,Unidade,100
Top Sundae caramelo - McDonald's®,,Porção,229
Top Sundae chocolate - McDonald'se,,Porção,219
Top Sundae morango - McDonald's0,,Porção,236
Torrada de pão francês,,Fatia,25
Torrada de qualquer pão,FARINHAS/FÉCULAS/MASSAS,Fatia,25
Torrada de qualquer pão,FARINHAS/FÉCULAS/MASSAS,Unidade,8
Torrada integral - Bauducco®,,Fatia,8
Torrada integral - Bauducco®,,Unidade,8
Torrada levemente salgadaBauducco®,,Fatia,8
Torrada levemente salgadaBauducco®,,Unidade,8
Torrada light Magic Toast -Marilan®,,Fatia,5
Torrada light Magic Toast -Marilan®,,Unidade,5
Torrada multigrãos -Bauducco®,,Fatia,8
Torrada multigrãos -Bauducco®,,Unidade,8
Torrada original Magic Toast - Marilan®,,Fatia,5
Torrada original Magic Toast - Marilan®,,Unidade,5
Torrada para canapé -Bauducco®,,Fatia,8
Torrada para canapé -Bauducco®,,Unidade,8
"Torrada, integral, ""Bauducco""",,Fatia,8
"Torrada, integral, ""Bauducco""",,Unidade,8
"Torrada, levemente doce, ""Bauducco""",,Fatia,8
"Torrada, levemente doce, ""Bauducco""",,Unidade,8
"Torrada, levemente salgada, ""Bauducco""",,Fatia,8
"Torrada, levemente salgada, ""Bauducco""",,Unidade,8
"Torrada, pão francês (TACO)",,Fatia,25
"Torrada, pão francês (TBCA)",,Fatia,25
"Torrada, trigo, tradicional",,Fatia,25
Torta com recheio de frangocom requeijão congelada - Massa Leve®,,Unidade,125
Torta com recheio de palmitocom requeijão congelada - Massa Leve®,,Unidade,125
Torta de banana - McDonald's®,,Unidade,80
Torta de maçã - McDonald's®,,Unidade,80
Tracaja cozido(a),OUTRAS CARNES,Bife,100
Tracaja cozido(a),OUTRAS CARNES,Fatia,90
Tracaja cozido(a),OUTRAS CARNES,Pedaço,35
Tracaja cozido(a),OUTRAS CARNES,Porção,75
Tracaja cozido(a),OUTRAS CARNES,Colher de Arroz,70
Tracaja cozido(a),OUTRAS CARNES,Colher de Sopa,30
Tracaja cozido(a),OUTRAS CARNES,Concha,140
Tracaja cozido(a),OUTRAS CARNES,Escumadeira,70
"Trigo, farinha, branca, fortificada com ferro e ácido fólico, crua (média de diferentes amostras)",,Porção,38
"Trigo, farinha, branca, fortificada com ferro e ácido fólico, crua (média de diferentes amostras)",,Colher de Arroz,36
"Trigo, farinha, branca, fortificada com ferro e ácido fólico, crua (média de diferentes amostras)",,Colher de Sopa,18
"Trigo, farinha, branca, fortificada com ferro e ácido fólico, crua (média de diferentes amostras)",,Colher de Chá,4
"Trigo, farinha, branca, fortificada com ferro e ácido fólico, crua (média de diferentes amostras)",,Colher de Café,2
"Trigo, farinha, branca, fortificada com ferro e ácido fólico, crua (média de diferentes amostras)",,Colher de Sobremesa,8
"Trigo, farinha, integral, crua (média diferentes amostras)",,Porção,38
"Trigo, farinha, integral, crua (média diferentes amostras)",,Colher de Arroz,36
"Trigo, farinha, integral, crua (média diferentes amostras)",,Colher de Sopa,18
"Trigo, farinha, integral, crua (média diferentes amostras)",,Colher de Chá,4
"Trigo, farinha, integral, crua (média diferentes amostras)",,Colher de Café,2
"Trigo, farinha, integral, crua (média diferentes amostras)",,Colher de Sobremesa,8
Umbu (IBGE),FRUTAS/SUCOS/VITAMINAS,Copo Americano,32
Umbu (IBGE),FRUTAS/SUCOS/VITAMINAS,Copo Médio,100
Umbu (IBGE),FRUTAS/SUCOS/VITAMINAS,Copo Grande,125
Umbu (IBGE),FRUTAS/SUCOS/VITAMINAS,Unidade,33
Uva,FRUTAS/SUCOS/VITAMINAS,Porção,99
Uva,FRUTAS/SUCOS/VITAMINAS,Copo Americano,70
Uva,FRUTAS/SUCOS/VITAMINAS,Copo Grande,140
Uva,FRUTAS/SUCOS/VITAMINAS,Unidade,8
Uva,FRUTAS/SUCOS/VITAMINAS,Unidade Pequena,4
Uva,FRUTAS/SUCOS/VITAMINAS,Punhado,170
Uva passa,FRUTAS/SUCOS/VITAMINAS,Porção,36
Uva passa,FRUTAS/SUCOS/VITAMINAS,Colher de Sopa,18
Uva passa,FRUTAS/SUCOS/VITAMINAS,Colher de Sobremesa,9
"Uva, in natura, Mangifera indica L.",,Porção,99
"Uva, in natura, Mangifera indica L.",,Copo Americano,70
"Uva, in natura, Mangifera indica L.",,Copo Grande,140
"Uva, in natura, Mangifera indica L.",,Unidade,8
"Uva, in natura, Mangifera indica L.",,Unidade Pequena,4
"Uva, in natura, Mangifera indica L.",,Punhado,170
"Uva, in natura, Mangifera indica L. Itália",,Porção,99
"Uva, in natura, Mangifera indica L. Itália",,Copo Americano,70
"Uva, in natura, Mangifera indica L. Itália",,Copo Grande,140
"Uva, in natura, Mangifera indica L. Itália",,Unidade,8
"Uva, in natura, Mangifera indica L. Itália",,Unidade Pequena,4
"Uva, in natura, Mangifera indica L. Itália",,Punhado,170
"Uva, in natura, Mangifera indica L. Rubi",,Porção,99
"Uva, in natura, Mangifera indica L. Rubi",,Copo Americano,70
"Uva, in natura, Mangifera indica L. Rubi",,Copo Grande,140
"Uva, in natura, Mangifera indica L. Rubi",,Unidade,8
"Uva, in natura, Mangifera indica L. Rubi",,Unidade Pequena,4
"Uva, in natura, Mangifera indica L. Rubi",,Punhado,170
"Uva, Itália, crua",,Porção,99
"Uva, Itália, crua",,Copo Americano,70
"Uva, Itália, crua",,Copo Grande,140
"Uva, Itália, crua",,Unidade,8
"Uva, Itália, crua",,Unidade Pequena,4
"Uva, Itália, crua",,Punhado,170
"Uva, Rubi, crua",,Porção,99
"Uva, Rubi, crua",,Copo Americano,70
"Uva, Rubi, crua",,Copo Grande,140
"Uva, Rubi, crua",,Unidade,8
"Uva, Rubi, crua",,Unidade Pequena,4
"Uva, Rubi, crua",,Punhado,170
"Uva, suco concentrado, envasado",,Copo Americano,150
"Uva, suco concentrado, envasado",,Copo Médio,240
"Uva, suco concentrado, envasado",,Copo Grande,300
"Uva, suco concentrado, envasado",,Unidade,300
"Uva, suco concentrado, envasado",,Garrafa 200ml,200
"Uva, suco concentrado, envasado",,Caneca,300
"Uva, suco, concentrado, envasado",,Copo Americano,150
"Uva, suco, concentrado, envasado",,Copo Médio,240
"Uva, suco, concentrado, envasado",,Copo Grande,300
"Uva, suco, concentrado, envasado",,Unidade,300
"Uva, suco, concentrado, envasado",,Garrafa 200ml,200
"Uva, suco, concentrado, envasado",,Caneca,300
Uva-itália,,Porção,99
Uva-itália,,Copo Americano,70
Uva-itália,,Copo Grande,140
Uva-itália,,Unidade,8
Uva-itália,,Unidade Pequena,4
Uva-itália,,Punhado,170
Uva-passa,,Porção,36
Uva-passa,,Colher de Sopa,18
Uva-passa,,Colher de Sobremesa,9
Uva-passa,,Unidade,8
Uva-passa,,Unidade Pequena,4
Uva-passa,,Punhado,170
Vagem,LEGUMINOSAS,Porção,44
Vagem,LEGUMINOSAS,Colher de Arroz,73
Vagem,LEGUMINOSAS,Colher de Sopa,20
Vagem,LEGUMINOSAS,Concha,73
Vagem (cozida),,Porção,44
Vagem (cozida),,Colher de Arroz,73
Vagem (cozida),,Colher de Sopa,20
Vagem (cozida),,Concha,73
Vagem (crua),,Porção,44
Vagem (crua),,Colher de Arroz,73
Vagem (crua),,Colher de Sopa,20
Vagem (crua),,Concha,73
Vagem com manteiga/oleo,LEGUMINOSAS,Porção,44
Vagem com manteiga/oleo,LEGUMINOSAS,Colher de Arroz,73
Vagem com manteiga/oleo,LEGUMINOSAS,Colher de Sopa,20
Vagem com manteiga/oleo,LEGUMINOSAS,Concha,73
Vagem cozido(a),LEGUMINOSAS,Porção,44
Vagem cozido(a),LEGUMINOSAS,Colher de Arroz,73
Vagem cozido(a),LEGUMINOSAS,Colher de Sopa,20
Vagem cozido(a),LEGUMINOSAS,Concha,73
Vagem cru(a),LEGUMINOSAS,Porção,44
Vagem cru(a),LEGUMINOSAS,Colher de Arroz,73
Vagem cru(a),LEGUMINOSAS,Colher de Sopa,20
Vagem cru(a),LEGUMINOSAS,Concha,73
Vagem ensopado,LEGUMINOSAS,Porção,44
Vagem ensopado,LEGUMINOSAS,Colher de Arroz,73
Vagem ensopado,LEGUMINOSAS,Colher de Sopa,20
Vagem ensopado,LEGUMINOSAS,Concha,73
Vagem refogado(a),LEGUMINOSAS,Porção,44
Vagem refogado(a),LEGUMINOSAS,Colher de Arroz,73
Vagem refogado(a),LEGUMINOSAS,Colher de Sopa,20
Vagem refogado(a),LEGUMINOSAS,Concha,73
"Vagem, cozida, c/ sal, drenada, Phaseolus vulgaris",,Porção,44
"Vagem, cozida, c/ sal, drenada, Phaseolus vulgaris",,Colher de Arroz,73
"Vagem, cozida, c/ sal, drenada, Phaseolus vulgaris",,Colher de Sopa,20
"Vagem, cozida, c/ sal, drenada, Phaseolus vulgaris",,Concha,73
"Vagem, cozida, drenada, c/ óleo de soja, c/ sal, Phaseolus vulgaris",,Porção,44
"Vagem, cozida, drenada, c/ óleo de soja, c/ sal, Phaseolus vulgaris",,Colher de Arroz,73
"Vagem, cozida, drenada, c/ óleo de soja, c/ sal, Phaseolus vulgaris",,Colher de Sopa,20
"Vagem, cozida, drenada, c/ óleo de soja, c/ sal, Phaseolus vulgaris",,Concha,73
"Vagem, cozida, drenada, c/ óleo de soja, s/ sal, Phaseolus vulgaris",,Porção,44
"Vagem, cozida, drenada, c/ óleo de soja, s/ sal, Phaseolus vulgaris",,Colher de Arroz,73
"Vagem, cozida, drenada, c/ óleo de soja, s/ sal, Phaseolus vulgaris",,Colher de Sopa,20
"Vagem, cozida, drenada, c/ óleo de soja, s/ sal, Phaseolus vulgaris",,Concha,73
"Vagem, cozida, s/ sal, drenada, Phaseolus vulgaris",,Porção,44
"Vagem, cozida, s/ sal, drenada, Phaseolus vulgaris",,Colher de Arroz,73
"Vagem, cozida, s/ sal, drenada, Phaseolus vulgaris",,Colher de Sopa,20
"Vagem, cozida, s/ sal, drenada, Phaseolus vulgaris",,Concha,73
"Vagem, crua",,Porção,44
"Vagem, crua",,Colher de Arroz,73
"Vagem, crua",,Colher de Sopa,20
"Vagem, crua",,Concha,73
"Vagem, crua, Phaseolus vulgaris",,Porção,44
"Vagem, crua, Phaseolus vulgaris",,Colher de Arroz,73
"Vagem, crua, Phaseolus vulgaris",,Colher de Sopa,20
"Vagem, crua, Phaseolus vulgaris",,Concha,73
"Vagem, manteiga, cozida, Phaseolus vulgaris",,Porção,44
"Vagem, manteiga, cozida, Phaseolus vulgaris",,Colher de Arroz,73
"Vagem, manteiga, cozida, Phaseolus vulgaris",,Colher de Sopa,20
"Vagem, manteiga, cozida, Phaseolus vulgaris",,Concha,73
"Vagem, manteiga, crua, Phaseolus vulgaris",,Porção,44
"Vagem, manteiga, crua, Phaseolus vulgaris",,Colher de Arroz,73
"Vagem, manteiga, crua, Phaseolus vulgaris",,Colher de Sopa,20
"Vagem, manteiga, crua, Phaseolus vulgaris",,Concha,73
"Vagem, refogada, c/ sal, Phaseolus vulgaris",,Porção,44
"Vagem, refogada, c/ sal, Phaseolus vulgaris",,Colher de Arroz,73
"Vagem, refogada, c/ sal, Phaseolus vulgaris",,Colher de Sopa,20
"Vagem, refogada, c/ sal, Phaseolus vulgaris",,Concha,73
"Vagem, refogada, s/ sal, Phaseolus vulgaris",,Porção,44
"Vagem, refogada, s/ sal, Phaseolus vulgaris",,Colher de Arroz,73
"Vagem, refogada, s/ sal, Phaseolus vulgaris",,Colher de Sopa,20
"Vagem, refogada, s/ sal, Phaseolus vulgaris",,Concha,73
Vazio (carne bovina) cozido(a),CARNE BOVINA,File,100
Vazio (carne bovina) cozido(a),CARNE BOVINA,Bife,100
Vazio (carne bovina) cozido(a),CARNE BOVINA,Fatia,90
Vazio (carne bovina) cozido(a),CARNE BOVINA,Pedaço,35
Vazio (carne bovina) cozido(a),CARNE BOVINA,Porção,75
Vazio (carne bovina) cozido(a),CARNE BOVINA,Colher de Arroz,70
Vazio (carne bovina) cozido(a),CARNE BOVINA,Colher de Sopa,30
Vazio (carne bovina) cozido(a),CARNE BOVINA,Concha,140
Vazio (carne bovina) cozido(a),CARNE BOVINA,Escumadeira,70
Vazio (carne bovina) frito(a),CARNE BOVINA,File,100
Vazio (carne bovina) frito(a),CARNE BOVINA,Bife,100
Vazio (carne bovina) frito(a),CARNE BOVINA,Fatia,90
Vazio (carne bovina) frito(a),CARNE BOVINA,Pedaço,35
Vazio (carne bovina) frito(a),CARNE BOVINA,Porção,75
Vazio (carne bovina) frito(a),CARNE BOVINA,Colher de Arroz,70
Vazio (carne bovina) frito(a),CARNE BOVINA,Colher de Sopa,30
Vazio (carne bovina) frito(a),CARNE BOVINA,Concha,140
Vazio (carne bovina) frito(a),CARNE BOVINA,Escumadeira,70
Vazio (carne bovina) grelhado(a)/brasa/churrasco,CARNE BOVINA,File,100
Vazio (carne bovina) grelhado(a)/brasa/churrasco,CARNE BOVINA,Bife,100
Vazio (carne bovina) grelhado(a)/brasa/churrasco,CARNE BOVINA,Fatia,90
Vazio (carne bovina) grelhado(a)/brasa/churrasco,CARNE BOVINA,Pedaço,35
Vazio (carne bovina) grelhado(a)/brasa/churrasco,CARNE BOVINA,Porção,75
Vazio (carne bovina) grelhado(a)/brasa/churrasco,CARNE BOVINA,Colher de Arroz,70
Vazio (carne bovina) grelhado(a)/brasa/churrasco,CARNE BOVINA,Colher de Sopa,30
Vazio (carne bovina) grelhado(a)/brasa/churrasco,CARNE BOVINA,Concha,140
Vazio (carne bovina) grelhado(a)/brasa/churrasco,CARNE BOVINA,Escumadeira,70
Vitamina,FRUTAS/SUCOS/VITAMINAS,Copo Americano,150
Vitamina,FRUTAS/SUCOS/VITAMINAS,Copo Médio,240
Vitamina,FRUTAS/SUCOS/VITAMINAS,Copo Grande,300
Vitamina,FRUTAS/SUCOS/VITAMINAS,Caneca,300
"Vitamina (mama°, macs, banana, leite e acticar)",,Copo Americano,150
"Vitamina (mama°, macs, banana, leite e acticar)",,Copo Médio,240
"Vitamina (mama°, macs, banana, leite e acticar)",,Copo Grande,300
"Vitamina (mama°, macs, banana, leite e acticar)",,Caneca,300
Vitamina de abacate,OLEAGINOSAS,Copo Americano,150
Vitamina de abacate,OLEAGINOSAS,Copo Médio,240
Vitamina de abacate,OLEAGINOSAS,Copo Grande,300
Vitamina de abacate,OLEAGINOSAS,Caneca,300
Vitamina de banana,FRUTAS/SUCOS/VITAMINAS,Copo Americano,150
Vitamina de banana,FRUTAS/SUCOS/VITAMINAS,Copo Médio,240
Vitamina de banana,FRUTAS/SUCOS/VITAMINAS,Copo Grande,300
Vitamina de banana,FRUTAS/SUCOS/VITAMINAS,Caneca,300
Vitamina de banana com aveia,FRUTAS/SUCOS/VITAMINAS,Copo Americano,150
Vitamina de banana com aveia,FRUTAS/SUCOS/VITAMINAS,Copo Médio,240
Vitamina de banana com aveia,FRUTAS/SUCOS/VITAMINAS,Copo Grande,300
Vitamina de banana com aveia,FRUTAS/SUCOS/VITAMINAS,Caneca,300
Vitamina de jenipapo,,Copo Americano,150
Vitamina de jenipapo,,Copo Médio,240
Vitamina de jenipapo,,Copo Grande,300
Vitamina de jenipapo,,Caneca,300
Vitamina de maçã,FRUTAS/SUCOS/VITAMINAS,Copo Americano,150
Vitamina de maçã,FRUTAS/SUCOS/VITAMINAS,Copo Médio,240
Vitamina de maçã,FRUTAS/SUCOS/VITAMINAS,Copo Grande,300
Vitamina de maçã,FRUTAS/SUCOS/VITAMINAS,Caneca,300
Vitamina de mamão,FRUTAS/SUCOS/VITAMINAS,Copo Americano,150
Vitamina de mamão,FRUTAS/SUCOS/VITAMINAS,Copo Médio,240
Vitamina de mamão,FRUTAS/SUCOS/VITAMINAS,Copo Grande,300
Vitamina de mamão,FRUTAS/SUCOS/VITAMINAS,Caneca,300
Vitamina de morango,FRUTAS/SUCOS/VITAMINAS,Copo Americano,150
Vitamina de morango,FRUTAS/SUCOS/VITAMINAS,Copo Médio,240
Vitamina de morango,FRUTAS/SUCOS/VITAMINAS,Copo Grande,300
Vitamina de morango,FRUTAS/SUCOS/VITAMINAS,Caneca,300
Vitamina mista,FRUTAS/SUCOS/VITAMINAS,Copo Americano,150
Vitamina mista,FRUTAS/SUCOS/VITAMINAS,Copo Médio,240
Vitamina mista,FRUTAS/SUCOS/VITAMINAS,Copo Grande,300
Vitamina mista,FRUTAS/SUCOS/VITAMINAS,Caneca,300
"Vitamina, leite de vaca integral c/ abacate, c/ açúcar",,Copo Americano,150
"Vitamina, leite de vaca integral c/ abacate, c/ açúcar",,Copo Médio,240
"Vitamina, leite de vaca integral c/ abacate, c/ açúcar",,Copo Grande,300
"Vitamina, leite de vaca integral c/ abacate, c/ açúcar",,Caneca,300
"Vitamina, leite de vaca integral c/ abacate, s/ açúcar",,Copo Americano,150
"Vitamina, leite de vaca integral c/ abacate, s/ açúcar",,Copo Médio,240
"Vitamina, leite de vaca integral c/ abacate, s/ açúcar",,Copo Grande,300
"Vitamina, leite de vaca integral c/ abacate, s/ açúcar",,Caneca,300
"Vitamina, leite de vaca integral c/ banana e aveia, c/ açúcar",,Copo Americano,150
"Vitamina, leite de vaca integral c/ banana e aveia, c/ açúcar",,Copo Médio,240
"Vitamina, leite de vaca integral c/ banana e aveia, c/ açúcar",,Copo Grande,300
"Vitamina, leite de vaca integral c/ banana e aveia, c/ açúcar",,Caneca,300
"Vitamina, leite de vaca integral c/ banana e aveia, s/ açúcar",,Copo Americano,150
"Vitamina, leite de vaca integral c/ banana e aveia, s/ açúcar",,Copo Médio,240
"Vitamina, leite de vaca integral c/ banana e aveia, s/ açúcar",,Copo Grande,300
"Vitamina, leite de vaca integral c/ banana e aveia, s/ açúcar",,Caneca,300
"Vitamina, leite de vaca integral c/ banana, c/ açúcar",,Copo Americano,150
"Vitamina, leite de vaca integral c/ banana, c/ açúcar",,Copo Médio,240
"Vitamina, leite de vaca integral c/ banana, c/ açúcar",,Copo Grande,300
"Vitamina, leite de vaca integral c/ banana, c/ açúcar",,Caneca,300
"Vitamina, leite de vaca integral c/ banana, mamão e maçã, c/ açúcar",,Copo Americano,150
"Vitamina, leite de vaca integral c/ banana, mamão e maçã, c/ açúcar",,Copo Médio,240
"Vitamina, leite de vaca integral c/ banana, mamão e maçã, c/ açúcar",,Copo Grande,300
"Vitamina, leite de vaca integral c/ banana, mamão e maçã, c/ açúcar",,Caneca,300
"Vitamina, leite de vaca integral c/ banana, mamão e maçã, s/ açúcar",,Copo Americano,150
"Vitamina, leite de vaca integral c/ banana, mamão e maçã, s/ açúcar",,Copo Médio,240
"Vitamina, leite de vaca integral c/ banana, mamão e maçã, s/ açúcar",,Copo Grande,300
"Vitamina, leite de vaca integral c/ banana, mamão e maçã, s/ açúcar",,Caneca,300
"Vitamina, leite de vaca integral c/ banana, s/ açúcar",,Copo Americano,150
"Vitamina, leite de vaca integral c/ banana, s/ açúcar",,Copo Médio,240
"Vitamina, leite de vaca integral c/ banana, s/ açúcar",,Copo Grande,300
"Vitamina, leite de vaca integral c/ banana, s/ açúcar",,Caneca,300
"Vitamina, leite de vaca integral c/ maçã, c/ açúcar",,Copo Americano,150
"Vitamina, leite de vaca integral c/ maçã, c/ açúcar",,Copo Médio,240
"Vitamina, leite de vaca integral c/ maçã, c/ açúcar",,Copo Grande,300
"Vitamina, leite de vaca integral c/ maçã, c/ açúcar",,Caneca,300
"Vitamina, leite de vaca integral c/ maçã, s/ açúcar",,Copo Americano,150
"Vitamina, leite de vaca integral c/ maçã, s/ açúcar",,Copo Médio,240
"Vitamina, leite de vaca integral c/ maçã, s/ açúcar",,Copo Grande,300
"Vitamina, leite de vaca integral c/ maçã, s/ açúcar",,Caneca,300
"Vitamina, leite de vaca integral c/ mamão, c/ açúcar",,Copo Americano,150
"Vitamina, leite de vaca integral c/ mamão, c/ açúcar",,Copo Médio,240
"Vitamina, leite de vaca integral c/ mamão, c/ açúcar",,Copo Grande,300
"Vitamina, leite de vaca integral c/ mamão, c/ açúcar",,Caneca,300
"Vitamina, leite de vaca integral c/ mamão, s/ açúcar",,Copo Americano,150
"Vitamina, leite de vaca integral c/ mamão, s/ açúcar",,Copo Médio,240
"Vitamina, leite de vaca integral c/ mamão, s/ açúcar",,Copo Grande,300
"Vitamina, leite de vaca integral c/ mamão, s/ açúcar",,Caneca,300
"Vitamina, leite de vaca integral c/ morango, c/ açúcar",,Copo Americano,150
"Vitamina, leite de vaca integral c/ morango, c/ açúcar",,Copo Médio,240
"Vitamina, leite de vaca integral c/ morango, c/ açúcar",,Copo Grande,300
"Vitamina, leite de vaca integral c/ morango, c/ açúcar",,Caneca,300
"Vitamina, leite de vaca integral c/ morango, s/ açúcar",,Copo Americano,150
"Vitamina, leite de vaca integral c/ morango, s/ açúcar",,Copo Médio,240
"Vitamina, leite de vaca integral c/ morango, s/ açúcar",,Copo Grande,300
"Vitamina, leite de vaca integral c/ morango, s/ açúcar",,Caneca,300
"Vitannina de frutas (maniac), maca e banana) - Batavo®",,Copo Americano,150
"Vitannina de frutas (maniac), maca e banana) - Batavo®",,Copo Médio,240
"Vitannina de frutas (maniac), maca e banana) - Batavo®",,Copo Grande,300
"Vitannina de frutas (maniac), maca e banana) - Batavo®",,Caneca,300
Achocolatado em pó Toddy,,Colher de Arroz,30
Achocolatado em pó Toddy,,Colher de Sopa,16
Achocolatado em pó Toddy,,Colher de Chá,4
Achocolatado em pó Toddy,,Colher de Café,2
Achocolatado em pó Toddy,,Colher de Sobremesa,11
