Descrição do Alimento,GRUPO,File,Bife,Fatia,Pedaço,Porção,Colher de Arroz,Colher de Sopa,Concha,Escumadeira,Colher de Chá,Colher de Café,Colher de Sobremesa,Copo Americano,Copo Médio,Copo Grande,Pegador,Pote,Prato Sobremesa,Prato Fundo,Prato Raso,Tigela,Xícara de Chá,Asa,Peito,Coxa,Sobrecoxa,Costela,Pescoço,Unidade,Unidade Pequena,Metade,Banda,Punhado,Garrafa 200ml,Caneca,Folha,Nova Medida 1,Nova Medida 2,Nova Medida 3,Nova Medida 4,Nova Medida 5,Nova Medida 6,Nova Medida 7,Nova Medida 8,Nova Medida 9,Nova Medida 10,Nova Medida 11,Nova Medida 12
Aba de filé  cru(a),CARNE BOVINA,100,100,90,35,75,70,30,140,70,,,,,,,,,,,,,,,,,,,,,,,,,,,,,,,,,,,,,,,
Aba de filé  frito(a),CARNE BOVINA,100,100,90,35,75,70,30,140,70,,,,,,,,,,,,,,,,,,,,,,,,,,,,,,,,,,,,,,,
Aba de filé  grelhado(a)/brasa/churrasco,CARNE BOVINA,100,100,90,35,75,70,30,140,70,,,,,,,,,,,,,,,,,,,,,,,,,,,,,,,,,,,,,,,
Abacate (IBGE),OLEAGINOSAS,,,,22,45,,45,,,,,,,,200,,,,,,,,,,,,,,430,370,215,215,,,,,,,,,,,,,,,,
Abacate (Tucunduva),,,,,22,45,,45,,,,,,,,200,,,,,,,,,,,,,,430,370,215,215,,,,,,,,,,,,,,,,
"Abacate, cru",,,,,22,45,,45,,,,,,,,200,,,,,,,,,,,,,,430,370,215,215,,,,,,,,,,,,,,,,
"Abacate, polpa, in natura, Persea americana Mill",,,,,,,,,,,,,,,,,,,,,,,,,,,,,,,,,,,,,,,,,,,,,,,,,
Abacaxi (IBGE),FRUTAS/SUCOS/VITAMINAS,,,75,11,,,,,,,,,,,,,,,,,,,,,,,,,750,480,375,375,,,,,,,,,,,,,,,,
Abacaxi (Tucunduva),,,,75,11,,,,,,,,,,,,,,,,,,,,,,,,,750,480,375,375,,,,,,,,,,,,,,,,
Abacaxi (casca),,,,,,,,,,,,,,,,,,,,,,,,,,,,,,,,,,,,,,,,,,,,,,,,,
Abacaxi congelado -DeMarchi®,,,,,,,,,,,,,,,,,,,,,,,,,,,,,,,,,,,,,,,,,,,,,,,,,
Abacaxi desidratado -Fazenda Tamanduá®,,,,,,,,,,,,,,,,,,,,,,,,,,,,,,,,,,,,,,,,,,,,,,,,,
"Abacaxi e melão, suco natural, c/ açúcar refinado",,,,,,,,,,,,,,150,240,300,,,,,,,,,,,,,,,,,,,200,300,,,,,,,,,,,,,
"Abacaxi e melão, suco natural, s/ açúcar",,,,,,,,,,,,,,150,240,300,,,,,,,,,,,,,,,,,,,200,300,,,,,,,,,,,,,
"Abacaxi, banana e cenoura, suco natural (néctar), c/ açúcar refinado",,,,,,,,,,,,,,150,240,300,,,,,,,,,,,,,,,,,,,200,300,,,,,,,,,,,,,
"Abacaxi, banana e cenoura, suco natural (néctar), s/ açúcar",,,,,,,,,,,,,,150,240,300,,,,,,,,,,,,,,,,,,,200,300,,,,,,,,,,,,,
"Abacaxi, cru",,,,75,11,,,,,,,,,,,,,,,,,,,,,,,,,750,480,375,375,,,,,,,,,,,,,,,,
"Abacaxi, maracujá e caju, suco natural (néctar), c/ açúcar refinado",,,,,,,,,,,,,,150,240,300,,,,,,,,,,,,,,,,,,,200,300,,,,,,,,,,,,,
"Abacaxi, maracujá e caju, suco natural, s/ açúcar",,,,,,,,,,,,,,150,240,300,,,,,,,,,,,,,,,,,,,200,300,,,,,,,,,,,,,
"Abacaxi, melão e maracujá, suco natural (néctar), c/ açúcar refinado",,,,,,,,,,,,,,150,240,300,,,,,,,,,,,,,,,,,,,200,300,,,,,,,,,,,,,
"Abacaxi, melão e maracujá, suco natural (néctar), s/ açúcar",,,,,,,,,,,,,,150,240,300,,,,,,,,,,,,,,,,,,,200,300,,,,,,,,,,,,,
"Abacaxi, polpa, congelada (TACO)",,,,,,,,,,,,,,,,,,,,,,,,,,,,,,,,,,,,,,,,,,,,,,,,,
"Abacaxi, polpa, congelada (TBCA)",,,,,,,,,,,,,,,,,,,,,,,,,,,,,,,,,,,,,,,,,,,,,,,,,
"Abacaxi, polpa, in natura, Ananas comosus L.",,,,,,,,,,,,,,,,,,,,,,,,,,,,,,,,,,,,,,,,,,,,,,,,,
"Abacaxi, suco natural (néctar), c/ açúcar refinado",,,,,,,,,,,,,,150,240,300,,,,,,,,,,,,,,,,,,,200,300,,,,,,,,,,,,,
"Abacaxi, suco natural (néctar), s/ açúcar",,,,,,,,,,,,,,150,240,300,,,,,,,,,,,,,,,,,,,200,300,,,,,,,,,,,,,
Abadejo em filé (congelado),,,,,,,,,,,,,,,,,,,,,,,,,,,,,,,,,,,,,,,,,,,,,,,,,
"Abadejo, filé, congelado, assado",,,,,,,,,,,,,,,,,,,,,,,,,,,,,,,,,,,,,,,,,,,,,,,,,
"Abadejo, filé, congelado, cru",,,,,,,,,,,,,,,,,,,,,,,,,,,,,,,,,,,,,,,,,,,,,,,,,
"Abadejo, filé, congelado, grelhado",,,,,,,,,,,,,,,,,,,,,,,,,,,,,,,,,,,,,,,,,,,,,,,,,
"Abadejo, filé, congelado,cozido",,,,,,,,,,,,,,,,,,,,,,,,,,,,,,,,,,,,,,,,,,,,,,,,,
Abará,,,,,,,,,,,,,,,,,,,,,,,,,,,,,,,,,,,,,,,,,,,,,,,,,
Abará (bahia),TIPICOS,,,,,,,,,,,,,,,,,,,,,,,,,,,,,,,,,,,,,,,,,,,,,,,,
Abio,,,,,,,,,,,,,,,,,,,,,,,,,,,,,,,,,,,,,,,,,,,,,,,,,
Abiu,FRUTAS/SUCOS/VITAMINAS,,,,,,,,,,,,,,,,,,,,,,,,,,,,,,,,,,,,,,,,,,,,,,,,
"Abiu, cru",,,,,,,,,,,,,,,,,,,,,,,,,,,,,,,,,,,,,,,,,,,,,,,,,
"Abiu, in natura, Lucuma caimito (Ruiz & Pav.) Roem & Schult",,,,,,,,,,,,,,,,,,,,,,,,,,,,,,,,,,,,,,,,,,,,,,,,,
Abóbora,VERDURAS,,,50,50,70,72,36,100,100,,,18,,,,36,,,280,140,100,,,,,,,,,,,,,,,,,,,,,,,,,,,
Abóbora (casca),,,,,,,,,,,,,,,,,,,,,,,,,,,,,,,,,,,,,,,,,,,,,,,,,
Abóbora (semente),,,,,,,,,,,,,,,,,,,,,,,,,,,,,,,,,,,,,,,,,,,,,,,,,
Abóbora assado(a),VERDURAS,,,50,50,,,,,,,,,,,,,,,,,,,,,,,,,,,,,,,,,,,,,,,,,,,,
Abóbora com quiabo,VERDURAS,,,,,,78,20,103,,,,,,,,,,,,,,,,,,,,,,,,,,,,,,,,,,,,,,,,
Abóbora cozido(a),VERDURAS,,,50,50,70,72,36,100,100,,,18,,,,36,,,280,140,100,,,,,,,,,,,,,,,,,,,,,,,,,,,
Abóbora cru(a),VERDURAS,,,50,50,70,72,36,100,100,,,18,,,,36,,,280,140,100,,,,,,,,,,,,,,,,,,,,,,,,,,,
Abóbora ensopado,VERDURAS,,,50,50,70,72,36,100,100,,,18,,,,36,,,280,140,100,,,,,,,,,,,,,,,,,,,,,,,,,,,
Abóbora frito(a),VERDURAS,,,,50,70,,36,,,,,,,,,,,,,,,,,,,,,,,,,,,,,,,,,,,,,,,,,
Abóbora molho vermelho,VERDURAS,,,50,50,70,72,36,100,100,,,18,,,,36,,,280,140,100,,,,,,,,,,,,,,,,,,,,,,,,,,,
Abóbora refogado(a),VERDURAS,,,50,50,70,72,36,100,100,,,18,,,,36,,,280,140,100,,,,,,,,,,,,,,,,,,,,,,,,,,,
Abóbora sopa,SOPAS/CALDOS/MINGAUS,,,,,,,,,,,,,,,,,,,,,,,,,,,,,,,,,,,,,,,,,,,,,,,,
"Abóbora, cabotian, cozida",,,,50,50,70,72,36,100,100,,,18,,,,36,,,280,140,100,,,,,,,,,,,,,,,,,,,,,,,,,,,
"Abóbora, cabotian, crua",,,,50,50,70,72,36,100,100,,,18,,,,36,,,280,140,100,,,,,,,,,,,,,,,,,,,,,,,,,,,
"Abóbora, menina brasileira, crua",,,,50,50,70,72,36,100,100,,,18,,,,36,,,280,140,100,,,,,,,,,,,,,,,,,,,,,,,,,,,
"Abóbora, moranga, crua",,,,50,50,70,72,36,100,100,,,18,,,,36,,,280,140,100,,,,,,,,,,,,,,,,,,,,,,,,,,,
"Abóbora, moranga, refogada",,,,50,50,70,72,36,100,100,,,,,,,,,,,,,,,,,,,,,,,,,,,,,,,,,,,,,,,
"Abóbora, pescoço, crua",,,,50,50,70,72,36,100,100,,,18,,,,36,,,280,140,100,,,,,,,,,,,,,,,,,,,,,,,,,,,
"Abóbora, s/ casca e s/sementes, crua, Curcubita spp.",,,,,,,,,,,,,,,,,,,,,,,,,,,,,,,,,,,,,,,,,,,,,,,,,
Abóbora-kabotcha (crua),,,,50,50,70,72,36,100,100,,,18,,,,36,,,280,140,100,,,,,,,,,,,,,,,,,,,,,,,,,,,
Abóbora-moranga (cozida),,,,50,50,70,72,36,100,100,,,18,,,,36,,,280,140,100,,,,,,,,,,,,,,,,,,,,,,,,,,,
Abóbora-moranga (crua),,,,50,50,70,72,36,100,100,,,18,,,,36,,,280,140,100,,,,,,,,,,,,,,,,,,,,,,,,,,,
Abobrinha assado(a),VERDURAS,,,61,17,57,,,,,,,,,,,,,,,,,,,,,,,,,,,,,,,,,,,,,,,,,,,
Abobrinha cozido(a),VERDURAS,,,61,17,57,70,30,90,90,,,,,,,30,,,,,,,,,,,,,335,,,,,,,,,,,,,,,,,,,
Abobrinha cru(a),VERDURAS,,,61,17,57,70,30,90,90,,,,,,,30,,,,,,,,,,,,,335,,,,,,,,,,,,,,,,,,,
Abobrinha empanado(a)/a milanesa,VERDURAS,,,61,,57,,,90,,,,,,,,,,,,,,,,,,,,,,,,,,,,,,,,,,,,,,,,
Abobrinha ensopado,VERDURAS,,,61,17,57,70,30,90,90,,,,,,,30,,,,,,,,,,,,,335,,,,,,,,,,,,,,,,,,,
Abobrinha frito(a),VERDURAS,,,,,57,70,30,,,,,,,,,,,,,,,,,,,,,,,,,,,,,,,,,,,,,,,,,
Abobrinha grelhado(a)/brasa/churrasco,VERDURAS,,,,,57,,,,,,,,,,,,,,,,,,,,,,,,335,,,,,,,,,,,,,,,,,,,
Abobrinha refogado(a),VERDURAS,,,61,17,57,70,30,90,90,,,,,,,30,,,,,,,,,,,,,335,,,,,,,,,,,,,,,,,,,
"Abobrinha, italiana, cozida",,,,61,17,57,70,30,90,90,,,,,,,30,,,,,,,,,,,,,335,,,,,,,,,,,,,,,,,,,
"Abobrinha, italiana, crua",,,,61,17,57,70,30,90,90,,,,,,,30,,,,,,,,,,,,,335,,,,,,,,,,,,,,,,,,,
"Abobrinha, italiana, refogada",,,,61,17,57,70,30,90,90,,,,,,,30,,,,,,,,,,,,,335,,,,,,,,,,,,,,,,,,,
"Abobrinha, paulista, crua",,,,61,17,57,70,30,90,90,,,,,,,30,,,,,,,,,,,,,335,,,,,,,,,,,,,,,,,,,
Abobrinha-italiana (cozida),,,,61,17,57,70,30,90,90,,,,,,,30,,,,,,,,,,,,,335,,,,,,,,,,,,,,,,,,,
Abobrinha-italiana (crua),,,,61,17,57,70,30,90,90,,,,,,,30,,,,,,,,,,,,,335,,,,,,,,,,,,,,,,,,,
Abobrinha-italiana (frita),,,,,,,,,,,,,,,,,,,,,,,,,,,,,,,,,,,,,,,,,,,,,,,,,
Abobrinha-italiana(empanada),,,,,,,,,,,,,,,,,,,,,,,,,,,,,,,,,,,,,,,,,,,,,,,,,
Açafrão cru(a),CONDIMENTOS,,,,,,,,,,,,,,,,,,,,,,,,,,,,,,,,,,,,,,,,,,,,,,,,
Açaí (IBGE),FRUTAS/SUCOS/VITAMINAS,,,,,,,10,,,,,,,,,,,,,,,,,,,,,,,,,,,,,,,,,,,,,,,,,
Açaí (Tucunduva),,,,,,,,10,,,,,,,,,,,,,,,,,,,,,,,,,,,,,,,,,,,,,,,,,
Açaí com banana - Frooty®,,,,,,60,,10,,,,,,,,,,,,,,,,,,,,,,,,,,,,,,,,,,,,,,,,,
Açaí com granola,FRUTAS/SUCOS/VITAMINAS,,,,,60,,10,,,,,,,,,,,,,,,,,,,,,,,,,,,,,,,,,,,,,,,,,
Açaí morango - Açaí Frooty®,,,,,,60,,10,,,,,,,,,,,,,,,,,,,,,,,,,,,,,,,,,,,,,,,,,
Açaí natural - Açaí Frooty®,,,,,,60,,10,,,,,,,,,,,,,,,,,,,,,,,,,,,,,,,,,,,,,,,,,
"Açaí Whey Box, 12Uni/35G",,,,,,,,10,,,,,,,,,,,,,,,,,,,,,,,,,,,,,,,,,,,,,,,,,
"Açaí Whey Lata, 420G, 12Doses",,,,,,,,10,,,,,,,,,,,,,,,,,,,,,,,,,,,,,,,,,,,,,,,,,
"Açaí Whey Sachê, 1Uni/35G",,,,,,,,10,,,,,,,,,,,,,,,,,,,,,,,,,,,,,,,,,,,,,,,,,
Açaí zero açúcar - AçaíFrooty®,,,,,,60,,10,,,,,,,,,,,,,,,,,,,,,,,,,,,,,,,,,,,,,,,,,
"Açaí, c/ xarope de guaraná e glucose, suco",,,,,,,,10,,,,,,150,240,300,,,,,,,,,,,,,,,,,,,200,300,,,,,,,,,,,,,
"Açaí, polpa, com xarope de guaraná e glucose (TACO)",,,,,,,,10,,,,,,,,,,,,,,,,,,,,,,,,,,,,,,,,,,,,,,,,,
"Açaí, polpa, com xarope de guaraná e glucose (TBCA)",,,,,,,,10,,,,,,,,,,,,,,,,,,,,,,,,,,,,,,,,,,,,,,,,,
"Açaí, polpa, congelada",,,,,,,,10,,,,,,,,,,,,,,,,,,,,,,,,,,,,,,,,,,,,,,,,,
"Açaí, polpa, Euterpe oleracea Mart.",,,,,,,,10,,,,,,,,,,,,,,,,,,,,,,,,,,,,,,,,,,,,,,,,,
Acajá (tabereba),FRUTAS/SUCOS/VITAMINAS,,,,,,,,,,,,,,,,,,,,,,,,,,,,,,,,,,,,,,,,,,,,,,,,
Acarajé (IBGE),TIPICOS,,,,,,,,,,,,,,,,,,,,,,,,,,,,,,,,,,,,,,,,,,,,,,,,
Acarajé (TACO),,,,,,,,,,,,,,,,,,,,,,,,,,,,,,,,,,,,,,,,,,,,,,,,,
Acarajé (Tucunduva),,,,,,,,,,,,,,,,,,,,,,,,,,,,,,,,,,,,,,,,,,,,,,,,,
Acarajé (TBCA),,,,,,,,,,,,,,,,,,,,,,,,,,,,,,,,,,,,,,,,,,,,,,,,,
Acelga,HORTALIÇAS,,,,,60,10,60,,,,,,,,,6,,,60,,,,,,,,,,,,,,,,,10,,,,,,,,,,,,
Acelga (cozida),,,,,,,,,,,,,,,,,,,,,,,,,,,,,,,,,,,,,,,,,,,,,,,,,
Acelga (crua),,,,,,60,10,60,,,,,,,,,6,,,60,,,,,,,,,,,,,,,,,10,,,,,,,,,,,,
Acelga (talo),,,,,,,,,,,,,,,,,,,,,,,,,,,,,,,,,,,,,,,,,,,,,,,,,
Acelga cozido(a),HORTALIÇAS,,,,,60,10,6,,,,,,,,,6,,,60,,,,,,,,,,,,,,,,,10,,,,,,,,,,,,
Acelga cru(a),HORTALIÇAS,,,,,60,10,6,,,,,,,,,6,,,60,,,,,,,,,,,,,,,,,10,,,,,,,,,,,,
Acelga refogado(a),HORTALIÇAS,,,,,60,10,6,,,,,,,,,6,,,60,,,,,,,,,,,,,,,,,10,,,,,,,,,,,,
"Acelga, crua",,,,,,60,10,6,,,,,,,,,6,,,60,,,,,,,,,,,,,,,,,10,,,,,,,,,,,,
Acém assado(a),CARNE BOVINA,100,100,90,35,75,70,30,140,70,,,,,,,,,,,,,,,,,,,,,,,,,,,,,,,,,,,,,,,
Acém cozido(a),CARNE BOVINA,100,100,90,35,75,70,30,140,70,,,,,,,,,,,,,,,,,,,,,,,,,,,,,,,,,,,,,,,
Acém empanado(a)/a milanesa,CARNE BOVINA,100,100,90,35,75,70,30,140,70,,,,,,,,,,,,,,,,,,,,,,,,,,,,,,,,,,,,,,,
Acém ensopado,CARNE BOVINA,100,100,90,35,75,70,30,140,70,,,,,,,,,,,,,,,,,,,,,,,,,,,,,,,,,,,,,,,
Acém frito(a),CARNE BOVINA,100,100,90,35,75,70,30,140,70,,,,,,,,,,,,,,,,,,,,,,,,,,,,,,,,,,,,,,,
Acém moído (cozido) - carnebovina,,100,100,90,35,75,70,30,140,70,,,,,,,,,,,,,,,,,,,,,,,,,,,,,,,,,,,,,,,
Acém moído (cru) - carnebovina,,100,100,90,35,75,70,30,140,70,,,,,,,,,,,,,,,,,,,,,,,,,,,,,,,,,,,,,,,
Acém refogado(a),CARNE BOVINA,100,100,90,35,75,70,30,140,70,,,,,,,,,,,,,,,,,,,,,,,,,,,,,,,,,,,,,,,
Acém sem gordura (cozido) -carne bovina,,100,100,90,35,75,70,30,140,70,,,,,,,,,,,,,,,,,,,,,,,,,,,,,,,,,,,,,,,
Acém sem gordura (cru) -carne bovina,,100,100,90,35,75,70,30,140,70,,,,,,,,,,,,,,,,,,,,,,,,,,,,,,,,,,,,,,,
Acerola (IBGE),FRUTAS/SUCOS/VITAMINAS,,,,,,,,,,,,,,,,,,,,,,,,,,,,,,,,,,,,,,,,,,,,,,,,
Acerola (Tucunduva),,,,,,,,,,,,,,,,,,,,,,,,,,,,,,,,,,,,,,,,,,,,,,,,,
Acerola congelada -DeMarchi®,,,,,,,,,,,,,,,,,,,,,,,,,,,,,,,,,,,,,,,,,,,,,,,,,
Acerola orgânica,FRUTAS/SUCOS/VITAMINAS,,,,,,,,,,,,,,,,,,,,,,,,,,,,,,,,,,,,,,,,,,,,,,,,
"Acerola, crua",,,,,,,,,,,,,,,,,,,,,,,,,,,,,,,,,,,,,,,,,,,,,,,,,
"Acerola, polpa, congelada",,,,,,,,,,,,,,,,,,,,,,,,,,,,,,,,,,,,,,,,,,,,,,,,,
"Acerola, polpa, madura, Malpighia spp.",,,,,,,,,,,,,,,,,,,,,,,,,,,,,,,,,,,,,,,,,,,,,,,,,
"Acerola, suco natural (néctar), c/ açúcar refinado",,,,,,,,,,,,,,150,240,300,,,,,,,,,,,,,,,,,,,200,300,,,,,,,,,,,,,
"Acerola, suco natural (néctar), s/ açúcar",,,,,,,,,,,,,,150,240,300,,,,,,,,,,,,,,,,,,,200,300,,,,,,,,,,,,,
Achocolatado Choco leco -Vigor®,,,,,,,,,,,,,,,,,,,,,,,,,,,,,,200,,,,,,,,,,,,,,,,,,,
Achocolatado Choco Milk -Batavo®,,,,,,,,,,,,,,,,,,,,,,,,,,,,,,,200,,,,200,,,,,,,,,,,,,,
Achocolatado em pó,AÇUCARES/CONFEITARIA,,,,,,30,16,,,4,2,11,,,,,,,,,,,,,,,,,,,,,,,40,,,,,,,,,,,,,
Achocolatado em pó diet,AÇUCARES/CONFEITARIA,,,,,,30,16,,,4,2,11,,,,,,,,,,,,,,,,,,,,,,,,,,,,,,,,,,,,
Achocolatado em pó diet -Gold®,,,,,,,30,16,,,4,2,11,,,,,,,,,,,,,,,,,,,,,,,,,,,,,,,,,,,,
Achocolatado em pó light,AÇUCARES/CONFEITARIA,,,,,,30,16,,,4,2,11,,,,,,,,,,,,,,,,,,,,,,,,,,,,,,,,,,,,
"Achocolatado, pó",,,,,,,30,16,,,4,2,11,,,,,,,,,,,,,,,,,,,,,,,,,,,,,,,,,,,,
"Achocolatado, pó , ""Nescau""",,,,,,,30,16,,,4,2,11,,,,,,,,,,,,,,,,,,,,,,,,,,,,,,,,,,,,
"Achocolatado, pó , (média diferentes amostras)",,,,,,,30,16,,,4,2,11,,,,,,,,,,,,,,,,,,,,,,,,,,,,,,,,,,,,
"Achocolatado, pó, ""Toddy""",,,,,,,30,16,,,4,2,11,,,,,,,,,,,,,,,,,,,,,,,,,,,,,,,,,,,,
Açúcar,ADOÇANTES,,,,,28,,24,,,5,2,16,160,,,,,,,,,,,,,,,,,,,,,,,,,,,,,,,,,,,
Açúcar cristal,,,,,,28,,24,,,5,2,16,160,,,,,,,,,,,,,,,,,,,,,,,,,,,,,,,,,,,
Açúcar de confeiteiro,,,,,,28,,24,,,5,2,16,160,,,,,,,,,,,,,,,,,,,,,,,,,,,,,,,,,,,
Açúcar light,ADOÇANTES,,,,,28,,24,,,5,2,16,160,,,,,,,,,,,,,,,,,,,,,,,,,,,,,,,,,,,
Açúcar mascavo (IBGE),ADOÇANTES,,,,,,,19,,,5,,,,,,,,,,,,,,,,,,,,,,,,,,,,,,,,,,,,,,
Açúcar mascavo (Tucunduva),,,,,,,,19,,,5,,,,,,,,,,,,,,,,,,,,,,,,,,,,,,,,,,,,,,
Açúcar orgânico cristal -Native®,,,,,,28,,24,,,5,2,16,160,,,,,,,,,,,,,,,,,,,,,,,,,,,,,,,,,,,
Açúcar orgânico demerara -Native®,,,,,,28,,24,,,5,2,16,160,,,,,,,,,,,,,,,,,,,,,,,,,,,,,,,,,,,
Açúcar refinado - União®,,,,,,28,,24,,,5,2,16,160,,,,,,,,,,,,,,,,,,,,,,,,,,,,,,,,,,,
Açúcar refinado premium -União®,,,,,,28,,24,,,5,2,16,160,,,,,,,,,,,,,,,,,,,,,,,,,,,,,,,,,,,
"Açúcar, (média diferentes tipos)",,,,,,28,,24,,,5,2,16,160,,,,,,,,,,,,,,,,,,,,,,,,,,,,,,,,,,,
"Açúcar, cristal (TACO)",,,,,,28,,24,,,5,2,16,160,,,,,,,,,,,,,,,,,,,,,,,,,,,,,,,,,,,
"Açúcar, cristal (TBCA)",,,,,,28,,24,,,5,2,16,160,,,,,,,,,,,,,,,,,,,,,,,,,,,,,,,,,,,
"Açúcar, mascavo (TACO)",,,,,,,,19,,,5,,,,,,,,,,,,,,,,,,,,,,,,,,,,,,,,,,,,,,
"Açúcar, mascavo (TBCA)",,,,,,,,19,,,5,,,,,,,,,,,,,,,,,,,,,,,,,,,,,,,,,,,,,,
"Açúcar, refinado",,,,,,,,23,,,4,,,,,,,,,,,,,,,,,,,,,,,,,,,,,,,,,,,,,,
"Açúcar, refinado, (média diferentes amostras)",,,,,,,,,,,,,,,,,,,,,,,,,,,,,,,,,,,,,,,,,,,,,,,,,
Ades light,FRUTAS/SUCOS/VITAMINAS,,,,,,,,,,,,,150,240,300,,,,,,,,,,,,,,,,,,,200,,,,,,,,,,,,,,
Ades original,FRUTAS/SUCOS/VITAMINAS,,,,,,,,,,,,,150,240,300,,,,,,,,,,,,,,,,,,,200,,,,,,,,,,,,,,
Ades® (sabor abacaxi),,,,,,,,,,,,,,150,240,300,,,,,,,,,,,,,,,,,,,200,,,,,,,,,,,,,,
Ades® (sabor laranja),,,,,,,,,,,,,,150,240,300,,,,,,,,,,,,,,,,,,,200,,,,,,,,,,,,,,
Ades® (sabor maçã),,,,,,,,,,,,,,150,240,300,,,,,,,,,,,,,,,,,,,200,,,,,,,,,,,,,,
Ades® (sabor maracujá),,,,,,,,,,,,,,150,240,300,,,,,,,,,,,,,,,,,,,200,,,,,,,,,,,,,,
Ades® (sabor pêssego),,,,,,,,,,,,,,150,240,300,,,,,,,,,,,,,,,,,,,200,,,,,,,,,,,,,,
Ades® (sabor uva),,,,,,,,,,,,,,150,240,300,,,,,,,,,,,,,,,,,,,200,,,,,,,,,,,,,,
Adoçante artificial,ADOÇANTES,,,,,,,,,,,,,,,,,,,,,,,,,,,,,,,,,,,,,,,,,,,,,,,,
Adoçante culinário em pó -Linea Sucralose®,,,,,,,,,,,,,,,,,,,,,,,,,,,,,,,,,,,,,,,,,,,,,,,,,
Adoçante em pó - DoceMenor®,,,,,,,,,,,,,,,,,,,,,,,,,,,,,,,,,,,,,,,,,,,,,,,,,
Adoçante em pó - Zero Cal®,,,,,,,,,,,,,,,,,,,,,,,,,,,,,,,,,,,,,,,,,,,,,,,,,
Adoçante em pó (aspartame)- Finn®,,,,,,,,,,,,,,,,,,,,,,,,,,,,,,,,,,,,,,,,,,,,,,,,,
Adoçante em pó (stevia) -Finn®,,,,,,,,,,,,,,,,,,,,,,,,,,,,,,,,,,,,,,,,,,,,,,,,,
Adoçante em pó (sucralose)- Finn®,,,,,,,,,,,,,,,,,,,,,,,,,,,,,,,,,,,,,,,,,,,,,,,,,
Adoçante em pó -Aspasweet®,,,,,,,,,,,,,,,,,,,,,,,,,,,,,,,,,,,,,,,,,,,,,,,,,
Adoçante em pó frutose -Doce menor®,,,,,,,,,,,,,,,,,,,,,,,,,,,,,,,,,,,,,,,,,,,,,,,,,
Adoçante em pó light,ADOÇANTES,,,,,,,,,,,,,,,,,,,,,,,,,,,,,,,,,,,,,,,,,,,,,,,,
Adoçante em pó -Tal &Qual®,,,,,,,,,,,,,,,,,,,,,,,,,,,,,,,,,,,,,,,,,,,,,,,,,
Adoçante granular sucralose- Linea®,,,,,,,,,,,,,,,,,,,,,,,,,,,,,,,,,,,,,,,,,,,,,,,,,
Adoçante light,ADOÇANTES,,,,,,,,,,,,,,,,,,,,,,,,,,,,,,,,,,,,,,,,,,,,,,,,
Adoçante líquido - DoceMenor®,,,,,,,,,,,,,,,,,,,,,,,,,,,,,,,,,,,,,,,,,,,,,,,,,
Adoçante líquido - Linea®,,,,,,,,,,,,,,,,,,,,,,,,,,,,,,,,,,,,,,,,,,,,,,,,,
Adoçante líquido - Zero cal®,,,,,,,,,,,,,,,,,,,,,,,,,,,,,,,,,,,,,,,,,,,,,,,,,
Adoçante liquido light,ADOÇANTES,,,,,,,,,,,,,,,,,,,,,,,,,,,,,,,,,,,,,,,,,,,,,,,,
Agrião (IBGE),HORTALIÇAS,,,,,38,50,7,,,,,,,,,7,,,80,80,,,,,,,,,,,,,,,,5,,,,,,,,,,,,
Agrião (Tucunduva),,,,,,38,50,7,,,,,,,,,7,,,80,80,,,,,,,,,,,,,,,,5,,,,,,,,,,,,
Agrião (talo),,,,,,,,,,,,,,,,,,,,,,,,,,,,,,,,,,,,,,,,,,,,,,,,,
Agrião ao vinagrete,HORTALIÇAS,,,,,38,50,7,,,,,,,,,7,,,80,80,,,,,,,,,,,,,,,,5,,,,,,,,,,,,
Agrião cozido(a),HORTALIÇAS,,,,,38,50,7,,,,,,,,,7,,,80,80,,,,,,,,,,,,,,,,5,,,,,,,,,,,,
Agrião cru(a),HORTALIÇAS,,,,,38,50,7,,,,,,,,,7,,,80,80,,,,,,,,,,,,,,,,5,,,,,,,,,,,,
Agrião ensopado,HORTALIÇAS,,,,,38,50,7,,,,,,,,,7,,,80,80,,,,,,,,,,,,,,,,5,,,,,,,,,,,,
"Agrião, cru",,,,,,38,50,7,,,,,,,,,7,,,80,80,,,,,,,,,,,,,,,,,,,,,,,,,,,,
Água,,,,,,,,,,,,,,,,,,,,,,,,,,,,,,,,,,,,,,,,,,,,,,,,,
Água com gás - Prata®,,,,,,,,,,,,,,,,,,,,,,,,,,,,,,,,,,,,,,,,,,,,,,,,,
Água de coco (IBGE),FRUTAS/SUCOS/VITAMINAS,,,,,,,,,,,,,150,240,300,,,,,,,,,,,,,,,,,,,200,300,,,,,,,,,,,,,
Água de coco (Tucunduva),,,,,,,,,,,,,,150,240,300,,,,,,,,,,,,,,,,,,,200,300,,,,,,,,,,,,,
Água de coco - Ducôco0,,,,,,,,,,,,,,150,240,300,,,,,,,,,,,,,,,,,,,200,300,,,,,,,,,,,,,
Água de coco - Kero Coco®,,,,,,,,,,,,,,150,240,300,,,,,,,,,,,,,,,,,,,200,300,,,,,,,,,,,,,
Água de coco - Socôco®,,,,,,,,,,,,,,150,240,300,,,,,,,,,,,,,,,,,,,200,300,,,,,,,,,,,,,
Água de coco -Trairi®,,,,,,,,,,,,,,150,240,300,,,,,,,,,,,,,,,,,,,200,300,,,,,,,,,,,,,
Água tônica - Antartica®,,,,,,,,,,,,,,150,240,300,,,,,,,,,,,,,,,,,,,,,,,,,,,,,,,,,
Água tônica citrus - Schweppes®,,,,,,,,,,,,,,150,240,300,,,,,,,,,,,,,,,,,,,,,,,,,,,,,,,,,
Água tonica diet,BEBIDAS,,,,,,,,,,,,,150,240,300,,,,,,,,,,,,,,,,,,,,,,,,,,,,,,,,,
Água tônica diet - Antartica®,,,,,,,,,,,,,,150,240,300,,,,,,,,,,,,,,,,,,,,,,,,,,,,,,,,,
Água tonica light,BEBIDAS,,,,,,,,,,,,,150,240,300,,,,,,,,,,,,,,,,,,,,,,,,,,,,,,,,,
Água tonica tradicional,BEBIDAS,,,,,,,,,,,,,150,240,300,,,,,,,,,,,,,,,,,,,,,,,,,,,,,,,,,
Aguardente,BEBIDAS,,,,,,,,,,,,,,,,,,,,,,,,,,,,,,,,,,,,,,,,,,,,,,,,
Agulha (acém) assado(a),CARNE BOVINA,100,100,90,35,75,70,30,140,70,,,,,,,,,,,,,,,,,,,,,,,,,,,,,,,,,,,,,,,
Agulha (acém) cozido(a),CARNE BOVINA,100,100,90,35,75,70,30,140,70,,,,,,,,,,,,,,,,,,,,,,,,,,,,,,,,,,,,,,,
Agulha (acém) frito(a),CARNE BOVINA,100,100,90,35,75,70,30,140,70,,,,,,,,,,,,,,,,,,,,,,,,,,,,,,,,,,,,,,,
Aipim,TUBERCULOS,,,100,100,128,60,30,120,60,,,15,,,,,,,,,,,,,,,,,,,,,,,,,,,,,,,,,,,,
Aipim assado(a),TUBERCULOS,,,100,100,128,60,30,120,60,,,15,,,,,,,,,,,,,,,,,,,,,,,,,,,,,,,,,,,,
Aipim com manteiga/oleo,TUBERCULOS,,,100,100,128,60,30,120,60,,,15,,,,,,,,,,,,,,,,,,,,,,,,,,,,,,,,,,,,
Aipim cozido(a),TUBERCULOS,,,100,100,128,60,30,120,60,,,15,,,,,,,,,,,,,,,,,,,,,,,,,,,,,,,,,,,,
Aipim empanado(a)/a milanesa,TUBERCULOS,,,100,100,128,60,30,120,60,,,15,,,,,,,,,,,,,,,,,,,,,,,,,,,,,,,,,,,,
Aipim ensopado,TUBERCULOS,,,100,100,128,60,30,120,60,,,15,,,,,,,,,,,,,,,,,,,,,,,,,,,,,,,,,,,,
Aipim frito(a),TUBERCULOS,,,100,100,128,60,30,120,60,,,15,,,,,,,,,,,,,,,,,,,,,,,,,,,,,,,,,,,,
Aipim molho vermelho,TUBERCULOS,,,100,100,128,60,30,120,60,,,15,,,,,,,,,,,,,,,,,,,,,,,,,,,,,,,,,,,,
Aipim refogado(a),TUBERCULOS,,,100,100,128,60,30,120,60,,,15,,,,,,,,,,,,,,,,,,,,,,,,,,,,,,,,,,,,
Aipim sopa,SOPAS/CALDOS/MINGAUS,,,100,100,128,60,30,120,60,,,15,,,,,,,,,,,,,,,,,,,,,,,,,,,,,,,,,,,,
Aipo (cozido),,,,,15,,,,,,,,,,,,,,,,,,,,,,,,,,,,,,,,,,,,,,,,,,,,
Aipo (cru),,,,,15,,,,,,,,,,,,,,,,,,,,,,,,,,,,,,,,,,,,,,,,,,,,
"Aipo, cru",,,,,15,,,,,,,,,,,,,,,,,,,,,,,,,,,,,,,,,,,,,,,,,,,,
Ajinomoto»,,,,,,,,,,,,,,,,,,,,,,,,,,,,,,,,,,,,,,,,,,,,,,,,,
Aji-sal®,,,,,,,,,,,,,,,,,,,,,,,,,,,,,,,,,,,,,,,,,,,,,,,,,
Alcachofra,HORTALIÇAS,,,,,,,,,,,,,,,,,,,,,,,,,,,,,140,,,,,,,,,,,,,,,,,,,
Alcachofra (cozida),,,,,,,,,,,,,,,,,,,,,,,,,,,,,,140,,,,,,,,,,,,,,,,,,,
Alcachofra cozida (coração),,,,,,,,,,,,,,,,,,,,,,,,,,,,,,140,,,,,,,,,,,,,,,,,,,
"Alcachofra, cozida, drenada, s/ sal, Cynara scolymus",,,,,,,,,,,,,,,,,,,,,,,,,,,,,,,,,,,,,,,,,,,,,,,,,
Alcaparra em conserva,CONSERVAS,,,,,,,,,,,,,,,,,,,,,,,,,,,,,,,,,,,,,,,,,,,,,,,,
Alcaravia seca,,,,,,,,,,,,,,,,,,,,,,,,,,,,,,,,,,,,,,,,,,,,,,,,,
Alcatra  cozido(a),CARNE BOVINA,100,100,90,35,75,70,30,140,70,,,,,,,,,,,,,,,,,,,,,,,,,,,,,,,,,,,,,,,
Alcatra (crua) - carne bovina,,100,100,90,35,75,70,30,140,70,,,,,,,,,,,,,,,,,,,,,,,,,,,,,,,,,,,,,,,
Alcatra ao vinagrete,CARNE BOVINA,100,100,90,35,75,70,30,140,70,,,,,,,,,,,,,,,,,,,,,,,,,,,,,,,,,,,,,,,
Alcatra assado(a),CARNE BOVINA,100,100,90,35,75,70,30,140,70,,,,,,,,,,,,,,,,,,,,,,,,,,,,,,,,,,,,,,,
Alcatra cru(a),CARNE BOVINA,100,100,90,35,75,70,30,140,70,,,,,,,,,,,,,,,,,,,,,,,,,,,,,,,,,,,,,,,
Alcatra empanado(a)/a milanesa,CARNE BOVINA,100,100,90,35,75,70,30,140,70,,,,,,,,,,,,,,,,,,,,,,,,,,,,,,,,,,,,,,,
Alcatra ensopado,CARNE BOVINA,100,100,90,35,75,70,30,140,70,,,,,,,,,,,,,,,,,,,,,,,,,,,,,,,,,,,,,,,
Alcatra frito(a),CARNE BOVINA,100,100,90,35,75,70,30,140,70,,,,,,,,,,,,,,,,,,,,,,,,,,,,,,,,,,,,,,,
Alcatra grelhado(a)/brasa/churrasco,CARNE BOVINA,100,100,90,35,75,70,30,140,70,,,,,,,,,,,,,,,,,,,,,,,,,,,,,,,,,,,,,,,
Alcatra molho vermelho,CARNE BOVINA,100,100,90,35,75,70,30,140,70,,,,,,,,,,,,,,,,,,,,,,,,,,,,,,,,,,,,,,,
Alcatra refogado(a),CARNE BOVINA,100,100,90,35,75,70,30,140,70,,,,,,,,,,,,,,,,,,,,,,,,,,,,,,,,,,,,,,,
Alcatra sem capa de gordura(crua) - carne bovina,,100,100,90,35,75,70,30,140,70,,,,,,,,,,,,,,,,,,,,,,,,,,,,,,,,,,,,,,,
Alcatra suína  frito(a),CARNE BOVINA,100,100,90,35,75,70,30,140,70,,,,,,,,,,,,,,,,,,,,,,,,,,,,,,,,,,,,,,,
Alcatra suína assado(a),CARNE BOVINA,100,100,90,35,75,70,30,140,70,,,,,,,,,,,,,,,,,,,,,,,,,,,,,,,,,,,,,,,
Alcatra suína cozido(a),CARNE BOVINA,100,100,90,35,75,70,30,140,70,,,,,,,,,,,,,,,,,,,,,,,,,,,,,,,,,,,,,,,
Alecrim seco,,,,,,,,,,,,,,,,,,,,,,,,,,,,,,,,,,,,,,,,,,,,,,,,,
Alface,HORTALIÇAS,,,,,27,16,8,32,,,,,,,,8,,,60,50,,,,,,,,,200,130,,,,,,10,,,,,,,,,,,,
Alface orgânica,HORTALIÇAS,,,,,27,16,8,32,,,,,,,,8,,,60,50,,,,,,,,,200,130,,,,,,10,,,,,,,,,,,,
"Alface, americana, crua",,,,,,27,16,8,32,,,,,,,,8,,,60,50,,,,,,,,,200,130,,,,,,10,,,,,,,,,,,,
"Alface, crespa, crua",,,,,,27,16,8,32,,,,,,,,8,,,60,50,,,,,,,,,200,130,,,,,,10,,,,,,,,,,,,
"Alface, lisa, crua",,,,,,27,16,8,32,,,,,,,,8,,,60,50,,,,,,,,,200,130,,,,,,10,,,,,,,,,,,,
"Alface, roxa, crua",,,,,,27,16,8,32,,,,,,,,8,,,60,50,,,,,,,,,200,130,,,,,,10,,,,,,,,,,,,
Alface-americana,,,,,,27,16,8,32,,,,,,,,8,,,60,50,,,,,,,,,200,130,,,,,,10,,,,,,,,,,,,
Alface-crespa,,,,,,27,16,8,32,,,,,,,,8,,,60,50,,,,,,,,,200,130,,,,,,10,,,,,,,,,,,,
Alface-lisa,,,,,,27,16,8,32,,,,,,,,8,,,60,50,,,,,,,,,200,130,,,,,,10,,,,,,,,,,,,
Alface-romana,,,,,,27,16,8,32,,,,,,,,8,,,60,50,,,,,,,,,200,130,,,,,,10,,,,,,,,,,,,
Alfajores (biscoito),AÇUCARES/CONFEITARIA,,,,,,,,,,,,,,,,,,,,,,,,,,,,,,,,,,,,,,,,,,,,,,,,
Alfajores (biscoito) light,AÇUCARES/CONFEITARIA,,,,,,,,,,,,,,,,,,,,,,,,,,,,,,,,,,,,,,,,,,,,,,,,
"Alfavaca, crua",,,,,,,,,,,,,,,,,,,,,,,,,,,,,,,,,,,,,,,,,,,,,,,,,
Alfenim de cana,AÇUCARES/CONFEITARIA,,,,,,,,,,,,,,,,,,,,,,,,,,,,,,,,,,,,,,,,,,,,,,,,
Alga marinha desidratada(hijiki) - Sogohras®,,,,,,,,,,,,,,,,,,,,,,,,,,,,,,,,,,,,,,,,,,,,,,,,,
Algodão-doce,AÇUCARES/CONFEITARIA,,,,,,,,,,,,,,,,,,,,,,,,,,,,,,,,,,,,,,,,,,,,,,,,
Alho (IBGE),HORTALIÇAS,,,,,,,,,,,,,,,,,,,,,,,,,,,,,4,,,,,,,,,,,,,,,,,,,
Alho (Tucunduva),,,,,,,,,,,,,,,,,,,,,,,,,,,,,,4,,,,,,,,,,,,,,,,,,,
Alho granulado - Liguanotto®,,,,,,,,,,,,,,,,,,,,,,,,,,,,,,,,,,,,,,,,,,,,,,,,,
Alho poró,HORTALIÇAS,,,,,15,,,,,,,,,,,,,,,,,,,,,,,,,,,,,,,,,,,,,,,,,,,
"Alho, cru",,,,,,,,,,,,,,,,,,,,,,,,,,,,,,4,,,,,,,,,,,,,,,,,,,
Alho-poró,,,,,,15,,,,,,,,,,,,,,,,,,,,,,,,,,,,,,,,,,,,,,,,,,,
"Alho-poró, cru",,,,,,15,,,,,,,,,,,,,,,,,,,,,,,,,,,,,,,,,,,,,,,,,,,
All Bran - Kelfogg's®,,,,,,,,,,,,,,,,,,,,,,,,,,,,,,,,,,,,,,,,,,,,,,,,,
Almeirão,,,,,,27,50,25,,,,,,,,,,,,48,24,,,,,,,,,,,,,,,,12,,,,,,,,,,,,
Almeirão ao vinagrete,HORTALIÇAS,,,,,27,50,25,,,,,,,,,,,,48,24,,,,,,,,,,,,,,,,12,,,,,,,,,,,,
Almeirão cozido(a),HORTALIÇAS,,,,,27,50,25,,,,,,,,,,,,48,24,,,,,,,,,,,,,,,,12,,,,,,,,,,,,
Almeirão cru(a),HORTALIÇAS,,,,,27,50,25,,,,,,,,,,,,48,24,,,,,,,,,,,,,,,,12,,,,,,,,,,,,
Almeirão refogado(a),HORTALIÇAS,,,,,27,50,25,,,,,,,,,,,,48,24,,,,,,,,,,,,,,,,12,,,,,,,,,,,,
"Almeirão, cru",,,,,,27,50,25,,,,,,,,,,,,48,24,,,,,,,,,,,,,,,,12,,,,,,,,,,,,
"Almeirão, refogado",,,,,,27,50,25,,,,,,,,,,,,48,24,,,,,,,,,,,,,,,,12,,,,,,,,,,,,
Almôndega,CARNES INDUSTRIALIDAS,,,,,,,,,,,,,,,,,,,,,,,,,,,,,,,,,,,,,,,,,,,,,,,,
Almôndega (frita) - carnebovina,,,,,,,,,,,,,,,,,,,,,,,,,,,,,,,,,,,,,,,,,,,,,,,,,
Almôndega ao molho em conserva,CONSERVAS,,,,,,,,,,,,,,,,,,,,,,,,,,,,,,,,,,,,,,,,,,,,,,,,
Almôndega bovina congelada- Sadia®,,,,,,,,,,,,,,,,,,,,,,,,,,,,,,27,,,,,,,,,,,,,,,,,,,
Almôndega com molho detomate - carne bovina,,,,,,,,,,,,,,,,,,,,,,,,,,,,,,27,,,,,,,,,,,,,,,,,,,
Almôndega de frangocongelada - Sadia®,,,,,,,,,,,,,,,,,,,,,,,,,,,,,,27,,,,,,,,,,,,,,,,,,,
"Almôndega, ave, crua",,,,,,,,,,,,,,,,,,,,,,,,,,,,,,27,,,,,,,,,,,,,,,,,,,
"Almôndega, boi, crua, ""Sadia""",,,,,,,,,,,,,,,,,,,,,,,,,,,,,,27,,,,,,,,,,,,,,,,,,,
"Almôndega, boi, frita",,,,,,,,,,,,,,,,,,,,,,,,,,,,,,27,,,,,,,,,,,,,,,,,,,
"Almôndega, carne, crua",,,,,,,,,,,,,,,,,,,,,,,,,,,,,,27,,,,,,,,,,,,,,,,,,,
"Almôndega, frango, crua, ""Sadia""",,,,,,,,,,,,,,,,,,,,,,,,,,,,,,27,,,,,,,,,,,,,,,,,,,
Aluá de abacaxi,,,,,,,,,,,,,,,,,,,,,,,,,,,,,,,,,,,,,,,,,,,,,,,,,
Aluá goiano,,,,,,,,,,,,,,,,,,,,,,,,,,,,,,,,,,,,,,,,,,,,,,,,,
Amaciante de carnes -Maggi®,,,,,,,,,,,,,,,,,,,,,,,,,,,,,,,,,,,,,,,,,,,,,,,,,
"Amaranto, grão, cozido, Amaranthus cruentus L.",,,,,,,,,,,,,,,,,,,,,,,,,,,,,,,,,,,,,,,,,,,,,,,,,
"Amaranto, grão, cru, Amaranthus cruentus L.",,,,,,,,,,,,,,,,,,,,,,,,,,,,,,,,,,,,,,,,,,,,,,,,,
Ambrosia (IBGE),AÇUCARES/CONFEITARIA,,,,,,,,,,,,,,,,,,,,,,,,,,,,,,,,,,,,,,,,,,,,,,,,
Ambrosia (Tucunduva),,,,,,,,,,,,,,,,,,,,,,,,,,,,,,,,,,,,,,,,,,,,,,,,,
Ameixa,FRUTAS/SUCOS/VITAMINAS,,,,,50,,,,,,,,,,,,,,,,,,,,,,,,7,,,,,,,,,,,,,,,,,,,
"Ameixa, calda, enlatada ",,,,,,,,,,,,,,,,,,,,,,,,,,,,,,,,,,,,,,,,,,,,,,,,,
"Ameixa, crua",,,,,,50,,,,,,,,,,,,,,,,,,,,,,,,7,,,,,,,,,,,,,,,,,,,
"Ameixa, em calda, enlatada, drenada ",,,,,,,,,,,,,,,,,,,,,,,,,,,,,,,,,,,,,,,,,,,,,,,,,
"Ameixa, in natura, Prunus domestica",,,,,,50,,,,,,,,,,,,,,,,,,,,,,,,,,,,,,,,,,,,,,,,,,,
Ameixa-preta seca,,,,,,50,,,,,,,,,,,,,,,,,,,,,,,,7,,,,,,,,,,,,,,,,,,,
Ameixa-preta sem caroço -Celmar®,,,,,,50,,,,,,,,,,,,,,,,,,,,,,,,7,,,,,,,,,,,,,,,,,,,
Ameixa-vermelha,,,,,,50,,,,,,,,,,,,,,,,,,,,,,,,16,,,,,,,,,,,,,,,,,,,
Amendoa,OLEAGINOSAS,,,,,,,15,,,,,,,,,,,,,,,,,,,,,,1,,,,,,,,,,,,,,,,,,,
Amêndoa,,,,,,,,15,,,,,,,,,,,,,,,,,,,,,,1,,,,,,,,,,,,,,,,,,,
Amêndoa torrada com sal,,,,,,,,15,,,,,,,,,,,,,,,,,,,,,,1,,,,,,,,,,,,,,,,,,,
Amêndoa torrada sem sal,,,,,,,,15,,,,,,,,,,,,,,,,,,,,,,1,,,,,,,,,,,,,,,,,,,
"Amêndoa, crua, s/ sal, Prunua amygdalus L.",,,,,,,,15,,,,,,,,,,,,,,,,,,,,,,1,,,,,,,,,,,,,,,,,,,
"Amêndoa, torrada, c/ sal, Ara?bic amygdalu var. Dulcis",,,,,,,,15,,,,,,,,,,,,,,,,,,,,,,1,,,,,,,,,,,,,,,,,,,
"Amêndoa, torrada, salgada",,,,,,,,15,,,,,,,,,,,,,,,,,,,,,,1,,,,,,,,,,,,,,,,,,,
Amêndoas - Mr. Va I leyQualitá®,,,,,,,,15,,,,,,,,,,,,,,,,,,,,,,1,,,,,,,,,,,,,,,,,,,
Amendocrem - Fugini®,,,,,,,,,,,,,,,,,,,,,,,,,,,,,,,,,,,,,,,,,,,,,,,,,
Amendoim (em grão) (in natura),OLEAGINOSAS,,,,,9,,17,65,,,,,,,,,,,,,,,,,,,,,1,,,,30,,,,,,,,,,,,,,,
Amendoim achocolatado,AÇUCARES/CONFEITARIA,,,,,,,,,,,,,,,,,,,,,,,,,,,,,,,,,,,,,,,,,,,,,,,,
Amendoim amanteigado,AÇUCARES/CONFEITARIA,,,,,,,,,,,,,,,,,,,,,,,,,,,,,,,,,,,,,,,,,,,,,,,,
Amendoim amanteigado diet,AÇUCARES/CONFEITARIA,,,,,,,,,,,,,,,,,,,,,,,,,,,,,,,,,,,,,,,,,,,,,,,,
Amendoim apimentado,AÇUCARES/CONFEITARIA,,,,,,,,,,,,,,,,,,,,,,,,,,,,,,,,,,,,,,,,,,,,,,,,
Amendoim caramelizado,AÇUCARES/CONFEITARIA,,,,,,,,,,,,,,,,,,,,,,,,,,,,,,,,,,,,,,,,,,,,,,,,
Amendoim com pele (cru),,,,,,9,,17,65,,,,,,,,,,,,,,,,,,,,,1,,,,30,,,,,,,,,,,,,,,
Amendoim cozido,OLEAGINOSAS,,,,,32,,16,64,,,,,,,,,,,,,,,,,,,,,,,,,17,,,,,,,,,,,,,,,
Amendoim moido,OLEAGINOSAS,,,,,9,,15,,,,,,,,,,,,,,,,,,,,,,,,,,,,,,,,,,,,,,,,,
Amendoim tipo japonês -Dori®,,,,,,,,,,,,,,,,,,,,,,,,,,,,,,,,,,,,,,,,,,,,,,,,,
Amendoim torrado com sal,,,,,,,,15,,,,,,,,,,,,,,,,,,,,,,,,,,,,,,,,,,,,,,,,,
Amendoim torrado e salgado- Dori®,,,,,,,,15,,,,,,,,,,,,,,,,,,,,,,,,,,,,,,,,,,,,,,,,,
"Amendoim, grão, cru",,,,,,9,,17,65,,,,,,,,,,,,,,,,,,,,,1,,,,30,,,,,,,,,,,,,,,
"Amendoim, grão, cru, Arachis hypogaea L.",,,,,,9,,17,65,,,,,,,,,,,,,,,,,,,,,1,,,,30,,,,,,,,,,,,,,,
"Amendoim, torrado, c/ sal, Arachis hypogaea L.",,,,,,,,,,,,,,,,,,,,,,,,,,,,,,,,,,,,,,,,,,,,,,,,,
"Amendoim, torrado, salgado",,,,,,,,15,,,,,,,,,,,,,,,,,,,,,,,,,,,,,,,,,,,,,,,,,
Americano,,,,,,,,,,,,,,,,,,,,,,,,,,,,,,,,,,,,,,,,,,,,,,,,,
Amido de arroz,FARINHAS/FÉCULAS/MASSAS,,,,,,55,37,110,,,,,,,,,,,,,,,,,,,,,,,,,,,,,,,,,,,,,,,,
Amido de milho,FARINHAS/FÉCULAS/MASSAS,,,,,,55,37,110,,,,,,,,,,,,,,,,,,,,,,,,,,,,,,,,,,,,,,,,
Amido de milho -Ma izena®,,,,,,,55,37,110,,,,,,,,,,,,,,,,,,,,,,,,,,,,,,,,,,,,,,,,
Amidomil (bolinho),AÇUCARES/CONFEITARIA,,,,,,,,,,,,,,,,,,,,,,,,,,,,,,,,,,,,,,,,,,,,,,,,
Amora (IBGE),FRUTAS/SUCOS/VITAMINAS,,,,,,,10,,,,,,,,,,,,,,,,,,,,,,,,,,,,,,,,,,,,,,,,,
Amora (Tucunduva),,,,,,,,10,,,,,,,,,,,,,,,,,,,,,,,,,,,,,,,,,,,,,,,,,
Amora congelada -DeMarchi®,,,,,,,,,,,,,,,,,,,,,,,140,,,,,,,,,,,,,,,,,,,,,,,,,,
"Amora preta, crua, Rubus ssp.",,,,,,,,,,,,,,,,,,,,,,,,,,,,,,,,,,,,,,,,,,,,,,,,,
Anamix Infant MMA/PA,,,,,,,,,,,,,,,,,,,,,,,,,,,,,,,,,,,,,,,,,,,,,,,,,
Anamix Infant TYR,,,,,,,,,,,,,,,,,,,,,,,,,,,,,,,,,,,,,,,,,,,,,,,,,
Ananas,FRUTAS/SUCOS/VITAMINAS,,,,,,,,,,,,,,,,,,,,,,,,,,,,,,,,,,,,,,,,,,,,,,,,
Anchova,,,,,,,,,,,,,,,,,,,,,,,,,,,,,,,,,,,,,,,,,,,,,,,,,
Andu,LEGUMINOSAS,,,,,,,17,140,,,,,,,,,,,,140,,,,,,,,,,,,,,,,,,,,,,,,,,,,
Angu a baiana,SOPAS/CALDOS/MINGAUS,,,,,,,,,,,,,,,,,,,,,,,,,,,,,,,,,,,,,,,,,,,,,,,,
Angu de milho,SOPAS/CALDOS/MINGAUS,,,,,,,,,,,,,,,,,,,,,,,,,,,,,,,,,,,,,,,,,,,,,,,,
Angu de milho verde,,,,,,,,,,,,,,,,,,,,,,,,,,,,,,,,,,,,,,,,,,,,,,,,,
Angu frito,SOPAS/CALDOS/MINGAUS,,,,,,,,,,,,,,,,,,,,,,,,,,,,,,,,,,,,,,,,,,,,,,,,
Angusor de milho,FARINHAS/FÉCULAS/MASSAS,,,,60,,,,,,,,,,,,,,,,,,,,,,,,,,,,,,,,,,,,,,,,,,,,
Apresuntado (IBGE),CARNES INDUSTRIALIDAS,,,15,,,,,,,,,,,,,,,,,,,,,,,,,,,,,,,,,,,,,,,,,,,,,
Apresuntado (TACO),,,,15,,,,,,,,,,,,,,,,,,,,,,,,,,,,,,,,,,,,,,,,,,,,,
Apresuntado (Tucunduva),,,,15,,,,,,,,,,,,,,,,,,,,,,,,,,,,,,,,,,,,,,,,,,,,,
"Apresuntado, cozido",,,,15,,,,,,,,,,,,,,,,,,,,,,,,,,,,,,,,,,,,,,,,,,,,,
"Apresuntado, cozido, fatiado, ""Sadia""",,,,15,,,,,,,,,,,,,,,,,,,,,,,,,,,,,,,,,,,,,,,,,,,,,
"Apresuntado, metro, Seara",,,,15,,,,,,,,,,,,,,,,,,,,,,,,,,,,,,,,,,,,,,,,,,,,,
"Apresuntado, retangular, Seara",,,,15,,,,,,,,,,,,,,,,,,,,,,,,,,,,,,,,,,,,,,,,,,,,,
Aptamii 1 - Danone0,,,,,,,,,,,,,,,,,,,,,,,,,,,,,,,,,,,,,,,,,,,,,,,,,
Aptamil 2 - Danone®,,,,,,,,,,,,,,,,,,,,,,,,,,,,,,,,,,,,,,,,,,,,,,,,,
Aptamil 3 - Danone®,,,,,,,,,,,,,,,,,,,,,,,,,,,,,,,,,,,,,,,,,,,,,,,,,
Aptamil sem lactose -Danone®,,,,,,,,,,,,,,,,,,,,,,,,,,,,,,,,,,,,,,,,,,,,,,,,,
Aptamil soja 1 - Danone®,,,,,,,,,,,,,,,,,,,,,,,,,,,,,,,,,,,,,,,,,,,,,,,,,
Araça,FRUTAS/SUCOS/VITAMINAS,,,,,,,,,,,,,,,,,,,,,,,,,,,,,,,,,,,,,,,,,,,,,,,,
Araca acu (goiaba),FRUTAS/SUCOS/VITAMINAS,,,,,,,,,,,,,,,,,,,,,,,,,,,,,,,,,,,,,,,,,,,,,,,,
Arenque (cru),,,,,,,,,,,,,,,,,,,,,,,,,,,,,,,,,,,,,,,,,,,,,,,,,
Arenque (defumado),,,,,,,,,,,,,,,,,,,,,,,,,,,,,,,,,,,,,,,,,,,,,,,,,
Arrasto suíno,OUTRAS CARNES,100,100,90,35,75,70,30,140,70,,,,,,,,,,,,,,,,,,,,,,,,,,,,,,,,,,,,,,,
Arroz  orgânico,CEREAIS,,,,,,45,25,100,85,6,3,12,100,200,200,25,100,50,200,100,100,100,,,,,,,,,,,,,,,,,,,,,,,,,,
"Arroz (polido, parboilizado, agulha, agulhinha, etc)",CEREAIS,,,,,,45,25,100,85,6,3,12,100,200,200,25,100,50,200,100,100,100,,,,,,,,,,,,,,,,,,,,,,,,,,
Arroz + Vita (cru) - Tio João®,,,,,,,,,,,,,,,,,,,,,,,,,,,,,,,,,,,,,,,,,,,,,,,,,
Arroz a grega,ALIMENTOS PREPARADOS,,,,,,,,,,,,,,,,,,,,,,,,,,,,,,,,,,,,,,,,,,,,,,,,
Arroz branco (cozido),,,,,,,45,25,100,85,6,3,12,100,200,200,25,100,50,200,100,100,100,,,,,,,,,,,,,,,,,,,,,,,,,,
Arroz branco (cru),,,,,,,45,25,100,85,6,3,12,100,200,200,25,100,50,200,100,100,100,,,,,,,,,,,,,,,,,,,,,,,,,,
Arroz carreteiro (IBGE),ALIMENTOS PREPARADOS,,,,,,,,,,,,,,,,,,,,,,,,,,,,,,,,,,,,,,,,,,,,,,,,
Arroz carreteiro (TACO),,,,,,,,,,,,,,,,,,,,,,,,,,,,,,,,,,,,,,,,,,,,,,,,,
Arroz carreteiro (TBCA),,,,,,,,,,,,,,,,,,,,,,,,,,,,,,,,,,,,,,,,,,,,,,,,,
Arroz com feijão,LEGUMINOSAS,,,,,,,,,,,,,,,,,,,,,,,,,,,,,,,,,,,,,,,,,,,,,,,,
Arroz com guariroba,,,,,,,,,,,,,,,,,,,,,,,,,,,,,,,,,,,,,,,,,,,,,,,,,
Arroz com jurubeba,,,,,,,,,,,,,,,,,,,,,,,,,,,,,,,,,,,,,,,,,,,,,,,,,
Arroz com lentilhas,,,,,,,,,,,,,,,,,,,,,,,,,,,,,,,,,,,,,,,,,,,,,,,,,
Arroz com mandioca,ALIMENTOS PREPARADOS,,,,,,,,,,,,,,,,,,,,,,,,,,,,,,,,,,,,,,,,,,,,,,,,
Arroz com ovo,ALIMENTOS PREPARADOS,,,,,,,,,,,,,,,,,,,,,,,,,,,,,,,,,,,,,,,,,,,,,,,,
Arroz com pequi,,,,,,,,,,,,,,,,,,,,,,,,,,,,,,,,,,,,,,,,,,,,,,,,,
Arroz de cuxa,ALIMENTOS PREPARADOS,,,,,,,,,,,,,,,,,,,,,,,,,,,,,,,,,,,,,,,,,,,,,,,,
Arroz de cuxá,,,,,,,,,,,,,,,,,,,,,,,,,,,,,,,,,,,,,,,,,,,,,,,,,
Arroz de leite (IBGE),ALIMENTOS PREPARADOS,,,,,,,,,,,,,,,,,,,,,,,,,,,,,,,,,,,,,,,,,,,,,,,,
Arroz de leite (Tucunduva),,,,,,,,,,,,,,,,,,,,,,,,,,,,,,,,,,,,,,,,,,,,,,,,,
Arroz integral,CEREAIS,,,,,,45,25,100,85,6,3,12,100,200,200,25,100,50,200,100,100,100,,,,,,,,,,,,,,,,,,,,,,,,,,
Arroz integral (cozido),,,,,,,45,25,100,85,6,3,12,100,200,200,25,100,50,200,100,100,100,,,,,,,,,,,,,,,,,,,,,,,,,,
Arroz integral (cru),,,,,,,45,25,100,85,6,3,12,100,200,200,25,100,50,200,100,100,100,,,,,,,,,,,,,,,,,,,,,,,,,,
Arroz integral (cru) -Tio João(),,,,,,,45,25,100,85,6,3,12,100,200,200,25,100,50,200,100,100,100,,,,,,,,,,,,,,,,,,,,,,,,,,
Arroz integral orgânico,CEREAIS,,,,,,45,25,100,85,6,3,12,100,200,200,25,100,50,200,100,100,100,,,,,,,,,,,,,,,,,,,,,,,,,,
Arroz integral orgânico (cru) - Tio João(),,,,,,,45,25,100,85,6,3,12,100,200,200,25,100,50,200,100,100,100,,,,,,,,,,,,,,,,,,,,,,,,,,
Arroz integral parboilizaclo - Uncle Ben's0,,,,,,,45,25,100,85,6,3,12,100,200,200,25,100,50,200,100,100,100,,,,,,,,,,,,,,,,,,,,,,,,,,
Arroz japonês Momiji (cru) - Camil®,,,,,,,,,,,,,,,,,,,,,,,,,,,,,,,,,,,,,,,,,,,,,,,,,
Arroz parboilizado (cru) -Tio João®,,,,,,,45,25,100,85,6,3,12,100,200,200,25,100,50,200,100,100,100,,,,,,,,,,,,,,,,,,,,,,,,,,
Arroz primavera legumes - Knorr®*,,,,,,,,,,,,,,,,,,,,,,,,,,,,,,,,,,,,,,,,,,,,,,,,,
Arroz suíço - KnorrO*,,,,,,,,,,,,,,,,,,,,,,,,,,,,,,,,,,,,,,,,,,,,,,,,,
"Arroz, creme, cozido, Orysa sativa L.",,,,,,,,,,,,,,,,,,,,,,,,,,,,,,,,,,,,,,,,,,,,,,,,,
"Arroz, farelo, Orysa sativa L.",,,,,,,,,,,,,,,,,,,,,,,,,,,,,,,,,,,,,,,,,,,,,,,,,
"Arroz, farinha, ""Colombo""",,,,,,,,,,,,,,,,,,,,,,,,,,,,,,,,,,,,,,,,,,,,,,,,,
"Arroz, farinha, crua, (média diferentes marcas)",,,,,,,,,,,,,,,,,,,,,,,,,,,,,,,,,,,,,,,,,,,,,,,,,
"Arroz, integral, cozido",,,,,,,45,25,100,85,6,3,12,100,200,200,25,100,50,200,100,100,100,,,,,,,,,,,,,,,,,,,,,,,,,,
"Arroz, integral, cozido, c/ óleo e temperos, c/ sal",,,,,,,45,25,100,85,6,3,12,100,200,200,25,100,50,200,100,100,100,,,,,,,,,,,,,,,,,,,,,,,,,,
"Arroz, integral, cozido, c/ óleo e temperos, s/ sal",,,,,,,45,25,100,85,6,3,12,100,200,200,25,100,50,200,100,100,100,,,,,,,,,,,,,,,,,,,,,,,,,,
"Arroz, integral, cozido, s/ sal e temperos, Orysa sativa L.",,,,,,,45,25,100,85,6,3,12,100,200,200,25,100,50,200,100,100,100,,,,,,,,,,,,,,,,,,,,,,,,,,
"Arroz, integral, cru",,,,,,,45,25,100,85,6,3,12,100,200,200,25,100,50,200,100,100,100,,,,,,,,,,,,,,,,,,,,,,,,,,
"Arroz, integral, cru, Oryza sativa L., (média diferentes cultivares)",,,,,,,45,25,100,85,6,3,12,100,200,200,25,100,50,200,100,100,100,,,,,,,,,,,,,,,,,,,,,,,,,,
"Arroz, polido, cozido, c/ óleo e temperos, c/ sal",,,,,,,45,25,100,85,6,3,12,100,200,200,25,100,50,200,100,100,100,,,,,,,,,,,,,,,,,,,,,,,,,,
"Arroz, polido, cozido, c/ óleo e temperos, s/ sal",,,,,,,45,25,100,85,6,3,12,100,200,200,25,100,50,200,100,100,100,,,,,,,,,,,,,,,,,,,,,,,,,,
"Arroz, polido, cozido, s/ sal e temperos, Orysa sativa L., (média de diferentes amostras)",,,,,,,45,25,100,85,6,3,12,100,200,200,25,100,50,200,100,100,100,,,,,,,,,,,,,,,,,,,,,,,,,,
"Arroz, polido, cru, Orysa sativa L., (média de diferentes amostras)",,,,,,,45,25,100,85,6,3,12,100,200,200,25,100,50,200,100,100,100,,,,,,,,,,,,,,,,,,,,,,,,,,
"Arroz, tipo 1, cozido",,,,,,,45,25,100,85,6,3,12,100,200,200,25,100,50,200,100,100,100,,,,,,,,,,,,,,,,,,,,,,,,,,
"Arroz, tipo 1, cru",,,,,,,45,25,100,85,6,3,12,100,200,200,25,100,50,200,100,100,100,,,,,,,,,,,,,,,,,,,,,,,,,,
"Arroz, tipo 2, cozido",,,,,,,45,25,100,85,6,3,12,100,200,200,25,100,50,200,100,100,100,,,,,,,,,,,,,,,,,,,,,,,,,,
"Arroz, tipo 2, cru",,,,,,,45,25,100,85,6,3,12,100,200,200,25,100,50,200,100,100,100,,,,,,,,,,,,,,,,,,,,,,,,,,
Arroz-doce (IBGE),AÇUCARES/CONFEITARIA,,,,,,,,,,,,,,,,,,,,,,,,,,,,,,,,,,,,,,,,,,,,,,,,
Arroz-doce (Tucunduva),,,,,,,,,,,,,,,,,,,,,,,,,,,,,,,,,,,,,,,,,,,,,,,,,
Arroz-doce - Quase ProntoC),,,,,,,,,,,,,,,,,,,,,,,,,,,,,,,,,,,,,,,,,,,,,,,,,
Arrozina,FARINHAS/FÉCULAS/MASSAS,,,,,,,,,,,,,,230,,,,,,,,,,,,,,,,,,,,,,,,,,,,,,,,,,
Arrumadinho,TIPICOS,,,,,,,,,,,,,,,,,,,,,,,,,,,,,,,,,,,,,,,,,,,,,,,,
Asa de frango com pele (crua),,,,,,100,40,20,80,,,,,,,,,,,,,,,40,,,,,,40,,,,,,,,,,,,,,,,,,,
Asa de galinha ou frango assado(a),AVES,,,,,100,40,20,80,,,,,,,,,,,,,,,40,,,,,,40,,,,,,,,,,,,,,,,,,,
Asa de galinha ou frango cozido(a),AVES,,,,,100,40,20,80,,,,,,,,,,,,,,,40,,,,,,40,,,,,,,,,,,,,,,,,,,
Asa de galinha ou frango cru(a),AVES,,,,,100,40,20,80,,,,,,,,,,,,,,,40,,,,,,40,,,,,,,,,,,,,,,,,,,
Asa de galinha ou frango empanado(a)/a milanesa,AVES,,,,,100,40,20,80,,,,,,,,,,,,,,,40,,,,,,40,,,,,,,,,,,,,,,,,,,
Asa de galinha ou frango ensopado,AVES,,,,,100,40,20,80,,,,,,,,,,,,,,,40,,,,,,40,,,,,,,,,,,,,,,,,,,
Asa de galinha ou frango frito(a),AVES,,,,,100,40,20,80,,,,,,,,,,,,,,,40,,,,,,40,,,,,,,,,,,,,,,,,,,
Asa de galinha ou frango grelhado(a)/brasa/churrasco,AVES,,,,,100,40,20,80,,,,,,,,,,,,,,,40,,,,,,40,,,,,,,,,,,,,,,,,,,
Asa de galinha ou frango molho vermelho,AVES,,,,,100,40,20,80,,,,,,,,,,,,,,,40,,,,,,40,,,,,,,,,,,,,,,,,,,
Asa de galinha ou frango refogado(a),AVES,,,,,100,40,20,80,,,,,,,,,,,,,,,40,,,,,,40,,,,,,,,,,,,,,,,,,,
Asa de peru assado(a),AVES,,,,174,,,,,,,,,,,,,,,,,,,174,,,,,,,,,,,,,,,,,,,,,,,,,
Asa de peru cozido(a),AVES,,,,174,,,,,,,,,,,,,,,,,,,174,,,,,,,,,,,,,,,,,,,,,,,,,
Aspargo (conserva),,,,,,,,,,,,,,,,,,,,,,,,,,,,,,,,,,,,,,,,,,,,,,,,,
Aspargo (cozido),,,,,,,,,,,,,,,,,,,,,,,,,,,,,,,,,,,,,,,,,,,,,,,,,
Aspargo (cru),,,,,,,,,,,,,,,,,,,,,,,,,,,,,,,,,,,,,,,,,,,,,,,,,
Aspargo em conserva,CONSERVAS,,,,,,,,,,,,,,,,,,,,,,,,,,,,,,,,,,,,,,,,,,,,,,,,
Aspargo verde congelado -Daucy®,,,,,,,,,,,,,,,,,,,,,,,,,,,,,,,,,,,,,,,,,,,,,,,,,
"Aspargo, cozido, s/ sal, Asparagus officinalis",,,,,,,,,,,,,,,,,,,,,,,,,,,,,,,,,,,,,,,,,,,,,,,,,
"Aspargo, cru, Asparagus officinalis",,,,,,,,,,,,,,,,,,,,,,,,,,,,,,,,,,,,,,,,,,,,,,,,,
Ata,FRUTAS/SUCOS/VITAMINAS,,,,,,,,,,,,,,,,,,,,,,,,,,,,,,,,,,,,,,,,,,,,,,,,
Atemoia,FRUTAS/SUCOS/VITAMINAS,,,,,,,,,,,,,,,,,,,,,,,,,,,,,,,,,,,,,,,,,,,,,,,,
"Atemóia, crua",,,,,,,,,,,,,,,,,,,,,,,,,,,,,,,,,,,,,,,,,,,,,,,,,
"Atemóia, in natura, Annona atemoya Mabb",,,,,,,,,,,,,,,,,,,,,,,,,,,,,,,,,,,,,,,,,,,,,,,,,
Atum em conserva,CONSERVAS,,,,,,,20,,,,,,,,,,,,,,,,,,,,,,,,,,,,,,,,,,,,,,,,,
Atum em conserva light,CONSERVAS,,,,,,,20,,,,,,,,,,,,,,,,,,,,,,,,,,,,,,,,,,,,,,,,,
Atum em óleo,,,,,,,,20,,,,,,,,,,,,,,,,,,,,,,,,,,,,,,,,,,,,,,,,,
Atum em pedaços -Coqueiro®,,,,,,,,20,,,,,,,,,,,,,,,,,,,,,,,,,,,,,,,,,,,,,,,,,
Atum em pedaços light -Coqueiro®,,,,,,,,20,,,,,,,,,,,,,,,,,,,,,,,,,,,,,,,,,,,,,,,,,
Atum fresco (cru),,,,,,120,,20,,,,,,,,,,,,,,,,,,,,,,,,,,,,,,,,,,,,,,,,,
Atum ralado - Coqueiro®,,,,,,,,,,,,,,,,,,,,,,,,,,,,,,,,,,,,,,,,,,,,,,,,,
Atum ralado em molho comtomate enlatado - Coqueiro®,,,,,,,,,,,,,,,,,,,,,,,,,,,,,,,,,,,,,,,,,,,,,,,,,
Atum ralado light - Coqueiro®,,,,,,,,,,,,,,,,,,,,,,,,,,,,,,,,,,,,,,,,,,,,,,,,,
Atum sólido - Coqueiro®,,,,,,,,20,,,,,,,,,,,,,,,,,,,,,,,,,,,,,,,,,,,,,,,,,
Atum sólido ao natural -CPC®,,,,,,120,,20,,,,,,,,,,,,,,,,,,,,,,,,,,,,,,,,,,,,,,,,,
Atum sólido em óleo vegetal - Gomes da Costa®,,,,,,120,,20,,,,,,,,,,,,,,,,,,,,,,,,,,,,,,,,,,,,,,,,,
Atum sólido light - Coqueiro®,,,,,,120,,20,,,,,,,,,,,,,,,,,,,,,,,,,,,,,,,,,,,,,,,,,
"Atum, conserva em óleo",,,,,,,,20,,,,,,,,,,,,,,,,,,,,,,,,,,,,,,,,,,,,,,,,,
"Atum, fresco, cru",,,,,,120,,20,,,,,,,,,,,,,,,,,,,,,,,,,,,,,,,,,,,,,,,,,
Aveia em flocos,CEREAIS,,,,,38,30,15,,,2,1,7,,,,,,,,,,,,,,,,,,,,,,,,,,,,,,,,,,,,
Aveia em flocos - Quaker®,,,,,,38,30,15,,,2,1,7,,,,,,,,,,,,,,,,,,,,,,,,,,,,,,,,,,,,
Aveia em flocos finos -Quaker®,,,,,,38,30,15,,,2,1,7,,,,,,,,,,,,,,,,,,,,,,,,,,,,,,,,,,,,
Aveia integral em farinha --Mãe Terra°,,,,,,38,36,12,,,4,2,8,,,,,,,,,,,,,,,,,,,,,,,,,,,,,,,,,,,,
"Aveia, crua, Avena sativa, (média diferentes tipos)",,,,,,38,30,15,,,2,1,7,,,,,,,,,,,,,,,,,,,,,,,,,,,,,,,,,,,,
"Aveia, farelo, cozida, Avena sativa",,,,,,,,,,,,,,,,,,,,,,,,,,,,,,,,,,,,,,,,,,,,,,,,,
"Aveia, farinha, cozida, Avena sativa",,,,,,,,,,,,,,,,,,,,,,,,,,,,,,,,,,,,,,,,,,,,,,,,,
"Aveia, farinha, crua, ""Mac Bits"", Avena sativa",,,,,,38,36,12,,,4,2,8,,,,,,,,,,,,,,,,,,,,,,,,,,,,,,,,,,,,
"Aveia, fibras, Avena sativa",,,,,,,,,,,,,,,,,,,,,,,,,,,,,,,,,,,,,,,,,,,,,,,,,
"Aveia, flocos, crua",,,,,,38,30,15,,,2,1,7,,,,,,,,,,,,,,,,,,,,,,,,,,,,,,,,,,,,
"Aveia, flocos, crua, Avena sativa",,,,,,38,30,15,,,2,1,7,,,,,,,,,,,,,,,,,,,,,,,,,,,,,,,,,,,,
"Aveia, flocos, finos, ""Float"", Avena sativa",,,,,,38,30,15,,,2,1,7,,,,,,,,,,,,,,,,,,,,,,,,,,,,,,,,,,,,
"Aveia, flocos, finos, ""Neston"", Avena sativa",,,,,,38,30,15,,,2,1,7,,,,,,,,,,,,,,,,,,,,,,,,,,,,,,,,,,,,
"Aveia, flocos, finos, instantânea, ""Float"", Avena sativa",,,,,,38,30,15,,,2,1,7,,,,,,,,,,,,,,,,,,,,,,,,,,,,,,,,,,,,
Avela,OLEAGINOSAS,,,,,,,,,,,,25,,,,,,,,,,,,,,,,,,,,,,,,,,,,,,,,,,,,
"Avelã , crua, s/ sal, Corylus avellana",,,,,,,,,,,,,,,,,,,,,,,,,,,,,,,,,,,,,,,,,,,,,,,,,
Avocado,,,,,,,,,,,,,,,,,,,,,,,,,,,,,,,,,,,,,,,,,,,,,,,,,
Avocado - Jaguacy®,,,,,,,,,,,,,,,,,,,,,,,,,,,,,,,,,,,,,,,,,,,,,,,,,
Azeite de dendê,,,,,,8,16,8,,,2,1,5,,,,,,,,,,,,,,,,,,,,,,,,,,,,,,,,,,,,
Azeite de dendê -Masterfoods®,,,,,,8,16,8,,,2,1,5,,,,,,,,,,,,,,,,,,,,,,,,,,,,,,,,,,,,
Azeite de oliva (IBGE),OLEAGINOSAS,,,,,8,16,8,,,2,1,5,,,,,,,,,,,,,,,,,,,,,,,,,,,,,,,,,,,,
Azeite de oliva (Tucunduva),,,,,,8,16,8,,,2,1,5,,,,,,,,,,,,,,,,,,,,,,,,,,,,,,,,,,,,
Azeite de oliva - Casa deBragança®,,,,,,8,16,8,,,2,1,5,,,,,,,,,,,,,,,,,,,,,,,,,,,,,,,,,,,,
Azeite de oliva - Figueira daFoz®,,,,,,8,16,8,,,2,1,5,,,,,,,,,,,,,,,,,,,,,,,,,,,,,,,,,,,,
Azeite de oliva - Gallo®,,,,,,8,16,8,,,2,1,5,,,,,,,,,,,,,,,,,,,,,,,,,,,,,,,,,,,,
Azeite de oliva - Musa@,,,,,,8,16,8,,,2,1,5,,,,,,,,,,,,,,,,,,,,,,,,,,,,,,,,,,,,
Azeite de oliva -Andorinha®,,,,,,8,16,8,,,2,1,5,,,,,,,,,,,,,,,,,,,,,,,,,,,,,,,,,,,,
Azeite de oliva -Carbonell®,,,,,,8,16,8,,,2,1,5,,,,,,,,,,,,,,,,,,,,,,,,,,,,,,,,,,,,
Azeite de oliva com molhoshoyu e gengibre - Borges®,,,,,,8,16,8,,,2,1,5,,,,,,,,,,,,,,,,,,,,,,,,,,,,,,,,,,,,
Azeite de oliva comalecrim - Borges®,,,,,,8,16,8,,,2,1,5,,,,,,,,,,,,,,,,,,,,,,,,,,,,,,,,,,,,
Azeite de oliva commanjericão - Borges®,,,,,,8,16,8,,,2,1,5,,,,,,,,,,,,,,,,,,,,,,,,,,,,,,,,,,,,
Azeite de oliva condi extra -Pieira Coricelli®,,,,,,8,16,8,,,2,1,5,,,,,,,,,,,,,,,,,,,,,,,,,,,,,,,,,,,,
Azeite de oliva extravirgem,,,,,,8,16,8,,,2,1,5,,,,,,,,,,,,,,,,,,,,,,,,,,,,,,,,,,,,
Azeite de oliva extravirgem -Andorinha®,,,,,,8,16,8,,,2,1,5,,,,,,,,,,,,,,,,,,,,,,,,,,,,,,,,,,,,
Azeite de oliva extravirgem -Borges®,,,,,,8,16,8,,,2,1,5,,,,,,,,,,,,,,,,,,,,,,,,,,,,,,,,,,,,
Azeite de oliva extravirgem -Cocineiro®,,,,,,8,16,8,,,2,1,5,,,,,,,,,,,,,,,,,,,,,,,,,,,,,,,,,,,,
Azeite de oliva extravirgem -Colavita®,,,,,,8,16,8,,,2,1,5,,,,,,,,,,,,,,,,,,,,,,,,,,,,,,,,,,,,
Azeite de oliva extravirgem -Cordovil Esporão®,,,,,,8,16,8,,,2,1,5,,,,,,,,,,,,,,,,,,,,,,,,,,,,,,,,,,,,
Azeite de oliva extravirgem -Costa D'oro®,,,,,,8,16,8,,,2,1,5,,,,,,,,,,,,,,,,,,,,,,,,,,,,,,,,,,,,
Azeite de oliva extravirgem -Cremonini®,,,,,,8,16,8,,,2,1,5,,,,,,,,,,,,,,,,,,,,,,,,,,,,,,,,,,,,
Azeite de oliva extravirgem -Gallo®,,,,,,8,16,8,,,2,1,5,,,,,,,,,,,,,,,,,,,,,,,,,,,,,,,,,,,,
Azeite de oliva extravirgem -Hacienda Guzmán®,,,,,,8,16,8,,,2,1,5,,,,,,,,,,,,,,,,,,,,,,,,,,,,,,,,,,,,
Azeite de oliva extravirgem -II Grezzo®,,,,,,8,16,8,,,2,1,5,,,,,,,,,,,,,,,,,,,,,,,,,,,,,,,,,,,,
Azeite de oliva extravirgem -Serrata®,,,,,,8,16,8,,,2,1,5,,,,,,,,,,,,,,,,,,,,,,,,,,,,,,,,,,,,
Azeite de oliva extravirgem -Ta eq®,,,,,,8,16,8,,,2,1,5,,,,,,,,,,,,,,,,,,,,,,,,,,,,,,,,,,,,
Azeite de oliva extravirgem -Toscano®,,,,,,8,16,8,,,2,1,5,,,,,,,,,,,,,,,,,,,,,,,,,,,,,,,,,,,,
Azeite de oliva extravirgem -Vila Flor®,,,,,,8,16,8,,,2,1,5,,,,,,,,,,,,,,,,,,,,,,,,,,,,,,,,,,,,
Azeite de oliva extravirgemAmabile - San Giuliano®,,,,,,8,16,8,,,2,1,5,,,,,,,,,,,,,,,,,,,,,,,,,,,,,,,,,,,,
Azeite de oliva extravirgemarbequina - Oliovita®,,,,,,8,16,8,,,2,1,5,,,,,,,,,,,,,,,,,,,,,,,,,,,,,,,,,,,,
Azeite de oliva extravirgemclássico - Oliovita®,,,,,,8,16,8,,,2,1,5,,,,,,,,,,,,,,,,,,,,,,,,,,,,,,,,,,,,
Azeite de oliva extravirgemfrantoio - Oliovita®,,,,,,8,16,8,,,2,1,5,,,,,,,,,,,,,,,,,,,,,,,,,,,,,,,,,,,,
Azeite de oliva extravirgemfrantoio e arbequina - Oliovita®,,,,,,8,16,8,,,2,1,5,,,,,,,,,,,,,,,,,,,,,,,,,,,,,,,,,,,,
Azeite de oliva extravirgemreserva da família - Borges®,,,,,,8,16,8,,,2,1,5,,,,,,,,,,,,,,,,,,,,,,,,,,,,,,,,,,,,
Azeite de oliva extravirgemYbarra®,,,,,,8,16,8,,,2,1,5,,,,,,,,,,,,,,,,,,,,,,,,,,,,,,,,,,,,
Azeite de oliva fruttato granclasse - Pietro Coricelli®,,,,,,8,16,8,,,2,1,5,,,,,,,,,,,,,,,,,,,,,,,,,,,,,,,,,,,,
"Azeite, de dendê",,,,,,8,16,8,,,2,1,5,,,,,,,,,,,,,,,,,,,,,,,,,,,,,,,,,,,,
"Azeite, de oliva, extra virgem",,,,,,8,16,8,,,2,1,5,,,,,,,,,,,,,,,,,,,,,,,,,,,,,,,,,,,,
"Azeite, dendê, Elaeis guineensis Jacq.",,,,,,8,16,8,,,2,1,5,,,,,,,,,,,,,,,,,,,,,,,,,,,,,,,,,,,,
"Azeite, oliva, Olea europaea L.",,,,,,8,16,8,,,2,1,5,,,,,,,,,,,,,,,,,,,,,,,,,,,,,,,,,,,,
Azeitona,OLEAGINOSAS,,,,,20,,25,,,,,14,132,,,,,,,,,,,,,,,,4,,,,,,,,,,,,,,,,,,,
Azeitona preta,,,,,,20,,25,,,,,14,132,,,,,,,,,,,,,,,,4,,,,,,,,,,,,,,,,,,,
Azeitona vercle,,,,,,20,,25,,,,,14,132,,,,,,,,,,,,,,,,4,,,,,,,,,,,,,,,,,,,
"Azeitona, preta, conserva",,,,,,20,,25,,,,,14,132,,,,,,,,,,,,,,,,4,,,,,,,,,,,,,,,,,,,
"Azeitona, verde, conserva",,,,,,20,,25,,,,,14,132,,,,,,,,,,,,,,,,4,,,,,,,,,,,,,,,,,,,
Azeitonas pretas - Rivolli®,,,,,,20,,25,,,,,14,132,,,,,,,,,,,,,,,,4,,,,,,,,,,,,,,,,,,,
Azeitonas verdes - Rivolli®,,,,,,20,,25,,,,,14,132,,,,,,,,,,,,,,,,4,,,,,,,,,,,,,,,,,,,
"Babaçu, mesocarpo, farinha, crua, Attalea speciosa",,,,,,,,,,,,,,,,,,,,,,,,,,,,,,,,,,,,,,,,,,,,,,,,,
Bacaba,FRUTAS/SUCOS/VITAMINAS,,,,,,,,,,,,,,,,,,,,,,,,,,,,,,,,,,,,,,,,,,,,,,,,
Bacabucu,,,,,,,,,,,,,,,,,,,,,,,,,,,,,,,,,,,,,,,,,,,,,,,,,
Bacalhau,PESCADOS/FRUTOS DO MAR,,,,,,,,,,,,,,,,,,,,,,,,,,,,,,,,,,,,,,,,,,,,,,,,
Bacalhau (cru),,,,,,,,,,,,,,,,,,,,,,,,,,,,,,,,,,,,,,,,,,,,,,,,,
Bacalhau (refogado),,,,,,,,20,,,,,,,,,,,,,,,,,,,,,,,,,,,,,,,,,,,,,,,,,
Bacalhau à ilhéu,,,,,,,,,,,,,,,,,,,,,,,,,,,,,,,,,,,,,,,,,,,,,,,,,
Bacalhau assado(a),PESCADOS/FRUTOS DO MAR,,,,,,,,,,,,,,,,,,,,,,,,,,,,,,,,,,,,,,,,,,,,,,,,
Bacalhau cozido(a),PESCADOS/FRUTOS DO MAR,,,,,,,20,,,,,,,,,,,,,,,,,,,,,,,,,,,,,,,,,,,,,,,,,
Bacalhau empanado(a)/a milanesa,PESCADOS/FRUTOS DO MAR,,,,,,,,,,,,,,,,,,,,,,,,,,,,,,,,,,,,,,,,,,,,,,,,
Bacalhau ensopado,PESCADOS/FRUTOS DO MAR,,,,,,,20,,,,,,,,,,,,,,,,,,,,,,,,,,,,,,,,,,,,,,,,,
Bacalhau frito(a),PESCADOS/FRUTOS DO MAR,,,,,,,,,,,,,,,,,,,,,,,,,,,,,,,,,,,,,,,,,,,,,,,,
Bacalhau molho vermelho,PESCADOS/FRUTOS DO MAR,,,,,,,20,,,,,,,,,,,,,,,,,,,,,,,,,,,,,,,,,,,,,,,,,
Bacalhau refogado(a),PESCADOS/FRUTOS DO MAR,,,,,,,20,,,,,,,,,,,,,,,,,,,,,,,,,,,,,,,,,,,,,,,,,
Bacalhau seco,,,,,,,,,,,,,,,,,,,,,,,,,,,,,,,,,,,,,,,,,,,,,,,,,
"Bacalhau, salgado, cru",,,,,,,,,,,,,,,,,,,,,,,,,,,,,,,,,,,,,,,,,,,,,,,,,
"Bacalhau, salgado, refogado",,,,,,,,,,,,,,,,,,,,,,,,,,,,,,,,,,,,,,,,,,,,,,,,,
Bacalhoada,,,,,,,,,,,,,,,,,,,,,,,,,,,,,,,,,,,,,,,,,,,,,,,,,
Bacon (IBGE),CARNES INDUSTRIALIDAS,,,20,20,,,15,,,,,,,,,,,,,,,,,,,,,,,,,,,,,,,,,,,,,,,,,
Bacon (Tucunduva),,,,20,20,,,15,,,,,,,,,,,,,,,,,,,,,,,,,,,,,,,,,,,,,,,,,
Bacon em cubos - Perdigão®,,,,,,,,10,,,,,,,,,,,,,,,,,,,,,,,,,,,,,,,,,,,,,,,,,
Bacon em cubos - Sadia®,,,,,,,,10,,,,,,,,,,,,,,,,,,,,,,,,,,,,,,,,,,,,,,,,,
Baconzitos,CARNES INDUSTRIALIDAS,,,,,,,10,,,,,,,,,,,,,,,,,,,,,,,,,,,,,,,,,,,,,,,,,
Baconzitos - Elma Chips®,,,,,,,,,,,,,,,,,,,,,,,,,,,,,,110,55,,,,,,,,,,,,,,,,,,
Bacuri,FRUTAS/SUCOS/VITAMINAS,,,,,,,,,,,,,,,,,,,,,,,,,,,,,,,,,,,,,,,,,,,,,,,,
Bagel multigrãos - Wickbold®,,,,,,,,,,,,,,,,,,,,,,,,,,,,,,,,,,,,,,,,,,,,,,,,,
Baião de dois (IBGE),TIPICOS,,,,,,,,,,,,,,,,,,,,,,,,,,,,,,,,,,,,,,,,,,,,,,,,
Baião de dois (Tucunduva),,,,,,,,,,,,,,,,,,,,,,,,,,,,,,,,,,,,,,,,,,,,,,,,,
"Baião de dois, arroz e feijão de corda",,,,,,,,,,,,,,,,,,,,,,,,,,,,,,,,,,,,,,,,,,,,,,,,,
"Baião de dois, arroz e feijão-de-corda",,,,,,,,,,,,,,,,,,,,,,,,,,,,,,,,,,,,,,,,,,,,,,,,,
Bala,AÇUCARES/CONFEITARIA,,,,,,,,,,,,,,,,,,,,,,,,,,,,,,,,,,,,,,,,,,,,,,,,
Bala de gelatina - Fini®,,,,,,,,,,,,,,,,,,,,,,,,,,,,,,,,,,,,,,,,,,,,,,,,,
Bala diet,AÇUCARES/CONFEITARIA,,,,,,,,,,,,,,,,,,,,,,,,,,,,,,,,,,,,,,,,,,,,,,,,
Bala light,AÇUCARES/CONFEITARIA,,,,,,,,,,,,,,,,,,,,,,,,,,,,,,,,,,,,,,,,,,,,,,,,
Banana (casca),,,,,,,,,,,,,,,,,,,,,,,,,,,,,,,,,,,,,,,,,,,,,,,,,
"Banana (ouro, prata, d´água, da terra, etc)",FRUTAS/SUCOS/VITAMINAS,,,,,,,,,,,,,,,,,,,,,,,,,,,,,75,56,,,,,,,,,,,,,,,,,,
"Banana (ouro, prata, d´água, da terra, etc) assado(a)",FRUTAS/SUCOS/VITAMINAS,,,,,,,,,,,,,,,,,,,,,,,,,,,,,75,56,,,,,,,,,,,,,,,,,,
"Banana (ouro, prata, d´água, da terra, etc) com manteiga/oleo",FRUTAS/SUCOS/VITAMINAS,,,,,,,,,,,,,,,,,,,,,,,,,,,,,75,56,,,,,,,,,,,,,,,,,,
"Banana (ouro, prata, d´água, da terra, etc) cozido(a)",FRUTAS/SUCOS/VITAMINAS,,,,,,,,,,,,,,,,,,,,,,,,,,,,,75,56,,,,,,,,,,,,,,,,,,
"Banana (ouro, prata, d´água, da terra, etc) cru(a)",FRUTAS/SUCOS/VITAMINAS,,,,,,,,,,,,,,,,,,,,,,,,,,,,,75,56,,,,,,,,,,,,,,,,,,
"Banana (ouro, prata, d´água, da terra, etc) empanado(a)/a milanesa",FRUTAS/SUCOS/VITAMINAS,,,,,,,,,,,,,,,,,,,,,,,,,,,,,,,,,,,,,,,,,,,,,,,,
"Banana (ouro, prata, d´água, da terra, etc) ensopado",FRUTAS/SUCOS/VITAMINAS,,,,,,,,,,,,,,,,,,,,,,,,,,,,,,,,,,,,,,,,,,,,,,,,
"Banana (ouro, prata, d´água, da terra, etc) frito(a)",FRUTAS/SUCOS/VITAMINAS,,,,,,,,,,,,,,,,,,,,,,,,,,,,,,,,,,,,,,,,,,,,,,,,
"Banana (ouro, prata, d´água, da terra, etc) mingau",SOPAS/CALDOS/MINGAUS,,,,,,,,,,,,,,,,,,,,,,,,,,,,,,,,,,,,,,,,,,,,,,,,
"Banana (ouro, prata, d´água, da terra, etc) sopa",SOPAS/CALDOS/MINGAUS,,,,,,,,,,,,,,,,,,,,,,,,,,,,,,,,,,,,,,,,,,,,,,,,
Banana à mi lanesa,,,,,,,,,,,,,,,,,,,,,,,,,,,,,,,,,,,,,,,,,,,,,,,,,
Banana frita,,,,,,,,,,,,,,,,,,,,,,,,,,,,,,,,,,,,,,,,,,,,,,,,,
Banana passa - BananaBrasil®,,,,,,,,,,,,,,,,,,,,,,,,,,,,,,,,,,,,,,,,,,,,,,,,,
"Banana split (banana, sorvete, calda, chantili, castanha-de--caju)",,,,,,,,,,,,,,,,,,,,,,,,,,,,,,,,,,,,,,,,,,,,,,,,,
Banana taramelada,,,,,,,,,,,,,,,,,,,,,,,,,,,,,,,,,,,,,,,,,,,,,,,,,
"Banana, da terra, à milanesa",,,,,,,,,,,,,,,,,,,,,,,,,,,,,,,,,,,,,,,,,,,,,,,,,
"Banana, da terra, assada, Musa acuminata Colla x Musa balbisiana Colla",,,,,,,,,,,,,,,,,,,,,,,,,,,,,,,,,,,,,,,,,,,,,,,,,
"Banana, da terra, crua",,,,,,,,,,,,,,,,,,,,,,,,,,,,,,90,70,,,,,,,,,,,,,,,,,,
"Banana, da terra, frita, c/ óleo de soja, Musa acuminata Colla x Musa balbisiana Colla",,,,,,,,,,,,,,,,,,,,,,,,,,,,,,90,70,,,,,,,,,,,,,,,,,,
"Banana, da terra, frita, na manteiga, Musa acuminata Colla x Musa balbisiana Colla",,,,,,,,,,,,,,,,,,,,,,,,,,,,,,90,70,,,,,,,,,,,,,,,,,,
"Banana, da terra, in natura, Musa acuminata Colla x Musa balbisiana Colla",,,,,,,,,,,,,,,,,,,,,,,,,,,,,,90,70,,,,,,,,,,,,,,,,,,
"Banana, doce em barra",,,,,,,,,,,,,,,,,,,,,,,,,,,,,,,,,,,,,,,,,,,,,,,,,
"Banana, doce, em barra",,,,,,,,,,,,,,,,,,,,,,,,,,,,,,,,,,,,,,,,,,,,,,,,,
"Banana, figo, crua",,,,,,,,,,,,,,,,,,,,,,,,,,,,,,,,,,,,,,,,,,,,,,,,,
"Banana, figo, in natura, Musa acuminata Colla x Musa balbisiana Colla, Grupo ABB",,,,,,,,,,,,,,,,,,,,,,,,,,,,,,,,,,,,,,,,,,,,,,,,,
"Banana, in natura, Musa spp.",,,,,,,,,,,,,,,,,,,,,,,,,,,,,,,,,,,,,,,,,,,,,,,,,
"Banana, maçã, crua",,,,,,,,,,,,,,,,,,,,,,,,,,,,,,80,60,,,,,,,,,,,,,,,,,,
"Banana, maçã, in natura, Musa spp.",,,,,,,,,,,,,,,,,,,,,,,,,,,,,,80,60,,,,,,,,,,,,,,,,,,
"Banana, nanica, à milanesa",,,,,,,,,,,,,,,,,,,,,,,,,,,,,,,,,,,,,,,,,,,,,,,,,
"Banana, nanica, crua",,,,,,,,,,,,,,,,,,,,,,,,,,,,,,60,40,,,,,,,,,,,,,,,,,,
"Banana, nanica, in natura, Musa spp.",,,,,,,,,,,,,,,,,,,,,,,,,,,,,,60,40,,,,,,,,,,,,,,,,,,
"Banana, ouro, crua",,,,,,,,,,,,,,,,,,,,,,,,,,,,,,60,40,,,,,,,,,,,,,,,,,,
"Banana, ouro, in natura, Musa spp.",,,,,,,,,,,,,,,,,,,,,,,,,,,,,,60,40,,,,,,,,,,,,,,,,,,
"Banana, pacova, crua",,,,,,,,,,,,,,,,,,,,,,,,,,,,,,,,,,,,,,,,,,,,,,,,,
"Banana, pacova, in natura, Musa acuminata Colla x Musa balbisiana Colla, Grupo AAB",,,,,,,,,,,,,,,,,,,,,,,,,,,,,,,,,,,,,,,,,,,,,,,,,
"Banana, prata, crua",,,,,,,,,,,,,,,,,,,,,,,,,,,,,,90,70,,,,,,,,,,,,,,,,,,
"Banana, prata, in natura, Musa spp.",,,,,,,,,,,,,,,,,,,,,,,,,,,,,,90,70,,,,,,,,,,,,,,,,,,
Banana-da-terra,,,,,,,,,,,,,,,,,,,,,,,,,,,,,,90,70,,,,,,,,,,,,,,,,,,
Banana-maçã,,,,,,,,,,,,,,,,,,,,,,,,,,,,,,80,60,,,,,,,,,,,,,,,,,,
Banana-nanica,,,,,,,,,,,,,,,,,,,,,,,,,,,,,,80,60,,,,,,,,,,,,,,,,,,
Banana-ouro,,,,,,,,,,,,,,,,,,,,,,,,,,,,,,60,40,,,,,,,,,,,,,,,,,,
Banana-pacovã,,,,,,,,,,,,,,,,,,,,,,,,,,,,,,,,,,,,,,,,,,,,,,,,,
Banana-prata,,,,,,,,,,,,,,,,,,,,,,,,,,,,,,90,70,,,,,,,,,,,,,,,,,,
Banha bovina,GORDURAS/OLEOS,,,,,,,,,,,,,,,,,,,,,,,,,,,,,,,,,,,,,,,,,,,,,,,,
Banha de porco,,,,,,,,,,,,,,,,,,,,,,,,,,,,,,,,,,,,,,,,,,,,,,,,,
Banha refinada - Sadia®,,,,,,,,,,,,,,,,,,,,,,,,,,,,,,,,,,,,,,,,,,,,,,,,,
Banha suína,GORDURAS/OLEOS,,,,,,,,,,,,,,,,,,,,,,,,,,,,,,,,,,,,,,,,,,,,,,,,
Barra de ameixa e linhaçacom chocolate - Banana Brasil®,,,,,,,,,,,,,,,,,,,,,,,,,,,,,,,,,,,,,,,,,,,,,,,,,
Barra de banana passa cobertacom chocolate branco light Supino - Banana Brasil(),,,,,,24,,,,,,,,,,,,,,,,,,,,,,,,,,,,,,,,,,,,,,,,,,,
Barra de banana passa cobertacom chocolate branco Supino - Banana Brasil®,,,,,,24,,,,,,,,,,,,,,,,,,,,,,,,,,,,,,,,,,,,,,,,,,,
Barra de banana passa comameixa light -Villefrut®,,,,,,,,,,,,,,,,,,,,,,,,,,,,,,,,,,,,,,,,,,,,,,,,,
Barra de banana passa comcereja light -Villefrut®,,,,,,,,,,,,,,,,,,,,,,,,,,,,,,,,,,,,,,,,,,,,,,,,,
Barra de banana passa comcoco light -VillefrutO,,,,,,,,,,,,,,,,,,,,,,,,,,,,,,,,,,,,,,,,,,,,,,,,,
Barra de banana passa comdamasco light-Villefrut®,,,,,,,,,,,,,,,,,,,,,,,,,,,,,,,,,,,,,,,,,,,,,,,,,
Barra de banana passa comnozes light -Villefrute,,,,,,,,,,,,,,,,,,,,,,,,,,,,,,,,,,,,,,,,,,,,,,,,,
Barra de banana passa light -Villefrut®,,,,,,,,,,,,,,,,,,,,,,,,,,,,,,,,,,,,,,,,,,,,,,,,,
"Barra de banana, fibras elinhaça dourada light Supino - Banana Brasil®",,,,,,27,,,,,,,,,,,,,,,,,,,,,,,,,,,,,,,,,,,,,,,,,,,
Barra de cereais,INTEGRAIS,,,,,27,,,,,,,,,,,,,,,,,,,,,,,,,,,,,,,,,,,,,,,,,,,
"Barra de cereais aveia, bananae mel Nutry - Nutrimental®",,,,,,22,,,,,,,,,,,,,,,,,,,,,,,,,,,,,,,,,,,,,,,,,,,
Barra de cereais chocolateNutry - Nutrimental®,,,,,,22,,,,,,,,,,,,,,,,,,,,,,,,,,,,,,,,,,,,,,,,,,,
Barra de cereais de castanha-de-caju com cobertura sabor chocolate Nutry - Nutrimental®,,,,,,22,,,,,,,,,,,,,,,,,,,,,,,,,,,,,,,,,,,,,,,,,,,
Barra de cereais diet,INTEGRAIS,,,,,25,,,,,,,,,,,,,,,,,,,,,,,,,,,,,,,,,,,,,,,,,,,
Barra de cereais doce,INTEGRAIS,,,,,25,,,,,,,,,,,,,,,,,,,,,,,,,,,,,,,,,,,,,,,,,,,
Barra de cereais doce diet,INTEGRAIS,,,,,25,,,,,,,,,,,,,,,,,,,,,,,,,,,,,,,,,,,,,,,,,,,
Barra de cereais frutasvermelhas com biscoito de chocolate Nutry - Nutrimental®,,,,,,22,,,,,,,,,,,,,,,,,,,,,,,,,,,,,,,,,,,,,,,,,,,
Barra de cereais morangocom chocolate Nutry - Nutrimental®,,,,,,22,,,,,,,,,,,,,,,,,,,,,,,,,,,,,,,,,,,,,,,,,,,
Barra de cereais salgada,INTEGRAIS,,,,,27,,,,,,,,,,,,,,,,,,,,,,,,,,,,,,,,,,,,,,,,,,,
Barra de cereal ameixa passa eI inhaça - Mandara®,,,,,,,,,,,,,,,,,,,,,,,,,,,,,,,,,,,,,,,,,,,,,,,,,
Barra de cereal avelã comcobertura sabor chocolate - Nutry®,,,,,,22,,,,,,,,,,,,,,,,,,,,,,,,,,,,,,,,,,,,,,,,,,,
Barra de cereal banana echocolate - Quaker®,,,,,,22,,,,,,,,,,,,,,,,,,,,,,,,,,,,,,,,,,,,,,,,,,,
"Barra de cereal banana, aveiae mel light - Trio®",,,,,,20,,,,,,,,,,,,,,,,,,,,,,,,,,,,,,,,,,,,,,,,,,,
"Barra de cereal banana, aveiae mel light -Taeq®",,,,,,20,,,,,,,,,,,,,,,,,,,,,,,,,,,,,,,,,,,,,,,,,,,
Barra de cereal brigadeiro -Trio®,,,,,,20,,,,,,,,,,,,,,,,,,,,,,,,,,,,,,,,,,,,,,,,,,,
Barra de cereal canela comgengibre Soyos - Woman,,,,,,,,,,,,,,,,,,,,,,,,,,,,,,,,,,,,,,,,,,,,,,,,,
Barra de cereal castanha comchocolate Soyos - Woman Care®,,,,,,,,,,,,,,,,,,,,,,,,,,,,,,,,,,,,,,,,,,,,,,,,,
Barra de cereal castanha e chocolate - Quaker®,,,,,,22,,,,,,,,,,,,,,,,,,,,,,,,,,,,,,,,,,,,,,,,,,,
Barra de cereal castanha echocolate light - Taeq®,,,,,,22,,,,,,,,,,,,,,,,,,,,,,,,,,,,,,,,,,,,,,,,,,,
Barra de cereal chocolate comcookies - Hershey's®,,,,,,,,,,,,,,,,,,,,,,,,,,,,,,,,,,,,,,,,,,,,,,,,,
Barra de cereal chocolate comsoja sabor marzipan Soyos - Woman Care®,,,,,,,,,,,,,,,,,,,,,,,,,,,,,,,,,,,,,,,,,,,,,,,,,
Barra de cereal coco comchocolate light -Trio®,,,,,,22,,,,,,,,,,,,,,,,,,,,,,,,,,,,,,,,,,,,,,,,,,,
Barra de cereal coco comcobertura sabor chocolate Nutry - Nutrimental°,,,,,,22,,,,,,,,,,,,,,,,,,,,,,,,,,,,,,,,,,,,,,,,,,,
Barra de cereal coco e cookiescrocantes light - Hersheys®,,,,,,,,,,,,,,,,,,,,,,,,,,,,,,,,,,,,,,,,,,,,,,,,,
Barra de cereal cookies comcreme - Hershey's®,,,,,,,,,,,,,,,,,,,,,,,,,,,,,,,,,,,,,,,,,,,,,,,,,
Barra de cereal laranja comchocolate light -Taeq®,,,,,,22,,,,,,,,,,,,,,,,,,,,,,,,,,,,,,,,,,,,,,,,,,,
"Barra de cereal maçã, canela euva passa light -Taeq®",,,,,,22,,,,,,,,,,,,,,,,,,,,,,,,,,,,,,,,,,,,,,,,,,,
Barra de cereal morango comchocolate e soja Soyos - Woman Care®,,,,,,,,,,,,,,,,,,,,,,,,,,,,,,,,,,,,,,,,,,,,,,,,,
Barra de cereal morango echocolate light -Taeq®,,,,,,22,,,,,,,,,,,,,,,,,,,,,,,,,,,,,,,,,,,,,,,,,,,
Barra de cereal morango light- Taeq®,,,,,,22,,,,,,,,,,,,,,,,,,,,,,,,,,,,,,,,,,,,,,,,,,,
Barra de cereal mousse dechocolate light -Trio®,,,,,,22,,,,,,,,,,,,,,,,,,,,,,,,,,,,,,,,,,,,,,,,,,,
Barra de cereal orgânica -Quinua Real®,,,,,,,,,,,,,,,,,,,,,,,,,,,,,,,,,,,,,,,,,,,,,,,,,
Barra de cereal pêssego edamasco light -Taeq®,,,,,,22,,,,,,,,,,,,,,,,,,,,,,,,,,,,,,,,,,,,,,,,,,,
Barra de cereal torta de limão- Quaker®,,,,,,22,,,,,,,,,,,,,,,,,,,,,,,,,,,,,,,,,,,,,,,,,,,
Barra de cereal torta demorango - Quaker®,,,,,,22,,,,,,,,,,,,,,,,,,,,,,,,,,,,,,,,,,,,,,,,,,,
Barra de chocolate,AÇUCARES/CONFEITARIA,,,,,,,,,,,,,,,,,,,,,,,,,,,,,,,,,,,,,,,,,,,,,,,,
Barra de chocolate diet,AÇUCARES/CONFEITARIA,,,,,,,,,,,,,,,,,,,,,,,,,,,,,,,,,,,,,,,,,,,,,,,,
Barra de chocolate light,AÇUCARES/CONFEITARIA,,,,,,,,,,,,,,,,,,,,,,,,,,,,,,,,,,,,,,,,,,,,,,,,
"Barra de fruta com castanha, damasco e açaí - Ebar Natural®",,,,,,,,,,,,,,,,,,,,,,,,,,,,,,,,,,,,,,,,,,,,,,,,,
Barra de fruta orgânica açaí -Ebar Bio2®,,,,,,23,,,,,,,,,,,,,,,,,,,,,,,,,,,,,,,,,,,,,,,,,,,
Barra de fruta orgânica açaí -Ebar Organic®,,,,,,23,,,,,,,,,,,,,,,,,,,,,,,,,,,,,,,,,,,,,,,,,,,
Barra de fruta orgânica acerola- Ebar Organic®,,,,,,23,,,,,,,,,,,,,,,,,,,,,,,,,,,,,,,,,,,,,,,,,,,
Barra de fruta orgânica acerolae banana - Ebar Bio2®,,,,,,23,,,,,,,,,,,,,,,,,,,,,,,,,,,,,,,,,,,,,,,,,,,
Barra de fruta orgânica banana- Power®,,,,,,23,,,,,,,,,,,,,,,,,,,,,,,,,,,,,,,,,,,,,,,,,,,
Barra de fruta orgânica goiaba- Ebar Bio2®,,,,,,23,,,,,,,,,,,,,,,,,,,,,,,,,,,,,,,,,,,,,,,,,,,
Barra de fruta orgânica goiaba- Ebar Organic®,,,,,,23,,,,,,,,,,,,,,,,,,,,,,,,,,,,,,,,,,,,,,,,,,,
"Barra de fruta orgânicabanana, abacaxi e maçã - Ebar Organic®",,,,,,23,,,,,,,,,,,,,,,,,,,,,,,,,,,,,,,,,,,,,,,,,,,
Barra de fruta orgânicacupuaçu - Ebar Bio2®,,,,,,23,,,,,,,,,,,,,,,,,,,,,,,,,,,,,,,,,,,,,,,,,,,
Barra de fruta orgânicacupuaçu - Ebar Organic®,,,,,,23,,,,,,,,,,,,,,,,,,,,,,,,,,,,,,,,,,,,,,,,,,,
Barra de granola crocante comaveia e mel - Nature Valley®,,,,,,,,,,,,,,,,,,,,,,,,,,,,,,,,,,,,,,,,,,,,,,,,,
Barra de granola crocante combanana e amêndoas - Nature Valley®,,,,,,,,,,,,,,,,,,,,,,,,,,,,,,,,,,,,,,,,,,,,,,,,,
Barreado (TACO),,,,,,,,,,,,,,,,,,,,,,,,,,,,,,,,,,,,,,,,,,,,,,,,,
Barreado (Tucunduva),,,,,,,,,,,,,,,,,,,,,,,,,,,,,,,,,,,,,,,,,,,,,,,,,
"Barreado, c/ carne em cubos, toucinho e farinha de mandioca, c/ sal, c/ temperos, c/ sal",,,,,,,,,,,,,,,,,,,,,,,,,,,,,,,,,,,,,,,,,,,,,,,,,
Batata (cozida),,,,,,,,,,,,,,,,,,,,,,,,,,,,,,,,,,,,,,,,,,,,,,,,,
Batata (crua),,,,,,,,,,,,,,,,,,,,,,,,,,,,,,,,,,,,,,,,,,,,,,,,,
Batata (não especificada),TUBERCULOS,,,,16,90,60,30,80,80,,,,,,,,,,,,,,,,,,,,140,70,70,70,,,,,,,,,,,,,,,,
Batata (não especificada) ao vinagrete,TUBERCULOS,,,,16,90,60,30,80,80,,,,,,,,,,,,,,,,,,,,140,70,70,70,,,,,,,,,,,,,,,,
Batata (não especificada) assado(a),TUBERCULOS,,,,16,90,60,30,80,80,,,,,,,,,,,,,,,,,,,,140,70,70,70,,,,,,,,,,,,,,,,
Batata (não especificada) cozido(a),TUBERCULOS,,,,16,90,60,30,80,80,,,,,,,,,,,,,,,,,,,,140,70,70,70,,,,,,,,,,,,,,,,
Batata (não especificada) cru(a),TUBERCULOS,,,,16,90,60,30,80,80,,,,,,,,,,,,,,,,,,,,140,70,70,70,,,,,,,,,,,,,,,,
Batata (não especificada) ensopado,TUBERCULOS,,,,16,90,60,30,80,80,,,,,,,,,,,,,,,,,,,,140,70,70,70,,,,,,,,,,,,,,,,
Batata (não especificada) frito(a),TUBERCULOS,,,,16,90,60,30,80,80,,,,,,,,,,,,,,,,,,,,140,70,70,70,,,,,,,,,,,,,,,,
Batata (não especificada) grelhado(a)/brasa/churrasco,TUBERCULOS,,,,16,90,60,30,80,80,,,,,,,,,,,,,,,,,,,,140,70,70,70,,,,,,,,,,,,,,,,
Batata (não especificada) molho branco,TUBERCULOS,,,,16,90,60,30,80,80,,,,,,,,,,,,,,,,,,,,140,70,70,70,,,,,,,,,,,,,,,,
Batata (não especificada) molho vermelho,TUBERCULOS,,,,16,90,60,30,80,80,,,,,,,,,,,,,,,,,,,,140,70,70,70,,,,,,,,,,,,,,,,
Batata (não especificada) refogado(a),TUBERCULOS,,,,16,90,60,30,80,80,,,,,,,,,,,,,,,,,,,,140,70,70,70,,,,,,,,,,,,,,,,
Batata (não especificada) sopa,SOPAS/CALDOS/MINGAUS,,,,,,,,,,,,,,,,,,,,,,,,,,,,,,,,,,,,,,,,,,,,,,,,
Batata assada com creamcheese e bacon,,,,,,,,,,,,,,,,,,,,,,,,,,,,,,,,,,,,,,,,,,,,,,,,,
Batata chips,,,,,,,,,,,,,,,,,,,,,,,,,,,,,,,,,,,,,,,,,,,,,,,,,
Batata doce,TUBERCULOS,,,70,70,150,100,42,100,,,,,,,,,,,300,100,,,,,,,,,355,266,,,,,,,,,,,,,,,,,,
Batata doce assado(a),TUBERCULOS,,,70,70,150,100,42,100,,,,,,,,,,,300,100,,,,,,,,,355,266,,,,,,,,,,,,,,,,,,
Batata doce cozido(a),TUBERCULOS,,,70,70,150,100,42,100,,,,,,,,,,,300,100,,,,,,,,,355,266,,,,,,,,,,,,,,,,,,
Batata doce cru(a),TUBERCULOS,,,70,70,150,100,42,100,,,,,,,,,,,300,100,,,,,,,,,355,266,,,,,,,,,,,,,,,,,,
Batata doce ensopado,TUBERCULOS,,,70,70,150,100,42,100,,,,,,,,,,,300,100,,,,,,,,,355,266,,,,,,,,,,,,,,,,,,
Batata doce frito(a),TUBERCULOS,,,70,70,150,100,42,100,,,,,,,,,,,300,100,,,,,,,,,355,266,,,,,,,,,,,,,,,,,,
Batata doce refogado(a),TUBERCULOS,,,70,70,150,100,42,100,,,,,,,,,,,300,100,,,,,,,,,355,266,,,,,,,,,,,,,,,,,,
Batata frita,,,,,,50,,,,,,,,,,,,,,,,,,,,,,,,,,,,,,,,,,,,,,,,,,,
Batata frita - Fritex®,,,,,,,,,,,,,,,,,,,,,,,,,,,,,,,,,,,,,,,,,,,,,,,,,
Batata frita - Mc Donald's®,,,,,,50,,,,,,,,,,,,,,,,,,,,,,,,,,,,,,,,,,,,,,,,,,,
Batata frita Crocantex -Fritex®,,,,,,,,,,,,,,,,,,,,,,,,,,,,,,,,,,,,,,,,,,,,,,,,,
Batata frita de creme decebola - Pringles®,,,,,,25,,,,,,,,,,,,,,,,,,,,,,,,,,,,,,,,,,,,,,,,,,,
Batata frita de queijo -Pringles®,,,,,,25,,,,,,,,,,,,,,,,,,,,,,,,,,,,,,,,,,,,,,,,,,,
Batata frita original -Pringles®,,,,,,25,,,,,,,,,,,,,,,,,,,,,,,,,,,,,,,,,,,,,,,,,,,
Batata inglesa orgânica frito(a),TUBERCULOS,,,16,16,90,60,30,80,80,,,,,,,,,,,100,,,,,,,,,140,70,70,70,,,,,,,,,,,,,,,,
Batata noisette congelada -McCai ne,,,,,,,,,,,,,,,,,,,,,,,,,,,,,,,,,,,,,,,,,,,,,,,,,
Batata palha (IBGE),LANCHES,,,,,25,,,,,,,,,,,,,,,,,25,,,,,,,,,,,,,,,,,,,,,,,,,,
Batata palha (Tucunduva),,,,,,25,,,,,,,,,,,,,,,,,25,,,,,,,,,,,,,,,,,,,,,,,,,,
Batata palha - Carrefour®,,,,,,25,,,,,,,,,,,,,,,,,25,,,,,,,,,,,,,,,,,,,,,,,,,,
Batata palha - Frilex®,,,,,,25,,,,,,,,,,,,,,,,,25,,,,,,,,,,,,,,,,,,,,,,,,,,
Batata palha extrafina -Yoki®,,,,,,25,,,,,,,,,,,,,,,,,25,,,,,,,,,,,,,,,,,,,,,,,,,,
Batata palha -Yoki0,,,,,,25,,,,,,,,,,,,,,,,,25,,,,,,,,,,,,,,,,,,,,,,,,,,
Batata palito,LANCHES,,,,,,,,,,,,,,,,,,,,,,85,,,,,,,,,,,,,,,,,,,,,,,,,,
Batata palito congelada -McCain®,,,,,,,,,,,,,,,,,,,,,,,85,,,,,,,,,,,,,,,,,,,,,,,,,,
Batata palito para fornocongelada - McCain®,,,,,,,,,,,,,,,,,,,,,,,85,,,,,,,,,,,,,,,,,,,,,,,,,,
Batata palito pré-fritacongelada - CACO,,,,,,,,,,,,,,,,,,,,,,,85,,,,,,,,,,,,,,,,,,,,,,,,,,
Batata palito tradicionalcongelada - Bem Brasil®,,,,,,,,,,,,,,,,,,,,,,,85,,,,,,,,,,,,,,,,,,,,,,,,,,
Batata sauté,,,,,,,,,,,,,,,,,,,,,,,,,,,,,,,,,,,,,,,,,,,,,,,,,
Batata smiles congelada -McCain®,,,,,,,,,,,,,,,,,,,,,,,,,,,,,,,,,,,,,,,,,,,,,,,,,
"Batata, baroa, cozida",,,,50,50,70,55,35,,,,,,,,,,,,,,,,,,,,,,,,,,,,,,,,,,,,,,,,,
"Batata, baroa, crua",,,,50,50,70,55,35,,,,,,,,,,,,,,,,,,,,,,,,,,,,,,,,,,,,,,,,,
"Batata, doce, cozida",,,,70,70,150,100,42,100,,,,,,,,,,,300,100,,,,,,,,,355,266,,,,,,,,,,,,,,,,,,
"Batata, doce, crua",,,,70,70,150,100,42,100,,,,,,,,,,,300,100,,,,,,,,,355,266,,,,,,,,,,,,,,,,,,
"Batata, frita, tipo chips, industrializada",,,,,,,,,,,,,,,,,,,,,,,,,,,,,,,,,,,,,,,,,,,,,,,,,
"Batata, inglesa, cozida",,,,16,16,90,60,30,80,80,,,,,,,,,,,100,,,,,,,,,140,70,70,70,,,,,,,,,,,,,,,,
"Batata, inglesa, crua",,,,16,16,90,60,30,80,80,,,,,,,,,,,100,,,,,,,,,140,70,70,70,,,,,,,,,,,,,,,,
"Batata, inglesa, frita",,,,16,16,90,60,30,80,80,,,,,,,,,,,100,,,,,,,,,140,70,70,70,,,,,,,,,,,,,,,,
"Batata, inglesa, sauté",,,,16,16,90,60,30,80,80,,,,,,,,,,,100,,,,,,,,,140,70,70,70,,,,,,,,,,,,,,,,
Batata-doce (cozida),,,,70,70,150,100,42,100,,,,,,,,,,,300,100,,,,,,,,,355,266,,,,,,,,,,,,,,,,,,
Batata-doce (frita),,,,70,70,150,100,42,100,,,,,,,,,,,300,100,,,,,,,,,355,266,,,,,,,,,,,,,,,,,,
Batata-doce branca (casca),,,,70,70,150,100,42,100,,,,,,,,,,,300,100,,,,,,,,,355,266,,,,,,,,,,,,,,,,,,
Batata-doce roxa (casca),,,,70,70,150,100,42,100,,,,,,,,,,,300,100,,,,,,,,,355,266,,,,,,,,,,,,,,,,,,
Batata-inglesa,TUBERCULOS,,,16,16,90,60,30,80,80,,,,,,,,,,,100,,,,,,,,,140,70,70,70,,,,,,,,,,,,,,,,
Batata-inglesa ao alho e oleo,TUBERCULOS,,,16,16,90,60,30,80,80,,,,,,,,,,,100,,,,,,,,,140,70,70,70,,,,,,,,,,,,,,,,
Batata-inglesa assado(a),TUBERCULOS,,,16,16,90,60,30,80,80,,,,,,,,,,,100,,,,,,,,,140,70,70,70,,,,,,,,,,,,,,,,
Batata-inglesa com manteiga/oleo,TUBERCULOS,,,16,16,90,60,30,80,80,,,,,,,,,,,100,,,,,,,,,140,70,70,70,,,,,,,,,,,,,,,,
Batata-inglesa cozido(a),TUBERCULOS,,,16,16,90,60,30,80,80,,,,,,,,,,,100,,,,,,,,,140,70,70,70,,,,,,,,,,,,,,,,
Batata-inglesa cru(a),TUBERCULOS,,,16,16,90,60,30,80,80,,,,,,,,,,,100,,,,,,,,,140,70,70,70,,,,,,,,,,,,,,,,
Batata-inglesa ensopado,TUBERCULOS,,,16,16,90,60,30,80,80,,,,,,,,,,,100,,,,,,,,,140,70,70,70,,,,,,,,,,,,,,,,
Batata-inglesa frito(a),TUBERCULOS,,,16,16,90,60,30,80,80,,,,,,,,,,,100,,,,,,,,,140,70,70,70,,,,,,,,,,,,,,,,
Batata-inglesa grelhado(a)/brasa/churrasco,TUBERCULOS,,,16,16,90,60,30,80,80,,,,,,,,,,,100,,,,,,,,,140,70,70,70,,,,,,,,,,,,,,,,
Batata-inglesa molho branco,TUBERCULOS,,,16,16,90,60,30,80,80,,,,,,,,,,,100,,,,,,,,,140,70,70,70,,,,,,,,,,,,,,,,
Batata-inglesa molho vermelho,TUBERCULOS,,,16,16,90,60,30,80,80,,,,,,,,,,,100,,,,,,,,,140,70,70,70,,,,,,,,,,,,,,,,
Batata-inglesa refogado(a),TUBERCULOS,,,16,16,90,60,30,80,80,,,,,,,,,,,100,,,,,,,,,140,70,70,70,,,,,,,,,,,,,,,,
Batata-inglesa sopa,SOPAS/CALDOS/MINGAUS,,,,,,,,,,,,,,,,,,,,,,,,,,,,,,,,,,,,,,,,,,,,,,,,
Batida (rapadura),BEBIDAS ALCOOLICAS,,,,,,,,,,,,,,,,,,,,,,,,,,,,,,,,,,,,,,,,,,,,,,,,
Batida de qualquer sabor,BEBIDAS ALCOOLICAS,,,,,,,,,,,,,,,,,,,,,,,,,,,,,,,,,,,,,,,,,,,,,,,,
Bau (siri) cozido(a),,,,,,,,,,,,,,,,,,,,,,,,,,,,,,,,,,,,,,,,,,,,,,,,,
Bauru,LANCHES,,,,,,,,,,,,,,,,,,,,,,,,,,,,,,,,,,,,,,,,,,,,,,,,
"Bcaa Lift 8:1:1 - Limão, 210G, 30Doses",,,,,,,,,,,,,,,,,,,,,,,,,,,,,,,,,,,,,,,,,,,,,,,,,
"Bcaa Lift 8:1:1 - Neutro, 210G, 30Doses",,,,,,,,,,,,,,,,,,,,,,,,,,,,,,,,,,,,,,,,,,,,,,,,,
Bebida à base de soja pêssego- Ali day®,,,,,,,,,,,,,,150,240,300,,,,,,,,,,,,,,,,,,,200,,,,,,,,,,,,,,
Bebida achocolatada,BEBIDAS DOCES,,,,,,,,,,,,,150,240,300,,,,,,,,,,,,,,,,,,,200,,,,,,,,,,,,,,
Bebida achocolatada diet,BEBIDAS DOCES,,,,,,,,,,,,,150,240,300,,,,,,,,,,,,,,,,,,,200,,,,,,,,,,,,,,
Bebida achocolatada light,BEBIDAS DOCES,,,,,,,,,,,,,150,240,300,,,,,,,,,,,,,,,,,,,200,,,,,,,,,,,,,,
Bebida alcoolica,BEBIDAS ALCOOLICAS,,,,,,,,,,,,,,,,,,,,,,,,,,,,,,,,,,,,,,,,,,,,,,,,
"Bebida alcoólica, aguardente, cachaça",,,,,,,,,,,,,,,,,,,,,,,,,,,,,,,,,,,,,,,,,,,,,,,,,
"Bebida alcoólica, cerveja, ""Pilsen""",,,,,,,,,,,,,,,,,,,,,,,,,,,,,,,,,,,,,,,,,,,,,,,,,
"Bebida alcoólica, destilada (gim, rum, vodka, whisky) (teor alcoólico 33%)",,,,,,,,,,,,,,,,,,,,,,,,,,,,,,,,,,,,,,,,,,,,,,,,,
"Bebida alcoólica, destilada (gim, rum, vodka, whisky) (teor alcoólico 36%)",,,,,,,,,,,,,,,,,,,,,,,,,,,,,,,,,,,,,,,,,,,,,,,,,
"Bebida alcoólica, destilada (gim, rum, vodka, whisky) (teor alcoólico 39%)",,,,,,,,,,,,,,,,,,,,,,,,,,,,,,,,,,,,,,,,,,,,,,,,,
"Bebida alcoólica, destilada (gim, rum, vodka, whisky) (teor alcoólico 42%)",,,,,,,,,,,,,,,,,,,,,,,,,,,,,,,,,,,,,,,,,,,,,,,,,
"Bebida alcoólica, vinho, (média diferentes amostras)",,,,,,,,,,,,,,,,,,,,,,,,,,,,,,,,,,,,,,,,,,,,,,,,,
"Bebida alcoólica, vinho, branco, (média várias amostras)",,,,,,,,,,,,,,,,,,,,,,,,,,,,,,,,,,,,,,,,,,,,,,,,,
"Bebida alcoólica, vinho, meio doce/doce, espumante, Vitis vinifera",,,,,,,,,,,,,,,,,,,,,,,,,,,,,,,,,,,,,,,,,,,,,,,,,
"Bebida alcoólica, vinho, rose, (média várias amostras)",,,,,,,,,,,,,,,,,,,,,,,,,,,,,,,,,,,,,,,,,,,,,,,,,
"Bebida alcoólica, vinho, tinto, ""Isabel""",,,,,,,,,,,,,,,,,,,,,,,,,,,,,,,,,,,,,,,,,,,,,,,,,
"Bebida alcoólica, vinho, tinto, (média várias amostras)",,,,,,,,,,,,,,,,,,,,,,,,,,,,,,,,,,,,,,,,,,,,,,,,,
"Bebida alcoólica, vinho, tinto, Merlot",,,,,,,,,,,,,,,,,,,,,,,,,,,,,,,,,,,,,,,,,,,,,,,,,
"Bebida alcoólica, vinho, tinto, mosto, petite syrah, Vitis vinifera",,,,,,,,,,,,,,,,,,,,,,,,,,,,,,,,,,,,,,,,,,,,,,,,,
Bebida energetica,BEBIDA ALCOOLICA,,,,,,,,,,,,,150,240,300,,,,,,,,,,,,,,,,,,,200,,,,,,,,,,,,,,
"Bebida isotônica, sabores variados (TACO)",,,,,,,,,,,,,,150,240,300,,,,,,,,,,,,,,,,,,,200,,,,,,,,,,,,,,
"Bebida isotônica, sabores variados (TBCA)",,,,,,,,,,,,,,150,240,300,,,,,,,,,,,,,,,,,,,200,,,,,,,,,,,,,,
Bebida lactea,LATICINIOS,,,,,,,,,,,,,150,240,300,,,,,,,,,,,,,,,,,,,200,,,,,,,,,,,,,,
Bebida láctea (média de diferentes sabores),,,,,,,,,,,,,,150,240,300,,,,,,,,,,,,,,,,,,,200,,,,,,,,,,,,,,
Bebida láctea Fast Neston -Nestlé®,,,,,,,,,,,,,,150,240,300,,,,,,,,,,,,,,,,,,,200,,,,,,,,,,,,,,
Bebida láctea morangoe banana Ninho Soleil - Nestlé®,,,,,,,,,,,,,,150,240,300,,,,,,,,,,,,,,,,,,,200,,,,,,,,,,,,,,
"Bebida láctea, frutas vermelhas, ""Dan Up""",,,,,,,,,,,,,,150,240,300,,,,,,,,,,,,,,,,,,,200,,,,,,,,,,,,,,
"Bebida láctea, morango, ""Dan Up""",,,,,,,,,,,,,,150,240,300,,,,,,,,,,,,,,,,,,,200,,,,,,,,,,,,,,
"Bebida láctea, morango, light, ""Corpus""",,,,,,,,,,,,,,150,240,300,,,,,,,,,,,,,,,,,,,200,,,,,,,,,,,,,,
"Bebida láctea, pêssego",,,,,,,,,,,,,,150,240,300,,,,,,,,,,,,,,,,,,,200,,,,,,,,,,,,,,
"Bebida, café, infusão 10%, s/ açúcar",,,,,,,,,,,,,,150,240,300,,,,,,,,,,,,,,,,,,,200,,,,,,,,,,,,,,
"Bebida, chá, erva-doce, infusão 5%, s/ açúcar",,,,,,,,,,,,,,150,240,300,,,,,,,,,,,,,,,,,,,200,,,,,,,,,,,,,,
"Bebida, chá, infusão, anador grande, planta, folha, s/ açúcar, Justicia gendarussa L.",,,,,,,,,,,,,,150,240,300,,,,,,,,,,,,,,,,,,,200,,,,,,,,,,,,,,
"Bebida, chá, infusão, capim-santo, planta, folha, s/ açúcar, Cymbopogon citratus Stapf.",,,,,,,,,,,,,,150,240,300,,,,,,,,,,,,,,,,,,,200,,,,,,,,,,,,,,
"Bebida, chá, infusão, cidreira, planta, folha, s/ açúcar, Lippia alba (Mill.) N.E. Brown, Ceará",,,,,,,,,,,,,,150,240,300,,,,,,,,,,,,,,,,,,,200,,,,,,,,,,,,,,
"Bebida, chá, infusão, colônia, planta, folha, s/ açúcar, Alpinia speciosa Schum, Ceará",,,,,,,,,,,,,,150,240,300,,,,,,,,,,,,,,,,,,,200,,,,,,,,,,,,,,
"Bebida, chá, infusão, eparema, planta, folha, s/ açúcar, Costus aff. Discolor Roscoe, Ceará",,,,,,,,,,,,,,150,240,300,,,,,,,,,,,,,,,,,,,200,,,,,,,,,,,,,,
"Bebida, chá, infusão, s/ açúcar, (média de várias ervas)",,,,,,,,,,,,,,150,240,300,,,,,,,,,,,,,,,,,,,200,,,,,,,,,,,,,,
"Bebida, chá, limão, lata/garrafa, ""Lipton""",,,,,,,,,,,,,,150,240,300,,,,,,,,,,,,,,,,,,,200,,,,,,,,,,,,,,
"Bebida, chá, limão, lata/garrfa, light, ""Lipton""",,,,,,,,,,,,,,150,240,300,,,,,,,,,,,,,,,,,,,200,,,,,,,,,,,,,,
"Bebida, chá, mate, infusão 5%, s/ açúcar",,,,,,,,,,,,,,150,240,300,,,,,,,,,,,,,,,,,,,200,,,,,,,,,,,,,,
"Bebida, chá, pêssego, lata/garrafa, light, ""Lipton""",,,,,,,,,,,,,,150,240,300,,,,,,,,,,,,,,,,,,,200,,,,,,,,,,,,,,
"Bebida, chá, preto, infusão 5%, s/ açúcar",,,,,,,,,,,,,,150,240,300,,,,,,,,,,,,,,,,,,,200,,,,,,,,,,,,,,
"Bebida, infusão, erva-mate, chimarrão, (70g de matéria seca - 30% de ramos e 70% de folhas - em 1 L de água), Ilex paraguariensis St. Hil.",,,,,,,,,,,,,,150,240,300,,,,,,,,,,,,,,,,,,,200,,,,,,,,,,,,,,
"Bebida, infusão, hortelã rasteira, planta, folha, s/ açúcar, Mentha x vilosa Huds, Ceará",,,,,,,,,,,,,,150,240,300,,,,,,,,,,,,,,,,,,,200,,,,,,,,,,,,,,
"Bebida, infusão, malvariço, planta, folha, s/ açúcar, Plectraanthus amboinicus (Lour.) Spreng., Ceará",,,,,,,,,,,,,,150,240,300,,,,,,,,,,,,,,,,,,,200,,,,,,,,,,,,,,
"Bebida, infusão, malva-santa, planta, folha, s/ açúcar, Plectranthus barbatus Andr., Ceará",,,,,,,,,,,,,,150,240,300,,,,,,,,,,,,,,,,,,,200,,,,,,,,,,,,,,
"Bebida, infusão, mastruço, planta, folha, s/ açúcar, Chenopodium ambrosioides L., Ceará",,,,,,,,,,,,,,150,240,300,,,,,,,,,,,,,,,,,,,200,,,,,,,,,,,,,,
"Bebida, infusão, mentrasto, planta, folha, s/ açúcar, Ageratum conyzoides L., Ceará",,,,,,,,,,,,,,150,240,300,,,,,,,,,,,,,,,,,,,200,,,,,,,,,,,,,,
"Beef Protein Banana Com Canela Box, 420G, 14Sachês/30G",,,,,,,,,,,,,,,,,,,,,,,,,,,,,,,,,,,,,,,,,,,,,,,,,
"Beef Protein Banana Com Canela Lata, 420G, 14Doses",,,,,,,,,,,,,,,,,,,,,,,,,,,,,,,,,,,,,,,,,,,,,,,,,
"Beef Protein Banana Com Canela Sachê, 30G",,,,,,,,,,,,,,,,,,,,,,,,,,,,,,,,,,,,,,,,,,,,,,,,,
"Beef Protein Cacao Box, 15Uni/32G",,,,,,,,,,,,,,,,,,,,,,,,,,,,,,,,,,,,,,,,,,,,,,,,,
"Beef Protein Cacao Lata, 480G, 15Doses",,,,,,,,,,,,,,,,,,,,,,,,,,,,,,,,,,,,,,,,,,,,,,,,,
"Beef Protein Cacao Sachê, 1Uni/32G",,,,,,,,,,,,,,,,,,,,,,,,,,,,,,,,,,,,,,,,,,,,,,,,,
Beijinho,,,,,,,,,,,,,,,,,,,,,,,,,,,,,,,,,,,,,,,,,,,,,,,,,
Beijinho Moça Doceria -Nestlé®,,,,,,,,,,,,,,,,,,,,,,,,,,,,,,,,,,,,,,,,,,,,,,,,,
"Beijinho, lata, ""Moça""",,,,,,,,,,,,,,,,,,,,,,,,,,,,,,,,,,,,,,,,,,,,,,,,,
Beijo de moça,AÇUCARES/CONFEITARIA,,,,,,,,,,,,,,,,,,,,,,,,,,,,,,,,,,,,,,,,,,,,,,,,
Beiju,FARINHAS/FÉCULAS/MASSAS,,,,31,,,,,,,,,,,,,,,,,,,,,,,,,125,70,,,,,,,,,,,,,,,,,,
Bergamota,FRUTAS/SUCOS/VITAMINAS,,,,,,,,,,,,,,,,,,,,,,,,,,,,,,,,,,,,,,,,,,,,,,,,
Berinjela,VERDURAS,,,20,20,60,75,25,,125,,,,,,,,,,,,,,,,,,,,112,,,,,,,,,,,,,,,,,,,
Berinjela  ao vinagrete,VERDURAS,,,20,20,60,75,25,,125,,,,,,,,,,,,,,,,,,,,112,,,,,,,,,,,,,,,,,,,
Berinjela (casca),,,,20,20,60,75,25,,125,,,,,,,,,,,,,,,,,,,,112,,,,,,,,,,,,,,,,,,,
Berinjela (cozida),,,,20,20,60,75,25,,125,,,,,,,,,,,,,,,,,,,,112,,,,,,,,,,,,,,,,,,,
Berinjela (crua),,,,20,20,60,75,25,,125,,,,,,,,,,,,,,,,,,,,112,,,,,,,,,,,,,,,,,,,
Berinjela assado(a),VERDURAS,,,,20,60,,25,,,,,,,,,,,,,,,,,,,,,,,,,,,,,,,,,,,,,,,,,
Berinjela cozido(a),VERDURAS,,,20,20,60,75,25,,125,,,,,,,,,,,,,,,,,,,,112,,,,,,,,,,,,,,,,,,,
Berinjela cru(a),VERDURAS,,,20,20,60,75,25,,125,,,,,,,,,,,,,,,,,,,,112,,,,,,,,,,,,,,,,,,,
Berinjela empanado(a)/a milanesa,VERDURAS,,,20,20,,75,,,,,,,,,,,,,,,,,,,,,,,200,,,,,,,,,,,,,,,,,,,
Berinjela ensopado,VERDURAS,,,20,20,60,75,25,,125,,,,,,,,,,,,,,,,,,,,112,,,,,,,,,,,,,,,,,,,
Berinjela frito(a),VERDURAS,,,,20,60,,25,,,,,,,,,,,,,,,,,,,,,,112,,,,,,,,,,,,,,,,,,,
Berinjela refogado(a),VERDURAS,,,20,20,60,75,25,,125,,,,,,,,,,,,,,,,,,,,112,,,,,,,,,,,,,,,,,,,
"Berinjela, cozida",,,,20,20,60,75,25,,125,,,,,,,,,,,,,,,,,,,,112,,,,,,,,,,,,,,,,,,,
"Berinjela, crua",,,,20,20,60,75,25,,125,,,,,,,,,,,,,,,,,,,,112,,,,,,,,,,,,,,,,,,,
"Berryki Lata, 300G, 20Doses",,,,20,20,60,75,25,,125,,,,,,,,,,,,,,,,,,,,112,,,,,,,,,,,,,,,,,,,
Bertalha refogado(a),HORTALIÇAS,,,,,,,,,,,,,,,,,,,,,,,,,,,,,,,,,,,,,,,,,,,,,,,,
Beterraba,TUBERCULOS,,,12,12,43,38,20,76,45,,,,,,,,,,,168,,84,,,,,,,125,75,62,62,,,,,,,,,,,,,,,,
Beterraba (casca),,,,12,12,43,38,20,76,45,,,,,,,,,,,168,,84,,,,,,,125,75,62,62,,,,,,,,,,,,,,,,
Beterraba (cozida),,,,12,12,43,38,20,76,45,,,,,,,,,,,168,,84,,,,,,,125,75,62,62,,,,,,,,,,,,,,,,
Beterraba (crua),,,,12,12,43,38,20,76,45,,,,,,,,,,,168,,84,,,,,,,125,75,62,62,,,,,,,,,,,,,,,,
Beterraba (folha),,,,,,,,,,,,,,,,,,,,,,,,,,,,,,,,,,,,,,,,,,,,,,,,,
Beterraba (talo),,,,,,,,,,,,,,,,,,,,,,,,,,,,,,,,,,,,,,,,,,,,,,,,,
Beterraba ao vinagrete,TUBERCULOS,,,12,12,43,38,20,76,45,,,,,,,,,,,168,,84,,,,,,,125,75,62,62,,,,,,,,,,,,,,,,
Beterraba branca (acelga)  cozido(a),TUBERCULOS,,,12,12,43,38,20,76,45,,,,,,,,,,,168,,84,,,,,,,125,75,62,62,,,,,,,,,,,,,,,,
Beterraba cozido(a),TUBERCULOS,,,12,12,43,38,20,76,45,,,,,,,,,,,168,,84,,,,,,,125,75,62,62,,,,,,,,,,,,,,,,
Beterraba cru(a),TUBERCULOS,,,12,12,43,38,20,76,45,,,,,,,,,,,168,,84,,,,,,,125,75,62,62,,,,,,,,,,,,,,,,
Beterraba refogado(a),TUBERCULOS,,,12,12,43,38,20,76,45,,,,,,,,,,,168,,84,,,,,,,125,75,62,62,,,,,,,,,,,,,,,,
Beterraba sopa,SOPAS/CALDOS/MINGAUS,,,,,,,,,,,,,,,,,,,,,,,,,,,,,,,,,,,,,,,,,,,,,,,,
"Beterraba, cozida",,,,12,12,43,38,20,76,45,,,,,,,,,,,168,,84,,,,,,,125,75,62,62,,,,,,,,,,,,,,,,
"Beterraba, crua",,,,12,12,43,38,20,76,45,,,,,,,,,,,168,,84,,,,,,,125,75,62,62,,,,,,,,,,,,,,,,
"Beverage, chá, pêssego, lata/garrafa, ""Lipton""",,,,,,,,,,,,,,,,,,,,,,,,,,,,,,,,,,,,,,,,,,,,,,,,,
Bidu tradicional,,,,,,,,,,,,,,,,,,,,,,,,,,,,,,,,,,,,,,,,,,,,,,,,,
Bife à cavalo - carne bovina,,100,100,90,35,75,70,30,140,70,,,,,,,,,,,,,,,,,,,,,,,,,,,,,,,,,,,,,,,
"Bife a cavalo, bife c/ ovos fritos, c/ sal, c/ temperos, c/ sal",,100,100,90,35,75,70,30,140,70,,,,,,,,,,,,,,,,,,,,,,,,,,,,,,,,,,,,,,,
"Bife à cavalo, com contra filé",,100,100,90,35,75,70,30,140,70,,,,,,,,,,,,,,,,,,,,,,,,,,,,,,,,,,,,,,,
Bife à milanesa de coxão mole- carne bovina,,100,100,90,35,75,70,30,140,70,,,,,,,,,,,,,,,,,,,,,,,,,,,,,,,,,,,,,,,
Bife à relê - carne bovina,,100,100,90,35,75,70,30,140,70,,,,,,,,,,,,,,,,,,,,,,,,,,,,,,,,,,,,,,,
Bife à rolê de contrafilé -carne bovina,,100,100,90,35,75,70,30,140,70,,,,,,,,,,,,,,,,,,,,,,,,,,,,,,,,,,,,,,,
Bife frito de contrafilé - carnebovina,,100,100,90,35,75,70,30,140,70,,,,,,,,,,,,,,,,,,,,,,,,,,,,,,,,,,,,,,,
Bife grelhado de contrafilé -carne bovina,,100,100,90,35,75,70,30,140,70,,,,,,,,,,,,,,,,,,,,,,,,,,,,,,,,,,,,,,,
Bife role cru,PREPARADOS,100,100,90,35,75,70,30,140,70,,,,,,,,,,,,,,,,,,,,,,,,,,,,,,,,,,,,,,,
Bife vegetal,,,,,,,,,,,,,,,,,,,,,,,,,,,,,,,,,,,,,,,,,,,,,,,,,
Bifum,,,,,,,,,,,,,,,,,,,,,,,,,,,,,,,,,,,,,,,,,,,,,,,,,
Big Mac - Mc Donald's®,,,,,,,,,,,,,,,,,,,,,,,,,,,,,,,,,,,,,,,,,,,,,,,,,
Biriba,FRUTAS/SUCOS/VITAMINAS,,,,,,,,,,,,,,,,,,,,,,,,,,,,,,,,,,,,,,,,,,,,,,,,
Biscoito água e gergelim -Piraquê0,,,,,,30,,,,,,,,,,,,,,,,,,,,,,,,7,,,,,,,,,,,,,,,,,,,
Biscoito água e sal - Adria®,,,,,,30,,,,,,,,,,,,,,,,,,,,,,,,5,,,,,,,,,,,,,,,,,,,
Biscoito água e sal - Triunfo®,,,,,,30,,,,,,,,,,,,,,,,,,,,,,,,5,,,,,,,,,,,,,,,,,,,
Biscoito água e sal Levíssimo - Bauducco®,,,,,,30,,,,,,,,,,,,,,,,,,,,,,,,4,,,,,,,,,,,,,,,,,,,
Biscoito água e sal Levíssimo- Bauducco®,,,,,,30,,,,,,,,,,,,,,,,,,,,,,,,4,,,,,,,,,,,,,,,,,,,
Biscoito água light - Piraquê®,,,,,,30,,,,,,,,,,,,,,,,,,,,,,,,4,,,,,,,,,,,,,,,,,,,
Biscoito água Tostines -Nestlé®,,,,,,30,,,,,,,,,,,,,,,,,,,,,,,,4,,,,,,,,,,,,,,,,,,,
Biscoito Amandita - Lacta®,,,,,,,,,,,,,,,,,,,,,,,,,,,,,,,,,,,,,,,,,,,,,,,,,
Biscoito aveia e mel Nesfit -Nestlé®,,,,,,30,,,,,,,,,,,,,,,,,,,,,,,,5,,,,,,,,,,,,,,,,,,,
Biscoito Bits Chipits Original - Nabisco®,,,,,,,,,,,,,,,,,,,,,,,,,,,,,,,,,,,,,,,,,,,,,,,,,
Biscoito champanhe açúcar fino - Bauducco Premium®,,,,,,30,,,,,,,,,,,,,,,,,,,,,,,,7,,,,,,,,,,,,,,,,,,,
Biscoito champanhe açúcarcristal - Bauducco Premium0,,,,,,30,,,,,,,,,,,,,,,,,,,,,,,,7,,,,,,,,,,,,,,,,,,,
Biscoito chocolate ao leite e chocolate branco Trakinas Mondelez Brasil®,,,,,,30,,,,,,,,,,,,,,,,,,,,,,,,10,,,,,,,,,,,,,,,,,,,
Biscoito chocolate ao leite emorango Trakinas - Mondelez Brasil®,,,,,,30,,,,,,,,,,,,,,,,,,,,,,,,10,,,,,,,,,,,,,,,,,,,
Biscoito chocolate Calipso - Nestié®,,,,,,,,,,,,,,,,,,,,,,,,,,,,,,,,,,,,,,,,,,,,,,,,,
Biscoito chocolate Trakinas - Mondelez Brasil®,,,,,,30,,,,,,,,,,,,,,,,,,,,,,,,10,,,,,,,,,,,,,,,,,,,
Biscoito Club Social integral - Mondelez Brasil®,,,,,,24,,,,,,,,,,,,,,,,,,,,,,,,8,,,,,,,,,,,,,,,,,,,
Biscoito Club Social original - Mondelez Brasil®,,,,,,24,,,,,,,,,,,,,,,,,,,,,,,,8,,,,,,,,,,,,,,,,,,,
Biscoito Club Social recheado de pizza - Mondelez Brasil®,,,,,,24,,,,,,,,,,,,,,,,,,,,,,,,8,,,,,,,,,,,,,,,,,,,
Biscoito Club Social recheado de queijo - Mondelez Brasil®,,,,,,24,,,,,,,,,,,,,,,,,,,,,,,,8,,,,,,,,,,,,,,,,,,,
Biscoito coco Nesfit - Nestlé® ,,,,,,30,,,,,,,,,,,,,,,,,,,,,,,,5,,,,,,,,,,,,,,,,,,,
Biscoito cracker original - Adria®,,,,,,30,,,,,,,,,,,,,,,,,,,,,,,,5,,,,,,,,,,,,,,,,,,,
Biscoito crackers reduced fat Ritz - Nabisco®,,,,,,30,,,,,,,,,,,,,,,,,,,,,,,,5,,,,,,,,,,,,,,,,,,,
Biscoito cream cracker - Mabel®,,,,,,30,,,,,,,,,,,,,,,,,,,,,,,,5,,,,,,,,,,,,,,,,,,,
Biscoito cream cracker - Man lane,,,,,,30,,,,,,,,,,,,,,,,,,,,,,,,5,,,,,,,,,,,,,,,,,,,
Biscoito cream cracker - Triunfo®,,,,,,30,,,,,,,,,,,,,,,,,,,,,,,,5,,,,,,,,,,,,,,,,,,,
Biscoito cream cracker - Zadimel®,,,,,,30,,,,,,,,,,,,,,,,,,,,,,,,5,,,,,,,,,,,,,,,,,,,
Biscoito cream cracker folhata - Adria®,,,,,,30,,,,,,,,,,,,,,,,,,,,,,,,5,,,,,,,,,,,,,,,,,,,
Biscoito cream cracker integral Levíssimo - Bauducco®,,,,,,30,,,,,,,,,,,,,,,,,,,,,,,,5,,,,,,,,,,,,,,,,,,,
Biscoito cream cracker Levíssimo - Bauducco®,,,,,,30,,,,,,,,,,,,,,,,,,,,,,,,5,,,,,,,,,,,,,,,,,,,
Biscoito cream cracker light Levíssimo - Bauducco®,,,,,,30,,,,,,,,,,,,,,,,,,,,,,,,5,,,,,,,,,,,,,,,,,,,
Biscoito cream cracker Tostines - Nestlé®,,,,,,30,,,,,,,,,,,,,,,,,,,,,,,,4,,,,,,,,,,,,,,,,,,,
Biscoito de aveia,,,,,,,,,,,,,,,,,,,,,,,,,,,,,,,,,,,,,,,,,,,,,,,,,
Biscoito de castanha ,,,,,,,,,,,,,,,,,,,,,,,,,,,,,,,,,,,,,,,,,,,,,,,,,
Biscoito de chocolaterecheado de morango Passatempo - Nestlé®,,,,,,30,,,,,,,,,,,,,,,,,,,,,,,,10,,,,,,,,,,,,,,,,,,,
Biscoito de cupuaçu recheado,,,,,,30,,,,,,,,,,,,,,,,,,,,,,,,10,,,,,,,,,,,,,,,,,,,
Biscoito de fécula de batata,,,,,,,,,,,,,,,,,,,,,,,,,,,,,,,,,,,,,,,,,,,,,,,,,
Biscoito de parmesão BomGouter - Mondelez Brasil®,,,,,,,,,,,,,,,,,,,,,,,,,,,,,,,,,,,,,,,,,,,,,,,,,
Biscoito de polvilho (IBGE),AÇUCARES/CONFEITARIA,,,,,30,,,,,,,,,,,,,,,,,,,,,,,,1,,,,,,,,,,,,,,,,,,,
Biscoito de polvilho (Tucunduva),,,,,,30,,,,,,,,,,,,,,,,,,,,,,,,1,,,,,,,,,,,,,,,,,,,
Biscoito de polvilho de queijo - Cassini®,,,,,,30,,,,,,,,,,,,,,,,,,,,,,,,1,,,,,,,,,,,,,,,,,,,
Biscoito de polvilho doce -Carrefour0,,,,,,30,,,,,,,,,,,,,,,,,,,,,,,,1,,,,,,,,,,,,,,,,,,,
Biscoito de polvilho salgado - Cassini®,,,,,,30,,,,,,,,,,,,,,,,,,,,,,,,1,,,,,,,,,,,,,,,,,,,
Biscoito de polvilho salgado --Qualitá®,,,,,,30,,,,,,,,,,,,,,,,,,,,,,,,1,,,,,,,,,,,,,,,,,,,
Biscoito de presunto -Piraquê®,,,,,,25,,,,,,,,,,,,,,,,,50,,,,,,,,,,,,,,,,,,,,,,,,,,
Biscoito de provolone BomGouter - Mondelez Brasil®,,,,,,,,,,,,,,,,,,,,,,,,,,,,,,,,,,,,,,,,,,,,,,,,,
Biscoito de queijo - Piraquê®,,,,,,25,,,,,,,,,,,,,,,,,50,,,,,,,,,,,,,,,,,,,,,,,,,,
Biscoito de queijo e tomateseco Bom Gouter - Mondelez Brasil®,,,,,,,,,,,,,,,,,,,,,,,,,,,,,,,,,,,,,,,,,,,,,,,,,
Biscoito de queijo suíço BomGouter - Mondelez Brasil®,,,,,,,,,,,,,,,,,,,,,,,,,,,,,,,,,,,,,,,,,,,,,,,,,
Biscoito doce,AÇUCARES/CONFEITARIA,,,,,30,,,,,,,,,,,,,,,,,,,,,,,,5,,,,,,,,,,,,,,,,,,,
Biscoito doce diet,AÇUCARES/CONFEITARIA,,,,,30,,,,,,,,,,,,,,,,,,,,,,,,5,,,,,,,,,,,,,,,,,,,
Biscoito doce light,AÇUCARES/CONFEITARIA,,,,,30,,,,,,,,,,,,,,,,,,,,,,,,5,,,,,,,,,,,,,,,,,,,
Biscoito gergelim - Adria°,,,,,,,,,,,,,,,,,,,,,,,,,,,,,,,,,,,,,,,,,,,,,,,,,
Biscoito integral com centeioNesfit - Nestlé®,,,,,,30,,,,,,,,,,,,,,,,,,,,,,,,4,,,,,,,,,,,,,,,,,,,
Biscoito integral Nesfit -Nest1ét,,,,,,30,,,,,,,,,,,,,,,,,,,,,,,,4,,,,,,,,,,,,,,,,,,,
Biscoito leite Passatempo -Nestlé®,,,,,,30,,,,,,,,,,,,,,,,,,,,,,,,6,,,,,,,,,,,,,,,,,,,
Biscoito maisena chocolate -Tr u nfo®,,,,,,30,,,,,,,,,,,,,,,,,,,,,,,,5,,,,,,,,,,,,,,,,,,,
Biscoito maisena Tostines -Nestlé®,,,,,,30,,,,,,,,,,,,,,,,,,,,,,,,5,,,,,,,,,,,,,,,,,,,
Biscoito mini recheado dechocolate -Trakinas®,,,,,,25,,,,,,,,,,,,,,,,,,,,,,,,3,,,,,,,,,,,,,,,,,,,
Biscoito mini recheado demorango -Trakinas®,,,,,,25,,,,,,,,,,,,,,,,,,,,,,,,3,,,,,,,,,,,,,,,,,,,
Biscoito mousse de chocolate-Adria®,,,,,,,,,,,,,,,,,,,,,,,,,,,,,,,,,,,,,,,,,,,,,,,,,
Biscoito não especificado,AÇUCARES/CONFEITARIA,,,,,30,,,,,,,,,,,,,,,,,,,,,,,,5,,,,,,,,,,,,,,,,,,,
Biscoito pit stop de queijo -Marilan®,,,,,,27,,,,,,,,,,,,,,,,,,,,,,,,4,,,,,,,,,,,,,,,,,,,
Biscoito pit stop integral -Marilan®,,,,,,27,,,,,,,,,,,,,,,,,,,,,,,,4,,,,,,,,,,,,,,,,,,,
Biscoito pit stop light emgorduras - Marilan®,,,,,,27,,,,,,,,,,,,,,,,,,,,,,,,4,,,,,,,,,,,,,,,,,,,
Biscoito pit stop original -Mari ia n,,,,,,27,,,,,,,,,,,,,,,,,,,,,,,,4,,,,,,,,,,,,,,,,,,,
Biscoito pizzaquê - Piraquê®,,,,,,30,,,,,,,,,,,,,,,,,,,,,,,,3,,,,,,,,,,,,,,,,,,,
Biscoito recheado,AÇUCARES/CONFEITARIA,,,,,30,,,,,,,,,,,,,,,,,,,,,,,,10,,,,,,,,,,,,,,,,,,,
Biscoito recheado chocolate Gulosos - Bauducco®,,,,,,30,,,,,,,,,,,,,,,,,,,,,,,,10,,,,,,,,,,,,,,,,,,,
Biscoito recheado chocolatePassatempo - Nestlé®,,,,,,30,,,,,,,,,,,,,,,,,,,,,,,,10,,,,,,,,,,,,,,,,,,,
Biscoito recheado de chocochoco - Triunfo®,,,,,,30,,,,,,,,,,,,,,,,,,,,,,,,10,,,,,,,,,,,,,,,,,,,
Biscoito recheado de chocolate PI ug@dos - Adria®,,,,,,30,,,,,,,,,,,,,,,,,,,,,,,,10,,,,,,,,,,,,,,,,,,,
Biscoito recheado de chocolate Turmix - Marilan®,,,,,,30,,,,,,,,,,,,,,,,,,,,,,,,10,,,,,,,,,,,,,,,,,,,
Biscoito recheado de doce de leite Bono - Nestlé®,,,,,,30,,,,,,,,,,,,,,,,,,,,,,,,10,,,,,,,,,,,,,,,,,,,
Biscoito recheado de flocos Plug@dos - Adria®,,,,,,30,,,,,,,,,,,,,,,,,,,,,,,,10,,,,,,,,,,,,,,,,,,,
Biscoito recheado de goiaba - Bauducco®,,,,,,30,,,,,,,,,,,,,,,,,,,,,,,,10,,,,,,,,,,,,,,,,,,,
Biscoito recheado de morango Carinhas -Trakinas®,,,,,,30,,,,,,,,,,,,,,,,,,,,,,,,10,,,,,,,,,,,,,,,,,,,
Biscoito recheado de morango Plug@dos - Adria®,,,,,,30,,,,,,,,,,,,,,,,,,,,,,,,10,,,,,,,,,,,,,,,,,,,
Biscoito recheado de morango -Trakinas Mais®,,,,,,30,,,,,,,,,,,,,,,,,,,,,,,,10,,,,,,,,,,,,,,,,,,,
Biscoito recheado de morango -Triunfo®,,,,,,30,,,,,,,,,,,,,,,,,,,,,,,,10,,,,,,,,,,,,,,,,,,,
Biscoito recheado dechocolate Bono - Nestlé®,,,,,,30,,,,,,,,,,,,,,,,,,,,,,,,10,,,,,,,,,,,,,,,,,,,
Biscoito recheado dechocolate branco Teens - Mari lan ®,,,,,,30,,,,,,,,,,,,,,,,,,,,,,,,10,,,,,,,,,,,,,,,,,,,
Biscoito recheado dechocolate Carinhas - Trakinas,,,,,,30,,,,,,,,,,,,,,,,,,,,,,,,10,,,,,,,,,,,,,,,,,,,
Biscoito recheado dechocolate Chocolícia - Nabisco®,,,,,,30,,,,,,,,,,,,,,,,,,,,,,,,10,,,,,,,,,,,,,,,,,,,
Biscoito recheado diet,AÇUCARES/CONFEITARIA,,,,,30,,,,,,,,,,,,,,,,,,,,,,,,10,,,,,,,,,,,,,,,,,,,
Biscoito recheado light,AÇUCARES/CONFEITARIA,,,,,30,,,,,,,,,,,,,,,,,,,,,,,,10,,,,,,,,,,,,,,,,,,,
Biscoito recheado morango Bono - Nestlé®,,,,,,30,,,,,,,,,,,,,,,,,,,,,,,,10,,,,,,,,,,,,,,,,,,,
Biscoito recheado morango Gulosos - Bauducco®,,,,,,30,,,,,,,,,,,,,,,,,,,,,,,,10,,,,,,,,,,,,,,,,,,,
Biscoito recheado Negresco - Nestlé®,,,,,,30,,,,,,,,,,,,,,,,,,,,,,,,10,,,,,,,,,,,,,,,,,,,
Biscoito recheado Nescau - Nestlé®,,,,,,30,,,,,,,,,,,,,,,,,,,,,,,,10,,,,,,,,,,,,,,,,,,,
Biscoito recheado Prestígio - Nestlé®,,,,,,30,,,,,,,,,,,,,,,,,,,,,,,,10,,,,,,,,,,,,,,,,,,,
Biscoito roladinho degoiabinha - Piraquê®,,,,,,30,,,,,,,,,,,,,,,,,,,,,,,,10,,,,,,,,,,,,,,,,,,,
Biscoito salgadinho - Piraquê®,,,,,,30,,,,,,,,,,,,,,,,,,,,,,,,,,,,,,,,,,,,,,,,,,,
Biscoito salgado,FARINHAS/FÉCULAS/MASSAS,,,,,30,,,,,,,,,,,,,,,,,,,,,,,,5,,,,,,,,,,,,,,,,,,,
Biscoito salgado de polvilho - Pão de Açúcar®,,,,,,30,,,,,,,,,,,,,,,,,,,,,,,,1,,,,,,,,,,,,,,,,,,,
Biscoito salgado integral,FARINHAS/FÉCULAS/MASSAS,,,,,30,,,,,,,,,,,,,,,,,,,,,,,,5,,,,,,,,,,,,,,,,,,,
Biscoito salgado light,FARINHAS/FÉCULAS/MASSAS,,,,,30,,,,,,,,,,,,,,,,,,,,,,,,5,,,,,,,,,,,,,,,,,,,
Biscoito salgado wind - Panco®,,,,,,,,,,,,,,,,,,,,,,,,,,,,,,,,,,,,,,,,,,,,,,,,,
Biscoito todinhas de chocolate- Adria®,,,,,,30,,,,,,,,,,,,,,,,,,,,,,,,7,,,,,,,,,,,,,,,,,,,
Biscoito todinhas de morango- Adria®,,,,,,30,,,,,,,,,,,,,,,,,,,,,,,,7,,,,,,,,,,,,,,,,,,,
Biscoito tortinhas de chocolatebranco -Adria®,,,,,,30,,,,,,,,,,,,,,,,,,,,,,,,7,,,,,,,,,,,,,,,,,,,
Biscoito tortinhas de chocolatee avelã - Adria®,,,,,,30,,,,,,,,,,,,,,,,,,,,,,,,7,,,,,,,,,,,,,,,,,,,
Biscoito tortinhas de chocolatesuíço - Adria®,,,,,,30,,,,,,,,,,,,,,,,,,,,,,,,7,,,,,,,,,,,,,,,,,,,
Biscoito tortinhas de limão -Adria®,,,,,,30,,,,,,,,,,,,,,,,,,,,,,,,7,,,,,,,,,,,,,,,,,,,
Biscoito tortini de chocolate - Triunfo®,,,,,,30,,,,,,,,,,,,,,,,,,,,,,,,6,,,,,,,,,,,,,,,,,,,
Biscoito tortini morango -Triunfo®,,,,,,30,,,,,,,,,,,,,,,,,,,,,,,,6,,,,,,,,,,,,,,,,,,,
Biscoito tortini trufa -Triunfo®,,,,,,30,,,,,,,,,,,,,,,,,,,,,,,,6,,,,,,,,,,,,,,,,,,,
Biscoito três cereais -Triunfo®,,,,,,,,,,,,,,,,,,,,,,,,,,,,,,,,,,,,,,,,,,,,,,,,,
Biscoito wafer brigadeiro -Bauducco®,,,,,,30,,,,,,,,,,,,,,,,,,,,,,,,7,,,,,,,,,,,,,,,,,,,
Biscoito wafer chocolate - LUWafer®,,,,,,30,,,,,,,,,,,,,,,,,,,,,,,,7,,,,,,,,,,,,,,,,,,,
Biscoito wafer chocolate -Bauducco®,,,,,,30,,,,,,,,,,,,,,,,,,,,,,,,7,,,,,,,,,,,,,,,,,,,
Biscoito wafer chocolate comavelã - Bauducco®,,,,,,30,,,,,,,,,,,,,,,,,,,,,,,,7,,,,,,,,,,,,,,,,,,,
Biscoito wafer chocolate comavelã - LU Wafer®,,,,,,30,,,,,,,,,,,,,,,,,,,,,,,,7,,,,,,,,,,,,,,,,,,,
Biscoito wafer chocolateMabel - Pepsico®,,,,,,30,,,,,,,,,,,,,,,,,,,,,,,,7,,,,,,,,,,,,,,,,,,,
Biscoito wafer coco Mabel -Pepsico®,,,,,,30,,,,,,,,,,,,,,,,,,,,,,,,7,,,,,,,,,,,,,,,,,,,
Biscoito wafer limão Mabel -Pepsico®,,,,,,30,,,,,,,,,,,,,,,,,,,,,,,,7,,,,,,,,,,,,,,,,,,,
Biscoito wafer morango -Bauducco®,,,,,,30,,,,,,,,,,,,,,,,,,,,,,,,7,,,,,,,,,,,,,,,,,,,
Biscoito wafer morango Mabel- Pepsico®,,,,,,30,,,,,,,,,,,,,,,,,,,,,,,,7,,,,,,,,,,,,,,,,,,,
Biscoito waffer light,AÇUCARES/CONFEITARIA,,,,,,,,,,,,,,,,,,,,,,,,,,,,,,,,,,,,,,,,,,,,,,,,
"Biscoito, doce, amanteigado, ""Marilan""",,,,,,30,,,,,,,,,,,,,,,,,,,,,,,,4,,,,,,,,,,,,,,,,,,,
"Biscoito, doce, amanteigado, (média diferentes sabores)",,,,,,30,,,,,,,,,,,,,,,,,,,,,,,,5,,,,,,,,,,,,,,,,,,,
"Biscoito, doce, amanteigado, banana c/ canela, ""Bauducco""",,,,,,30,,,,,,,,,,,,,,,,,,,,,,,,5,,,,,,,,,,,,,,,,,,,
"Biscoito, doce, amanteigado, chocolate, ""Bauducco""",,,,,,30,,,,,,,,,,,,,,,,,,,,,,,,5,,,,,,,,,,,,,,,,,,,
"Biscoito, doce, amanteigado, coco, ""Bauducco""",,,,,,30,,,,,,,,,,,,,,,,,,,,,,,,5,,,,,,,,,,,,,,,,,,,
"Biscoito, doce, amanteigado, leite, ""Bauducco""",,,,,,30,,,,,,,,,,,,,,,,,,,,,,,,5,,,,,,,,,,,,,,,,,,,
"Biscoito, doce, amanteigado, leite, ""Marilan""",,,,,,30,,,,,,,,,,,,,,,,,,,,,,,,4,,,,,,,,,,,,,,,,,,,
"Biscoito, doce, amanteigado, manteiga, ""Bauducco""",,,,,,30,,,,,,,,,,,,,,,,,,,,,,,,5,,,,,,,,,,,,,,,,,,,
"Biscoito, doce, amanteigado, recheio sabor chocolate, ""Marilan""",,,,,,30,,,,,,,,,,,,,,,,,,,,,,,,4,,,,,,,,,,,,,,,,,,,
"Biscoito, doce, amanteigado, recheio sabor coco, ""Marilan"" (TBCA)",,,,,,30,,,,,,,,,,,,,,,,,,,,,,,,4,,,,,,,,,,,,,,,,,,,
"Biscoito, doce, amanteigado, recheio sabor coco, ""Marilan"" (TBCA)",,,,,,30,,,,,,,,,,,,,,,,,,,,,,,,4,,,,,,,,,,,,,,,,,,,
"Biscoito, doce, banana/aveia/mel, Grandia",,,,,,,,,,,,,,,,,,,,,,,,,,,,,,,,,,,,,,,,,,,,,,,,,
"Biscoito, doce, c/ cereais e/ou mel",,,,,,30,,,,,,,,,,,,,,,,,,,,,,,,5,,,,,,,,,,,,,,,,,,,
"Biscoito, doce, chocolate, c/ 5 cereais, Grandia",,,,,,,,,,,,,,,,,,,,,,,,,,,,,,,,,,,,,,,,,,,,,,,,,
"Biscoito, doce, maisena (TACO)",,,,,,30,,,,,,,,,,,,,,,,,,,,,,,,5,,,,,,,,,,,,,,,,,,,
"Biscoito, doce, maisena (TBCA)",,,,,,30,,,,,,,,,,,,,,,,,,,,,,,,5,,,,,,,,,,,,,,,,,,,
"Biscoito, doce, Maria, ""Marilan""",,,,,,30,,,,,,,,,,,,,,,,,,,,,,,,5,,,,,,,,,,,,,,,,,,,
"Biscoito, doce, recheado com chocolate",,,,,,30,,,,,,,,,,,,,,,,,,,,,,,,10,,,,,,,,,,,,,,,,,,,
"Biscoito, doce, recheado com morango",,,,,,30,,,,,,,,,,,,,,,,,,,,,,,,10,,,,,,,,,,,,,,,,,,,
"Biscoito, doce, recheado, chocolate, recheio sabor chocolate, ""Danone""",,,,,,30,,,,,,,,,,,,,,,,,,,,,,,,10,,,,,,,,,,,,,,,,,,,
"Biscoito, doce, recheado, recheio sabor brigadeiro, ""Bauducco""",,,,,,30,,,,,,,,,,,,,,,,,,,,,,,,10,,,,,,,,,,,,,,,,,,,
"Biscoito, doce, recheado, recheio sabor chocolate, ""Marilan""",,,,,,30,,,,,,,,,,,,,,,,,,,,,,,,10,,,,,,,,,,,,,,,,,,,
"Biscoito, doce, recheado, recheio sabor morango, ""Break-up""",,,,,,30,,,,,,,,,,,,,,,,,,,,,,,,10,,,,,,,,,,,,,,,,,,,
"Biscoito, doce, recheado, recheio sabor morango, ""Marilan""",,,,,,30,,,,,,,,,,,,,,,,,,,,,,,,10,,,,,,,,,,,,,,,,,,,
"Biscoito, doce, recheado, sabores diversos, (média diferentes sabores)",,,,,,30,,,,,,,,,,,,,,,,,,,,,,,,10,,,,,,,,,,,,,,,,,,,
"Biscoito, doce, simples, (média diferentes tipos)",,,,,,30,,,,,,,,,,,,,,,,,,,,,,,,5,,,,,,,,,,,,,,,,,,,
"Biscoito, doce, wafer, (média diferentes sabores)",,,,,,30,,,,,,,,,,,,,,,,,,,,,,,,7,,,,,,,,,,,,,,,,,,,
"Biscoito, doce, wafer, chocolate, recheio sabor chocolate e avelã, ""Bauducco""",,,,,,30,,,,,,,,,,,,,,,,,,,,,,,,7,,,,,,,,,,,,,,,,,,,
"Biscoito, doce, wafer, recheado de chocolate",,,,,,30,,,,,,,,,,,,,,,,,,,,,,,,7,,,,,,,,,,,,,,,,,,,
"Biscoito, doce, wafer, recheado de morango",,,,,,30,,,,,,,,,,,,,,,,,,,,,,,,7,,,,,,,,,,,,,,,,,,,
"Biscoito, doce, wafer, recheio sabor chocolate, ""Bauducco""",,,,,,30,,,,,,,,,,,,,,,,,,,,,,,,7,,,,,,,,,,,,,,,,,,,
"Biscoito, doce, wafer, recheio sabor chocolate, ""Marilan""",,,,,,30,,,,,,,,,,,,,,,,,,,,,,,,7,,,,,,,,,,,,,,,,,,,
"Biscoito, doce, wafer, recheio sabor morango, ""Marilan""",,,,,,30,,,,,,,,,,,,,,,,,,,,,,,,7,,,,,,,,,,,,,,,,,,,
"Biscoito, doce, wafer, recheio sabor nozes, ""Bauducco""",,,,,,30,,,,,,,,,,,,,,,,,,,,,,,,7,,,,,,,,,,,,,,,,,,,
"Biscoito, polvilho doce",,,,,,30,,,,,,,,,,,,,,,,,,,,,,,,1,,,,,,,,,,,,,,,,,,,
"Biscoito, salgado, (média diferentes marcas e tipos)",,,,,,30,,,,,,,,,,,,,,,,,,,,,,,,5,,,,,,,,,,,,,,,,,,,
"Biscoito, salgado, água , ""Tostines""",,,,,,30,,,,,,,,,,,,,,,,,,,,,,,,5,,,,,,,,,,,,,,,,,,,
"Biscoito, salgado, água e sal, ""Marilan""",,,,,,30,,,,,,,,,,,,,,,,,,,,,,,,5,,,,,,,,,,,,,,,,,,,
"Biscoito, salgado, água e sal, ""Tostines""",,,,,,30,,,,,,,,,,,,,,,,,,,,,,,,4,,,,,,,,,,,,,,,,,,,
"Biscoito, salgado, cream cracker (TACO)",,,,,,30,,,,,,,,,,,,,,,,,,,,,,,,5,,,,,,,,,,,,,,,,,,,
"Biscoito, salgado, cream cracker (TBCA)",,,,,,30,,,,,,,,,,,,,,,,,,,,,,,,5,,,,,,,,,,,,,,,,,,,
"Biscoito, salgado, cream cracker , integral, ""Marilan""",,,,,,30,,,,,,,,,,,,,,,,,,,,,,,,5,,,,,,,,,,,,,,,,,,,
"Biscoito, salgado, cream cracker, ""Marilan""",,,,,,30,,,,,,,,,,,,,,,,,,,,,,,,5,,,,,,,,,,,,,,,,,,,
"Biscoito, salgado, cream cracker, ""Tostines""",,,,,,30,,,,,,,,,,,,,,,,,,,,,,,,4,,,,,,,,,,,,,,,,,,,
Bisnaga - Seven Boys®,,,,,,,,,,,,,,,,,,,,,,,,,,,,,,,,,,,,,,,,,,,,,,,,,
Bisnaga vitaminada - SevenBoys®,,,,,,,,,,,,,,,,,,,,,,,,,,,,,,,,,,,,,,,,,,,,,,,,,
Bisnaguinha,FARINHAS/FÉCULAS/MASSAS,,,,,,,,,,,,,,,,,,,,,,,,,,,,,,,,,,,,,,,,,,,,,,,,
Bisnaguinha - Panco®,,,,,,,,,,,,,,,,,,,,,,,,,,,,,,,,,,,,,,,,,,,,,,,,,
Bisnaguinha - Pão deAçúcar®,,,,,,,,,,,,,,,,,,,,,,,,,,,,,,,,,,,,,,,,,,,,,,,,,
Bisnaguinha Bisnaguito -Pullman®,,,,,,,,,,,,,,,,,,,,,,,,,,,,,,,,,,,,,,,,,,,,,,,,,
Bisnaguinha de leite -Nutrella®,,,,,,,,,,,,,,,,,,,,,,,,,,,,,,,,,,,,,,,,,,,,,,,,,
Bisnaguinha Scooby-Doo -Wickbold®,,,,,,,,,,,,,,,,,,,,,,,,,,,,,,,,,,,,,,,,,,,,,,,,,
Bisteca bovina assado(a),CARNE BOVINA,100,100,90,35,75,70,30,140,70,,,,,,,,,,,,,,,,,,,,,,,,,,,,,,,,,,,,,,,
Bisteca bovina cozido(a),CARNE BOVINA,100,100,90,35,75,70,30,140,70,,,,,,,,,,,,,,,,,,,,,,,,,,,,,,,,,,,,,,,
Bisteca bovina cru(a),CARNE BOVINA,100,100,90,35,75,70,30,140,70,,,,,,,,,,,,,,,,,,,,,,,,,,,,,,,,,,,,,,,
Bisteca bovina empanado(a)/a milanesa,CARNE BOVINA,100,100,90,35,75,70,30,140,70,,,,,,,,,,,,,,,,,,,,,,,,,,,,,,,,,,,,,,,
Bisteca bovina frito(a),CARNE BOVINA,100,100,90,35,75,70,30,140,70,,,,,,,,,,,,,,,,,,,,,,,,,,,,,,,,,,,,,,,
Bisteca bovina grelhado(a)/brasa/churrasco,CARNE BOVINA,100,100,90,35,75,70,30,140,70,,,,,,,,,,,,,,,,,,,,,,,,,,,,,,,,,,,,,,,
Bisteca bovina molho vermelho,CARNE BOVINA,100,100,90,35,75,70,30,140,70,,,,,,,,,,,,,,,,,,,,,,,,,,,,,,,,,,,,,,,
Bisteca bovina refogado(a),CARNE BOVINA,100,100,90,35,75,70,30,140,70,,,,,,,,,,,,,,,,,,,,,,,,,,,,,,,,,,,,,,,
Bisteca de porco (assada),,,,,,,,,,,,,,,,,,,,,,,,,,,,,,,,,,,,,,,,,,,,,,,,,
Bisteca de porco (crua),,,,,,,,,,,,,,,,,,,,,,,,,,,,,,,,,,,,,,,,,,,,,,,,,
Bisteca de porco (grelhada),,,,,,,,,,,,,,,,,,,,,,,,,,,,,,,,,,,,,,,,,,,,,,,,,
Bisteca orgânica assado(a),CARNE BOVINA,100,100,90,35,75,70,30,140,70,,,,,,,,,,,,,,,,,,,,,,,,,,,,,,,,,,,,,,,
Bisteca orgânica frito(a),CARNE BOVINA,100,100,90,35,75,70,30,140,70,,,,,,,,,,,,,,,,,,,,,,,,,,,,,,,,,,,,,,,
Bisteca suína,OUTRAS CARNES,,100,90,35,75,70,30,140,70,,,,,,,,,,,,,,,,,,,,,,,,,,,,,,,,,,,,,,,
Bisteca suína assado(a),OUTRAS CARNES,,100,90,35,75,70,30,140,70,,,,,,,,,,,,,,,,,,,,,,,,,,,,,,,,,,,,,,,
Bisteca suína cozido(a),OUTRAS CARNES,,100,90,35,75,70,30,140,70,,,,,,,,,,,,,,,,,,,,,,,,,,,,,,,,,,,,,,,
Bisteca suína empanado(a)/a milanesa,OUTRAS CARNES,,100,90,35,75,70,30,140,70,,,,,,,,,,,,,,,,,,,,,,,,,,,,,,,,,,,,,,,
Bisteca suína frito(a),OUTRAS CARNES,,100,90,35,75,70,30,140,70,,,,,,,,,,,,,,,,,,,,,,,,,,,,,,,,,,,,,,,
Bisteca suína grelhado(a)/brasa/churrasco,OUTRAS CARNES,,100,90,35,75,70,30,140,70,,,,,,,,,,,,,,,,,,,,,,,,,,,,,,,,,,,,,,,
Bisteca suína refogado(a),OUTRAS CARNES,,100,90,35,75,70,30,140,70,,,,,,,,,,,,,,,,,,,,,,,,,,,,,,,,,,,,,,,
Blanquet de peru,AVES,,,15,32,,,,,,,,,,,,,,,,,,,,,,,,,,,,,,,,,,,,,,,,,,,,
Blanquet de peru Califórnia- Sadia®,,,,15,32,,,,,,,,,,,,,,,,,,,,,,,,,,,,,,,,,,,,,,,,,,,,
Blanquet de peru light,AVES,,,15,32,,,,,,,,,,,,,,,,,,,,,,,,,,,,,,,,,,,,,,,,,,,,
"Blanquet, peru, fatiado, Seara",,,,15,32,,,,,,,,,,,,,,,,,,,,,,,,,,,,,,,,,,,,,,,,,,,,
Bobo de camarão,CARNES INDUSTRIALIDAS,,,,,,,,,,,,,,,,,,,,,,,,,,,,,,,,,,,,,,,,,,,,,,,,
Bobó de camarão,,,,,,,,,,,,,,,,,,,,,,,,,,,,,,,,,,,,,,,,,,,,,,,,,
Bobó de camarão congelado- Seara®,,,,,,,,,,,,,,,,,,,,,,,,,,,,,,,,,,,,,,,,,,,,,,,,,
Bofe bovino assado(a),VISCERAS,,,,,,,,,,,,,,,,,,,,,,,,,,,,,,,,,,,,,,,,,,,,,,,,
Bofe bovino frito(a),VISCERAS,,,,,,,,,,,,,,,,,,,,,,,,,,,,,,,,,,,,,,,,,,,,,,,,
Bofe bovino refogado(a),VISCERAS,,,,,,,,,,,,,,,,,,,,,,,,,,,,,,,,,,,,,,,,,,,,,,,,
Bolacha de araticum,,,,,,,,,,,,,,,,,,,,,,,,,,,,,,,,,,,,,,,,,,,,,,,,,
Bolacha de jatobá,,,,,,,,,,,,,,,,,,,,,,,,,,,,,,,,,,,,,,,,,,,,,,,,,
Bolacha doce,AÇUCARES/CONFEITARIA,,,,,30,,,,,,,,,,,,,,,,,,,,,,,,5,,,,,,,,,,,,,,,,,,,
Bolacha doce diet,AÇUCARES/CONFEITARIA,,,,,30,,,,,,,,,,,,,,,,,,,,,,,,5,,,,,,,,,,,,,,,,,,,
Bolacha doce light,AÇUCARES/CONFEITARIA,,,,,30,,,,,,,,,,,,,,,,,,,,,,,,5,,,,,,,,,,,,,,,,,,,
Bolacha recheada,AÇUCARES/CONFEITARIA,,,,,30,,,,,,,,,,,,,,,,,,,,,,,,10,,,,,,,,,,,,,,,,,,,
Bolacha recheada diet,AÇUCARES/CONFEITARIA,,,,,30,,,,,,,,,,,,,,,,,,,,,,,,10,,,,,,,,,,,,,,,,,,,
Bolacha recheada light,AÇUCARES/CONFEITARIA,,,,,30,,,,,,,,,,,,,,,,,,,,,,,,10,,,,,,,,,,,,,,,,,,,
Bolacha salgada,AÇUCARES/CONFEITARIA,,,,,30,,,,,,,,,,,,,,,,,,,,,,,,5,,,,,,,,,,,,,,,,,,,
Bolacha salgada light,AÇUCARES/CONFEITARIA,,,,,30,,,,,,,,,,,,,,,,,,,,,,,,5,,,,,,,,,,,,,,,,,,,
Bolinha de queijo,,,,,,,,,,,,,,,,,,,,,,,,,,,,,,,,,,,,,,,,,,,,,,,,,
Bolinho de aipim,FARINHAS/FÉCULAS/MASSAS,,,,,,,,,,,,,,,,,,,,,,,,,,,,,,,,,,,,,,,,,,,,,,,,
Bolinho de arroz (TACO),,,,,,,,,,,,,,,,,,,,,,,,,,,,,,,,,,,,,,,,,,,,,,,,,
Bolinho de arroz (Tucunduva),,,,,,,,,,,,,,,,,,,,,,,,,,,,,,,,,,,,,,,,,,,,,,,,,
Bolinho de arroz (TBCA),,,,,,,,,,,,,,,,,,,,,,,,,,,,,,,,,,,,,,,,,,,,,,,,,
Bolinho de bacalhau,FARINHAS/FÉCULAS/MASSAS,,,,,,,,,,,,,,,,,,,,,,,,,,,,,,,,,,,,,,,,,,,,,,,,
Bolinho de chuva,,,,,,,,,,,,,,,,,,,,,,,,,,,,,,,,,,,,,,,,,,,,,,,,,
Bolinho de coco,FARINHAS/FÉCULAS/MASSAS,,,,,,,,,,,,,,,,,,,,,,,,,,,,,,,,,,,,,,,,,,,,,,,,
Bolinho de mandioca (frito),,,,,,,,,,,,,,,,,,,,,,,,,,,,,,,,,,,,,,,,,,,,,,,,,
"Bolinrosa, lata",,,,,,,,,,,,,,,,,,,,,,,,,,,,,,,,,,,,,,,,,,,,,,,,,
Bolo branco simples,,,,,,,,,,,,,,,,,,,,,,,,,,,,,,,,,,,,,,,,,,,,,,,,,
Bolo de abacaxi - Pullman®,,,,,,,,,,,,,,,,,,,,,,,,,,,,,,,,,,,,,,,,,,,,,,,,,
Bolo de aipim (IBGE),FARINHAS/FÉCULAS/MASSAS,,,,,,,,,,,,,,,,,,,,,,,,,,,,,,,,,,,,,,,,,,,,,,,,
Bolo de aipim (Tucunduva),,,,,,,,,,,,,,,,,,,,,,,,,,,,,,,,,,,,,,,,,,,,,,,,,
Bolo de algaroba,,,,,,,,,,,,,,,,,,,,,,,,,,,,,,,,,,,,,,,,,,,,,,,,,
Bolo de arroz (IBGE),FARINHAS/FÉCULAS/MASSAS,,,,,,,,,,,,,,,,,,,,,,,,,,,,,,,,,,,,,,,,,,,,,,,,
Bolo de arroz (Tucunduva),,,,,,,,,,,,,,,,,,,,,,,,,,,,,,,,,,,,,,,,,,,,,,,,,
Bolo de banana,FARINHAS/FÉCULAS/MASSAS,,,,,,,,,,,,,,,,,,,,,,,,,,,,,,,,,,,,,,,,,,,,,,,,
Bolo de batata doce,FARINHAS/FÉCULAS/MASSAS,,,,,,,,,,,,,,,,,,,,,,,,,,,,,,,,,,,,,,,,,,,,,,,,
Bolo de batata-doce,,,,,,,,,,,,,,,,,,,,,,,,,,,,,,,,,,,,,,,,,,,,,,,,,
Bolo de baunilha - Dr.Oetker®*,,,,,,,,,,,,,,,,,,,,,,,,,,,,,,,,,,,,,,,,,,,,,,,,,
Bolo de baunilha - Sol®,,,,,,,,,,,,,,,,,,,,,,,,,,,,,,,,,,,,,,,,,,,,,,,,,
Bolo de cara,FARINHAS/FÉCULAS/MASSAS,,,,,,,,,,,,,,,,,,,,,,,,,,,,,,,,,,,,,,,,,,,,,,,,
Bolo de cará,,,,,,,,,,,,,,,,,,,,,,,,,,,,,,,,,,,,,,,,,,,,,,,,,
Bolo de carimã,,,,,,,,,,,,,,,,,,,,,,,,,,,,,,,,,,,,,,,,,,,,,,,,,
Bolo de cenoura,FARINHAS/FÉCULAS/MASSAS,,,,,,,,,,,,,,,,,,,,,,,,,,,,,,,,,,,,,,,,,,,,,,,,
Bolo de cenoura comcobertura de chocolate,,,,,,,,,,,,,,,,,,,,,,,,,,,,,,,,,,,,,,,,,,,,,,,,,
Bolo de cenoura diet,FARINHAS/FÉCULAS/MASSAS,,,,,,,,,,,,,,,,,,,,,,,,,,,,,,,,,,,,,,,,,,,,,,,,
Bolo de chocolate (IBGE),AÇUCARES/CONFEITARIA,,,,,,,,,,,,,,,,,,,,,,,,,,,,,,,,,,,,,,,,,,,,,,,,
Bolo de chocolate (Tucunduva),,,,,,,,,,,,,,,,,,,,,,,,,,,,,,,,,,,,,,,,,,,,,,,,,
Bolo de chocolate - DonaBenta0,,,,38,,,,,,,,,,,,,,,,,,,,,,,,,,,,,,,,,,,,,,,,,,,,,
Bolo de chocolate - Dr.Oetker®*,,,,,,,,,,,,,,,,,,,,,,,,,,,,,,,,,,,,,,,,,,,,,,,,,
Bolo de chocolate - Pul [man(),,,,,,,,,,,,,,,,,,,,,,,,,,,,,,,,,,,,,,,,,,,,,,,,,
Bolo de chocolate ao leite -Maizena®*,,,,,,,,,,,,,,,,,,,,,,,,,,,,,,,,,,,,,,,,,,,,,,,,,
Bolo de chocolate Casa Suíça- Wickbolde,,,,,,,,,,,,,,,,,,,,,,,,,,,,,,,,,,,,,,,,,,,,,,,,,
Bolo de chocolate comrecheio de baunilha Ana Maria - Pullman®,,,,,,,,,,,,,,,,,,,,,,,,,,,,,,,,,,,,,,,,,,,,,,,,,
Bolo de chocolate diet,AÇUCARES/CONFEITARIA,,,,,,,,,,,,,,,,,,,,,,,,,,,,,,,,,,,,,,,,,,,,,,,,
Bolo de chocolate light,AÇUCARES/CONFEITARIA,,,,,,,,,,,,,,,,,,,,,,,,,,,,,,,,,,,,,,,,,,,,,,,,
Bolo de coco,FARINHAS/FÉCULAS/MASSAS,,,,,,,,,,,,,,,,,,,,,,,,,,,,,,,,,,,,,,,,,,,,,,,,
Bolo de coco - Dona Benta®,,,,38,,,,,,,,,,,,,,,,,,,,,,,,,,,,,,,,,,,,,,,,,,,,,
Bolo de coco - Dr. Oetker®*,,,,,,,,,,,,,,,,,,,,,,,,,,,,,,,,,,,,,,,,,,,,,,,,,
Bolo de coco - Maizena®*,,,,,,,,,,,,,,,,,,,,,,,,,,,,,,,,,,,,,,,,,,,,,,,,,
Bolo de coco - Pul 'man®,,,,,,,,,,,,,,,,,,,,,,,,,,,,,,,,,,,,,,,,,,,,,,,,,
Bolo de coco - Sol®,,,,,,,,,,,,,,,,,,,,,,,,,,,,,,,,,,,,,,,,,,,,,,,,,
Bolo de coco diet,FARINHAS/FÉCULAS/MASSAS,,,,,,,,,,,,,,,,,,,,,,,,,,,,,,,,,,,,,,,,,,,,,,,,
Bolo de coco e chocolateCasa Suíça - Wickbold(),,,,,,,,,,,,,,,,,,,,,,,,,,,,,,,,,,,,,,,,,,,,,,,,,
Bolo de farinha de macaúba,,,,,,,,,,,,,,,,,,,,,,,,,,,,,,,,,,,,,,,,,,,,,,,,,
Bolo de festa - Sol®,,,,,,,,,,,,,,,,,,,,,,,,,,,,,,,,,,,,,,,,,,,,,,,,,
Bolo de festa (recheio depêssego e cobertura),,,,,,,,,,,,,,,,,,,,,,,,,,,,,,,,,,,,,,,,,,,,,,,,,
Bolo de fubá,,,,,,,,,,,,,,,,,,,,,,,,,,,,,,,,,,,,,,,,,,,,,,,,,
Bolo de goma,FARINHAS/FÉCULAS/MASSAS,,,,,,,,,,,,,,,,,,,,,,,,,,,,,,,,,,,,,,,,,,,,,,,,
Bolo de jatobá com fubá demilho,,,,,,,,,,,,,,,,,,,,,,,,,,,,,,,,,,,,,,,,,,,,,,,,,
Bolo de laranja,FARINHAS/FÉCULAS/MASSAS,,,,,,,,,,,,,,,,,,,,,,,,,,,,,,,,,,,,,,,,,,,,,,,,
Bolo de laranja - Dr.Oetker®*,,,,,,,,,,,,,,,,,,,,,,,,,,,,,,,,,,,,,,,,,,,,,,,,,
Bolo de laranja - Màizena0*,,,,,,,,,,,,,,,,,,,,,,,,,,,,,,,,,,,,,,,,,,,,,,,,,
Bolo de laranja - Panco®,,,,,,,,,,,,,,,,,,,,,,,,,,,,,,,,,,,,,,,,,,,,,,,,,
Bolo de laranja - Pullman®,,,,,,,,,,,,,,,,,,,,,,,,,,,,,,,,,,,,,,,,,,,,,,,,,
Bolo de laranja - Sol®,,,,,,,,,,,,,,,,,,,,,,,,,,,,,,,,,,,,,,,,,,,,,,,,,
Bolo de laranja light,FARINHAS/FÉCULAS/MASSAS,,,,,,,,,,,,,,,,,,,,,,,,,,,,,,,,,,,,,,,,,,,,,,,,
Bolo de macaxeira,FARINHAS/FÉCULAS/MASSAS,,,,,,,,,,,,,,,,,,,,,,,,,,,,,,,,,,,,,,,,,,,,,,,,
Bolo de milho,FARINHAS/FÉCULAS/MASSAS,,,,,,,,,,,,,,,,,,,,,,,,,,,,,,,,,,,,,,,,,,,,,,,,
Bolo de páscoa com frutas -Pão de Açúcar®,,,,,,,,,,,,,,,,,,,,,,,,,,,,,,,,,,,,,,,,,,,,,,,,,
Bolo de queijo,,,,,,,,,,,,,,,,,,,,,,,,,,,,,,,,,,,,,,,,,,,,,,,,,
Bolo de tapioca,FARINHAS/FÉCULAS/MASSAS,,,,,,,,,,,,,,,,,,,,,,,,,,,,,,,,,,,,,,,,,,,,,,,,
Bolo de trigo,FARINHAS/FÉCULAS/MASSAS,,,,,,,,,,,,,,,,,,,,,,,,,,,,,,,,,,,,,,,,,,,,,,,,
Bolo doce de abobrinha-italiana,,,,,,,,,,,,,,,,,,,,,,,,,,,,,,,,,,,,,,,,,,,,,,,,,
Bolo suíço de laranja comrecheio cremoso Casa Suíça - Wickbold®,,,,,,,,,,,,,,,,,,,,,,,,,,,,,,,,,,,,,,,,,,,,,,,,,
"Bolo, baunilha, mistura p/, ""Oetker""",,,,,,,,,,,,,,,,,,,,,,,,,,,,,,,,,,,,,,,,,,,,,,,,,
"Bolo, baunilha, mistura p/, preparado, ""Oetker""",,,,,,,,,,,,,,,,,,,,,,,,,,,,,,,,,,,,,,,,,,,,,,,,,
"Bolo, baunilha, recheio sabor morango, ""Lanchucco""",,,,,,,,,,,,,,,,,,,,,,,,,,,,,,,,,,,,,,,,,,,,,,,,,
"Bolo, c/ gotas de chocolate, ""Chocottone""",,,,,,,,,,,,,,,,,,,,,,,,,,,,,,,,,,,,,,,,,,,,,,,,,
"Bolo, cenoura, recheio sabor chocolate, ""Bauducco""",,,,,,,,,,,,,,,,,,,,,,,,,,,,,,,,,,,,,,,,,,,,,,,,,
"Bolo, chocolate, mistura p/, ""Oetker""",,,,,,,,,,,,,,,,,,,,,,,,,,,,,,,,,,,,,,,,,,,,,,,,,
"Bolo, chocolate, mistura p/, preparado, ""Oetker""",,,,,,,,,,,,,,,,,,,,,,,,,,,,,,,,,,,,,,,,,,,,,,,,,
"Bolo, chocolate, recheio sabor chocolate, ""Bauducco""",,,,,,,,,,,,,,,,,,,,,,,,,,,,,,,,,,,,,,,,,,,,,,,,,
"Bolo, chocolate, recheio sabor chocolate, ""Lanchucco""",,,,,,,,,,,,,,,,,,,,,,,,,,,,,,,,,,,,,,,,,,,,,,,,,
"Bolo, coco, caseiro",,,,,,,,,,,,,,,,,,,,,,,,,,,,,,,,,,,,,,,,,,,,,,,,,
"Bolo, coco, mistura p/, ""Oetker""",,,,,,,,,,,,,,,,,,,,,,,,,,,,,,,,,,,,,,,,,,,,,,,,,
"Bolo, coco, mistura p/, preparado, ""Oetker""",,,,,,,,,,,,,,,,,,,,,,,,,,,,,,,,,,,,,,,,,,,,,,,,,
"Bolo, fubá, caseiro",,,,,,,,,,,,,,,,,,,,,,,,,,,,,,,,,,,,,,,,,,,,,,,,,
"Bolo, industrializado, (média diferentes sabores)",,,,,,,,,,,,,,,,,,,,,,,,,,,,,,,,,,,,,,,,,,,,,,,,,
"Bolo, laranja, mistura p/, ""Oetker""",,,,,,,,,,,,,,,,,,,,,,,,,,,,,,,,,,,,,,,,,,,,,,,,,
"Bolo, laranja, mistura p/, preparado, ""Oetker""",,,,,,,,,,,,,,,,,,,,,,,,,,,,,,,,,,,,,,,,,,,,,,,,,
"Bolo, mármore, mistura p/, ""Oetker""",,,,,,,,,,,,,,,,,,,,,,,,,,,,,,,,,,,,,,,,,,,,,,,,,
"Bolo, mármore, mistura p/, preparado, ""Oetker""",,,,,,,,,,,,,,,,,,,,,,,,,,,,,,,,,,,,,,,,,,,,,,,,,
"Bolo, mistura p/, (média diferentes sabores)",,,,,,,,,,,,,,,,,,,,,,,,,,,,,,,,,,,,,,,,,,,,,,,,,
"Bolo, mistura p/, preparado",,,,,,,,,,,,,,,,,,,,,,,,,,,,,,,,,,,,,,,,,,,,,,,,,
"Bolo, mistura para",,,,,,,,,,,,,,,,,,,,,,,,,,,,,,,,,,,,,,,,,,,,,,,,,
"Bolo, páscoa, c/ gotas de chocolate, ""Bauducco""",,,,,,,,,,,,,,,,,,,,,,,,,,,,,,,,,,,,,,,,,,,,,,,,,
"Bolo, pronto, (média diferentes sabores)",,,,,,,,,,,,,,,,,,,,,,,,,,,,,,,,,,,,,,,,,,,,,,,,,
"Bolo, pronto, aipim (TACO)",,,,,,,,,,,,,,,,,,,,,,,,,,,,,,,,,,,,,,,,,,,,,,,,,
"Bolo, pronto, aipim (TBCA)",,,,,,,,,,,,,,,,,,,,,,,,,,,,,,,,,,,,,,,,,,,,,,,,,
"Bolo, pronto, chocolate (TACO)",,,,,,,,,,,,,,,,,,,,,,,,,,,,,,,,,,,,,,,,,,,,,,,,,
"Bolo, pronto, chocolate (TBCA)",,,,,,,,,,,,,,,,,,,,,,,,,,,,,,,,,,,,,,,,,,,,,,,,,
"Bolo, pronto, coco (TACO)",,,,,,,,,,,,,,,,,,,,,,,,,,,,,,,,,,,,,,,,,,,,,,,,,
"Bolo, pronto, coco (TBCA)",,,,,,,,,,,,,,,,,,,,,,,,,,,,,,,,,,,,,,,,,,,,,,,,,
"Bolo, pronto, milho (TACO)",,,,,,,,,,,,,,,,,,,,,,,,,,,,,,,,,,,,,,,,,,,,,,,,,
"Bolo, pronto, milho (TBCA)",,,,,,,,,,,,,,,,,,,,,,,,,,,,,,,,,,,,,,,,,,,,,,,,,
"Bolo, trigo, branco",,,,,,,,,,,,,,,,,,,,,,,,,,,,,,,,,,,,,,,,,,,,,,,,,
Bomba de chocolate,,,,,,,,,,,,,,,,,,,,,,,,,,,,,,,,,,,,,,,,,,,,,,,,,
Bomba de qualquer tipo,,,,,,,,,,,,,,,,,,,,,,,,,,,,,,,,,,,,,,,,,,,,,,,,,
Bombom caramelizado de qualquer marca diet,AÇUCARES/CONFEITARIA,,,,,,,,,,,,,,,,,,,,,,,,,,,,,,,,,,,,,,,,,,,,,,,,
Bombom chocolate ao leiteAlpino - Nestlé®,,,,,,,,,,,,,,,,,,,,,,,,,,,,,,,,,,,,,,,,,,,,,,,,,
Bombom chocolate ao leitecrocante Diamante Negro - Lacta®,,,,,,,,,,,,,,,,,,,,,,,,,,,,,,,,,,,,,,,,,,,,,,,,,
Bombom Chokito - Nestlé®,,,,,,,,,,,,,,,,,,,,,,,,,,,,,,,,,,,,,,,,,,,,,,,,,
Bombom de qualquer marca,AÇUCARES/CONFEITARIA,,,,,,,,,,,,,,,,,,,,,,,,,,,,,,,,,,,,,,,,,,,,,,,,
Bombom de qualquer marca diet,AÇUCARES/CONFEITARIA,,,,,,,,,,,,,,,,,,,,,,,,,,,,,,,,,,,,,,,,,,,,,,,,
Bombom de qualquer marca light,AÇUCARES/CONFEITARIA,,,,,,,,,,,,,,,,,,,,,,,,,,,,,,,,,,,,,,,,,,,,,,,,
Bombom mousse de chocolateBom o Bom - Arcor®,,,,,,,,,,,,,,,,,,,,,,,,,,,,,,,,,,,,,,,,,,,,,,,,,
Bombom Ouro Branco -Lacta®,,,,,,,,,,,,,,,,,,,,,,,,,,,,,,,,,,,,,,,,,,,,,,,,,
Bombom Sedução - Nestlé®,,,,,,,,,,,,,,,,,,,,,,,,,,,,,,,,,,,,,,,,,,,,,,,,,
Bombom Sonho de Valsa -Lacta®,,,,,,,,,,,,,,,,,,,,,,,,,,,,,,,,,,,,,,,,,,,,,,,,,
Bombom Surreal Amendoim- Garoto®,,,,,,,,,,,,,,,,,,,,,,,,,,,,,,,,,,,,,,,,,,,,,,,,,
Brachola,PREPARADOS,,,,,,,,,,,,,,,,,,,,,,,,,,,,,,,,,,,,,,,,,,,,,,,,
Braco bovino frito(a),CARNE BOVINA,100,100,90,35,75,70,30,140,70,,,,,,,,,,,,,,,,,,,,,,,,,,,,,,,,,,,,,,,
Braço sem capa de gordura(cru) - carne bovina,,,,,,,,,,,,,,,,,,,,,,,,,,,,,,,,,,,,,,,,,,,,,,,,,
Bredo,,,,,,,,,,,,,,,,,,,,,,,,,,,,,,,,,,,,,,,,,,,,,,,,,
Brevidade,AÇUCARES/CONFEITARIA,,,,,,,,,,,,,,,,,,,,,,,,,,,,,,,,,,,,,,,,,,,,,,,,
Brigadeirão,,,,,,,,,,,,,,,,,,,,,,,,,,,,,,,,,,,,,,,,,,,,,,,,,
Brigadeiro (IBGE),AÇUCARES/CONFEITARIA,,,,,,,,,,,,,,,,,,,,,,,,,,,,,,,,,,,,,,,,,,,,,,,,
Brigadeiro (Tucunduva),,,,,,,,,,,,,,,,,,,,,,,,,,,,,,,,,,,,,,,,,,,,,,,,,
Brigadeiro Moça Doceria -Nestlé®,,,,,,,,,,,,,,,,,,,,,,,,,,,,,,,,,,,,,,,,,,,,,,,,,
"Brigadeiro, lata",,,,,,,,,,,,,,,,,,,,,,,,,,,,,,,,,,,,,,,,,,,,,,,,,
Brioche,FARINHAS/FÉCULAS/MASSAS,,,,,,,,,,,,,,,,,,,,,,,,,,,,,,,,,,,,,,,,,,,,,,,,
Broa,FARINHAS/FÉCULAS/MASSAS,,,,,,,,,,,,,,,,,,,,,,,,,,,,,,,,,,,,,,,,,,,,,,,,
Broa de amendoim,,,,,,,,,,,,,,,,,,,,,,,,,,,,,,,,,,,,,,,,,,,,,,,,,
Broa de cará,,,,,,,,,,,,,,,,,,,,,,,,,,,,,,,,,,,,,,,,,,,,,,,,,
Broa de fubá,,,,,,,,,,,,,,,,,,,,,,,,,,,,,,,,,,,,,,,,,,,,,,,,,
Broa especial,,,,,,,,,,,,,,,,,,,,,,,,,,,,,,,,,,,,,,,,,,,,,,,,,
Brócolis,HORTALIÇAS,,,,,60,20,10,40,,,,,,,,10,,,,,,,,,,,,,60,,,,,,,,,,,,,,,,,,,
Brócolis (cozido),,,,,,60,20,10,40,,,,,,,,10,,,,,,,,,,,,,60,,,,,,,,,,,,,,,,,,,
Brócolis (cru),,,,,,60,20,10,40,,,,,,,,10,,,,,,,,,,,,,60,,,,,,,,,,,,,,,,,,,
Brócolis (folha),,,,,,,,,,,,,,,,,,,,,,,,,,,,,,,,,,,,,,,,,,,,,,,,,
Brócolis (talo),,,,,,,,,,,,,,,,,,,,,,,,,,,,,,,,,,,,,,,,,,,,,,,,,
Brócolis ao alho e oleo,HORTALIÇAS,,,,,60,20,10,40,,,,,,,,10,,,,,,,,,,,,,60,,,,,,,,,,,,,,,,,,,
Brócolis ao vinagrete,HORTALIÇAS,,,,,60,20,10,40,,,,,,,,10,,,,,,,,,,,,,60,,,,,,,,,,,,,,,,,,,
Brócolis congelado - Pratigel®,,,,,,,,35,,,,,,,,,,,,,,,70,,,,,,,,,,,,,,,,,,,,,,,,,,
Brócolis congelado -Bonduelle®,,,,,,,,30,,,,,,,,,,,,,,,65,,,,,,,,,,,,,,,,,,,,,,,,,,
Brócolis cozido(a),HORTALIÇAS,,,,,60,20,10,40,,,,,,,,10,,,,,,,,,,,,,60,,,,,,,,,,,,,,,,,,,
Brócolis cru(a),HORTALIÇAS,,,,,60,20,10,40,,,,,,,,10,,,,,,,,,,,,,60,,,,,,,,,,,,,,,,,,,
Brócolis empanado(a)/a milanesa,HORTALIÇAS,,,,,60,20,10,40,,,,,,,,10,,,,,,,,,,,,,60,,,,,,,,,,,,,,,,,,,
Brócolis refogado(a),HORTALIÇAS,,,,,60,20,10,40,,,,,,,,10,,,,,,,,,,,,,60,,,,,,,,,,,,,,,,,,,
"Brócolis, cozido",,,,,,60,20,10,40,,,,,,,,10,,,,,,,,,,,,,60,,,,,,,,,,,,,,,,,,,
"Brócolis, cru",,,,,,60,20,10,40,,,,,,,,10,,,,,,,,,,,,,60,,,,,,,,,,,,,,,,,,,
Brócolis-ninja - Ki-salada®,,,,,,,,,,,,,,,,,,,,,,,,,,,,,,,,,,,,,,,,,,,,,,,,,
Broto de alfafa,HORTALIÇAS,,,,,,,,,,,,,,,,,,,,,,,,,,,,,,,,,,,,,,,,,,,,,,,,
Broto de alfafa (cru),,,,,,,,,,,,,,,,,,,,,,,,,,,,,,,,,,,,,,,,,,,,,,,,,
Broto de bambu (cru),,,,,,,,,,,,,,,,,,,,,,,,,,,,,,,,,,,,,,,,,,,,,,,,,
Broto de feijão (cozido),,,,,,,,,,,,,,,,,,,,,,,,,,,,,,,,,,,,,,,,,,,,,,,,,
Broto de feijão (cru),,,,,,,,,,,,,,,,,,,,,,,,,,,,,,,,,,,,,,,,,,,,,,,,,
Broto de feijão cozido(a),LEGUMINOSAS,,,,,,,,,,,,,,,,,,,,,,,,,,,,,,,,,,,,,,,,,,,,,,,,
Broto de feijão cru(a),LEGUMINOSAS,,,,,,,,,,,,,,,,,,,,,,,,,,,,,,,,,,,,,,,,,,,,,,,,
Buchada de bode (IBGE),VISCERAS,,,,,,,,,,,,,,,,,,,,,,,,,,,,,,,,,,,,,,,,,,,,,,,,
Buchada de bode (Tucunduva),,,,,,,,,,,,,,,,,,,,,,,,,,,,,,,,,,,,,,,,,,,,,,,,,
Bucho (cozido) - carne bovina,,,,,,,,,,,,,,,,,,,,,,,,,,,,,,,,,,,,,,,,,,,,,,,,,
Bucho (cru) - carne bovina,,,,,,,,,,,,,,,,,,,,,,,,,,,,,,,,,,,,,,,,,,,,,,,,,
Buri,,,,,,,,,,,,,,,,,,,,,,,,,,,,,,,,,,,,,,,,,,,,,,,,,
Buriti,FRUTAS/SUCOS/VITAMINAS,,,,,,,,,,,,,,,,,,,,,,,,,,,,,,,,,,,,,,,,,,,,,,,,
Butia,FRUTAS/SUCOS/VITAMINAS,,,,,,,,,,,,,,,,,,,,,,,,,,,,,,,,,,,,,,,,,,,,,,,,
Cabeça de lombo (carne bovina) assado(a),CARNE BOVINA,100,100,90,35,75,70,30,140,70,,,,,,,,,,,,,,,,,,,,,,,,,,,,,,,,,,,,,,,
Cabeça de lombo (carne bovina) cozido(a),CARNE BOVINA,100,100,90,35,75,70,30,140,70,,,,,,,,,,,,,,,,,,,,,,,,,,,,,,,,,,,,,,,
Cabeça de lombo (carne bovina) empanado(a)/a milanesa,CARNE BOVINA,100,100,90,35,75,70,30,140,70,,,,,,,,,,,,,,,,,,,,,,,,,,,,,,,,,,,,,,,
Cabeça de lombo (carne bovina) frito(a),CARNE BOVINA,100,100,90,35,75,70,30,140,70,,,,,,,,,,,,,,,,,,,,,,,,,,,,,,,,,,,,,,,
Cabeça de lombo (carne bovina) grelhado(a)/brasa/churrasco,CARNE BOVINA,100,100,90,35,75,70,30,140,70,,,,,,,,,,,,,,,,,,,,,,,,,,,,,,,,,,,,,,,
Cabeça de lombo (carne bovina) orgânica assado(a),CARNE BOVINA,100,100,90,35,75,70,30,140,70,,,,,,,,,,,,,,,,,,,,,,,,,,,,,,,,,,,,,,,
Cabeça de lombo (carne bovina) orgânica cru(a),CARNE BOVINA,100,100,90,35,75,70,30,140,70,,,,,,,,,,,,,,,,,,,,,,,,,,,,,,,,,,,,,,,
Cabeça de lombo (carne bovina) orgânica frito(a),CARNE BOVINA,100,100,90,35,75,70,30,140,70,,,,,,,,,,,,,,,,,,,,,,,,,,,,,,,,,,,,,,,
Cabeça de lombo (carne bovina) refogado(a),CARNE BOVINA,100,100,90,35,75,70,30,140,70,,,,,,,,,,,,,,,,,,,,,,,,,,,,,,,,,,,,,,,
Cação em posta (cozido),,,,,,,,,,,,,,,,,,,,,,,,,,,,,,,,,,,,,,,,,,,,,,,,,
Cação em posta (cru),,,,,,,,,,,,,,,,,,,,,,,,,,,,,,,,,,,,,,,,,,,,,,,,,
"Cacao Whey Box, 15Uni/30G",,,,,,,,,,,,,,,,,,,,,,,,,,,,,,,,,,,,,,,,,,,,,,,,,
"Cacao Whey Lata, 450G, 15Doses",,,,,,,,,,,,,,,,,,,,,,,,,,,,,,,,,,,,,,,,,,,,,,,,,
"Cacao Whey Lata, 900G, 30Doses",,,,,,,,,,,,,,,,,,,,,,,,,,,,,,,,,,,,,,,,,,,,,,,,,
"Cacao Whey Sachê, 1Uni/30G",,,,,,,,,,,,,,,,,,,,,,,,,,,,,,,,,,,,,,,,,,,,,,,,,
"Cação, posta, com farinha de trigo, frita",,,,,,,,,,,,,,,,,,,,,,,,,,,,,,,,,,,,,,,,,,,,,,,,,
"Cação, posta, cozida",,,,,,,,,,,,,,,,,,,,,,,,,,,,,,,,,,,,,,,,,,,,,,,,,
"Cação, posta, crua",,,,,,,,,,,,,,,,,,,,,,,,,,,,,,,,,,,,,,,,,,,,,,,,,
Caçarola italiana,TIPICOS,,,,,,,,,,,,,,,,,,,,,,,,,,,,,,,,,,,,,,,,,,,,,,,,
Cacau,FRUTAS/SUCOS/VITAMINAS,,,,,,,,,,,,,,,,,,,,,,,,,,,,,,,,,,,,,,,,,,,,,,,,
Cacau em pó - Garoto®,,,,,,,,,,,,,,,,,,,,,,,,,,,,,,,,,,,,,,,,,,,,,,,,,
"Cacau, cru",,,,,,,,,,,,,,,,,,,,,,,,,,,,,,,,,,,,,,,,,,,,,,,,,
"Cacau, in natura, Theobroma arábi L.",,,,,,,,,,,,,,,,,,,,,,,,,,,,,,,,,,,,,,,,,,,,,,,,,
Cachaça,BEBIDAS ALCOOLICAS,,,,,,,,,,,,,,,,,,,,,,,,,,,,,,,,,,,,,,,,,,,,,,,,
Cachaça da terra,,,,,,,,,,,,,,,,,,,,,,,,,,,,,,,,,,,,,,,,,,,,,,,,,
Cachorro quente,LANCHES,,,,,,,,,,,,,,,,,,,,,,,,,,,,,,,,,,,,,,,,,,,,,,,,
Cachorro quente completo(1 salsicha),,,,,,,,,,,,,,,,,,,,,,,,,,,,,,,,,,,,,,,,,,,,,,,,,
Cachorro quente completo(2 salsichas),,,,,,,,,,,,,,,,,,,,,,,,,,,,,,,,,,,,,,,,,,,,,,,,,
Café,BEBIDAS QUENTES,,,,,,,,,,,,,150,240,300,,,,,,,,,,,,,,,,,,,200,300,,,,,,,,,,,,,
Café capuccino soluvel diet,BEBIDAS QUENTES,,,,,,,10,,,1,,,,,,,,,,,,,,,,,,,,,,,,200,300,,,,,,,,,,,,,
Café capuccino soluvel light,BEBIDAS QUENTES,,,,,,,10,,,1,,,,,,,,,,,,,,,,,,,,,,,,200,300,,,,,,,,,,,,,
Café com açúcar (infusão),,,,,,,,,,,,,,150,240,300,,,,,,,,,,,,,,,,,,,,,,,,,,,,,,,,,
Café com farinha,BEBIDAS QUENTES,,,,,,,,,,,,,,,,,,,,,,,,,,,,,,,,,,,,,,,,,,,,,,,,
Café com leite,BEBIDAS QUENTES,,,,,,,,,,,,,150,240,300,,,,,,,,,,,,,,,,,,,200,300,,,,,,,,,,,,,
Café da manha,BEBIDAS QUENTES,,,,,,,,,,,,,,,,,,,,,,,,,,,,,,,,,,,,,,,,,,,,,,,,
Café em pó,,,,,,,,10,,,1,,,,,,,,,,,,,,,,,,,,,,,,,,,,,,,,,,,,,,
Café instantâneo em pó,,,,,,,,,,,,,,,,,,,,,,,,,,,,,,,,,,,,,,,,,,,,,,,,,
Café sem açúcar (infusão),,,,,,,,,,,,,,150,240,300,,,,,,,,,,,,,,,,,,,,,,,,,,,,,,,,,
Café solúvel - Melitta®,,,,,,,,10,,,1,,,,,,,,,,,,,,,,,,,,,,,,,,,,,,,,,,,,,,
Café soluvel capuccino,BEBIDAS QUENTES,,,,,,,10,,,1,,,,,,,,,,,,,,,,,,,,,,,,200,300,,,,,,,,,,,,,
Café solúvel original Nescafé- Nestlé®,,,,,,,,,,,1,,,,,,,,,,,,,,,,,,,,,,,,,,,,,,,,,,,,,,
Café tipo capuccino,BEBIDAS QUENTES,,,,,,,,,,,,,150,240,300,,,,,,,,,,,,,,,,,,,200,300,,,,,,,,,,,,,
Café tipo expresso,BEBIDAS QUENTES,,,,,,,,,,,,,150,240,300,,,,,,,,,,,,,,,,,,,200,300,,,,,,,,,,,,,
Café torrado e moído - Pelé®,,,,,,,,10,,,1,,,,,,,,,,,,,,,,,,,,,,,,,,,,,,,,,,,,,,
"Café, infusão 10%",,,,,,,,,,,,,,150,240,300,,,,,,,,,,,,,,,,,,,,,,,,,,,,,,,,,
"Café, pó, torrado (TACO)",,,,,,,,10,,,1,,,,,,,,,,,,,,,,,,,,,,,,,,,,,,,,,,,,,,
"Café, pó, torrado (TBCA)",,,,,,,,10,,,1,,,,,,,,,,,,,,,,,,,,,,,,,,,,,,,,,,,,,,
Caipirinha (IBGE),BEBIDAS ALCOOLICAS,,,,,,,,,,,,,,,,,,,,,,,,,,,,,,,,,,,,,,,,,,,,,,,,
Caipirinha (Tucunduva),,,,,,,,,,,,,,,,,,,,,,,,,,,,,,,,,,,,,,,,,,,,,,,,,
Caja manga,FRUTAS/SUCOS/VITAMINAS,,,,,,,,,,,,,,,,,,,,,,,,,,,,,,,,,,,,,,,,,,,,,,,,
"Cajá, polpa, congelada (TACO)",,,,,,,,,,,,,,,,,,,,,,,,,,,,,,,,,,,,,,,,,,,,,,,,,
"Cajá, polpa, congelada (TBCA)",,,,,,,,,,,,,,,,,,,,,,,,,,,,,,,,,,,,,,,,,,,,,,,,,
"Cajá-Manga, cru",,,,,,,,,,,,,,,,,,,,,,,,,,,,,,,,,,,,,,,,,,,,,,,,,
"Cajá-Manga, in natura, Spondias dulcis Parkinson",,,,,,,,,,,,,,,,,,,,,,,,,,,,,,,,,,,,,,,,,,,,,,,,,
Cajarana,FRUTAS/SUCOS/VITAMINAS,,,,,,,,,,,,,,,,,,,,,,,,,,,,,,,,,,,,,,,,,,,,,,,,
Caju (IBGE),FRUTAS/SUCOS/VITAMINAS,,,,,,,,,,,,,,,,,,,,,,,,,,,,,,,,,,,,,,,,,,,,,,,,
Caju (Tucunduva),,,,,,,,,,,,,,,,,,,,,,,,,,,,,,,,,,,,,,,,,,,,,,,,,
Caju (polpa),,,,,,,,,,,,,,,,,,,,,,,,,,,,,,,,,,,,,,,,,,,,,,,,,
Caju em pasta,FRUTAS/SUCOS/VITAMINAS,,,,,,,,,,,,,,,,,,,,,,,,,,,,,,,,,,,,,,,,,,,,,,,,
"Caju, castanha, torrada, c/ sal, Anacardium occidentale L.",,,,,,10,,15,,,,,,,,,,,,,,,,,,,,,,2,,,,,,,,,,,,,,,,,,,
"Caju, cru",,,,,,,,,,,,,,,,,,,,,,,,,,,,,,,,,,,,,,,,,,,,,,,,,
"Caju, polpa, congelada",,,,,,,,,,,,,,,,,,,,,,,,,,,,,,,,,,,,,,,,,,,,,,,,,
"Caju, polpa, congelado",,,,,,,,,,,,,,,,,,,,,,,,,,,,,,,,,,,,,,,,,,,,,,,,,
"Caju, polpa, in natura, Anacardium occidentale L.",,,,,,,,,,,,,,,,,,,,,,,,,,,,,,,,,,,,,,,,,,,,,,,,,
"Caju, refresco, c/ suco concentrado , c/ açúcar refinado",,,,,,,,,,,,,,150,240,300,,,,,,,,,,,,,,,,,,,200,300,,,,,,,,,,,,,
"Caju, refresco, c/ suco concentrado , s/ açúcar",,,,,,,,,,,,,,150,240,300,,,,,,,,,,,,,,,,,,,200,300,,,,,,,,,,,,,
"Caju, suco concentrado, envasado",,,,,,,,,,,,,,150,240,300,,,,,,,,,,,,,,,,,,,200,300,,,,,,,,,,,,,
"Caju, suco, concentrado, envasado",,,,,,,,,,,,,,150,240,300,,,,,,,,,,,,,,,,,,,200,300,,,,,,,,,,,,,
Caju-ameixa,,,,,,,,,,,,,,,,,,,,,,,,,,,,,,,,,,,,,,,,,,,,,,,,,
Cajuina,FRUTAS/SUCOS/VITAMINAS,,,,,,,,,,,,,,,,,,,,,,,,,,,,,,,,,,,,,,,,,,,,,,,,
Caldeirada de tucunaré,,,,,,,,,,,,,,,,,,,,,,,,,,,,,,,,,,,,,,,,,,,,,,,,,
Caldeirada paraense,,,,,,,,,,,,,,,,,,,,,,,,,,,,,,,,,,,,,,,,,,,,,,,,,
Caldo de bacon Maggi -Nestlé®,,,,,,11,,,,,,,,,,,,,,,,,,,,,,,,,,,,,,,,,,,,,,,,,,,
Caldo de camarão à oliveira,,,,,,,,,,,,,,,,,,,,,,,,,,,,,,,,,,,,,,,,,,,,,,,,,
Caldo de cana (IBGE),SOPAS/CALDOS/MINGAUS,,,,,,,,,,,,,150,240,300,,,,,,,,,,,,,,,,,,,200,300,,,,,,,,,,,,,
Caldo de cana (Tucunduva),,,,,,,,,,,,,,150,240,300,,,,,,,,,,,,,,,,,,,,,,,,,,,,,,,,,
Caldo de caridade,,,,,,,,,,,,,,,,,,,,,,,,,,,,,,,,,,,,,,,,,,,,,,,,,
Caldo de carne,SOPAS/CALDOS/MINGAUS,,,,,,,,,,,,,150,240,300,,,,,,,,,,,,,,,,,,,,,,,,,,,,,,,,,
Caldo de carne Maggi -Nestlé®,,,,,,11,,,,,,,,,,,,,,,,,,,,,,,,,,,,,,,,,,,,,,,,,,,
Caldo de carne Sazón -Ajinomotoe,,,,,,10,,,,,,,,,,,,,,,,,,,,,,,,,,,,,,,,,,,,,,,,,,,
"Caldo de carne, tablete",,,,,,11,,,,,,,,,,,,,,,,,,,,,,,,,,,,,,,,,,,,,,,,,,,
Caldo de feijão,SOPAS/CALDOS/MINGAUS,,,,,,,,,,,,,,,,,,,,,,,,,,,,,,,,,,,,,,,,,,,,,,,,
Caldo de galinha em pó (0%de gordura) - Maggie,,,,,,11,,,,,,,,,,,,,,,,,,,,,,,,,,,,,,,,,,,,,,,,,,,
Caldo de galinha Maggi -Nestlé®,,,,,,11,,,,,,,,,,,,,,,,,,,,,,,,,,,,,,,,,,,,,,,,,,,
"Caldo de galinha, tablete",,,,,,10,,,,,,,,,,,,,,,,,,,,,,,,,,,,,,,,,,,,,,,,,,,
Caldo de legumes Sazón -Ajinomoto®,,,,,,,,,,,,,,,,,,,,,,,,,,,,,,,,,,,,,,,,,,,,,,,,,
Caldo de mocoto,SOPAS/CALDOS/MINGAUS,,,,,,,,,,,,,,,,,,,,,,,,,,,,,,,,,,,,,,,,,,,,,,,,
Caldo de peixe,SOPAS/CALDOS/MINGAUS,,,,,,,,,,,,,150,240,300,,,,,,,,,,,,,,,,,,,,,,,,,,,,,,,,,
Caldo de tomate,SOPAS/CALDOS/MINGAUS,,,,,,,,,,,,,,,,,,,,,,,,,,,,,,,,,,,,,,,,,,,,,,,,
Caldo verde,SOPAS/CALDOS/MINGAUS,,,,,,,,,,,,,,,,,,,,,,,,,,,,,,,,,,,,,,,,,,,,,,,,
"Caldo, carne, tablete, ""Maggi""",,,,,,11,,,,,,,,,,,,,,,,,,,,,,,,,,,,,,,,,,,,,,,,,,,
"Caldo, carne/galinha, tablete (média diferentes sabores)",,,,,,11,,,,,,,,,,,,,,,,,,,,,,,,,,,,,,,,,,,,,,,,,,,
"Caldo, galinha, tablete, ""Maggi""",,,,,,11,,,,,,,,,,,,,,,,,,,,,,,,,,,,,,,,,,,,,,,,,,,
Calogen,,,,,,,,,,,,,,,,,,,,,,,,,,,,,,,,,,,,,,,,,,,,,,,,,
Calzone,TIPICOS,,,,,,,,,,,,,,,,,,,,,,,,,,,,,,,,,,,,,,,,,,,,,,,,
Camarão,PESCADOS/FRUTOS DO MAR,,,,,,,,,,,,,,,,,,,,,,,,,,,,,,,,,,,,,,,,,,,,,,,,
Camarão  cozido(a),PESCADOS/FRUTOS DO MAR,,,,,190,35,20,70,,,,,,,,,,,,,,,,,,,,,,,,,40,,,,,,,,,,,,,,,
Camarão (cozido),,,,,,190,35,20,70,,,,,,,,,,,,,,,,,,,,,,,,,40,,,,,,,,,,,,,,,
Camarão (cru),,,,,,190,35,20,70,,,,,,,,,,,,,,,,,,,,,,,,,40,,,,,,,,,,,,,,,
Camarão à baiana (TACO),,,,,,,,,,,,,,,,,,,,,,,,,,,,,,,,,,,,,,,,,,,,,,,,,
Camarão à baiana (TBCA),,,,,,,,,,,,,,,,,,,,,,,,,,,,,,,,,,,,,,,,,,,,,,,,,
Camarão à milanesa,,,,,,,,,,,,,,,,,,,,,,,,,,,,,,,,,,,,,,,,,,,,,,,,,
Camarão ao alho e oleo,PESCADOS/FRUTOS DO MAR,,,,,190,35,20,70,,,,,,,,,,,,,,,,,,,,,,,,,40,,,,,,,,,,,,,,,
Camarão assado(a),PESCADOS/FRUTOS DO MAR,,,,,190,35,20,70,,,,,,,,,,,,,,,,,,,,,,,,,,,,,,,,,,,,,,,,
Camarão cru(a),PESCADOS/FRUTOS DO MAR,,,,,190,35,20,70,,,,,,,,,,,,,,,,,,,,,,,,,40,,,,,,,,,,,,,,,
Camarão empanado(a)/a milanesa,PESCADOS/FRUTOS DO MAR,,,,,,,,,,,,,,,,,,,,,,,,,,,,,,,,,,,,,,,,,,,,,,,,
Camarão ensopado,PESCADOS/FRUTOS DO MAR,,,,,190,35,20,70,,,,,,,,,,,,,,,,,,,,,,,,,40,,,,,,,,,,,,,,,
Camarão frito com casca,,,,,,,,,,,,,,,,,,,,,,,,,,,,,,,,,,,,,,,,,,,,,,,,,
Camarão frito(a),PESCADOS/FRUTOS DO MAR,,,,,190,35,20,70,,,,,,,,,,,,,,,,,,,,,,,,,40,,,,,,,,,,,,,,,
Camarão grelhado(a)/brasa/churrasco,PESCADOS/FRUTOS DO MAR,,,,,190,35,20,70,,,,,,,,,,,,,,,,,,,,,,,,,,,,,,,,,,,,,,,,
Camarão molho branco,PESCADOS/FRUTOS DO MAR,,,,,190,35,20,70,,,,,,,,,,,,,,,,,,,,,,,,,40,,,,,,,,,,,,,,,
Camarão molho vermelho,PESCADOS/FRUTOS DO MAR,,,,,190,35,20,70,,,,,,,,,,,,,,,,,,,,,,,,,40,,,,,,,,,,,,,,,
Camarão na moranga,,,,,,,,,,,,,,,,,,,,,,,,,,,,,,,,,,,,,,,,,,,,,,,,,
Camarão refogado(a),PESCADOS/FRUTOS DO MAR,,,,,190,35,20,70,,,,,,,,,,,,,,,,,,,,,,,,,40,,,,,,,,,,,,,,,
"Camarão, Rio Grande, grande, cozido",,,,,,190,35,20,70,,,,,,,,,,,,,,,,,,,,,,,,,40,,,,,,,,,,,,,,,
"Camarão, Rio Grande, grande, cru",,,,,,190,35,20,70,,,,,,,,,,,,,,,,,,,,,,,,,40,,,,,,,,,,,,,,,
"Camarão, Sete Barbas, sem cabeça, com casca, frito",,,,,,,,,,,,,,,,,,,,,,,,,,,,,,,,,,,,,,,,,,,,,,,,,
Cana de açúcar,ADOÇANTES,,,,,,,,,,,,,,,,,,,,,,,,,,,,,,,,,,,,,,,,,,,,,,,,
"Cana, aguardente 1",,,,,,,,,,,,,,,,,,,,,,,,,,,,,,,,,,,,,,,,,,,,,,,,,
"Cana, caldo",,,,,,,,,,,,,,150,240,300,,,,,,,,,,,,,,,,,,,,,,,,,,,,,,,,,
"Cana, caldo de",,,,,,,,,,,,,,150,240,300,,,,,,,,,,,,,,,,,,,200,300,,,,,,,,,,,,,
Canela em pó,,,,,,,,,,,1,,,,,,,,,,,,,,,,,,,,,,,,,,,,,,,,,,,,,,
Canelone à bolonhesa -Nestlé®,,,,,,,,,,,,,,,,,,,,,,,,,,,,,,,,,,,,,,,,,,,,,,,,,
Canelone de ricota - Nestlé®,,,,,,,,,,,,,,,,,,,,,,,,,,,,,,,,,,,,,,,,,,,,,,,,,
Caneloni,FARINHAS/FÉCULAS/MASSAS,,,,,,,,,,,,,,,,,,,,,,,,,,,,,,,,,,,,,,,,,,,,,,,,
Canja,SOPAS/CALDOS/MINGAUS,,,,,,,,,,,,,,,,,,,,,,,,,,,,,,,,,,,,,,,,,,,,,,,,
Canja de galinha,,,,,,,,,,,,,,,,,,,,,,,,,,,,,,,,,,,,,,,,,,,,,,,,,
Canjica (IBGE),TIPICOS,,,,,,,,,,,,,,,,,,,,,,,,,,,,,,,,,,,,,,,,,,,,,,,,
Canjica (Tucunduva),,,,,,,,,,,,,,,,,,,,,,,,,,,,,,,,,,,,,,,,,,,,,,,,,
"Canjica, branca, crua",,,,,,,,,,,,,,,,,,,,,,,,,,,,,,,,,,,,,,,,,,,,,,,,,
"Canjica, com leite integral",,,,,,,,,,,,,,,,,,,,,,,,,,,,,,,,,,,,,,,,,,,,,,,,,
"Canjica, milho, branca, cozida, c/ leite integral e açúcar",,,,,,,,,,,,,,,,,,,,,,,,,,,,,,,,,,,,,,,,,,,,,,,,,
"Canjica, milho, branca, cozida, drenada",,,,,,,,,,,,,,,,,,,,,,,,,,,,,,,,,,,,,,,,,,,,,,,,,
"Canjica, milho, branca, crua",,,,,,,,,,,,,,,,,,,,,,,,,,,,,,,,,,,,,,,,,,,,,,,,,
Canjiquinha de milho em grão,TIPICOS,,,,,,,,,,,,,,,,,,,,,,,,,,,,,,,,,,,,,,,,,,,,,,,,
Canjiquinha de milho em grão cozido(a),TIPICOS,,,,,,,,,,,,,,,,,,,,,,,,,,,,,,,,,,,,,,,,,,,,,,,,
Canjiquinha de milho em grão cru(a),TIPICOS,,,,,,,,,,,,,,,,,,,,,,,,,,,,,,,,,,,,,,,,,,,,,,,,
Canjiquinha de milho em grão ensopado,TIPICOS,,,,,,,,,,,,,,,,,,,,,,,,,,,,,,,,,,,,,,,,,,,,,,,,
Canjiquinha de milho em grão mingau,SOPAS/CALDOS/MINGAUS,,,,,,,,,,,,,,,,,,,,,,,,,,,,,,,,,,,,,,,,,,,,,,,,
Canjiquinha de milho em grão sopa,SOPAS/CALDOS/MINGAUS,,,,,,,,,,,,,,,,,,,,,,,,,,,,,,,,,,,,,,,,,,,,,,,,
Canudinho recheado,FARINHAS/FÉCULAS/MASSAS,,,,,,,,,,,,,,,,,,,,,,,,,,,,,,,,,,,,,,,,,,,,,,,,
Capa de contrafilé com gordura (crua) - carne bovina,,,,,,,,,,,,,,,,,,,,,,,,,,,,,,,,,,,,,,,,,,,,,,,,,
Capa de contrafilé com gordura (grelhada) - carne bovina (Tucunduva),,,,,,,,,,,,,,,,,,,,,,,,,,,,,,,,,,,,,,,,,,,,,,,,,
Capa de contrafilé com gordura (grelhada) - carne bovina (Tucunduva),,,,,,,,,,,,,,,,,,,,,,,,,,,,,,,,,,,,,,,,,,,,,,,,,
Capa de contrafilé comgordura (crua) - carne bovina,,,,,,,,,,,,,,,,,,,,,,,,,,,,,,,,,,,,,,,,,,,,,,,,,
Capelete de preseunto tender com molho branco congelado - Sadia,,,,,,,,,,,,,,,,,,,,,,,,,,,,,,,,,,,,,,,,,,,,,,,,,
Capeleti,PREPARADOS,,,,,,,,,,,,,,,,,,,,,,,,,,,,,,,,,,,,,,,,,,,,,,,,
Capote  assado(a),CARNE BOVINA,100,100,90,35,75,70,30,140,70,,,,,,,,,,,,,,,,,,,,,,,,,,,,,,,,,,,,,,,
Capote  cozido(a),CARNE BOVINA,100,100,90,35,75,70,30,140,70,,,,,,,,,,,,,,,,,,,,,,,,,,,,,,,,,,,,,,,
Capote  frito(a),CARNE BOVINA,100,100,90,35,75,70,30,140,70,,,,,,,,,,,,,,,,,,,,,,,,,,,,,,,,,,,,,,,
Cappuccino cremoso menta - Cacique,,,,,,,,,,,,,,,,,,,,,,,,,,,,,,,,,,,,,,,,,,,,,,,,,
Cappuccino em pó,,,,,,,,20,,1,,,,,,,,,,,,,,,,,,,,,,,,,,,,,,,,,,,,,,,
Cappuccino em pó dietético - Doce Menor,,,,,,,,20,,1,,,,,,,,,,,,,,,,,,,,,,,,,,,,,,,,,,,,,,,
"Cappuccino Whey Box, 14Uni/32G",,,,,,,,,,,,,,,,,,,,,,,,,,,,,,,,,,,,,,,,,,,,,,,,,
"Cappuccino Whey Lata, 448G, 14Doses",,,,,,,,,,,,,,,,,,,,,,,,,,,,,,,,,,,,,,,,,,,,,,,,,
"Cappuccino Whey Sachê, 1Uni/32G",,,,,,,,,,,,,,,,,,,,,,,,,,,,,,,,,,,,,,,,,,,,,,,,,
"Capuccino, pó",,,,,,,,10,,1,,,,,,,,,,,,,,,,,,,,,,,,,,,,,,,,,,,,,,,
Caqui (IBGE),FRUTAS/SUCOS/VITAMINAS,,,,,,,,,,,,,,,,,,,,,,,,,,,,,,,,,,,,,,,,,,,,,,,,
Caqui (Tucunduva),,,,,,,,,,,,,,,,,,,,,,,,,,,,,,,,,,,,,,,,,,,,,,,,,
"Caqui, chocolate, cru",,,,,,,,,,,,,,,,,,,,,,,,,,,,,,,,,,,,,,,,,,,,,,,,,
"Caqui, in natura, Diospyros kaki L.",,,,,,,,,,,,,,,,,,,,,,,,,,,,,,,,,,,,,,,,,,,,,,,,,
Cará (cozido),,,,,,,,,,,,,,,,,,,,,,,,,,,,,,,,,,,,,,,,,,,,,,,,,
Cará (cru),,,,,,,,,,,,,,,,,,,,,,,,,,,,,,,,,,,,,,,,,,,,,,,,,
Cara cozido(a),TUBERCULOS,,,,100,126,60,30,120,60,,,,,,,,,,,,,,,,,,,,,,,,,,,,,,,,,,,,,,,
Cara ensopado,TUBERCULOS,,,,100,126,60,30,120,60,,,,,,,,,,,,,,,,,,,,,,,,,,,,,,,,,,,,,,,
Cara frito(a),TUBERCULOS,,,,100,126,60,30,120,60,,,,,,,,,,,,,,,,,,,,,,,,,,,,,,,,,,,,,,,
Cara mingau,SOPAS/CALDOS/MINGAUS,,,,,,,,,,,,,,,,,,,,,,,,,,,,,,,,,,,,,,,,,,,,,,,,
Cara refogado(a),TUBERCULOS,,,,100,126,60,30,120,60,,,,,,,,,,,,,,,,,,,,,,,,,,,,,,,,,,,,,,,
Cara sopa,SOPAS/CALDOS/MINGAUS,,,,,,,,,,,,,,,,,,,,,,,,,,,,,,,,,,,,,,,,,,,,,,,,
"Cará, cozido",,,,,,,,,,,,,,,,,,,,,,,,,,,,,,,,,,,,,,,,,,,,,,,,,
"Cará, cru",,,,,100,126,60,30,120,60,,,,,,,,,,,,,,,,,,,,,,,,,,,,,,,,,,,,,,,
Carambola (IBGE),FRUTAS/SUCOS/VITAMINAS,,,,,,,,,,,,,,,,,,,,,,,,,,,,,,,,,,,,,,,,,,,,,,,,
Carambola (Tucunduva),,,,,,,,,,,,,,,,,,,,,,,,,,,,,,,,,,,,,,,,,,,,,,,,,
"Carambola, crua",,,,,,,,,,,,,,,,,,,,,,,,,,,,,,,,,,,,,,,,,,,,,,,,,
"Carambola, in natura, Averrhoa carambola L.",,,,,,,,,,,,,,,,,,,,,,,,,,,,,,,,,,,,,,,,,,,,,,,,,
Caramelo (bala),AÇUCARES/CONFEITARIA,,,,,,,,,,,,,,,,,,,,,,,,,,,,,,,,,,,,,,,,,,,,,,,,
Caramelo de gome de liquirizia Dietorelle - Colavita Brasil,,,,,,,,,,,,,,,,,,,,,,,,,,,,,,,,,,,,,,,,,,,,,,,,,
Caranguejo (cozido),,,,,,,,,,,,,,,,,,,,,,,,,,,,,,,,,,,,,,,,,,,,,,,,,
Caranguejo (cru),,,,,,,,,,,,,,,,,,,,,,,,,,,,,,,,,,,,,,,,,,,,,,,,,
Caranguejo ao vinagrete,PESCADOS/FRUTOS DO MAR,,,,,,,,,,,,,,,,,,,,,,,,,,,,,,,,,,,,,,,,,,,,,,,,
Caranguejo assado(a),PESCADOS/FRUTOS DO MAR,,,,,,,,,,,,,,,,,,,,,,,,,,,,,,,,,,,,,,,,,,,,,,,,
Caranguejo cozido(a),PESCADOS/FRUTOS DO MAR,,,,,,,,,,,,,,,,,,,,,,,,,,,,,,,,,,,,,,,,,,,,,,,,
"Caranguejo, cozido",,,,,,,,,,,,,,,,,,,,,,,,,,,,,,,,,,,,,,,,,,,,,,,,,
"Carbolift 900G, 60Doses",,,,,,,,,,,,,,,,,,,,,,,,,,,,,,,,,,,,,,,,,,,,,,,,,
"Carbolift Box, 300G, 20Uni/15G",,,,,,,,,,,,,,,,,,,,,,,,,,,,,,,,,,,,,,,,,,,,,,,,,
"Carbolift Lata, 300G, 20Doses",,,,,,,,,,,,,,,,,,,,,,,,,,,,,,,,,,,,,,,,,,,,,,,,,
"Carbpro 4:1 Recovery - Citrus, 700G, 10Doses",,,,,,,,,,,,,,,,,,,,,,,,,,,,,,,,,,,,,,,,,,,,,,,,,
"Carbpro 4:1 Recovery - Neutro, 700G, 10Doses",,,,,,,,,,,,,,,,,,,,,,,,,,,,,,,,,,,,,,,,,,,,,,,,,
Carcaça de frango,,,,,55,100,40,20,80,,,,,,,,,,,,,,,40,180,55,65,60,10,,,,,,,,,,,,,,,,,,,,
Carcaça de galinha ou frango assado(a),AVES,,,,55,100,40,20,80,,,,,,,,,,,,,,,40,180,55,65,60,10,,,,,,,,,,,,,,,,,,,,
Carcaça de galinha ou frango cozido(a),AVES,,,,55,100,40,20,80,,,,,,,,,,,,,,,40,180,55,65,60,10,,,,,,,,,,,,,,,,,,,,
Carcaça de galinha ou frango ensopado,AVES,,,,55,100,40,20,80,,,,,,,,,,,,,,,40,180,55,65,60,10,,,,,,,,,,,,,,,,,,,,
Carcaça de galinha ou frango frito(a),AVES,,,,55,100,40,20,80,,,,,,,,,,,,,,,40,180,55,65,60,10,,,,,,,,,,,,,,,,,,,,
Carcaça de galinha ou frango refogado(a),AVES,,,,55,100,40,20,80,,,,,,,,,,,,,,,40,180,55,65,60,10,,,,,,,,,,,,,,,,,,,,
Caribéu,,,,,,,,,,,,,,,,,,,,,,,,,,,,,,,,,,,,,,,,,,,,,,,,,
Carimba (cru),,,,,,,,,,,,,,,,,,,,,,,,,,,,,,,,,,,,,,,,,,,,,,,,,
Cariru,HORTALIÇAS,,,,,,,,,,,,,,,,,,,,,,,,,,,,,,,,,,,,,,,,,,,,,,,,
Carne bovina,CARNE BOVINA,100,100,90,35,75,70,30,140,70,,,,,,,,,,,,,,,,,,,,,,,,,,,,,,,,,,,,,,,
Carne bovina  ao alho e oleo,CARNE BOVINA,100,100,90,35,75,70,30,140,70,,,,,,,,,,,,,,,,,,,,,,,,,,,,,,,,,,,,,,,
Carne bovina  ao vinagrete,CARNE BOVINA,100,100,90,35,75,70,30,140,70,,,,,,,,,,,,,,,,,,,,,,,,,,,,,,,,,,,,,,,
Carne bovina  cozido(a),CARNE BOVINA,100,100,90,35,75,70,30,140,70,,,,,,,,,,,,,,,,,,,,,,,,,,,,,,,,,,,,,,,
Carne bovina  cru(a),CARNE BOVINA,100,100,90,35,75,70,30,140,70,,,,,,,,,,,,,,,,,,,,,,,,,,,,,,,,,,,,,,,
Carne bovina  molho branco,CARNE BOVINA,100,100,90,35,75,70,30,140,70,,,,,,,,,,,,,,,,,,,,,,,,,,,,,,,,,,,,,,,
Carne bovina  molho vermelho,CARNE BOVINA,100,100,90,35,75,70,30,140,70,,,,,,,,,,,,,,,,,,,,,,,,,,,,,,,,,,,,,,,
Carne bovina  refogado(a),CARNE BOVINA,100,100,90,35,75,70,30,140,70,,,,,,,,,,,,,,,,,,,,,,,,,,,,,,,,,,,,,,,
Carne bovina  sopa,SOPAS/CALDOS/MINGAUS,,,,,,,,,,,,,,,,,,,,,,,,,,,,,,,,,,,,,,,,,,,,,,,,
Carne bovina assada,,100,100,90,35,75,70,30,140,70,,,,,,,,,,,,,,,,,,,,,,,,,,,,,,,,,,,,,,,
Carne bovina assada com castanha,,,,,,,,,,,,,,,,,,,,,,,,,,,,,,,,,,,,,,,,,,,,,,,,,
Carne bovina assado(a),CARNE BOVINA,100,100,90,35,75,70,30,140,70,,,,,,,,,,,,,,,,,,,,,,,,,,,,,,,,,,,,,,,
Carne bovina com manteiga/oleo,CARNE BOVINA,100,100,90,35,75,70,30,140,70,,,,,,,,,,,,,,,,,,,,,,,,,,,,,,,,,,,,,,,
Carne bovina em conserva,CONSERVAS,,,,,,,,,,,,,,,,,,,,,,,,,,,,,,,,,,,,,,,,,,,,,,,,
Carne bovina empanado(a)/a milanesa,CARNE BOVINA,100,100,90,35,75,70,30,140,70,,,,,,,,,,,,,,,,,,,,,,,,,,,,,,,,,,,,,,,
Carne bovina ensopado,CARNE BOVINA,100,100,90,35,75,70,30,140,70,,,,,,,,,,,,,,,,,,,,,,,,,,,,,,,,,,,,,,,
Carne bovina frito(a),CARNE BOVINA,100,100,90,35,75,70,30,140,70,,,,,,,,,,,,,,,,,,,,,,,,,,,,,,,,,,,,,,,
Carne bovina gorda (crua),,,,,,,,,,,,,,,,,,,,,,,,,,,,,,,,,,,,,,,,,,,,,,,,,
Carne bovina grelhado(a)/brasa/churrasco,CARNE BOVINA,100,100,90,35,75,70,30,140,70,,,,,,,,,,,,,,,,,,,,,,,,,,,,,,,,,,,,,,,
Carne bovina magra (crua),,,,,,,,,,,,,,,,,,,,,,,,,,,,,,,,,,,,,,,,,,,,,,,,,
Carne caprina assado(a),OUTRAS CARNES,,100,90,35,75,70,30,140,70,,,,,,,,,,,,,,,,,,,,,,,,,,,,,,,,,,,,,,,
Carne caprina cozido(a),OUTRAS CARNES,,100,90,35,75,70,30,140,70,,,,,,,,,,,,,,,,,,,,,,,,,,,,,,,,,,,,,,,
Carne caprina ensopado,OUTRAS CARNES,,100,90,35,75,70,30,140,70,,,,,,,,,,,,,,,,,,,,,,,,,,,,,,,,,,,,,,,
Carne caprina frito(a),OUTRAS CARNES,,100,90,35,75,70,30,140,70,,,,,,,,,,,,,,,,,,,,,,,,,,,,,,,,,,,,,,,
"Carne com batata, inhame, batata baroa ou aipim",ALIMENTOS PREPARADOS,,,,,,,,,,,,,,,,,,,,,,,,,,,,,,,,,,,,,,,,,,,,,,,,
"Carne com legumes (exceto batata, inhame e aipim)",ALIMENTOS PREPARADOS,,,,,,,,,,,,,,,,,,,,,,,,,,,,,,,,,,,,,,,,,,,,,,,,
Carne da paca assado(a),OUTRAS CARNES,,100,90,35,75,70,30,140,70,,,,,,,,,,,,,,,,,,,,,,,,,,,,,,,,,,,,,,,
Carne da paca cozido(a),OUTRAS CARNES,,100,90,35,75,70,30,140,70,,,,,,,,,,,,,,,,,,,,,,,,,,,,,,,,,,,,,,,
Carne da paca frito(a),OUTRAS CARNES,,100,90,35,75,70,30,140,70,,,,,,,,,,,,,,,,,,,,,,,,,,,,,,,,,,,,,,,
Carne de aves defumada,AVES,,,,,,,,,,,,,,,,,,,,,,,,,,,,,,,,,,,,,,,,,,,,,,,,
Carne de bode  assado(a),OUTRAS CARNES,,100,90,35,75,70,30,140,70,,,,,,,,,,,,,,,,,,,,,,,,,,,,,,,,,,,,,,,
Carne de bode  frito(a),OUTRAS CARNES,,100,90,35,75,70,30,140,70,,,,,,,,,,,,,,,,,,,,,,,,,,,,,,,,,,,,,,,
Carne de bode  grelhado(a)/brasa/churrasco,OUTRAS CARNES,,100,90,35,75,70,30,140,70,,,,,,,,,,,,,,,,,,,,,,,,,,,,,,,,,,,,,,,
Carne de bode cozido(a),OUTRAS CARNES,,100,90,35,75,70,30,140,70,,,,,,,,,,,,,,,,,,,,,,,,,,,,,,,,,,,,,,,
Carne de cabrito  assado(a),OUTRAS CARNES,,100,90,35,75,70,30,140,70,,,,,,,,,,,,,,,,,,,,,,,,,,,,,,,,,,,,,,,
Carne de cabrito  cozido(a),OUTRAS CARNES,,100,90,35,75,70,30,140,70,,,,,,,,,,,,,,,,,,,,,,,,,,,,,,,,,,,,,,,
Carne de cabrito  grelhado(a)/brasa/churrasco,OUTRAS CARNES,,100,90,35,75,70,30,140,70,,,,,,,,,,,,,,,,,,,,,,,,,,,,,,,,,,,,,,,
Carne de capivara assado(a),OUTRAS CARNES,,100,90,35,75,70,30,140,70,,,,,,,,,,,,,,,,,,,,,,,,,,,,,,,,,,,,,,,
Carne de capivara cozido(a),OUTRAS CARNES,,100,90,35,75,70,30,140,70,,,,,,,,,,,,,,,,,,,,,,,,,,,,,,,,,,,,,,,
Carne de capivara frito(a),OUTRAS CARNES,,100,90,35,75,70,30,140,70,,,,,,,,,,,,,,,,,,,,,,,,,,,,,,,,,,,,,,,
Carne de caprino cozido(a),OUTRAS CARNES,,100,90,35,75,70,30,140,70,,,,,,,,,,,,,,,,,,,,,,,,,,,,,,,,,,,,,,,
Carne de caprino cru(a),OUTRAS CARNES,,100,90,35,75,70,30,140,70,,,,,,,,,,,,,,,,,,,,,,,,,,,,,,,,,,,,,,,
Carne de caprino frito(a),OUTRAS CARNES,,100,90,35,75,70,30,140,70,,,,,,,,,,,,,,,,,,,,,,,,,,,,,,,,,,,,,,,
Carne de carneiro assado(a),OUTRAS CARNES,,100,90,35,75,70,30,140,70,,,,,,,,,,,,,,,,,,,,,,,,,,,,,,,,,,,,,,,
Carne de carneiro cozido(a),OUTRAS CARNES,,100,90,35,75,70,30,140,70,,,,,,,,,,,,,,,,,,,,,,,,,,,,,,,,,,,,,,,
Carne de carneiro ensopado,OUTRAS CARNES,,100,90,35,75,70,30,140,70,,,,,,,,,,,,,,,,,,,,,,,,,,,,,,,,,,,,,,,
Carne de carneiro frito(a),OUTRAS CARNES,,100,90,35,75,70,30,140,70,,,,,,,,,,,,,,,,,,,,,,,,,,,,,,,,,,,,,,,
Carne de carneiro grelhado(a)/brasa/churrasco,OUTRAS CARNES,,100,90,35,75,70,30,140,70,,,,,,,,,,,,,,,,,,,,,,,,,,,,,,,,,,,,,,,
Carne de charque assado(a),CARNE BOVINA,100,100,90,35,75,70,30,140,70,,,,,,,,,,,,,,,,,,,,,,,,,,,,,,,,,,,,,,,
Carne de charque cozido(a),CARNE BOVINA,100,100,90,35,75,70,30,140,70,,,,,,,,,,,,,,,,,,,,,,,,,,,,,,,,,,,,,,,
Carne de charque cru(a),CARNE BOVINA,100,100,90,35,75,70,30,140,70,,,,,,,,,,,,,,,,,,,,,,,,,,,,,,,,,,,,,,,
Carne de charque ensopado,CARNE BOVINA,100,100,90,35,75,70,30,140,70,,,,,,,,,,,,,,,,,,,,,,,,,,,,,,,,,,,,,,,
Carne de charque frito(a),CARNE BOVINA,100,100,90,35,75,70,30,140,70,,,,,,,,,,,,,,,,,,,,,,,,,,,,,,,,,,,,,,,
Carne de charque grelhado(a)/brasa/churrasco,CARNE BOVINA,100,100,90,35,75,70,30,140,70,,,,,,,,,,,,,,,,,,,,,,,,,,,,,,,,,,,,,,,
Carne de charque molho vermelho,CARNE BOVINA,100,100,90,35,75,70,30,140,70,,,,,,,,,,,,,,,,,,,,,,,,,,,,,,,,,,,,,,,
Carne de charque refogado(a),CARNE BOVINA,100,100,90,35,75,70,30,140,70,,,,,,,,,,,,,,,,,,,,,,,,,,,,,,,,,,,,,,,
Carne de cotia assado(a),OUTRAS CARNES,,100,90,35,75,70,30,140,70,,,,,,,,,,,,,,,,,,,,,,,,,,,,,,,,,,,,,,,
Carne de cotia cozido(a),OUTRAS CARNES,,100,90,35,75,70,30,140,70,,,,,,,,,,,,,,,,,,,,,,,,,,,,,,,,,,,,,,,
Carne de galinha,AVES,100,100,,55,100,40,20,80,,,,,,,,,,,,,,,40,180,55,65,60,10,,,,,,,,,,,,,,,,,,,,
Carne de galinha  assado(a),AVES,100,100,,55,100,40,20,80,,,,,,,,,,,,,,,40,180,55,65,60,10,,,,,,,,,,,,,,,,,,,,
Carne de galinha  cozido(a),AVES,100,100,,55,100,40,20,80,,,,,,,,,,,,,,,40,180,55,65,60,10,,,,,,,,,,,,,,,,,,,,
Carne de galinha  cru(a),AVES,100,100,,55,100,40,20,80,,,,,,,,,,,,,,,40,180,55,65,60,10,,,,,,,,,,,,,,,,,,,,
Carne de galinha  empanado(a)/a milanesa,AVES,100,100,,55,100,40,20,80,,,,,,,,,,,,,,,40,180,55,65,60,10,,,,,,,,,,,,,,,,,,,,
Carne de galinha  ensopado,AVES,100,100,,55,100,40,20,80,,,,,,,,,,,,,,,40,180,55,65,60,10,,,,,,,,,,,,,,,,,,,,
Carne de galinha  frito(a),AVES,100,100,,55,100,40,20,80,,,,,,,,,,,,,,,40,180,55,65,60,10,,,,,,,,,,,,,,,,,,,,
Carne de galinha  grelhado(a)/brasa/churrasco,AVES,100,100,,55,100,40,20,80,,,,,,,,,,,,,,,40,180,55,65,60,10,,,,,,,,,,,,,,,,,,,,
Carne de galinha  molho branco,AVES,100,100,,55,100,40,20,80,,,,,,,,,,,,,,,40,180,55,65,60,10,,,,,,,,,,,,,,,,,,,,
Carne de galinha  molho vermelho,AVES,100,100,,55,100,40,20,80,,,,,,,,,,,,,,,40,180,55,65,60,10,,,,,,,,,,,,,,,,,,,,
Carne de galinha  refogado(a),AVES,100,100,,55,100,40,20,80,,,,,,,,,,,,,,,40,180,55,65,60,10,,,,,,,,,,,,,,,,,,,,
Carne de galinha  sopa,SOPAS/CALDOS/MINGAUS,,,,,,,,,,,,,,,,,,,,,,,,,,,,,,,,,,,,,,,,,,,,,,,,
Carne de jabuti cozido(a),OUTRAS CARNES,,100,90,35,75,70,30,140,70,,,,,,,,,,,,,,,,,,,,,,,,,,,,,,,,,,,,,,,
Carne de jacare cozido(a),OUTRAS CARNES,,100,90,35,75,70,30,140,70,,,,,,,,,,,,,,,,,,,,,,,,,,,,,,,,,,,,,,,
Carne de jacare frito(a),OUTRAS CARNES,,100,90,35,75,70,30,140,70,,,,,,,,,,,,,,,,,,,,,,,,,,,,,,,,,,,,,,,
Carne de outros animais,OUTRAS CARNES,,100,90,35,75,70,30,140,70,,,,,,,,,,,,,,,,,,,,,,,,,,,,,,,,,,,,,,,
Carne de outros animais assado(a),OUTRAS CARNES,,100,90,35,75,70,30,140,70,,,,,,,,,,,,,,,,,,,,,,,,,,,,,,,,,,,,,,,
Carne de outros animais cozido(a),OUTRAS CARNES,,100,90,35,75,70,30,140,70,,,,,,,,,,,,,,,,,,,,,,,,,,,,,,,,,,,,,,,
Carne de outros animais cru(a),OUTRAS CARNES,,100,90,35,75,70,30,140,70,,,,,,,,,,,,,,,,,,,,,,,,,,,,,,,,,,,,,,,
Carne de outros animais ensopado,OUTRAS CARNES,,100,90,35,75,70,30,140,70,,,,,,,,,,,,,,,,,,,,,,,,,,,,,,,,,,,,,,,
Carne de outros animais frito(a),OUTRAS CARNES,,100,90,35,75,70,30,140,70,,,,,,,,,,,,,,,,,,,,,,,,,,,,,,,,,,,,,,,
Carne de outros animais grelhado(a)/brasa/churrasco,OUTRAS CARNES,,100,90,35,75,70,30,140,70,,,,,,,,,,,,,,,,,,,,,,,,,,,,,,,,,,,,,,,
Carne de outros animais molho vermelho,OUTRAS CARNES,,100,90,35,75,70,30,140,70,,,,,,,,,,,,,,,,,,,,,,,,,,,,,,,,,,,,,,,
Carne de outros animais refogado(a),OUTRAS CARNES,,100,90,35,75,70,30,140,70,,,,,,,,,,,,,,,,,,,,,,,,,,,,,,,,,,,,,,,
Carne de ovelha assado(a),OUTRAS CARNES,,100,90,35,75,70,30,140,70,,,,,,,,,,,,,,,,,,,,,,,,,,,,,,,,,,,,,,,
Carne de ovelha cozido(a),OUTRAS CARNES,,100,90,35,75,70,30,140,70,,,,,,,,,,,,,,,,,,,,,,,,,,,,,,,,,,,,,,,
Carne de ovelha frito(a),OUTRAS CARNES,,100,90,35,75,70,30,140,70,,,,,,,,,,,,,,,,,,,,,,,,,,,,,,,,,,,,,,,
Carne de ovelha grelhado(a)/brasa/churrasco,OUTRAS CARNES,,100,90,35,75,70,30,140,70,,,,,,,,,,,,,,,,,,,,,,,,,,,,,,,,,,,,,,,
Carne de pato  assado(a),AVES,,,,80,,,,,,,,,,,,,,,,,,,,,,,,,,,,,,,,,,,,,,,,,,,,
Carne de pato  cozido(a),AVES,,,,80,,,,,,,,,,,,,,,,,,,,,,,,,,,,,,,,,,,,,,,,,,,,
Carne de pato  frito(a),AVES,,,,80,,,,,,,,,,,,,,,,,,,,,,,,,,,,,,,,,,,,,,,,,,,,
Carne de primeira  assado(a),CARNE BOVINA,100,100,90,35,75,70,30,140,70,,,,,,,,,,,,,,,,,,,,,,,,,,,,,,,,,,,,,,,
Carne de primeira  com manteiga/oleo,CARNE BOVINA,100,100,90,35,75,70,30,140,70,,,,,,,,,,,,,,,,,,,,,,,,,,,,,,,,,,,,,,,
Carne de primeira  cozido(a),CARNE BOVINA,100,100,90,35,75,70,30,140,70,,,,,,,,,,,,,,,,,,,,,,,,,,,,,,,,,,,,,,,
Carne de primeira  empanado(a)/a milanesa,CARNE BOVINA,100,100,90,35,75,70,30,140,70,,,,,,,,,,,,,,,,,,,,,,,,,,,,,,,,,,,,,,,
Carne de primeira  frito(a),CARNE BOVINA,100,100,90,35,75,70,30,140,70,,,,,,,,,,,,,,,,,,,,,,,,,,,,,,,,,,,,,,,
Carne de primeira  grelhado(a)/brasa/churrasco,CARNE BOVINA,100,100,90,35,75,70,30,140,70,,,,,,,,,,,,,,,,,,,,,,,,,,,,,,,,,,,,,,,
Carne de primeira  molho branco,CARNE BOVINA,100,100,90,35,75,70,30,140,70,,,,,,,,,,,,,,,,,,,,,,,,,,,,,,,,,,,,,,,
Carne de primeira  molho vermelho,CARNE BOVINA,100,100,90,35,75,70,30,140,70,,,,,,,,,,,,,,,,,,,,,,,,,,,,,,,,,,,,,,,
Carne de primeira  refogado(a),CARNE BOVINA,100,100,90,35,75,70,30,140,70,,,,,,,,,,,,,,,,,,,,,,,,,,,,,,,,,,,,,,,
Carne de segunda  ao alho e oleo,CARNE BOVINA,100,100,90,35,75,70,30,140,70,,,,,,,,,,,,,,,,,,,,,,,,,,,,,,,,,,,,,,,
Carne de segunda  assado(a),CARNE BOVINA,100,100,90,35,75,70,30,140,70,,,,,,,,,,,,,,,,,,,,,,,,,,,,,,,,,,,,,,,
Carne de segunda  cozido(a),CARNE BOVINA,100,100,90,35,75,70,30,140,70,,,,,,,,,,,,,,,,,,,,,,,,,,,,,,,,,,,,,,,
Carne de segunda  cru(a),CARNE BOVINA,100,100,90,35,75,70,30,140,70,,,,,,,,,,,,,,,,,,,,,,,,,,,,,,,,,,,,,,,
Carne de segunda  empanado(a)/a milanesa,CARNE BOVINA,100,100,90,35,75,70,30,140,70,,,,,,,,,,,,,,,,,,,,,,,,,,,,,,,,,,,,,,,
Carne de segunda  ensopado,CARNE BOVINA,100,100,90,35,75,70,30,140,70,,,,,,,,,,,,,,,,,,,,,,,,,,,,,,,,,,,,,,,
Carne de segunda  frito(a),CARNE BOVINA,100,100,90,35,75,70,30,140,70,,,,,,,,,,,,,,,,,,,,,,,,,,,,,,,,,,,,,,,
Carne de segunda  grelhado(a)/brasa/churrasco,CARNE BOVINA,100,100,90,35,75,70,30,140,70,,,,,,,,,,,,,,,,,,,,,,,,,,,,,,,,,,,,,,,
Carne de segunda  molho vermelho,CARNE BOVINA,100,100,90,35,75,70,30,140,70,,,,,,,,,,,,,,,,,,,,,,,,,,,,,,,,,,,,,,,
Carne de segunda  refogado(a),CARNE BOVINA,100,100,90,35,75,70,30,140,70,,,,,,,,,,,,,,,,,,,,,,,,,,,,,,,,,,,,,,,
Carne de soja,LEGUMINOSAS,,80,,40,,48,24,48,,,,,,,,,,,,,,,,,,,,,80,,,,,,,,,,,,,,,,,,,
Carne de sol assado(a),CARNE BOVINA,100,100,90,35,75,70,30,140,70,,,,,,,,,,,,,,,,,,,,,,,,,,,,,,,,,,,,,,,
Carne de sol cozido(a),CARNE BOVINA,100,100,90,35,75,70,30,140,70,,,,,,,,,,,,,,,,,,,,,,,,,,,,,,,,,,,,,,,
Carne de sol cru(a),CARNE BOVINA,100,100,90,35,75,70,30,140,70,,,,,,,,,,,,,,,,,,,,,,,,,,,,,,,,,,,,,,,
Carne de sol ensopado,CARNE BOVINA,100,100,90,35,75,70,30,140,70,,,,,,,,,,,,,,,,,,,,,,,,,,,,,,,,,,,,,,,
Carne de sol frito(a),CARNE BOVINA,100,100,90,35,75,70,30,140,70,,,,,,,,,,,,,,,,,,,,,,,,,,,,,,,,,,,,,,,
Carne de sol grelhado(a)/brasa/churrasco,CARNE BOVINA,100,100,90,35,75,70,30,140,70,,,,,,,,,,,,,,,,,,,,,,,,,,,,,,,,,,,,,,,
Carne do sertão assado(a),CARNE BOVINA,100,100,90,35,75,70,30,140,70,,,,,,,,,,,,,,,,,,,,,,,,,,,,,,,,,,,,,,,
Carne do sertão cozido(a),CARNE BOVINA,100,100,90,35,75,70,30,140,70,,,,,,,,,,,,,,,,,,,,,,,,,,,,,,,,,,,,,,,
Carne do sertão frito(a),CARNE BOVINA,100,100,90,35,75,70,30,140,70,,,,,,,,,,,,,,,,,,,,,,,,,,,,,,,,,,,,,,,
Carne marica bovina cozido(a),CARNE BOVINA,100,100,90,35,75,70,30,140,70,,,,,,,,,,,,,,,,,,,,,,,,,,,,,,,,,,,,,,,
Carne marica bovina frito(a),CARNE BOVINA,100,100,90,35,75,70,30,140,70,,,,,,,,,,,,,,,,,,,,,,,,,,,,,,,,,,,,,,,
Carne marica bovina refogado(a),CARNE BOVINA,100,100,90,35,75,70,30,140,70,,,,,,,,,,,,,,,,,,,,,,,,,,,,,,,,,,,,,,,
Carne moída,CARNE BOVINA,100,100,90,35,75,70,30,140,70,,,,,,,,,,,,,,,,,,,,,,,,,,,,,,,,,,,,,,,
Carne moída  cru(a),CARNE BOVINA,100,100,90,35,75,70,30,140,70,,,,,,,,,,,,,,,,,,,,,,,,,,,,,,,,,,,,,,,
Carne moída (crua),,100,100,90,35,75,70,30,140,70,,,,,,,,,,,,,,,,,,,,,,,,,,,,,,,,,,,,,,,
Carne moída (refogada),,100,100,90,35,75,70,30,140,70,,,,,,,,,,,,,,,,,,,,,,,,,,,,,,,,,,,,,,,
Carne moída ao alho e oleo,CARNE BOVINA,100,100,90,35,75,70,30,140,70,,,,,,,,,,,,,,,,,,,,,,,,,,,,,,,,,,,,,,,
Carne moída assado(a),CARNE BOVINA,100,100,90,35,75,70,30,140,70,,,,,,,,,,,,,,,,,,,,,,,,,,,,,,,,,,,,,,,
Carne moída cozido(a),CARNE BOVINA,100,100,90,35,75,70,30,140,70,,,,,,,,,,,,,,,,,,,,,,,,,,,,,,,,,,,,,,,
Carne moída empanado(a)/a milanesa,CARNE BOVINA,100,100,90,35,75,70,30,140,70,,,,,,,,,,,,,,,,,,,,,,,,,,,,,,,,,,,,,,,
Carne moída ensopado,CARNE BOVINA,100,100,90,35,75,70,30,140,70,,,,,,,,,,,,,,,,,,,,,,,,,,,,,,,,,,,,,,,
Carne moída frito(a),CARNE BOVINA,100,100,90,35,75,70,30,140,70,,,,,,,,,,,,,,,,,,,,,,,,,,,,,,,,,,,,,,,
Carne moída molho branco,CARNE BOVINA,100,100,90,35,75,70,30,140,70,,,,,,,,,,,,,,,,,,,,,,,,,,,,,,,,,,,,,,,
Carne moída molho vermelho,CARNE BOVINA,100,100,90,35,75,70,30,140,70,,,,,,,,,,,,,,,,,,,,,,,,,,,,,,,,,,,,,,,
Carne moída refogado(a),CARNE BOVINA,100,100,90,35,75,70,30,140,70,,,,,,,,,,,,,,,,,,,,,,,,,,,,,,,,,,,,,,,
Carne moída sopa,SOPAS/CALDOS/MINGAUS,,,,,,,,,,,,,,,,,,,,,,,,,,,,,,,,,,,,,,,,,,,,,,,,
Carne salgada não especificada,CARNE BOVINA,100,100,90,35,75,70,30,140,70,,,,,,,,,,,,,,,,,,,,,,,,,,,,,,,,,,,,,,,
Carne salgada não especificada assado(a),CARNE BOVINA,100,100,90,35,75,70,30,140,70,,,,,,,,,,,,,,,,,,,,,,,,,,,,,,,,,,,,,,,
Carne salgada não especificada cozido(a),CARNE BOVINA,100,100,90,35,75,70,30,140,70,,,,,,,,,,,,,,,,,,,,,,,,,,,,,,,,,,,,,,,
Carne salgada não especificada frito(a),CARNE BOVINA,100,100,90,35,75,70,30,140,70,,,,,,,,,,,,,,,,,,,,,,,,,,,,,,,,,,,,,,,
Carne salgada não especificada grelhado(a)/brasa/churrasco,CARNE BOVINA,100,100,90,35,75,70,30,140,70,,,,,,,,,,,,,,,,,,,,,,,,,,,,,,,,,,,,,,,
Carne salgada não especificada molho vermelho,CARNE BOVINA,100,100,90,35,75,70,30,140,70,,,,,,,,,,,,,,,,,,,,,,,,,,,,,,,,,,,,,,,
Carne salgada não especificada refogado(a),CARNE BOVINA,100,100,90,35,75,70,30,140,70,,,,,,,,,,,,,,,,,,,,,,,,,,,,,,,,,,,,,,,
Carne seca assado(a),CARNE BOVINA,100,100,90,35,75,70,30,140,70,,,,,,,,,,,,,,,,,,,,,,,,,,,,,,,,,,,,,,,
Carne seca bovina (cozida),,100,100,90,35,75,70,30,140,70,,,,,,,,,,,,,,,,,,,,,,,,,,,,,,,,,,,,,,,
Carne seca bovina (crua),,100,100,90,35,75,70,30,140,70,,,,,,,,,,,,,,,,,,,,,,,,,,,,,,,,,,,,,,,
Carne seca cozido(a),CARNE BOVINA,100,100,90,35,75,70,30,140,70,,,,,,,,,,,,,,,,,,,,,,,,,,,,,,,,,,,,,,,
Carne seca ensopado,CARNE BOVINA,100,100,90,35,75,70,30,140,70,,,,,,,,,,,,,,,,,,,,,,,,,,,,,,,,,,,,,,,
Carne seca frito(a),CARNE BOVINA,100,100,90,35,75,70,30,140,70,,,,,,,,,,,,,,,,,,,,,,,,,,,,,,,,,,,,,,,
Carne seca grelhado(a)/brasa/churrasco,CARNE BOVINA,100,100,90,35,75,70,30,140,70,,,,,,,,,,,,,,,,,,,,,,,,,,,,,,,,,,,,,,,
Carne seca molho vermelho,CARNE BOVINA,100,100,90,35,75,70,30,140,70,,,,,,,,,,,,,,,,,,,,,,,,,,,,,,,,,,,,,,,
Carne seca refogado(a),CARNE BOVINA,100,100,90,35,75,70,30,140,70,,,,,,,,,,,,,,,,,,,,,,,,,,,,,,,,,,,,,,,
Carne suína,OUTRAS CARNES,,100,90,35,75,70,30,140,70,,,,,,,,,,,,,,,,,,,,,,,,,,,,,,,,,,,,,,,
Carne suína ao alho e oleo,OUTRAS CARNES,,100,90,35,75,70,30,140,70,,,,,,,,,,,,,,,,,,,,,,,,,,,,,,,,,,,,,,,
Carne suína assado(a),OUTRAS CARNES,,100,90,35,75,70,30,140,70,,,,,,,,,,,,,,,,,,,,,,,,,,,,,,,,,,,,,,,
Carne suína cozido(a),OUTRAS CARNES,,100,90,35,75,70,30,140,70,,,,,,,,,,,,,,,,,,,,,,,,,,,,,,,,,,,,,,,
Carne suína cru(a),OUTRAS CARNES,,100,90,35,75,70,30,140,70,,,,,,,,,,,,,,,,,,,,,,,,,,,,,,,,,,,,,,,
Carne suína empanado(a)/a milanesa,OUTRAS CARNES,,100,90,35,75,70,30,140,70,,,,,,,,,,,,,,,,,,,,,,,,,,,,,,,,,,,,,,,
Carne suína ensopado,OUTRAS CARNES,,100,90,35,75,70,30,140,70,,,,,,,,,,,,,,,,,,,,,,,,,,,,,,,,,,,,,,,
Carne suína frito(a),OUTRAS CARNES,,100,90,35,75,70,30,140,70,,,,,,,,,,,,,,,,,,,,,,,,,,,,,,,,,,,,,,,
Carne suína grelhado(a)/brasa/churrasco,OUTRAS CARNES,,100,90,35,75,70,30,140,70,,,,,,,,,,,,,,,,,,,,,,,,,,,,,,,,,,,,,,,
Carne suína molho vermelho,OUTRAS CARNES,,100,90,35,75,70,30,140,70,,,,,,,,,,,,,,,,,,,,,,,,,,,,,,,,,,,,,,,
Carne suína refogado(a),OUTRAS CARNES,,100,90,35,75,70,30,140,70,,,,,,,,,,,,,,,,,,,,,,,,,,,,,,,,,,,,,,,
Carne vegetal frito(a),,,,,,,,,,,,,,,,,,,,,,,,,,,,,,,,,,,,,,,,,,,,,,,,,
"Carne, avestruz, apex, Struthio camelus, African Black",,,,,,,,,,,,,,,,,,,,,,,,,,,,,,,,,,,,,,,,,,,,,,,,,
"Carne, avestruz, coxa externa, crua, Struthio camelus, African Black",,,,,,,,,,,,,,,,,,,,,,,,,,,,,,,,,,,,,,,,,,,,,,,,,
"Carne, avestruz, coxa interna, crua, Struthio camelus, African Black",,,,,,,,,,,,,,,,,,,,,,,,,,,,,,,,,,,,,,,,,,,,,,,,,
"Carne, avestruz, crua, Struthio camelus, African Black (média de diferentes cortes)",,,,,,,,,,,,,,,,,,,,,,,,,,,,,,,,,,,,,,,,,,,,,,,,,
"Carne, avestruz, filet mignon, crua, Struthio camelus, African Black",,,,,,,,,,,,,,,,,,,,,,,,,,,,,,,,,,,,,,,,,,,,,,,,,
"Carne, avestruz, leque, Struthio camelus, African Black",,,,,,,,,,,,,,,,,,,,,,,,,,,,,,,,,,,,,,,,,,,,,,,,,
"Carne, avestruz, redondo, crua, Struthio camelus, African Black",,,,,,,,,,,,,,,,,,,,,,,,,,,,,,,,,,,,,,,,,,,,,,,,,
"Carne, boi, acém, assado, s/ sal, Bos taurus",,100,100,90,35,75,70,30,140,70,,,,,,,,,,,,,,,,,,,,,,,,,,,,,,,,,,,,,,,
"Carne, boi, acém, crua, Bos taurus",,100,100,90,35,75,70,30,140,70,,,,,,,,,,,,,,,,,,,,,,,,,,,,,,,,,,,,,,,
"Carne, boi, acém, moída, crua, Bos taurus",,100,100,90,35,75,70,30,140,70,,,,,,,,,,,,,,,,,,,,,,,,,,,,,,,,,,,,,,,
"Carne, boi, acém, moída, refogada c/ óleo e temperos, c/ sal, Bos taurus",,100,100,90,35,75,70,30,140,70,,,,,,,,,,,,,,,,,,,,,,,,,,,,,,,,,,,,,,,
"Carne, boi, acém, moída, refogada c/ óleo e temperos, s/ sal, Bos taurus",,100,100,90,35,75,70,30,140,70,,,,,,,,,,,,,,,,,,,,,,,,,,,,,,,,,,,,,,,
"Carne, boi, alcatra, crua, Bos taurus (média de amostras frescas, resfriada, congelada)",,100,100,90,35,75,70,30,140,70,,,,,,,,,,,,,,,,,,,,,,,,,,,,,,,,,,,,,,,
"Carne, boi, bucho, crua, Bos taurus",,,,90,35,75,70,30,140,70,,,,,,,,,,,,,,,,,,,,,,,,,,,,,,,,,,,,,,,
"Carne, boi, c/ gordura, bucho, cozida, s/ sal, Bos taurus",,100,100,90,35,75,70,30,140,70,,,,,,,,,,,,,,,,,,,,,,,,,,,,,,,,,,,,,,,
"Carne, boi, c/ gordura, capa de contra filé, crua, Bos taurus",,100,100,90,35,75,70,30,140,70,,,,,,,,,,,,,,,,,,,,,,,,,,,,,,,,,,,,,,,
"Carne, boi, c/ gordura, contra-filé, crua, Bos taurus (média várias amostras)",,100,100,90,35,75,70,30,140,70,,,,,,,,,,,,,,,,,,,,,,,,,,,,,,,,,,,,,,,
"Carne, boi, c/ gordura, fraldinha, cozida, s/ sal, Bos taurus",,100,100,90,35,75,70,30,140,70,,,,,,,,,,,,,,,,,,,,,,,,,,,,,,,,,,,,,,,
"Carne, boi, c/ gordura, fraldinha, crua, Bos taurus",,100,100,90,35,75,70,30,140,70,,,,,,,,,,,,,,,,,,,,,,,,,,,,,,,,,,,,,,,
"Carne, boi, c/ gordura, paleta, crua, Bos taurus",,100,100,90,35,75,70,30,140,70,,,,,,,,,,,,,,,,,,,,,,,,,,,,,,,,,,,,,,,
"Carne, boi, c/ gordura, picanha, grelhada, s/ sal, Bos taurus",,100,100,90,35,75,70,30,140,70,,,,,,,,,,,,,,,,,,,,,,,,,,,,,,,,,,,,,,,
"Carne, boi, c/ gordura, quarto traseiro, grelhada, s/ sal, Bos taurus",,100,100,90,35,75,70,30,140,70,,,,,,,,,,,,,,,,,,,,,,,,,,,,,,,,,,,,,,,
"Carne, boi, capa de contra-filé, grelhada, Bos taurus",,100,100,90,35,75,70,30,140,70,,,,,,,,,,,,,,,,,,,,,,,,,,,,,,,,,,,,,,,
"Carne, boi, contrafilé de costela, grelhada, s/ sal, Bos taurus",,100,100,90,35,75,70,30,140,70,,,,,,,,,,,,,,,,,,,,,,,,,,,,,,,,,,,,,,,
"Carne, boi, contrafilé, à milanesa, s/ sal, Bos taurus",,100,100,90,35,75,70,30,140,70,,,,,,,,,,,,,,,,,,,,,,,,,,,,,,,,,,,,,,,
"Carne, boi, contra-filé, crua, Bos taurus (média várias amostras) (TBCA)",,100,100,90,35,75,70,30,140,70,,,,,,,,,,,,,,,,,,,,,,,,,,,,,,,,,,,,,,,
"Carne, boi, contra-filé, crua, Bos taurus (média várias amostras) (TBCA)",,100,100,90,35,75,70,30,140,70,,,,,,,,,,,,,,,,,,,,,,,,,,,,,,,,,,,,,,,
"Carne, boi, contrafilé, grelhado/frito, s/ sal, Bos taurus",,100,100,90,35,75,70,30,140,70,,,,,,,,,,,,,,,,,,,,,,,,,,,,,,,,,,,,,,,
"Carne, boi, costela, assado, s/ sal, Bos taurus",,,,90,35,75,70,30,140,70,,,,,,,,,,,,,,,,,,,,,,,,,,,,,,,,,,,,,,,
"Carne, boi, costela, crua, Bos taurus",,,,90,35,75,70,30,140,70,,,,,,,,,,,,,,,,,,,,,,,,,,,,,,,,,,,,,,,
"Carne, boi, coxão duro (chã de fora), crua, Bos taurus",,100,100,90,35,75,70,30,140,70,,,,,,,,,,,,,,,,,,,,,,,,,,,,,,,,,,,,,,,
"Carne, boi, cozida, charque, dessalgada, Bos taurus",,100,100,90,35,75,70,30,140,70,,,,,,,,,,,,,,,,,,,,,,,,,,,,,,,,,,,,,,,
"Carne, boi, cozida, charque, dessalgada, Bos taurus (média de diferentes amostras)",,100,100,90,35,75,70,30,140,70,,,,,,,,,,,,,,,,,,,,,,,,,,,,,,,,,,,,,,,
"Carne, boi, cozida, seca, Bos taurus",,100,100,90,35,75,70,30,140,70,,,,,,,,,,,,,,,,,,,,,,,,,,,,,,,,,,,,,,,
"Carne, boi, crua, salgada, Bos taurus (média de diferentes amostras)",,100,100,90,35,75,70,30,140,70,,,,,,,,,,,,,,,,,,,,,,,,,,,,,,,,,,,,,,,
"Carne, boi, crua, salgada, dessalgada, Bos taurus (média de diferentes amostras)",,100,100,90,35,75,70,30,140,70,,,,,,,,,,,,,,,,,,,,,,,,,,,,,,,,,,,,,,,
"Carne, boi, cupim, assado, s/ sal, Bos taurus",,100,100,90,35,75,70,30,140,70,,,,,,,,,,,,,,,,,,,,,,,,,,,,,,,,,,,,,,,
"Carne, boi, cupim, crua, Bos taurus",,100,100,90,35,75,70,30,140,70,,,,,,,,,,,,,,,,,,,,,,,,,,,,,,,,,,,,,,,
"Carne, boi, fígado, crua, Bos taurus",,100,100,90,35,75,70,30,140,70,,,,,,,,,,,,,,,,,,,,,,,,,,,,,,,,,,,,,,,
"Carne, boi, fígado, grelhado, s/ sal, Bos taurus",,100,100,90,35,75,70,30,140,70,,,,,,,,,,,,,,,,,,,,,,,,,,,,,,,,,,,,,,,
"Carne, boi, lagarto, cozida, Bos taurus",,100,100,90,35,75,70,30,140,70,,,,,,,,,,,,,,,,,,,,,,,,,,,,,,,,,,,,,,,
"Carne, boi, lagarto, crua, Bos taurus",,100,100,90,35,75,70,30,140,70,,,,,,,,,,,,,,,,,,,,,,,,,,,,,,,,,,,,,,,
"Carne, boi, lingua, cozida, s/ sal, Bos taurus",,,,90,35,75,70,30,140,70,,,,,,,,,,,,,,,,,,,,,,,,,,,,,,,,,,,,,,,
"Carne, boi, língua, crua, Bos taurus",,,,90,35,75,70,30,140,70,,,,,,,,,,,,,,,,,,,,,,,,,,,,,,,,,,,,,,,
"Carne, boi, maminha, crua, Bos taurus",,100,100,90,35,75,70,30,140,70,,,,,,,,,,,,,,,,,,,,,,,,,,,,,,,,,,,,,,,
"Carne, boi, maminha, grelhada, s/ sal, Bos taurus",,100,100,90,35,75,70,30,140,70,,,,,,,,,,,,,,,,,,,,,,,,,,,,,,,,,,,,,,,
"Carne, boi, patinho, crua, Bos taurus",,100,100,90,35,75,70,30,140,70,,,,,,,,,,,,,,,,,,,,,,,,,,,,,,,,,,,,,,,
"Carne, boi, picanha, crua, Bos taurus",,100,100,90,35,75,70,30,140,70,,,,,,,,,,,,,,,,,,,,,,,,,,,,,,,,,,,,,,,
"Carne, boi, ponta de agulha, crua, Bos taurus",,100,100,90,35,75,70,30,140,70,,,,,,,,,,,,,,,,,,,,,,,,,,,,,,,,,,,,,,,
"Carne, boi, quarto diantero, crua, Bos taurus",,100,100,90,35,75,70,30,140,70,,,,,,,,,,,,,,,,,,,,,,,,,,,,,,,,,,,,,,,
"Carne, boi, quarto traseiro, crua, Bos taurus (média diferentes cortes)",,100,100,90,35,75,70,30,140,70,,,,,,,,,,,,,,,,,,,,,,,,,,,,,,,,,,,,,,,
"Carne, boi, s/ gordura, acém, cozida, s/ sal, Bos taurus",,100,100,90,35,75,70,30,140,70,,,,,,,,,,,,,,,,,,,,,,,,,,,,,,,,,,,,,,,
"Carne, boi, s/ gordura, capa de contra filé, crua, Bos taurus",,100,100,90,35,75,70,30,140,70,,,,,,,,,,,,,,,,,,,,,,,,,,,,,,,,,,,,,,,
"Carne, boi, s/ gordura, capa de contra-filé, grelhada, s/ sal, Bos taurus",,100,100,90,35,75,70,30,140,70,,,,,,,,,,,,,,,,,,,,,,,,,,,,,,,,,,,,,,,
"Carne, boi, s/ gordura, coxão duro (chã de fora), cozida, s/ sal, Bos taurus",,100,100,90,35,75,70,30,140,70,,,,,,,,,,,,,,,,,,,,,,,,,,,,,,,,,,,,,,,
"Carne, boi, s/ gordura, coxão mole (polpa, chã de dentro), cozida, s/ sal, Bos taurus",,100,100,90,35,75,70,30,140,70,,,,,,,,,,,,,,,,,,,,,,,,,,,,,,,,,,,,,,,
"Carne, boi, s/ gordura, coxão mole, crua, Bos taurus",,100,100,90,35,75,70,30,140,70,,,,,,,,,,,,,,,,,,,,,,,,,,,,,,,,,,,,,,,
"Carne, boi, s/ gordura, filé mignon, crua, Bos taurus",,100,100,90,35,75,70,30,140,70,,,,,,,,,,,,,,,,,,,,,,,,,,,,,,,,,,,,,,,
"Carne, boi, s/ gordura, filé mignon, grelhada, s/ sal, Bos taurus",,100,100,90,35,75,70,30,140,70,,,,,,,,,,,,,,,,,,,,,,,,,,,,,,,,,,,,,,,
"Carne, boi, s/ gordura, flanco, cozida, s/ sal, Bos taurus",,100,100,90,35,75,70,30,140,70,,,,,,,,,,,,,,,,,,,,,,,,,,,,,,,,,,,,,,,
"Carne, boi, s/ gordura, flanco, crua, Bos taurus",,100,100,90,35,75,70,30,140,70,,,,,,,,,,,,,,,,,,,,,,,,,,,,,,,,,,,,,,,
"Carne, boi, s/ gordura, grelhada, s/ sal, Bos taurus (TBCA)",,100,100,90,35,75,70,30,140,70,,,,,,,,,,,,,,,,,,,,,,,,,,,,,,,,,,,,,,,
"Carne, boi, s/ gordura, grelhada, s/ sal, Bos taurus (TBCA)",,100,100,90,35,75,70,30,140,70,,,,,,,,,,,,,,,,,,,,,,,,,,,,,,,,,,,,,,,
"Carne, boi, s/ gordura, miolo de alcatra, grelhada, s/ sal, Bos taurus",,100,100,90,35,75,70,30,140,70,,,,,,,,,,,,,,,,,,,,,,,,,,,,,,,,,,,,,,,
"Carne, boi, s/ gordura, moída, crua, Bos taurus",,100,100,90,35,75,70,30,140,70,,,,,,,,,,,,,,,,,,,,,,,,,,,,,,,,,,,,,,,
"Carne, boi, s/ gordura, músculo, cozida, Bos taurus",,100,100,90,35,75,70,30,140,70,,,,,,,,,,,,,,,,,,,,,,,,,,,,,,,,,,,,,,,
"Carne, boi, s/ gordura, músculo, crua, Bos taurus",,100,100,90,35,75,70,30,140,70,,,,,,,,,,,,,,,,,,,,,,,,,,,,,,,,,,,,,,,
"Carne, boi, s/ gordura, paleta, cozida, s/ sal, Bos taurus",,100,100,90,35,75,70,30,140,70,,,,,,,,,,,,,,,,,,,,,,,,,,,,,,,,,,,,,,,
"Carne, boi, s/ gordura, paleta, crua, Bos taurus",,100,100,90,35,75,70,30,140,70,,,,,,,,,,,,,,,,,,,,,,,,,,,,,,,,,,,,,,,
"Carne, boi, s/ gordura, patinho, cozida, s/ sal, Bos taurus",,100,100,90,35,75,70,30,140,70,,,,,,,,,,,,,,,,,,,,,,,,,,,,,,,,,,,,,,,
"Carne, boi, s/ gordura, peito, crua, Bos taurus",,100,100,90,35,75,70,30,140,70,,,,,,,,,,,,,,,,,,,,,,,,,,,,,,,,,,,,,,,
"Carne, boi, s/ gordura, peito, grelhada, s/ sal, Bos taurus",,100,100,90,35,75,70,30,140,70,,,,,,,,,,,,,,,,,,,,,,,,,,,,,,,,,,,,,,,
"Carne, boi, s/ gordura, picanha, grelhada, s/ sal, Bos taurus",,100,100,90,35,75,70,30,140,70,,,,,,,,,,,,,,,,,,,,,,,,,,,,,,,,,,,,,,,
"Carne, boi, s/ gordura, quarto traseiro, cozida, s/ sal, Bos taurus",,100,100,90,35,75,70,30,140,70,,,,,,,,,,,,,,,,,,,,,,,,,,,,,,,,,,,,,,,
"Carne, boi, s/ gordura, s/ sal, quarto diantero, cozida, Bos taurus",,100,100,90,35,75,70,30,140,70,,,,,,,,,,,,,,,,,,,,,,,,,,,,,,,,,,,,,,,
"Carne, bovina, acém, moído, cozido",,100,100,90,35,75,70,30,140,70,,,,,,,,,,,,,,,,,,,,,,,,,,,,,,,,,,,,,,,
"Carne, bovina, acém, moído, cru",,100,100,90,35,75,70,30,140,70,,,,,,,,,,,,,,,,,,,,,,,,,,,,,,,,,,,,,,,
"Carne, bovina, acém, sem gordura, cozido",,100,100,90,35,75,70,30,140,70,,,,,,,,,,,,,,,,,,,,,,,,,,,,,,,,,,,,,,,
"Carne, bovina, acém, sem gordura, cru",,100,100,90,35,75,70,30,140,70,,,,,,,,,,,,,,,,,,,,,,,,,,,,,,,,,,,,,,,
"Carne, bovina, almôndegas, cruas",,,,,,,,,,,,,,,,,,,,,,,,,,,,,,,,,,,,,,,,,,,,,,,,,
"Carne, bovina, almôndegas, fritas",,,,,,,,,,,,,,,,,,,,,,,,,,,,,,,,,,,,,,,,,,,,,,,,,
"Carne, bovina, bucho, cozido",,,,90,35,75,70,30,140,70,,,,,,,,,,,,,,,,,,,,,,,,,,,,,,,,,,,,,,,
"Carne, bovina, bucho, cru",,,,90,35,75,70,30,140,70,,,,,,,,,,,,,,,,,,,,,,,,,,,,,,,,,,,,,,,
"Carne, bovina, capa de contra-filé, com gordura, crua",,100,100,90,35,75,70,30,140,70,,,,,,,,,,,,,,,,,,,,,,,,,,,,,,,,,,,,,,,
"Carne, bovina, capa de contra-filé, com gordura, grelhada",,100,100,90,35,75,70,30,140,70,,,,,,,,,,,,,,,,,,,,,,,,,,,,,,,,,,,,,,,
"Carne, bovina, capa de contra-filé, sem gordura, crua",,100,100,90,35,75,70,30,140,70,,,,,,,,,,,,,,,,,,,,,,,,,,,,,,,,,,,,,,,
"Carne, bovina, capa de contra-filé, sem gordura, grelhada",,100,100,90,35,75,70,30,140,70,,,,,,,,,,,,,,,,,,,,,,,,,,,,,,,,,,,,,,,
"Carne, bovina, charque, cozido",,100,100,90,35,75,70,30,140,70,,,,,,,,,,,,,,,,,,,,,,,,,,,,,,,,,,,,,,,
"Carne, bovina, charque, cru",,100,100,90,35,75,70,30,140,70,,,,,,,,,,,,,,,,,,,,,,,,,,,,,,,,,,,,,,,
"Carne, bovina, contra-filé de costela, cru",,100,100,90,35,75,70,30,140,70,,,,,,,,,,,,,,,,,,,,,,,,,,,,,,,,,,,,,,,
"Carne, bovina, contra-filé de costela, grelhado",,100,100,90,35,75,70,30,140,70,,,,,,,,,,,,,,,,,,,,,,,,,,,,,,,,,,,,,,,
"Carne, bovina, contra-filé, à milanesa",,100,100,90,35,75,70,30,140,70,,,,,,,,,,,,,,,,,,,,,,,,,,,,,,,,,,,,,,,
"Carne, bovina, contra-filé, com gordura, cru",,100,100,90,35,75,70,30,140,70,,,,,,,,,,,,,,,,,,,,,,,,,,,,,,,,,,,,,,,
"Carne, bovina, contra-filé, com gordura, grelhado",,100,100,90,35,75,70,30,140,70,,,,,,,,,,,,,,,,,,,,,,,,,,,,,,,,,,,,,,,
"Carne, bovina, contra-filé, sem gordura, cru",,100,100,90,35,75,70,30,140,70,,,,,,,,,,,,,,,,,,,,,,,,,,,,,,,,,,,,,,,
"Carne, bovina, contra-filé, sem gordura, grelhado",,100,100,90,35,75,70,30,140,70,,,,,,,,,,,,,,,,,,,,,,,,,,,,,,,,,,,,,,,
"Carne, bovina, costela, assada",,,,90,35,75,70,30,140,70,,,,,,,,,,,,,,,,,,,,,,,,,,,,,,,,,,,,,,,
"Carne, bovina, costela, crua",,,,90,35,75,70,30,140,70,,,,,,,,,,,,,,,,,,,,,,,,,,,,,,,,,,,,,,,
"Carne, bovina, coxão duro, sem gordura, cozido",,100,100,90,35,75,70,30,140,70,,,,,,,,,,,,,,,,,,,,,,,,,,,,,,,,,,,,,,,
"Carne, bovina, coxão duro, sem gordura, cru",,100,100,90,35,75,70,30,140,70,,,,,,,,,,,,,,,,,,,,,,,,,,,,,,,,,,,,,,,
"Carne, bovina, coxão mole, sem gordura, cozido",,100,100,90,35,75,70,30,140,70,,,,,,,,,,,,,,,,,,,,,,,,,,,,,,,,,,,,,,,
"Carne, bovina, coxão mole, sem gordura, cru",,100,100,90,35,75,70,30,140,70,,,,,,,,,,,,,,,,,,,,,,,,,,,,,,,,,,,,,,,
"Carne, bovina, cupim, assado",,100,100,90,35,75,70,30,140,70,,,,,,,,,,,,,,,,,,,,,,,,,,,,,,,,,,,,,,,
"Carne, bovina, cupim, cru",,100,100,90,35,75,70,30,140,70,,,,,,,,,,,,,,,,,,,,,,,,,,,,,,,,,,,,,,,
"Carne, bovina, fígado, cru",,100,100,90,35,75,70,30,140,70,,,,,,,,,,,,,,,,,,,,,,,,,,,,,,,,,,,,,,,
"Carne, bovina, fígado, grelhado",,100,100,90,35,75,70,30,140,70,,,,,,,,,,,,,,,,,,,,,,,,,,,,,,,,,,,,,,,
"Carne, bovina, filé mingnon, sem gordura, cru",,100,100,90,35,75,70,30,140,70,,,,,,,,,,,,,,,,,,,,,,,,,,,,,,,,,,,,,,,
"Carne, bovina, filé mingnon, sem gordura, grelhado",,100,100,90,35,75,70,30,140,70,,,,,,,,,,,,,,,,,,,,,,,,,,,,,,,,,,,,,,,
"Carne, bovina, flanco, sem gordura, cozido",,100,100,90,35,75,70,30,140,70,,,,,,,,,,,,,,,,,,,,,,,,,,,,,,,,,,,,,,,
"Carne, bovina, flanco, sem gordura, cru",,100,100,90,35,75,70,30,140,70,,,,,,,,,,,,,,,,,,,,,,,,,,,,,,,,,,,,,,,
"Carne, bovina, fraldinha, com gordura, cozida",,100,100,90,35,75,70,30,140,70,,,,,,,,,,,,,,,,,,,,,,,,,,,,,,,,,,,,,,,
"Carne, bovina, fraldinha, com gordura, crua",,100,100,90,35,75,70,30,140,70,,,,,,,,,,,,,,,,,,,,,,,,,,,,,,,,,,,,,,,
"Carne, bovina, lagarto, cozido",,100,100,90,35,75,70,30,140,70,,,,,,,,,,,,,,,,,,,,,,,,,,,,,,,,,,,,,,,
"Carne, bovina, lagarto, cru",,100,100,90,35,75,70,30,140,70,,,,,,,,,,,,,,,,,,,,,,,,,,,,,,,,,,,,,,,
"Carne, bovina, língua, cozida",,100,100,90,35,75,70,30,140,70,,,,,,,,,,,,,,,,,,,,,,,,,,,,,,,,,,,,,,,
"Carne, bovina, língua, crua",,100,100,90,35,75,70,30,140,70,,,,,,,,,,,,,,,,,,,,,,,,,,,,,,,,,,,,,,,
"Carne, bovina, maminha, crua",,100,100,90,35,75,70,30,140,70,,,,,,,,,,,,,,,,,,,,,,,,,,,,,,,,,,,,,,,
"Carne, bovina, maminha, grelhada",,100,100,90,35,75,70,30,140,70,,,,,,,,,,,,,,,,,,,,,,,,,,,,,,,,,,,,,,,
"Carne, bovina, miolo de alcatra, sem gordura, cru",,100,100,90,35,75,70,30,140,70,,,,,,,,,,,,,,,,,,,,,,,,,,,,,,,,,,,,,,,
"Carne, bovina, miolo de alcatra, sem gordura, grelhado",,100,100,90,35,75,70,30,140,70,,,,,,,,,,,,,,,,,,,,,,,,,,,,,,,,,,,,,,,
"Carne, bovina, músculo, sem gordura, cozido",,100,100,90,35,75,70,30,140,70,,,,,,,,,,,,,,,,,,,,,,,,,,,,,,,,,,,,,,,
"Carne, bovina, músculo, sem gordura, cru",,100,100,90,35,75,70,30,140,70,,,,,,,,,,,,,,,,,,,,,,,,,,,,,,,,,,,,,,,
"Carne, bovina, paleta, com gordura, crua",,100,100,90,35,75,70,30,140,70,,,,,,,,,,,,,,,,,,,,,,,,,,,,,,,,,,,,,,,
"Carne, bovina, paleta, sem gordura, cozida",,100,100,90,35,75,70,30,140,70,,,,,,,,,,,,,,,,,,,,,,,,,,,,,,,,,,,,,,,
"Carne, bovina, paleta, sem gordura, crua",,100,100,90,35,75,70,30,140,70,,,,,,,,,,,,,,,,,,,,,,,,,,,,,,,,,,,,,,,
"Carne, bovina, patinho, sem gordura, cru",,100,100,90,35,75,70,30,140,70,,,,,,,,,,,,,,,,,,,,,,,,,,,,,,,,,,,,,,,
"Carne, bovina, patinho, sem gordura, grelhado",,100,100,90,35,75,70,30,140,70,,,,,,,,,,,,,,,,,,,,,,,,,,,,,,,,,,,,,,,
"Carne, bovina, peito, sem gordura, cozido",,100,100,90,35,75,70,30,140,70,,,,,,,,,,,,,,,,,,,,,,,,,,,,,,,,,,,,,,,
"Carne, bovina, peito, sem gordura, cru",,100,100,90,35,75,70,30,140,70,,,,,,,,,,,,,,,,,,,,,,,,,,,,,,,,,,,,,,,
"Carne, bovina, picanha, com gordura, crua",,100,100,90,35,75,70,30,140,70,,,,,,,,,,,,,,,,,,,,,,,,,,,,,,,,,,,,,,,
"Carne, bovina, picanha, com gordura, grelhada",,100,100,90,35,75,70,30,140,70,,,,,,,,,,,,,,,,,,,,,,,,,,,,,,,,,,,,,,,
"Carne, bovina, picanha, sem gordura, crua",,100,100,90,35,75,70,30,140,70,,,,,,,,,,,,,,,,,,,,,,,,,,,,,,,,,,,,,,,
"Carne, bovina, picanha, sem gordura, grelhada",,100,100,90,35,75,70,30,140,70,,,,,,,,,,,,,,,,,,,,,,,,,,,,,,,,,,,,,,,
"Carne, bovina, seca, cozida",,100,100,90,35,75,70,30,140,70,,,,,,,,,,,,,,,,,,,,,,,,,,,,,,,,,,,,,,,
"Carne, bovina, seca, crua",,100,100,90,35,75,70,30,140,70,,,,,,,,,,,,,,,,,,,,,,,,,,,,,,,,,,,,,,,
"Carne, búfalo, coxão mole, crua, Bubalis bubalis Murrah",,,,,,,,,,,,,,,,,,,,,,,,,,,,,,,,,,,,,,,,,,,,,,,,,
"Carne, búfalo, crua, Bubalis bubalis Murrah",,,,,,,,,,,,,,,,,,,,,,,,,,,,,,,,,,,,,,,,,,,,,,,,,
"Carne, búfalo, crua, Bubalis bubalis Murrah (média de diferentes cortes)",,,,,,,,,,,,,,,,,,,,,,,,,,,,,,,,,,,,,,,,,,,,,,,,,
"Carne, búfalo, lombo, crua, Bubalis bubalis Murrah",,,,,,,,,,,,,,,,,,,,,,,,,,,,,,,,,,,,,,,,,,,,,,,,,
"Carne, cabrito, costela, crua, Capra hirbus",,,,,,,,,,,,,,,,,,,,,,,,,,,,,,,,,,,,,,,,,,,,,,,,,
"Carne, cabrito, crua, Capra hirbus (média de difrentes cortes)",,,,,,,,,,,,,,,,,,,,,,,,,,,,,,,,,,,,,,,,,,,,,,,,,
"Carne, cabrito, lombo, crua, Capra hirbus",,,,,,,,,,,,,,,,,,,,,,,,,,,,,,,,,,,,,,,,,,,,,,,,,
"Carne, cabrito, mamão, crua, Capra hirbus",,,,,,,,,,,,,,,,,,,,,,,,,,,,,,,,,,,,,,,,,,,,,,,,,
"Carne, cabrito, paleta, crua, Capra hirbus",,,,,,,,,,,,,,,,,,,,,,,,,,,,,,,,,,,,,,,,,,,,,,,,,
"Carne, cabrito, perna, crua, Capra hirbus",,,,,,,,,,,,,,,,,,,,,,,,,,,,,,,,,,,,,,,,,,,,,,,,,
"Carne, cabrito, pernil e paleta, crua, Capra hirbus",,,,,,,,,,,,,,,,,,,,,,,,,,,,,,,,,,,,,,,,,,,,,,,,,
"Carne, cabrito, pescoço, crua, Capra hirbus",,,,,,,,,,,,,,,,,,,,,,,,,,,,,,,,,,,,,,,,,,,,,,,,,
"Carne, coelho, selecta, crua, Lepus cuniculus (média de diferentes cortes)",,,,,,,,,,,,,,,,,,,,,,,,,,,,,,,,,,,,,,,,,,,,,,,,,
"Carne, frango, asa, c/ pele, crua, Gallus gallus",,,,,55,100,40,20,80,,,,,,,,,,,,,,,40,,,,,,40,,,,,,,,,,,,,,,,,,,
"Carne, frango, caipira, inteiro, c/ pele, cozida, Gallus gallus",,100,100,,55,100,40,20,80,,,,,,,,,,,,,,,40,180,55,65,60,10,,,,,,,,,,,,,,,,,,,,
"Carne, frango, caipira, inteiro, s/ pele, cozida, Gallus gallus",,100,100,,55,100,40,20,80,,,,,,,,,,,,,,,40,180,55,65,60,10,,,,,,,,,,,,,,,,,,,,
"Carne, frango, coração, assada, s/ sal, Gallus gallus",,,,,,,,,,,,,,,,,,,,,,,,,,,,,,,,,,,,,,,,,,,,,,,,,
"Carne, frango, coração, crua, ""Seara"", Gallus gallus",,,,,,,,,,,,,,,,,,,,,,,,,,,,,,,,,,,,,,,,,,,,,,,,,
"Carne, frango, coração, crua, Gallus gallus",,,,,,,,,,,,,,,,,,,,,,,,,,,,,,,,,,,,,,,,,,,,,,,,,
"Carne, frango, coração, grelhado, s/ sal, Gallus gallus",,,,,,,,,,,,,,,,,,,,,,,,,,,,,,,,,,,,,,,,,,,,,,,,,
"Carne, frango, coxa e sobrecoxa, s/ pele, crua, ""Seara"", Gallus gallus",,,,,,,,,,,,,,,,,,,,,,,,,,55,,,,,,,,,,,,,,,,,,,,,,,
"Carne, frango, coxa e sobrecoxa, s/ pele, crua, Gallus gallus",,,,,,,,,,,,,,,,,,,,,,,,,,55,,,,,,,,,,,,,,,,,,,,,,,
"Carne, frango, coxa, c/ pele, assada, s/ sal, Gallus gallus",,,,,,,,,,,,,,,,,,,,,,,,,,55,,,,,,,,,,,,,,,,,,,,,,,
"Carne, frango, coxa, c/ pele, crua, ""Seara"", Gallus gallus",,,,,,,,,,,,,,,,,,,,,,,,,,55,,,,,,,,,,,,,,,,,,,,,,,
"Carne, frango, coxa, c/ pele, crua, Gallus gallus",,,,,,,,,,,,,,,,,,,,,,,,,,55,,,,,,,,,,,,,,,,,,,,,,,
"Carne, frango, coxa, s/ pele, cozida, s/ sal, Gallus gallus",,,,,,,,,,,,,,,,,,,,,,,,,,55,,,,,,,,,,,,,,,,,,,,,,,
"Carne, frango, coxa, s/ pele, crua, Gallus gallus",,,,,,,,,,,,,,,,,,,,,,,,,,55,,,,,,,,,,,,,,,,,,,,,,,
"Carne, frango, crua, Gallus gallus",,,,,,,,,,,,,,,,,,,,,,,,,,,,,,,,,,,,,,,,,,,,,,,,,
"Carne, frango, fígado, crua, Gallus gallus",,,,,,,,,,,,,,,,,,,,,,,,,,,,,,,,,,,,,,,,,,,,,,,,,
"Carne, frango, fígado, frita, s/ sal, Gallus gallus",,,,,,,,,,,,,,,,,,,,,,,,,,,,,,,,,,,,,,,,,,,,,,,,,
"Carne, frango, filé, à milanesa, c/ sal, frita em imersão, Gallus gallus",,,,,,,,,,,,,,,,,,,,,,,,,,,,,,,,,,,,,,,,,,,,,,,,,
"Carne, frango, filé, à milanesa, s/ sal, frita em imersão, Gallus gallus",,,,,,,,,,,,,,,,,,,,,,,,,,,,,,,,,,,,,,,,,,,,,,,,,
"Carne, frango, galeto, assada, s/ sal, Gallus gallus",,,,,,,,,,,,,,,,,,,,,,,,,,,,,,,,,,,,,,,,,,,,,,,,,
"Carne, frango, inteiro, c/ pele, crua, Gallus gallus",,100,100,,55,100,40,20,80,,,,,,,,,,,,,,,40,180,55,65,60,10,,,,,,,,,,,,,,,,,,,,
"Carne, frango, inteiro, cozido/30min, s/ sal, Gallus gallus",,100,100,,55,100,40,20,80,,,,,,,,,,,,,,,40,180,55,65,60,10,,,,,,,,,,,,,,,,,,,,
"Carne, frango, inteiro, s/ pele, assada, s/ sal, Gallus gallus",,100,100,,55,100,40,20,80,,,,,,,,,,,,,,,40,180,55,65,60,10,,,,,,,,,,,,,,,,,,,,
"Carne, frango, inteiro, s/ pele, crua, Gallus gallus",,100,100,,55,100,40,20,80,,,,,,,,,,,,,,,40,180,55,65,60,10,,,,,,,,,,,,,,,,,,,,
"Carne, frango, média diferentes preparos, Gallus gallus",,100,100,,55,100,40,20,80,,,,,,,,,,,,,,,40,180,55,65,60,10,,,,,,,,,,,,,,,,,,,,
"Carne, frango, moela, cozida, s/ sal, Gallus gallus",,,,,,,,,,,,,,,,,,,,,,,,,,,,,,,,,,,,,,,,,,,,,,,,,
"Carne, frango, moela, crua, Gallus gallus",,,,,,,,,,,,,,,,,,,,,,,,,,,,,,,,,,,,,,,,,,,,,,,,,
"Carne, frango, peito, c/ pele, assada, c/ sal, Gallus gallus",,100,100,,55,100,40,20,80,,,,,,,,,,,,,,,,180,,,,,,,,,,,,,,,,,,,,,,,,
"Carne, frango, peito, c/ pele, assada, s/ sal, Gallus gallus",,100,100,,55,100,40,20,80,,,,,,,,,,,,,,,,180,,,,,,,,,,,,,,,,,,,,,,,,
"Carne, frango, peito, c/ pele, crua, Gallus gallus",,100,100,,55,100,40,20,80,,,,,,,,,,,,,,,,180,,,,,,,,,,,,,,,,,,,,,,,,
"Carne, frango, peito, cozida/drenada, c/ óleo de soja, c/ sal, Gallus gallus",,100,100,,55,100,40,20,80,,,,,,,,,,,,,,,,180,,,,,,,,,,,,,,,,,,,,,,,,
"Carne, frango, peito, cozida/drenada, c/ óleo de soja, s/ sal, Gallus gallus",,100,100,,55,100,40,20,80,,,,,,,,,,,,,,,,180,,,,,,,,,,,,,,,,,,,,,,,,
"Carne, frango, peito, filé, crua, ""Seara"", Gallus gallus",,100,100,,55,100,40,20,80,,,,,,,,,,,,,,,,180,,,,,,,,,,,,,,,,,,,,,,,,
"Carne, frango, peito, s/ pele, assada, s/ sal, Gallus gallus",,100,100,,55,100,40,20,80,,,,,,,,,,,,,,,,180,,,,,,,,,,,,,,,,,,,,,,,,
"Carne, frango, peito, s/ pele, cozida, c/ molho branco, c/ sal, Gallus gallus",,100,100,,55,100,40,20,80,,,,,,,,,,,,,,,,180,,,,,,,,,,,,,,,,,,,,,,,,
"Carne, frango, peito, s/ pele, cozida, c/ molho branco, s/ sal, Gallus gallus",,100,100,,55,100,40,20,80,,,,,,,,,,,,,,,,180,,,,,,,,,,,,,,,,,,,,,,,,
"Carne, frango, peito, s/ pele, cozida, c/ molho vermelho, c/ sal, Gallus gallus",,100,100,,55,100,40,20,80,,,,,,,,,,,,,,,,180,,,,,,,,,,,,,,,,,,,,,,,,
"Carne, frango, peito, s/ pele, cozida, c/ molho vermelho, s/ sal, Gallus gallus",,100,100,,55,100,40,20,80,,,,,,,,,,,,,,,,180,,,,,,,,,,,,,,,,,,,,,,,,
"Carne, frango, peito, s/ pele, cozida, drenada, c/ sal, Gallus gallus",,100,100,,55,100,40,20,80,,,,,,,,,,,,,,,,180,,,,,,,,,,,,,,,,,,,,,,,,
"Carne, frango, peito, s/ pele, cozida, drenada, s/ sal, Gallus gallus",,100,100,,55,100,40,20,80,,,,,,,,,,,,,,,,180,,,,,,,,,,,,,,,,,,,,,,,,
"Carne, frango, peito, s/ pele, crua, Gallus gallus",,100,100,,55,100,40,20,80,,,,,,,,,,,,,,,,180,,,,,,,,,,,,,,,,,,,,,,,,
"Carne, frango, peito, s/ pele, filé, empanados, cru, Gallus gallus",,100,100,,55,100,40,20,80,,,,,,,,,,,,,,,,180,,,,,,,,,,,,,,,,,,,,,,,,
"Carne, frango, peito, s/ pele, frita, c/ óleo de soja, c/ sal",,100,100,,55,100,40,20,80,,,,,,,,,,,,,,,,180,,,,,,,,,,,,,,,,,,,,,,,,
"Carne, frango, peito, s/ pele, frita, c/ óleo de soja, s/ sal, Gallus gallus",,100,100,,55,100,40,20,80,,,,,,,,,,,,,,,,180,,,,,,,,,,,,,,,,,,,,,,,,
"Carne, frango, peito, s/ pele, grelhada, s/ gordura, c/ sal, Gallus gallus",,100,100,,55,100,40,20,80,,,,,,,,,,,,,,,,180,,,,,,,,,,,,,,,,,,,,,,,,
"Carne, frango, peito, s/ pele, grelhada, s/ sal, Gallus gallus",,100,100,,55,100,40,20,80,,,,,,,,,,,,,,,,180,,,,,,,,,,,,,,,,,,,,,,,,
"Carne, frango, peito, s/ pele, refogado, c/ sal, Gallus gallus",,100,100,,55,100,40,20,80,,,,,,,,,,,,,,,,180,,,,,,,,,,,,,,,,,,,,,,,,
"Carne, frango, peito, s/ pele, refogado, s/ sal, Gallus gallus",,100,100,,55,100,40,20,80,,,,,,,,,,,,,,,,180,,,,,,,,,,,,,,,,,,,,,,,,
"Carne, frango, peito, sassami, crua, ""Seara"", Gallus gallus",,100,100,,55,100,40,20,80,,,,,,,,,,,,,,,,180,,,,,,,,,,,,,,,,,,,,,,,,
"Carne, frango, sobrecoxa, c/ pele, assada, s/ sal, Gallus gallus",,,,,,,,,,,,,,,,,,,,,,,,,,,65,,,,,,,,,,,,,,,,,,,,,,
"Carne, frango, sobrecoxa, c/ pele, crua, ""Seara"", Gallus gallus",,,,,,,,,,,,,,,,,,,,,,,,,,,65,,,,,,,,,,,,,,,,,,,,,,
"Carne, frango, sobrecoxa, c/ pele, crua, Gallus gallus",,,,,,,,,,,,,,,,,,,,,,,,,,,65,,,,,,,,,,,,,,,,,,,,,,
"Carne, frango, sobrecoxa, s/ pele, assada, s/ sal, Gallus gallus",,,,,,,,,,,,,,,,,,,,,,,,,,,65,,,,,,,,,,,,,,,,,,,,,,
"Carne, ovino, capão, lombo, crua, Ovis aries",,,,,,,,,,,,,,,,,,,,,,,,,,,65,,,,,,,,,,,,,,,,,,,,,,
"Carne, ovino, capão, média, crua, Ovis aries",,,,,,,,,,,,,,,,,,,,,,,,,,,,,,,,,,,,,,,,,,,,,,,,,
"Carne, ovino, capão, meia caraça, crua, Ovis aries",,,,,,,,,,,,,,,,,,,,,,,,,,,,,,,,,,,,,,,,,,,,,,,,,
"Carne, ovino, capão, paleta, crua, Ovis aries",,,,,,,,,,,,,,,,,,,,,,,,,,,,,,,,,,,,,,,,,,,,,,,,,
"Carne, ovino, capão, perna, crua, Ovis aries",,,,,,,,,,,,,,,,,,,,,,,,,,,,,,,,,,,,,,,,,,,,,,,,,
"Carne, ovino, cordeiro, crua, Ovis aries (média de diferentes cortes)",,,,,,,,,,,,,,,,,,,,,,,,,,,,,,,,,,,,,,,,,,,,,,,,,
"Carne, ovino, cordeiro, lombo, crua, Ovis aries",,,,,,,,,,,,,,,,,,,,,,,,,,,,,,,,,,,,,,,,,,,,,,,,,
"Carne, ovino, cordeiro, meia caraça, crua, Ovis aries",,,,,,,,,,,,,,,,,,,,,,,,,,,,,,,,,,,,,,,,,,,,,,,,,
"Carne, ovino, cordeiro, músculo, s/ gordura, crua, Ovis aries",,,,,,,,,,,,,,,,,,,,,,,,,,,,,,,,,,,,,,,,,,,,,,,,,
"Carne, ovino, cordeiro, paleta, crua, Ovis aries",,,,,,,,,,,,,,,,,,,,,,,,,,,,,,,,,,,,,,,,,,,,,,,,,
"Carne, ovino, cordeiro, perna, crua, Ovis aries",,,,,,,,,,,,,,,,,,,,,,,,,,,,,,,,,,,,,,,,,,,,,,,,,
"Carne, ovino, ovelha, crua, Ovis aries",,,,,,,,,,,,,,,,,,,,,,,,,,,,,,,,,,,,,,,,,,,,,,,,,
"Carne, ovino, ovelha, lombo, crua, Ovis aries",,,,,,,,,,,,,,,,,,,,,,,,,,,,,,,,,,,,,,,,,,,,,,,,,
"Carne, ovino, ovelha, meia caraça, crua, Ovis aries",,,,,,,,,,,,,,,,,,,,,,,,,,,,,,,,,,,,,,,,,,,,,,,,,
"Carne, ovino, ovelha, paleta, crua, Ovis aries",,,,,,,,,,,,,,,,,,,,,,,,,,,,,,,,,,,,,,,,,,,,,,,,,
"Carne, ovino, ovelha, perna, crua, Ovis aries",,,,,,,,,,,,,,,,,,,,,,,,,,,,,,,,,,,,,,,,,,,,,,,,,
"Carne, peru, s/ pele, coxa, coxa, crua, Meleagris gallopavo",,,,,,,,,,,,,,,,,,,,,,,,,,,,,,,,,,,,,,,,,,,,,,,,,
"Carne, peru, s/ pele, peito, peito, crua, Meleagris gallopavo",,,,,,,,,,,,,,,,,,,,,,,,,,,,,,,,,,,,,,,,,,,,,,,,,
"Carne, porco, bisteca, crua, Sus ssp",,,,,,,,,,,,,,,,,,,,,,,,,,,,,,,,,,,,,,,,,,,,,,,,,
"Carne, porco, bisteca, frita, Sus ssp",,,,,,,,,,,,,,,,,,,,,,,,,,,,,,,,,,,,,,,,,,,,,,,,,
"Carne, porco, bisteca, grelhada, s/ sal, Sus ssp",,,,,,,,,,,,,,,,,,,,,,,,,,,,,,,,,,,,,,,,,,,,,,,,,
"Carne, porco, costela, assada, s/ sal, Sus ssp",,,,,,,,,,,,,,,,,,,,,,,,,,,,,,,,,,,,,,,,,,,,,,,,,
"Carne, porco, costela, crua, Sus ssp",,,,,,,,,,,,,,,,,,,,,,,,,,,,,,,,,,,,,,,,,,,,,,,,,
"Carne, porco, crua, Sus ssp (média de diferentes cortes)",,,,,,,,,,,,,,,,,,,,,,,,,,,,,,,,,,,,,,,,,,,,,,,,,
"Carne, porco, lombo, assada, s/ sal, Sus ssp",,,,,,,,,,,,,,,,,,,,,,,,,,,,,,,,,,,,,,,,,,,,,,,,,
"Carne, porco, lombo, crua, Sus ssp",,,,,,,,,,,,,,,,,,,,,,,,,,,,,,,,,,,,,,,,,,,,,,,,,
"Carne, porco, lombo, temperado, crua, Sus ssp",,,,,,,,,,,,,,,,,,,,,,,,,,,,,,,,,,,,,,,,,,,,,,,,,
"Carne, porco, orelha, orelha, salgada, Sus ssp",,,,,,,,,,,,,,,,,,,,,,,,,,,,,,,,,,,,,,,,,,,,,,,,,
"Carne, porco, paleta, crua, Sus ssp",,,,,,,,,,,,,,,,,,,,,,,,,,,,,,,,,,,,,,,,,,,,,,,,,
"Carne, porco, pernil, assada, s/ sal, Sus ssp",,,,,,,,,,,,,,,,,,,,,,,,,,,,,,,,,,,,,,,,,,,,,,,,,
"Carne, porco, pernil, crua, Sus ssp",,,,,,,,,,,,,,,,,,,,,,,,,,,,,,,,,,,,,,,,,,,,,,,,,
"Carne, porco, preparada, s/ sal, Sus ssp (média de diferentes cortes e receitas)",,,,,,,,,,,,,,,,,,,,,,,,,,,,,,,,,,,,,,,,,,,,,,,,,
"Carne, porco, rabo, salgado, Sus ssp",,,,,,,,,,,,,,,,,,,,,,,,,,,,,,,,,,,,,,,,,,,,,,,,,
"Carne, porco, toucinho, crua, Sus ssp",,,,,,,,,,,,,,,,,,,,,,,,,,,,,,,,,,,,,,,,,,,,,,,,,
"Carne, porco, toucinho, frito, Sus ssp",,,,,,,,,,,,,,,,,,,,,,,,,,,,,,,,,,,,,,,,,,,,,,,,,
"Carne, veado, crua, Mazama americana (média de diferentes cortes)",,,,,,,,,,,,,,,,,,,,,,,,,,,,,,,,,,,,,,,,,,,,,,,,,
Carpaccio de carne,,,,,,,,,,,,,,,,,,,,,,,,,,,,,,,,,,,,,,,,,,,,,,,,,
Carre  assado(a),OUTRAS CARNES,100,100,90,35,75,70,30,140,70,,,,,,,,,,,,,,,,,,,,,,,,,,,,,,,,,,,,,,,
Carre  cozido(a),OUTRAS CARNES,100,100,90,35,75,70,30,140,70,,,,,,,,,,,,,,,,,,,,,,,,,,,,,,,,,,,,,,,
Carre  frito(a),OUTRAS CARNES,100,100,90,35,75,70,30,140,70,,,,,,,,,,,,,,,,,,,,,,,,,,,,,,,,,,,,,,,
Carre  grelhado(a)/brasa/churrasco,OUTRAS CARNES,100,100,90,35,75,70,30,140,70,,,,,,,,,,,,,,,,,,,,,,,,,,,,,,,,,,,,,,,
Caruru,,,,,,,,,,,,,,,,,,,,,,,,,,,,,,,,,,,,,,,,,,,,,,,,,
"Caruru (quiabo, amendoim, castanha de caju, camarão seco, etc)",OLEAGINOSAS,,,,,,,,,,,,,,,,,,,,,,,,,,,,,,,,,,,,,,,,,,,,,,,,
Caruru cozido(a),TIPICOS,,,,,,,,,,,,,,,,,,,,,,,,,,,,,,,,,,,,,,,,,,,,,,,,
Caruru engrossado,,,,,,,,,,,,,,,,,,,,,,,,,,,,,,,,,,,,,,,,,,,,,,,,,
Caruru paraense,,,,,,,,,,,,,,,,,,,,,,,,,,,,,,,,,,,,,,,,,,,,,,,,,
"Caruru, cru",,,,,,,,,,,,,,,,,,,,,,,,,,,,,,,,,,,,,,,,,,,,,,,,,
Casquinha baunilha - McDonald's®,,,,,,113,,,,,,,,,,,,,,,,,,,,,,,,,,,,,,,,,,,,,,,,,,,
Casquinha chocolate - McDonald's®,,,,,,113,,,,,,,,,,,,,,,,,,,,,,,,,,,,,,,,,,,,,,,,,,,
Casquinha de caranguejo,,,,,,,,,,,,,,,,,,,,,,,,,,,,,,,,,,,,,,,,,,,,,,,,,
Casquinha de siri,,,,,,,,,,,,,,,,,,,,,,,,,,,,,,,,,,,,,,,,,,,,,,,,,
Casquinha mista - McDonald's®,,,,,,113,,,,,,,,,,,,,,,,,,,,,,,,,,,,,,,,,,,,,,,,,,,
Castanha da india,OLEAGINOSAS,,,,,,,,,,,,,,,,,,,,,,,,,,,,,4,,,,,,,,,,,,,,,,,,,
Castanha de caju,OLEAGINOSAS,,,,,10,,,40,,,,,40,,,,,,,,,,,,,,,,2,,,,,,,,,,,,,,,,,,,
"Castanha de caju, crua, s/ sal, Anacardium occidentale L.",,,,,,10,,,40,,,,,40,,,,,,,,,,,,,,,,2,,,,,,,,,,,,,,,,,,,
"Castanha do Brasil, crua, Bertholletia excelsa H.B.K.",,,,,,,,,,,,,,,,,,,,,,,,,,,,,,,,,,,,,,,,,,,,,,,,,
Castanha do para,OLEAGINOSAS,,,,,8,,,,,,,,,,,,,,,,,,,,,,,,4,,,,,,,,,,,,,,,,,,,
Castanha portuguesa,OLEAGINOSAS,,,,,,,,,,,,,,,,,,,,,,,,,,,,,4,,,,,,,,,,,,,,,,,,,
Castanha-de-caju torradacom sal,,,,,,10,,,40,,,,,40,,,,,,,,,,,,,,,,2,,,,,,,,,,,,,,,,,,,
Castanha-de-caju torradasem sal,,,,,,10,,,40,,,,,40,,,,,,,,,,,,,,,,2,,,,,,,,,,,,,,,,,,,
"Castanha-de-caju, torrada, salgada",,,,,,10,,,40,,,,,40,,,,,,,,,,,,,,,,2,,,,,,,,,,,,,,,,,,,
"Castanha-do-Brasil, crua",,,,,,,,,,,,,,,,,,,,,,,,,,,,,,,,,,,,,,,,,,,,,,,,,
Castanha-do-pará sem sal,,,,,,8,,,,,,,,,,,,,,,,,,,,,,,,4,,,,,,,,,,,,,,,,,,,
Castanha-portuguesa,,,,,,,,,,,,,,,,,,,,,,,,,,,,,,,,,,,,,,,,,,,,,,,,,
Catalonha refogado(a),HORTALIÇAS,,,,,,,,,,,,,,,,,,,,,,,,,,,,,,,,,,,,,,,,,,,,,,,,
"Catalonha, crua",,,,,,,,,,,,,,,,,,,,,,,,,,,,,,,,,,,,,,,,,,,,,,,,,
"Catalonha, refogada",,,,,,,,,,,,,,,,,,,,,,,,,,,,,,,,,,,,,,,,,,,,,,,,,
Catchup (IBGE),CONDIMENTOS,,,,,,,,,,,,,,,,,,,,,,,,,,,,,,,,,,,,,,,,,,,,,,,,
Catchup (Tucunduva),,,,,,,,,,,,,,,,,,,,,,,,,,,,,,,,,,,,,,,,,,,,,,,,,
Catchup tradicional - SóFruta®,,,,,,,,,,,,,,,,,,,,,,,,,,,,,,,,,,,,,,,,,,,,,,,,,
"Catchup, tomate, molho",,,,,,,,,,,,,,,,,,,,,,,,,,,,,,,,,,,,,,,,,,,,,,,,,
Catuaba,BEBIDAS ALCOOLICAS,,,,,,,,,,,,,,,,,,,,,,,,,,,,,,,,,,,,,,,,,,,,,,,,
Cavaco chines,TIPICOS,,,,,,,,,,,,,,,,,,,,,,,,,,,,,,,,,,,,,,,,,,,,,,,,
Caviar,,,,,,,,,,,,,,,,,,,,,,,,,,,,,,,,,,,,,,,,,,,,,,,,,
Caxiri (aguardente de mandioca),BEBIDAS ALCOOLICAS,,,,,,,,,,,,,,,,,,,,,,,,,,,,,,,,,,,,,,,,,,,,,,,,
Cebola,HORTALIÇAS,,,6,,,20,10,,,,,,,,,,,,,,,,,,,,,,70,,35,,,,,,,,,,,,,,,,,
Cebola ,,,,6,,,20,10,,,,,,,,,,,,,,,,,,,,,,70,,35,,,,,,,,,,,,,,,,,
Cebola ao vinagrete,HORTALIÇAS,,,,,,,,,,,,,,,,,,,,,,,,,,,,,,,,,,,,,,,,,,,,,,,,
Cebola assado(a),HORTALIÇAS,,,,,,,,,,,,,,,,,,,,,,,,,,,,,,,,,,,,,,,,,,,,,,,,
Cebola com manteiga/oleo,HORTALIÇAS,,,6,,,20,10,,,,,,,,,,,,,,,,,,,,,,70,,35,,,,,,,,,,,,,,,,,
Cebola cozido(a),HORTALIÇAS,,,6,,,20,10,,,,,,,,,,,,,,,,,,,,,,70,,35,,,,,,,,,,,,,,,,,
Cebola cru(a),HORTALIÇAS,,,6,,,20,10,,,,,,,,,,,,,,,,,,,,,,70,,35,,,,,,,,,,,,,,,,,
Cebola frito(a),HORTALIÇAS,,,6,,,20,10,,,,,,,,,,,,,,,,,,,,,,70,,35,,,,,,,,,,,,,,,,,
Cebola grelhado(a)/brasa/churrasco,HORTALIÇAS,,,,20,,,,,,,,,,,,,,,,,,,,,,,,,,,,,,,,,,,,,,,,,,,,
Cebola molho vermelho,HORTALIÇAS,,,6,,,20,10,,,,,,,,,,,,,,,,,,,,,,70,,35,,,,,,,,,,,,,,,,,
Cebola refogado(a),HORTALIÇAS,,,6,,,20,10,,,,,,,,,,,,,,,,,,,,,,70,,35,,,,,,,,,,,,,,,,,
"Cebola, crua",,,,6,,,20,10,,,,,,,,,,,,,,,,,,,,,,70,,35,,,,,,,,,,,,,,,,,
Cebolinha,CONDIMENTOS,,,,,,,18,,,,,,,,,,,,,,,,,,,,,,,,,,,,,,,,,,,,,,,,,
Cebolinha verde ,,,,,,,,18,,,,,,,,,,,,,,,,,,,,,,,,,,,,,,,,,,,,,,,,,
"Cebolinha, crua",,,,,,,,18,,,,,,,,,,,,,,,,,,,,,,,,,,,,,,,,,,,,,,,,,
Cebolitos Elma Chips - Pepsico®,,,,,,,,,,,,,,,,,,,,,,,,,,,,,,110,31,,,,,,,,,,,,,,,,,,
Cenoura,TUBERCULOS,,,5,5,35,40,25,48,,,,,,,,,,,,,,,,,,,,,100,46,50,,,,,,,,,,,,,,,,,
Cenoura (casca) ,,,,5,5,35,40,25,48,,,,,,,,,,,,,,,,,,,,,100,46,50,,,,,,,,,,,,,,,,,
Cenoura (cozida) ,,,,5,5,35,40,25,48,,,,,,,,,,,,,,,,,,,,,100,46,50,,,,,,,,,,,,,,,,,
Cenoura (crua) ,,,,5,5,35,40,25,48,,,,,,,,,,,,,,,,,,,,,100,46,50,,,,,,,,,,,,,,,,,
Cenoura (rama) ,,,,,,,,,,,,,,,,,,,,,,,,,,,,,,,,,,,,,,,,,,,,,,,,,
Cenoura amarela (batata baroa),TUBERCULOS,,,5,5,35,40,25,48,,,,,,,,,,,,,,,,,,,,,100,46,50,,,,,,,,,,,,,,,,,
Cenoura ao alho e oleo,TUBERCULOS,,,5,5,35,40,25,48,,,,,,,,,,,,,,,,,,,,,100,46,50,,,,,,,,,,,,,,,,,
Cenoura ao vinagrete,TUBERCULOS,,,5,5,35,40,25,48,,,,,,,,,,,,,,,,,,,,,100,46,50,,,,,,,,,,,,,,,,,
Cenoura baby congelada - Daucy®,,,,,,,,,,,,,,,,,,,,,,,,,,,,,,,,,,,,,,,,,,,,,,,,,
Cenoura com manteiga/oleo,TUBERCULOS,,,5,5,35,40,25,48,,,,,,,,,,,,,,,,,,,,,100,46,50,,,,,,,,,,,,,,,,,
Cenoura cozido(a),TUBERCULOS,,,5,5,35,40,25,48,,,,,,,,,,,,,,,,,,,,,100,46,50,,,,,,,,,,,,,,,,,
Cenoura cru(a),TUBERCULOS,,,5,5,35,40,25,48,,,,,,,,,,,,,,,,,,,,,100,46,50,,,,,,,,,,,,,,,,,
Cenoura ensopado,TUBERCULOS,,,5,5,35,40,25,48,,,,,,,,,,,,,,,,,,,,,100,46,50,,,,,,,,,,,,,,,,,
Cenoura frito(a),TUBERCULOS,,,5,5,35,40,25,48,,,,,,,,,,,,,,,,,,,,,100,46,50,,,,,,,,,,,,,,,,,
Cenoura molho vermelho,TUBERCULOS,,,5,5,35,40,25,48,,,,,,,,,,,,,,,,,,,,,100,46,50,,,,,,,,,,,,,,,,,
Cenoura refogado(a),TUBERCULOS,,,5,5,35,40,25,48,,,,,,,,,,,,,,,,,,,,,100,46,50,,,,,,,,,,,,,,,,,
Cenoura sopa,SOPAS/CALDOS/MINGAUS,,,,,,,,,,,,,,,,,,,,,,,,,,,,,,,,,,,,,,,,,,,,,,,,
"Cenoura, cozida",,,,5,5,35,40,25,48,,,,,,,,,,,,,,,,,,,,,100,46,50,,,,,,,,,,,,,,,,,
"Cenoura, crua",,,,5,5,35,40,25,48,,,,,,,,,,,,,,,,,,,,,100,46,50,,,,,,,,,,,,,,,,,
"Centeio, farinha, integral",,,,,,38,36,12,,,4,2,8,,,,,,,,,,,,,,,,,,,,,,,,,,,,,,,,,,,,
"Cereais, barra, (média diferentes sabores)",,,,,,,,,,,,,,,,,,,,,,,,,,,,,,,,,,,,,,,,,,,,,,,,,
"Cereais, barra, banana, ""Ritter""",,,,,,25,,,,,,,,,,,,,,,,,,,,,,,,,,,,,,,,,,,,,,,,,,,
"Cereais, barra, castanha/uva passa/mel, ""Ritter""",,,,,,25,,,,,,,,,,,,,,,,,,,,,,,,,,,,,,,,,,,,,,,,,,,
"Cereais, barra, coco c/ chocolate, ""Ritter""",,,,,,25,,,,,,,,,,,,,,,,,,,,,,,,,,,,,,,,,,,,,,,,,,,
"Cereais, barra, frutas e castanha do Pará, cobertura chocolate, ""Nutry""",,,,,,22,,,,,,,,,,,,,,,,,,,,,,,,,,,,,,,,,,,,,,,,,,,
"Cereais, c/ vitamina, trigo, cevada e aveia, mistura p/ mingau",,,,,,,,,,,,,,,,,,,,,,,,,,,,,,,,,,,,,,,,,,,,,,,,,
"Cereais, farinha, ""Neston""",,,,,,38,36,12,,,4,2,8,,,,,,,,,,60,,,,,,,,,,,,,,,,,,,,,,,,,,
"Cereais, farinha, láctea",,,,,,21,,7,,,,,,,,,,,,,,,30,,,,,,,,,,,,,,,,,,,,,,,,,,
"Cereais, farinha, maçã/banana/mamão, vitamina, ""Neston""",,,,,,38,36,12,,,4,2,8,,,,,,,,,,60,,,,,,,,,,,,,,,,,,,,,,,,,,
"Cereais, farinha, milho, ""Mucilon""",,,,,,21,,7,,,,,,,,,,,,,,,60,,,,,,,,,,,,,,,,,,,,,,,,,,
"Cereais, farinha, morango/pêra/banana, vitamina, ""Neston""",,,,,,38,36,12,,,4,2,8,,,,,,,,,,60,,,,,,,,,,,,,,,,,,,,,,,,,,
"Cereais, farinha, p/ crianças, (média diferentes sabores)",,,,,,38,36,12,,,4,2,8,,,,,,,,,,60,,,,,,,,,,,,,,,,,,,,,,,,,,
"Cereais, granola, caseira",,,,,,40,20,10,,,2,,,80,160,,,,,,,,80,,,,,,,,,,,,,,,,,,,,,,,,,,
"Cereais, milho, flocos, com sal",,,,,,38,36,12,,,4,2,8,,,,,,,,,,60,,,,,,,,,,,,,,,,,,,,,,,,,,
"Cereais, milho, flocos, sem sal",,,,,,38,36,12,,,4,2,8,,,,,,,,,,60,,,,,,,,,,,,,,,,,,,,,,,,,,
"Cereais, milho, infantil, mistura p/ mingau",,,,,,30,,,,,,,,,,,,,,,,,,,,,,,,,,,,,,,,,,,,,,,,,,,
"Cereais, mingau, milho, infantil",,,,,,30,,7,,,,,,,,,,,,,,,30,,,,,,,,,,,,,,,,,,,,,,,,,,
"Cereais, mistura p/ mingau, (média diferentes sabores)",,,,,,30,,7,,,,,,,,,,,,,,,30,,,,,,,,,,,,,,,,,,,,,,,,,,
"Cereais, mistura para vitamina, trigo, cevada e aveia",,,,,,30,,7,,,,,,,,,,,,,,,30,,,,,,,,,,,,,,,,,,,,,,,,,,
Cereal de milho com açúcar - Nutrifoods®,,,,,,21,,7,,,,,,,,,,,,,,,30,,,,,,,,,,,,,,,,,,,,,,,,,,
Cereal infantil de milho Mucilon - Nestlé®,,,,,,21,,7,,,,,,,,,,,,,,,30,,,,,,,,,,,,,,,,,,,,,,,,,,
Cereal infantil multicereais Mucilon - Nestlé®,,,,,,21,,7,,,,,,,,,,,,,,,30,,,,,,,,,,,,,,,,,,,,,,,,,,
Cereal integral granolas trutas light - Feinkost®,,,,,,,,5,,,,,,,,,,,,,,,20,,,,,,,,,,,,,,,,,,,,,,,,,,
Cereal matinal Corn Flakes - Kellogg's®,,,,,,,,,,,,,,,,,,,,,,,30,,,,,,,,,,,,,,,,,,,,,,,,,,
Cereal matinal CornFlakes - Nutrifoods®,,,,,,21,,7,,,,,,,,,,,,,,,30,,,,,,,,,,,,,,,,,,,,,,,,,,
Cereal matinal de milho em flocos,CEREAIS,,,,,21,,7,,,,,,,,,,,,,,,30,,,,,,,,,,,,,,,,,,,,,,,,,,
Cereal matinal mix chocolate - Quaker®,,,,,,30,,,,,,,,,,,,,,,,,,,,,,,,,,,,,,,,,,,,,,,,,,,
Cereal matinal Nescau - Nestlé®,,,,,,30,,10,,,,,,,,,,,,,,,30,,,,,,,,,,,,,,,,,,,,,,,,,,
Cereal matinal Nuts Nutry - Nutrimental®,,,,,,,,,,,,,,,,,,,,,,,80,,,,,,,,,,,,,,,,,,,,,,,,,,
Cereal matinal sabor banana light Nutry - Nutrimental®,,,,,,,,,,,,,,,,,,,,,,,80,,,,,,,,,,,,,,,,,,,,,,,,,,
Cereal matinal sabor chocolate Nutry - Nutrimental®,,,,,,,,,,,,,,,,,,,,,,,80,,,,,,,,,,,,,,,,,,,,,,,,,,
Cereal matinal sabor morango com gotas sabor chocolate Nutry - Nutrimental®,,,,,,,,,,,,,,,,,,,,,,,80,,,,,,,,,,,,,,,,,,,,,,,,,,
"Cereal matinal, ""Snow Flakes""",,,,,,,,,,,,,,,,,,,,,,,,,,,,,,,,,,,,,,,,,,,,,,,,,
"Cereal matinal, (média diferentes marcas)",,,,,,,,,,,,,,,,,,,,,,,,,,,,,,,,,,,,,,,,,,,,,,,,,
"Cereal matinal, milho (TACO)",,,,,,30,,,,,,,,,,,,,,,,,30,,,,,,,,,,,,,,,,,,,,,,,,,,
"Cereal matinal, milho (TBCA)",,,,,,30,,,,,,,,,,,,,,,,,30,,,,,,,,,,,,,,,,,,,,,,,,,,
"Cereal matinal, milho, ""Corn Flakes""",,,,,,30,,,,,,,,,,,,,,,,,30,,,,,,,,,,,,,,,,,,,,,,,,,,
"Cereal matinal, milho, açúcar (TACO)",,,,,,30,,,,,,,,,,,,,,,,,30,,,,,,,,,,,,,,,,,,,,,,,,,,
"Cereal matinal, milho, açúcar (TBCA)",,,,,,30,,,,,,,,,,,,,,,,,30,,,,,,,,,,,,,,,,,,,,,,,,,,
"Cereal matinal, milho, c/ açúcar, ""Sucrilhos""",,,,,,30,,,,,,,,,,,,,,,,,30,,,,,,,,,,,,,,,,,,,,,,,,,,
"Cereal matinal, milho, corn flakes, ""Nestlé""",,,,,,30,,10,,,,,,,,,,,,,,,30,,,,,,,,,,,,,,,,,,,,,,,,,,
"Cereal matinal, milho/trigo/aveia, ""Froot Loops""",,,,,,,,,,,,,,,,,,,,,,,,,,,,,,,,,,,,,,,,,,,,,,,,,
Cereal shake morango light -Olvebra®,,,,,,,,,,,,,,,,,,,,,,,,,,,,,,,,,,,,,,,,,,,,,,,,,
Cereal shake morangolight - Olvebra® (com leite desnatado)*,,,,,,,,,,,,,,,,,,,,,,,,,,,,,,,,,,,,,,,,,,,,,,,,,
Cereja,FRUTAS/SUCOS/VITAMINAS,,,,,,,,,,,,,,,,,,,,,,,,,,,,,,,,,,,,,,,,,,,,,,,,
Cereja em calda,,,,,,,,,,,,,,,,,,,,,,,,,,,,,,,,,,,,,,,,,,,,,,,,,
Cereja fresca,,,,,,,,,,,,,,,,,,,,,,,,,,,,,,,,,,,,,,,,,,,,,,,,,
Cerveja,,,,,,,,,,,,,,,,,,,,,,,,,,,,,,,,,,,,,,,,,,,,,,,,,
Cerveja (com ou sem alcool),BEBIDAS ALCOOLICAS,,,,,,,,,,,,,,,,,,,,,,,,,,,,,,,,,,,,,,,,,,,,,,,,
Cerveja (com ou sem alcool) light,BEBIDAS ALCOOLICAS,,,,,,,,,,,,,,,,,,,,,,,,,,,,,,,,,,,,,,,,,,,,,,,,
"Cerveja, pilsen 2",,,,,,,,,,,,,,,,,,,,,,,,,,,,,,,,,,,,,,,,,,,,,,,,,
"Cevada , nua, Hordeum vulgare L., (média diferentes cultivares)",,,,,,,,,,,,,,,,,,,,,,,,,,,,,,,,,,,,,,,,,,,,,,,,,
Cevada em po,CEREAIS,,,,,,,,,,,,,,,,,,,,,,,,,,,,,,,,,,,,,,,,,,,,,,,,
"Cha (preto, camomila, erva cidreira, capim limao, etc)",BEBIDAS QUENTES,,,,,,,,,,,,,150,240,300,,,,,,,200,,,,,,,,,,,,200,300,,,,,,,,,,,,,
Chá com pêssego Ice TeaLipton Tea - Pepsico®,,,,,,,,,,,,,,,,,,,,,,,,,,,,,,,,,,,,,,,,,,,,,,,,,
Chá com pêssego light Ice TeaLipton Tea Pepsico®,,,,,,,,,,,,,,,,,,,,,,,,,,,,,,,,,,,,,,,,,,,,,,,,,
"Cha diet (preto, camomila, erva cidreira, capim limao, etc)",BEBIDAS QUENTES,,,,,,,,,,,,,150,240,300,,,,,,,200,,,,,,,,,,,,200,300,,,,,,,,,,,,,
Chá em pó,,,,,,,,,,,,,,,,,,,,,,,,,,,,,,,,,,,,,,,,,,,,,,,,,
Chá mate com açúcar(infusão),,,,,,,,,,,,,,,,,,,,,,,,,,,,,,,,,,,,,,,,,,,,,,,,,
Cha mate orgânico,BEBIDAS QUENTES,,,,,,,,,,,,,150,240,300,,,,,,,200,,,,,,,,,,,,200,300,,,,,,,,,,,,,
Chá preto com limão Ice TeaLipton Tea - Pepsico®,,,,,,,,,,,,,,,,,,,,,,,,,,,,,,,,,,,,,,,,,,,,,,,,,
Chá preto sem açúcar(infusão),,,,,,,,,,,,,,,,,,,,,,,,,,,,,,,,,,,,,,,,,,,,,,,,,
Chá verde,,,,,,,,,,,,,,,,,,,,,,,,,,,,,,,,,,,,,,,,,,,,,,,,,
"Chá, erva-doce, infusão 5%",BEBIDAS QUENTES,,,,,,,,,,,,,150,240,300,,,,,,,200,,,,,,,,,,,,200,300,,,,,,,,,,,,,
"Chá, mate, infusão 5%",BEBIDAS QUENTES,,,,,,,,,,,,,150,240,300,,,,,,,200,,,,,,,,,,,,200,300,,,,,,,,,,,,,
"Chá, preto, infusão 5%",BEBIDAS QUENTES,,,,,,,,,,,,,150,240,300,,,,,,,200,,,,,,,,,,,,200,300,,,,,,,,,,,,,
Chambaril assado(a),CARNE BOVINA,100,100,90,35,75,70,30,140,70,,,,,,,,,,,,,,,,,,,,,,,,,,,,,,,,,,,,,,,
Chambaril cozido(a),CARNE BOVINA,100,100,90,35,75,70,30,140,70,,,,,,,,,,,,,,,,,,,,,,,,,,,,,,,,,,,,,,,
Chambaril refogado(a),CARNE BOVINA,100,100,90,35,75,70,30,140,70,,,,,,,,,,,,,,,,,,,,,,,,,,,,,,,,,,,,,,,
Champanhe,BEBIDAS ALCOOLICAS,,,,,,,,,,,,,,,,,,,,,,,,,,,,,,,,,,,,,,,,,,,,,,,,
Champignon (cogumelo paris),,,,,,,,,,,,,,,,,,,,,,,,,,,,,,,,,,,,,,,,,,,,,,,,,
Champignon em conserva,CONSERVAS,,,,,,,,,,,,,,,,,,,,,,,,,,,,,,,,,,,,,,,,,,,,,,,,
Champignon em conserva(cogumelo paris),,,,,,,,,,,,,,,,,,,,,,,,,,,,,,,,,,,,,,,,,,,,,,,,,
Chamyto 1+1 cereaiscoloridos - Nestlé®,,,,,,,,,,,,,,,,,,,,,,,,,,,,,,,,,,,,,,,,,,,,,,,,,
Chandele de qualquer sabor,AÇUCARES/CONFEITARIA,,,,,,,,,,,,,,,,,,,,,,,,,,,,,,,,,,,,,,,,,,,,,,,,
Chandelle chocolate ao leite- Nestlé®,,,,,,,,,,,,,,,,,,,,,,,,,,,,,,,,,,,,,,,,,,,,,,,,,
Chandelle chocolate branco- Nestlé®,,,,,,,,,,,,,,,,,,,,,,,,,,,,,,,,,,,,,,,,,,,,,,,,,
Chantibon para sorvete -Kibon®,,,,,,,,,,,,,,,,,,,,,,,,,,,,,,,,,,,,,,,,,,,,,,,,,
Chantili,,,,,,,,,,,,,,,,,,,,,,,,,,,,,,,,,,,,,,,,,,,,,,,,,
Chantilly,AÇUCARES/CONFEITARIA,,,,,,,,,,,,,,,,,,,,,,,,,,,,,,,,,,,,,,,,,,,,,,,,
"Chantilly, spray, com gordura vegetal",,,,,,,,,,,,,,,,,,,,,,,,,,,,,,,,,,,,,,,,,,,,,,,,,
"Chantily, pó p/, (média diferentes marcas)",,,,,,,,,,,,,,,,,,,,,,,,,,,,,,,,,,,,,,,,,,,,,,,,,
"Chantily, pó, ""Chantineve""",,,,,,,,,,,,,,,,,,,,,,,,,,,,,,,,,,,,,,,,,,,,,,,,,
"Chantily, pó, ""Ducoco""",,,,,,,,,,,,,,,,,,,,,,,,,,,,,,,,,,,,,,,,,,,,,,,,,
Charque (cozido) - carnebovina,,,,,,,,,,,,,,,,,,,,,,,,,,,,,,,,,,,,,,,,,,,,,,,,,
Charque (cru) - carne bovina ,,,,,,,,,,,,,,,,,,,,,,,,,,,,,,,,,,,,,,,,,,,,,,,,,
Charuto de repolho,,,,,,,,,,,,,,,,,,,,,,,,,,,,,,,,,,,,,,,,,,,,,,,,,
"Charuto, de repolho",,,,,,,,,,,,,,,,,,,,,,,,,,,,,,,,,,,,,,,,,,,,,,,,,
Cheddar Mc Melt - Mc Dona ld's0,,,,,,,,,,,,,,,,,,,,,,,,,,,,,,,,,,,,,,,,,,,,,,,,,
Cheesburguer,LANCHES,,,,,,,,,,,,,,,,,,,,,,,,,,,,,,,,,,,,,,,,,,,,,,,,
Cheese egg,LANCHES,,,,,,,,,,,,,,,,,,,,,,,,,,,,,,,,,,,,,,,,,,,,,,,,
Cheese tudo,LANCHES,,,,,,,,,,,,,,,,,,,,,,,,,,,,,,,,,,,,,,,,,,,,,,,,
Cheeseburguer - Mc Donald's®,,,,,,,,,,,,,,,,,,,,,,,,,,,,,,,,,,,,,,,,,,,,,,,,,
Cheetos bola Elma Chips - Pepsico®,,,,,,,,,,,,,,,,,,,,,,,,,,,,,,59,42,,,,,,,,,,,,,,,,,,
Cheetos mix Elma Chips - Pepsico®,,,,,,,,,,,,,,,,,,,,,,,,,,,,,,130,49,,,,,,,,,,,,,,,,,,
Chester,AVES,,,,,,,,,,,,,,,,,,,,,,,,,,,,,,,,,,,,,,,,,,,,,,,,
Chester  assado(a),AVES,,,,,,,,,,,,,,,,,,,,,,,,,,,,,,,,,,,,,,,,,,,,,,,,
Chester  cozido(a),AVES,,,,,,,,,,,,,,,,,,,,,,,,,,,,,,,,,,,,,,,,,,,,,,,,
"Chia, semente, seca, Salvia hispanica L.",,,,,,30,,15,,,,,,,,,,,,,,,,,,,,,,,,,,,,,,,,,,,,,,,,,
Chicken fillet tradicional congelado Mini Chicken- Perdigão®,,,,,,,,,,,,,,,,,,,,,,,,,,,,,,,,,,,,,,,,,,,,,,,,,
Chicken popcorn congelado - Perdigão®,,,,,,130,,,,,,,,,,,,,,,,,,,,,,,,,,,,,,,,,,,,,,,,,,,
Chiclete,AÇUCARES/CONFEITARIA,,,,,,,,,,,,,,,,,,,,,,,,,,,,,,,,,,,,,,,,,,,,,,,,
Chiclete diet,AÇUCARES/CONFEITARIA,,,,,,,,,,,,,,,,,,,,,,,,,,,,,,,,,,,,,,,,,,,,,,,,
Chicoria ao vinagrete,HORTALIÇAS,,,,,42,,45,136,136,,,,,,,45,,,,,,,,,,,,,,,,,,,12,,,,,,,,,,,,,
Chicoria cozido(a),HORTALIÇAS,,,,,42,,45,136,136,,,,,,,45,,,,,,,,,,,,,,,,,,,12,,,,,,,,,,,,,
Chicoria cru(a),HORTALIÇAS,,,,,42,,45,136,136,,,,,,,45,,,,,,,,,,,,,,,,,,,12,,,,,,,,,,,,,
Chicoria refogado(a),HORTALIÇAS,,,,,42,,45,136,136,,,,,,,45,,,,,,,,,,,,,,,,,,,12,,,,,,,,,,,,,
"Chicória, crua",,,,,,42,,45,136,136,,,,,,,45,,,,,,,,,,,,,,,,,,,12,,,,,,,,,,,,,
Chikenitos de frango comcenoura congelado Turma da Mônica - Seara®,,,,,,,,,,,,,,,,,,,,,,,,,,,,,,,,,,,,,,,,,,,,,,,,,
Chikenitos tradicional Turmada Mônica - Sadia®,,,,,,,,,,,,,,,,,,,,,,,,,,,,,,,,,,,,,,,,,,,,,,,,,
Chimarrão,BEBIDAS QUENTES,,,,,,,,,,,,,,,,,,,,,,,,,,,,,,,,,,,,,,,,,,,,,,,,
Chimarrão orgânico,BEBIDAS QUENTES,,,,,,,,,,,,,,,,,,,,,,,,,,,,,,,,,,,,,,,,,,,,,,,,
Chineque,TIPICOS,,,,,,,,,,,,,,,,,,,,,,,,,,,,,,,,,,,,,,,,,,,,,,,,
Chineque com farofa,TIPICOS,,,,,,,,,,,,,,,,,,,,,,,,,,,,,,,,,,,,,,,,,,,,,,,,
Chips (salgadinhos),SNACKS,,,,,,,,,,,,,,,,,,,,,,,,,,,,,,,,,,,,,,,,,,,,,,,,
Chips (salgadinhos) light,SNACKS,,,,,,,,,,,,,,,,,,,,,,,,,,,,,,,,,,,,,,,,,,,,,,,,
"Chocoki Lata, 300G, 2Odoses",,,,,,,,,,,,,,,,,,,,,,,,,,,,,,,,,,,,,,,,,,,,,,,,,
Chocolate,AÇUCARES/CONFEITARIA,,,,,,,,,,,,,,,,,,,,,,,,,,,,,,,,,,,,,,,,,,,,,,,,
Chocolate Amaro - Lacta® ,,,,,,25,,,,,,,,,,,,,,,,,,,,,,,,90,,,,,,,,,,,,,,,,,,,
Chocolate ao leite - Lacta® ,,,,,,25,,,,,,,,,,,,,,,,,,,,,,,,90,20,,,,,,,,,,,,,,,,,,
Chocolate ao leite Bis - Lacta®,,,,,,25,,,,,,,,,,,,,,,,,,,,,,,,6,,,,,,,,,,,,,,,,,,,
Chocolate ao leite Classic - Nestlé®,,,,,,,,,,,,,,,,,,,,,,,,,,,,,,90,25,,,,,,,,,,,,,,,,,,
Chocolate ao leite com passas ao rum - Diatt®,,,,,,,,,,,,,,,,,,,,,,,,,,,,,,,,,,,,,,,,,,,,,,,,,
Chocolate ao leite Kinder ovo- Kinder®,,,,,,,,,,,,,,,,,,,,,,,,,,,,,,,,,,,,,,,,,,,,,,,,,
Chocolate ao leite M&M -M&M's®,,,,,,,,,,,,,,,,,,,,,,,,,,,,,,,,,,,,,,,,,,,,,,,,,
Chocolate ao leite para cobertura -- Nestlé®,,,,,,,,,,,,,,,,,,,,,,,,,,,,,,,,,,,,,,,,,,,,,,,,,
Chocolate ao leite Suflair - Nestlé®,,,,,,,,,,,,,,,,,,,,,,,,,,,,,,110,50,,,,,,,,,,,,,,,,,,
Chocolate branco Laka - Lacta®,,,,,,25,,,,,,,,,,,,,,,,,,,,,,,,90,,,,,,,,,,,,,,,,,,,
Chocolate Charge - Nestlé® ,,,,,,,,,,,,,,,,,,,,,,,,,,,,,,40,,,,,,,,,,,,,,,,,,,
Chocolate Chokito - Nestlé® ,,,,,,,,,,,,,,,,,,,,,,,,,,,,,,32,,,,,,,,,,,,,,,,,,,
Chocolate com leite e avelãs Classic - Nestlé®,,,,,,,,,,,,,,,,,,,,,,,,,,,,,,90,25,,,,,,,,,,,,,,,,,,
Chocolate com leite e cajuClassic - Nestlé®,,,,,,,,,,,,,,,,,,,,,,,,,,,,,,90,25,,,,,,,,,,,,,,,,,,
Chocolate com leite ecastanha de caju - Nestlé®,,,,,,,,,,,,,,,,,,,,,,,,,,,,,,90,25,,,,,,,,,,,,,,,,,,
Chocolate Crunch - Nestlé®,,,,,,,,,,,,,,,,,,,,,,,,,,,,,,90,22.5,,,,,,,,,,,,,,,,,,
Chocolate Diamante Negro- Lacta®,,,,,,25,,,,,,,,,,,,,,,,,,,,,,,,90,20,,,,,,,,,,,,,,,,,,
Chocolate Diplomata -Nestlé®,,,,,,,,,,,,,,,,,,,,,,,,,,,,,,,,,,,,,,,,,,,,,,,,,
Chocolate duo Suflair - Nestlé®,,,,,,,,,,,,,,,,,,,,,,,,,,,,,,110,80,,,,,,,,,,,,,,,,,,
Chocolate em pó - Garoto®,,,,,,,,20,,,,,,,,,,,,,,,,,,,,,,,,,,,,,,,,,,,,,,,,,
Chocolate em po de qualquer marca,AÇUCARES/CONFEITARIA,,,,,,,,,,,,,,,,,,,,,,,,,,,,,,,,,,,,,,,,,,,,,,,,
Chocolate em pó Dois Frades- Nestlé®,,,,,,,,10,,,,,,,,,,,,,,,,,,,,,,,,,,,,,,,,,,,,,,,,,
Chocolate Ga lak - Nestlé®,,,,,,,,,,,,,,,,,,,,,,,,,,,,,,90,20,,,,,,,,,,,,,,,,,,
Chocolate Gianduia -Perugina®,,,,,,,,,,,,,,,,,,,,,,,,,,,,,,,,,,,,,,,,,,,,,,,,,
Chocolate Kit Kat - Nestlé®,,,,,,,,,,,,,,,,,,,,,,,,,,,,,,45,,,,,,,,,,,,,,,,,,,
Chocolate Lajotinha tablete -Kopenhagen®,,,,,,,,,,,,,,,,,,,,,,,,,,,,,,,,,,,,,,,,,,,,,,,,,
Chocolate Lancy - Lacta®,,,,,,,,,,,,,,,,,,,,,,,,,,,,,,30,,,,,,,,,,,,,,,,,,,
Chocolate meio amargo emeio branco - Nestlé®,,,,,,,,,,,,,,,,,,,,,,,,,,,,,,90,,,,,,,,,,,,,,,,,,,
Chocolate Milkybar - Nestlé®,,,,,,,,,,,,,,,,,,,,,,,,,,,,,,80,,,,,,,,,,,,,,,,,,,
Chocolate negresco Galak -Nestlé®,,,,,,,,,,,,,,,,,,,,,,,,,,,,,,,,,,,,,,,,,,,,,,,,,
Chocolate nuts ao leite - Kopenhagen®,,,,,,,,,,,,,,,,,,,,,,,,,,,,,,,,,,,,,,,,,,,,,,,,,
Chocolate Prestígio - Nestlé®,,,,,,,,,,,,,,,,,,,,,,,,,,,,,,114,33,,,,,,,,,,,,,,,,,,
Chocolate Sensação - Nestlé®,,,,,,,,,,,,,,,,,,,,,,,,,,,,,,38,,,,,,,,,,,,,,,,,,,
Chocolate Smarties - Nestlé®,,,,,,,,,,,,,,,,,,,,,,,,,,,,,,100,,,,,,,,,,,,,,,,,,,
Chocolate Smash - Nestlé®,,,,,,,,,,,,,,,,,,,,,,,,,,,,,,19,,,,,,,,,,,,,,,,,,,
"Chocolate, amargo",,,,,,25,,,,,,,,,,,,,,,,,,,,,,,,,,,,,,,,,,,,,,,,,,,
"Chocolate, amargo, ""Garoto""",,,,,,25,,,,,,,,,,,,,,,,,,,,,,,,90,,,,,,,,,,,,,,,,,,,
"Chocolate, amargo, ""Lacta amaro""",,,,,,25,,,,,,,,,,,,,,,,,,,,,,,,90,,,,,,,,,,,,,,,,,,,
"Chocolate, amargo, ""Nestlé classic""",,,,,,,,,,,,,,,,,,,,,,,,,,,,,,,,,,,,,,,,,,,,,,,,,
"Chocolate, amargo, ""Neugebauer""",,,,,,,,,,,,,,,,,,,,,,,,,,,,,,,,,,,,,,,,,,,,,,,,,
"Chocolate, amargo, 70% cacau, ""Neugebauer""",,,,,,,,,,,,,,,,,,,,,,,,,,,,,,,,,,,,,,,,,,,,,,,,,
"Chocolate, amargo, dark & soft, 50% cacau, ""Lacta""",,,,,,25,,,,,,,,,,,,,,,,,,,,,,,,100,,,,,,,,,,,,,,,,,,,
"Chocolate, amargo, dupy, ""Neugebauer""",,,,,,,,,,,,,,,,,,,,,,,,,,,,,,,,,,,,,,,,,,,,,,,,,
"Chocolate, ao leite",,,,,,25,,,,,,,,,,,,,,,,,,,,,,,,,,,,,,,,,,,,,,,,,,,
"Chocolate, ao leite, ""Garoto""",,,,,,25,,,,,,,,,,,,,,,,,,,,,,,,90,,,,,,,,,,,,,,,,,,,
"Chocolate, ao leite, ""Lacta""",,,,,,25,,,,,,,,,,,,,,,,,,,,,,,,90,20,,,,,,,,,,,,,,,,,,
"Chocolate, ao leite, ""Nestlé Classic """,,,,,,,,,,,,,,,,,,,,,,,,,,,,,,90,25,,,,,,,,,,,,,,,,,,
"Chocolate, ao leite, ""Neugebauer""",,,,,,,,,,,,,,,,,,,,,,,,,,,,,,,,,,,,,,,,,,,,,,,,,
"Chocolate, ao leite, (média diferentes marcas)",,,,,,,,,,,,,,,,,,,,,,,,,,,,,,,,,,,,,,,,,,,,,,,,,
"Chocolate, ao leite, com castanha do Pará (TACO)",,,,,,,,,,,,,,,,,,,,,,,,,,,,,,,,,,,,,,,,,,,,,,,,,
"Chocolate, ao leite, com castanha do Pará (TBCA)",,,,,,,,,,,,,,,,,,,,,,,,,,,,,,,,,,,,,,,,,,,,,,,,,
"Chocolate, ao leite, dietético (TACO)",,,,,,25,,,,,,,,,,,,,,,,,,,,,,,,,,,,,,,,,,,,,,,,,,,
"Chocolate, ao leite, dietético (TBCA)",,,,,,25,,,,,,,,,,,,,,,,,,,,,,,,,,,,,,,,,,,,,,,,,,,
"Chocolate, ao leite, dietético (TBCA)",,,,,,25,,,,,,,,,,,,,,,,,,,,,,,,,,,,,,,,,,,,,,,,,,,
"Chocolate, ao leite, Dupy ""Neugebauer""",,,,,,,,,,,,,,,,,,,,,,,,,,,,,,,,,,,,,,,,,,,,,,,,,
"Chocolate, branco (média diferentes marcas)",,,,,,,,,,,,,,,,,,,,,,,,,,,,,,,,,,,,,,,,,,,,,,,,,
"Chocolate, meio amargo (TACO)",,,,,,25,,,,,,,,,,,,,,,,,,,,,,,,,,,,,,,,,,,,,,,,,,,
"Chocolate, meio amargo (TBCA)",,,,,,25,,,,,,,,,,,,,,,,,,,,,,,,,,,,,,,,,,,,,,,,,,,
"Chocolate, pó, ""Hikari""",,,,,,,,10,,,,,,,,,,,,,,,,,,,,,,,,,,,,,,,,,,,,,,,,,
"Chocolift Be Alive, 40G",,,,,,,,,,,,,,,,,,,,,,,,,,,,,,,,,,,,,,,,,,,,,,,,,
"Chocolift Be Alive, 480G, 12Barras/40G",,,,,,,,,,,,,,,,,,,,,,,,,,,,,,,,,,,,,,,,,,,,,,,,,
"Chocolift Be Brilliant Box, 480G, 12Barras/40G",,,,,,,,,,,,,,,,,,,,,,,,,,,,,,,,,,,,,,,,,,,,,,,,,
"Chocolift Be Brilliant, 40G",,,,,,,,,,,,,,,,,,,,,,,,,,,,,,,,,,,,,,,,,,,,,,,,,
"Chocolift Be Powerful Box, 480G, 12Barras/40G",,,,,,,,,,,,,,,,,,,,,,,,,,,,,,,,,,,,,,,,,,,,,,,,,
"Chocolift Be Powerful, 40G",,,,,,,,,,,,,,,,,,,,,,,,,,,,,,,,,,,,,,,,,,,,,,,,,
"Chocolift Be Unique Box, 480G, 12Barras/40G",,,,,,,,,,,,,,,,,,,,,,,,,,,,,,,,,,,,,,,,,,,,,,,,,
"Chocolift Be Unique, 40G",,,,,,,,,,,,,,,,,,,,,,,,,,,,,,,,,,,,,,,,,,,,,,,,,
Chocomilk,BEBIDAS DOCES,,,,,,,,,,,,,,,,,,,,,,,,,,,,,,,,,,,,,,,,,,,,,,,,
Chocotone - Bauducco®,,,,,,,,,,,,,,,,,,,,,,,,,,,,,,,,,,,,,,,,,,,,,,,,,
Chopp,BEBIDAS ALCOOLICAS,,,,,,,,,,,,,,,,,,,,,,,,,,,,,,,,,,,,,,,,,,,,,,,,
Chouriço,CARNES INDUSTRIALIZADAS,,,,,,,,,,,,,,,,,,,,,,,,,,,,,,,,,,,,,,,,,,,,,,,,
Chuchu (casca),,,,,,,,,,,,,,,,,,,,,,,,,,,,,,,,,,,,,,,,,,,,,,,,,
Chuchu (cozido),,,,30,30,57,45,20,110,110,,,10,,,,20,,,,45,,,,,,,,,230,145,115,,,,,,,,,,,,,,,,,
Chuchu (cru),,,,30,30,57,45,20,110,110,,,10,,,,20,,,,45,,,,,,,,,230,145,115,,,,,,,,,,,,,,,,,
Chuchu ao alho e oleo,VERDURAS,,,30,30,,,,,,,,,,,,,,,,,,,,,,,,,,,,,,,,,,,,,,,,,,,,
Chuchu ao vinagrete,VERDURAS,,,30,30,57,45,20,110,110,,,10,,,,20,,,,45,,,,,,,,,230,145,115,,,,,,,,,,,,,,,,,
Chuchu assado(a),VERDURAS,,,,30,57,45,20,,,,,,,,,,,,,,,,,,,,,,,,,,,,,,,,,,,,,,,,,
Chuchu cozido(a),VERDURAS,,,30,30,57,45,20,110,110,,,10,,,,20,,,,45,,,,,,,,,230,145,115,,,,,,,,,,,,,,,,,
Chuchu cru(a),VERDURAS,,,30,30,57,45,20,110,110,,,10,,,,20,,,,45,,,,,,,,,230,145,115,,,,,,,,,,,,,,,,,
Chuchu ensopado,VERDURAS,,,30,30,57,45,20,110,110,,,10,,,,20,,,,45,,,,,,,,,230,145,115,,,,,,,,,,,,,,,,,
Chuchu molho vermelho,VERDURAS,,,30,30,57,45,20,110,110,,,10,,,,20,,,,45,,,,,,,,,230,145,115,,,,,,,,,,,,,,,,,
Chuchu refogado(a),VERDURAS,,,30,30,57,45,20,110,110,,,10,,,,20,,,,45,,,,,,,,,230,145,115,,,,,,,,,,,,,,,,,
Chuchu sopa,SOPAS/CALDOS/MINGAUS,,,,,,,,,,,,,,,,,,,,,,,,,,,,,,,,,,,,,,,,,,,,,,,,
"Chuchu, cozido",,,,30,30,57,45,20,110,110,,,10,,,,20,,,,45,,,,,,,,,230,145,115,,,,,,,,,,,,,,,,,
"Chuchu, cru",,,,30,30,57,45,20,110,110,,,10,,,,20,,,,45,,,,,,,,,230,145,115,,,,,,,,,,,,,,,,,
Chucrute,TIPICOS,,,,,,,,,,,,,,,,,,,,,,,,,,,,,,,,,,,,,,,,,,,,,,,,
Chucrute com salsicha,,,,,,,,,,,,,,,,,,,,,,,,,,,,,,,,,,,,,,,,,,,,,,,,,
Chuleta assado(a),CARNE BOVINA,100,100,90,35,75,70,30,140,70,,,,,,,,,,,,,,,,,,,,,,,,,,,,,,,,,,,,,,,
Chuleta com osso (crua) -carne bovina,,,,,,,,,,,,,,,,,,,,,,,,,,,,,,,,,,,,,,,,,,,,,,,,,
Chuleta cozido(a),CARNE BOVINA,100,100,90,35,75,70,30,140,70,,,,,,,,,,,,,,,,,,,,,,,,,,,,,,,,,,,,,,,
Chuleta frito(a),CARNE BOVINA,100,100,90,35,75,70,30,140,70,,,,,,,,,,,,,,,,,,,,,,,,,,,,,,,,,,,,,,,
Chuleta grelhado(a)/brasa/churrasco,CARNE BOVINA,100,100,90,35,75,70,30,140,70,,,,,,,,,,,,,,,,,,,,,,,,,,,,,,,,,,,,,,,
Churrasco,CARNE BOVINA,100,100,90,35,75,70,30,140,70,,,,,,,,,,,,,,,,,,,,,,,,,,,,,,,,,,,,,,,
Churro,FARINHAS/FÉCULAS/MASSAS,,,,,,,,,,,,,,,,,,,,,,,,,,,,,,,,,,,,,,,,,,,,,,,,
Churros com doce de leite,,,,,,,,,,,,,,,,,,,,,,,,,,,,,,,,,,,,,,,,,,,,,,,,,
Cidra,,,,,,,,,,,,,,,,,,,,,,,,,,,,,,,,,,,,,,,,,,,,,,,,,
Ciriguela (IBGE),FRUTAS/SUCOS/VITAMINAS,,,,,,,,,,,,,,,,,,,,,,,,,,,,,,,,,,,,,,,,,,,,,,,,
Ciriguela (Tucunduva),,,,,,,,,,,,,,,,,,,,,,,,,,,,,,,,,,,,,,,,,,,,,,,,,
"Ciriguela, crua",,,,,,,,,,,,,,,,,,,,,,,,,,,,,,,,,,,,,,,,,,,,,,,,,
"Ciriguela, in natura, Spondias purpurea L.",,,,,,,,,,,,,,,,,,,,,,,,,,,,,,,,,,,,,,,,,,,,,,,,,
Clara de ovo de galinha,,,,,,,,,,,,,,,,,,,,,,,,,,,,,,15,,7,,,,,,,,,,,,,,,,,
Coalhada,LATICINIOS,,,,,,,,,,,,,,,,,,,,,,,,,,,,,,,,,,,,,,,,,,,,,,,,
"Coalho , pó",,,,,,,,,,,,,,,,,,,,,,,,,,,,,,,,,,,,,,,,,,,,,,,,,
Coca cola light,BEBIDAS INDUSTRIALIZADAS,,,,,,,,,,,,,,,,,,,,,,,,,,,,,,,,,,,,,,,,,,,,,,,,
Coca cola tradicional,BEBIDAS INDUSTRIALIZADAS,,,,,,,,,,,,,,,,,,,,,,,,,,,,,,,,,,,,,,,,,,,,,,,,
Coca-Cola®,,,,,,,,,,,,,,,,,,,,,,,,,,,,,,,,,,,,,,,,,,,,,,,,,
Coca-Cola® light,,,,,,,,,,,,,,,,,,,,,,,,,,,,,,,,,,,,,,,,,,,,,,,,,
Coca-Cola® zero,,,,,,,,,,,,,,,,,,,,,,,,,,,,,,,,,,,,,,,,,,,,,,,,,
Cocada (IBGE),AÇUCARES/CONFEITARIA,,,,,,,,,,,,,,,,,,,,,,,,,,,,,,,,,,,,,,,,,,,,,,,,
Cocada (Tucunduva),,,,,,,,,,,,,,,,,,,,,,,,,,,,,,,,,,,,,,,,,,,,,,,,,
Cocada branca,,,,,,,,,,,,,,,,,,,,,,,,,,,,,,,,,,,,,,,,,,,,,,,,,
Cocada diet,AÇUCARES/CONFEITARIA,,,,,,,,,,,,,,,,,,,,,,,,,,,,,,,,,,,,,,,,,,,,,,,,
"Cocada, branca",,,,,,,,,,,,,,,,,,,,,,,,,,,,,,,,,,,,,,,,,,,,,,,,,
Coco,OLEAGINOSAS,,,,40,,,,,,,,,,,,,,,,,,,,,,,,,,,,,,,,,,,,,,,,,,,,
Coco da bahia (seco ou verde),OLEAGINOSAS,,,,,,,,,,,,,,,,,,,,,,,,,,,,,,,,,,,,,,,,,,,,,,,,
Coco fresco,,,,,40,,,,,,,,,,,,,,,,,,,,,,,,,,,,,,,,,,,,,,,,,,,,
Coco fresco ralado,,,,,,,,,,,,,,,,,,,,,,,,,,,,,,,,,,,,,,,,,,,,,,,,,
Coco mucaja,OLEAGINOSAS,,,,,,,,,,,,,,,,,,,,,,,,,,,,,,,,,,,,,,,,,,,,,,,,
Coco seco ralado,,,,,,,,,,,,,,,,,,,,,,,,,,,,,,,,,,,,,,,,,,,,,,,,,
Coco seco ralado - Socôco®,,,,,,,,,,,,,,,,,,,,,,,,,,,,,,,,,,,,,,,,,,,,,,,,,
"Coco,  verde, cru",,,,,40,,,,,,,,,,,,,,,,,,,,,,,,,,,,,,,,,,,,,,,,,,,,
"Coco, água de",,,,,,,,,,,,,,,,,,,,,,,,,,,,,,,,,,,,,,,,,,,,,,,,,
"Coco, cru",,,,,40,,,,,,,,,,,,,,,,,,,,,,,,,,,,,,,,,,,,,,,,,,,,
"Coco, polpa, in natura, Cocos nucifera",,,,,,,,,,,,,,,,,,,,,,,,,,,,,,,,,,,,,,,,,,,,,,,,,
"Coconut, água",,,,,,,,,,,,,,,,,,,,,,,,,,,,,,,,,,,,,,,,,,,,,,,,,
"Coconut, milk",,,,,,,,,,,,,,,,,,,,,,,,,,,,,,,,,,,,,,,,,,,,,,,,,
Codorna frito(a),AVES,,,,,,,,,,,,,,,,,,,,,,,,,,,,,,,,,,,,,,,,,,,,,,,,
Coelho (assado),,,,,,,,,,,,,,,,,,,,,,,,,,,,,,,,,,,,,,,,,,,,,,,,,
Coelho (cozido),,,,,,,,,,,,,,,,,,,,,,,,,,,,,,,,,,,,,,,,,,,,,,,,,
Coelho (cru),,,,,,,,,,,,,,,,,,,,,,,,,,,,,,,,,,,,,,,,,,,,,,,,,
Coelho com molho,,,,,,,,,,,,,,,,,,,,,,,,,,,,,,,,,,,,,,,,,,,,,,,,,
Coentro,CONDIMENTOS,,,,,,,,,,,,,,,,,,,,,,,,,,,,,,,,,,,,,,,,,,,,,,,,
Coentro seco,,,,,,,,,,,,,,,,,,,,,,,,,,,,,,,,,,,,,,,,,,,,,,,,,
"Coentro, folhas desidratadas",,,,,,,,,,,,,,,,,,,,,,,,,,,,,,,,,,,,,,,,,,,,,,,,,
Cogumelo em conserva,CONSERVAS,,,,,,,,,,,,,,,,,,,,,,,,,,,,,,,,,,,,,,,,,,,,,,,,
Cogumelo in natura,CONDIMENTOS,,,,,,,,,,,,,,,,,,,,,,,,,,,,,,,,,,,,,,,,,,,,,,,,
Cogumelo seco (shiitake),,,,,,,,,,,,,,,,,,,,,,,,,,,,,,,,,,,,,,,,,,,,,,,,,
"Collagen 2 Joint Limão-Siciliano Box, 330G, 30Uni/11G",,,,,,,,,,,,,,,,,,,,,,,,,,,,,,,,,,,,,,,,,,,,,,,,,
"Collagen 2 Joint Neutro, 270G, 30Uni/9G",,,,,,,,,,,,,,,,,,,,,,,,,,,,,,,,,,,,,,,,,,,,,,,,,
"Collagen Skin Cranberry, Lata 300G",,,,,,,,,,,,,,,,,,,,,,,,,,,,,,,,,,,,,,,,,,,,,,,,,
"Collagen Skin Neutro, Lata 300G",,,,,,,,,,,,,,,,,,,,,,,,,,,,,,,,,,,,,,,,,,,,,,,,,
Colomba Pascal - Bauducco®,,,,,,,,,,,,,,,,,,,,,,,,,,,,,,,,,,,,,,,,,,,,,,,,,
Colorau,,,,,,,,,,,,,,,,,,,,,,,,,,,,,,,,,,,,,,,,,,,,,,,,,
Cominho em pó,,,,,,,,,,,,,,,,,,,,,,,,,,,,,,,,,,,,,,,,,,,,,,,,,
Complemento alimentar de qualquer sabor,FRUTAS/SUCOS/VITAMINAS,,,,,,,,,,,,,,,,,,,,,,,,,,,,,,,,,,,,,,,,,,,,,,,,
Compota de ananás,,,,,,,,,,,,,,,,,,,,,,,,,,,,,,,,,,,,,,,,,,,,,,,,,
Compota de araticum,,,,,,,,,,,,,,,,,,,,,,,,,,,,,,,,,,,,,,,,,,,,,,,,,
Compota de cagaita,,,,,,,,,,,,,,,,,,,,,,,,,,,,,,,,,,,,,,,,,,,,,,,,,
Compota de goiaba,,,,,,,,,,,,,,,,,,,,,,,,,,,,,,,,,,,,,,,,,,,,,,,,,
Compota de jenipapo,,,,,,,,,,,,,,,,,,,,,,,,,,,,,,,,,,,,,,,,,,,,,,,,,
Compota de lobeira,,,,,,,,,,,,,,,,,,,,,,,,,,,,,,,,,,,,,,,,,,,,,,,,,
Compota de mama-cadela,,,,,,,,,,,,,,,,,,,,,,,,,,,,,,,,,,,,,,,,,,,,,,,,,
Concentrado alimentar diet shake,FRUTAS/SUCOS/VITAMINAS,,,,,,,,,,,,,,,,,,,,,,,,,,,,,,,,,,,,,,,,,,,,,,,,
Confete,AÇUCARES/CONFEITARIA,,,,,,,,,,,,,,,,,,,,,,,,,,,,,,,,,,,,,,,,,,,,,,,,
Conhaque (IBGE),BEBIDAS ALCOOLICAS,,,,,,,,,,,,,,,,,,,,,,,,,,,,,,,,,,,,,,,,,,,,,,,,
Conhaque (Tucunduva),,,,,,,,,,,,,,,,,,,,,,,,,,,,,,,,,,,,,,,,,,,,,,,,,
Contra filé assado(a),CARNE BOVINA,100,100,90,35,75,70,30,140,70,,,,,,,,,,,,,,,,,,,,,,,,,,,,,,,,,,,,,,,
Contra filé cozido(a),CARNE BOVINA,100,100,90,35,75,70,30,140,70,,,,,,,,,,,,,,,,,,,,,,,,,,,,,,,,,,,,,,,
Contra filé empanado(a)/a milanesa,CARNE BOVINA,100,100,90,35,75,70,30,140,70,,,,,,,,,,,,,,,,,,,,,,,,,,,,,,,,,,,,,,,
Contra filé frito(a),CARNE BOVINA,100,100,90,35,75,70,30,140,70,,,,,,,,,,,,,,,,,,,,,,,,,,,,,,,,,,,,,,,
Contra filé grelhado(a)/brasa/churrasco,CARNE BOVINA,100,100,90,35,75,70,30,140,70,,,,,,,,,,,,,,,,,,,,,,,,,,,,,,,,,,,,,,,
Contra filé molho vermelho,CARNE BOVINA,100,100,90,35,75,70,30,140,70,,,,,,,,,,,,,,,,,,,,,,,,,,,,,,,,,,,,,,,
Contra filé orgânico assado(a),CARNE BOVINA,100,100,90,35,75,70,30,140,70,,,,,,,,,,,,,,,,,,,,,,,,,,,,,,,,,,,,,,,
Contra filé refogado(a),CARNE BOVINA,100,100,90,35,75,70,30,140,70,,,,,,,,,,,,,,,,,,,,,,,,,,,,,,,,,,,,,,,
Contrafilé (cru) - carne bovina,,100,100,90,35,75,70,30,140,70,,,,,,,,,,,,,,,,,,,,,,,,,,,,,,,,,,,,,,,
Contrafilé com gordura (cru) - carne bovina,,100,100,90,35,75,70,30,140,70,,,,,,,,,,,,,,,,,,,,,,,,,,,,,,,,,,,,,,,
Contrafilé com gordura(grelhado) - carne bovina,,100,100,90,35,75,70,30,140,70,,,,,,,,,,,,,,,,,,,,,,,,,,,,,,,,,,,,,,,
Contrafilé de costela (cru) -carne bovina,,100,100,90,35,75,70,30,140,70,,,,,,,,,,,,,,,,,,,,,,,,,,,,,,,,,,,,,,,
Contrafilé de costela(grelhado) - carne bovina,,100,100,90,35,75,70,30,140,70,,,,,,,,,,,,,,,,,,,,,,,,,,,,,,,,,,,,,,,
Contrafilé sem gordura (cru) -carne bovina,,100,100,90,35,75,70,30,140,70,,,,,,,,,,,,,,,,,,,,,,,,,,,,,,,,,,,,,,,
Contrafilé sem gordura(grelhado) - carne bovina,,100,100,90,35,75,70,30,140,70,,,,,,,,,,,,,,,,,,,,,,,,,,,,,,,,,,,,,,,
Cookies de baunilha comgotas de chocolate light - Good Pure®,,,,,,,,,,,,,,,,,,,,,,,,,,,,,,,,,,,,,,,,,,,,,,,,,
Cookies integrais comcastanha de caju -Vitao®,,,,,,,,,,,,,,,,,,,,,,,,,,,,,,,,,,,,,,,,,,,,,,,,,
Copa de porco defumada,OUTRAS CARNES,,100,90,35,75,70,30,140,70,,,,,,,,,,,,,,,,,,,,,,,,,,,,,,,,,,,,,,,
Coquetel de frutas,FRUTAS/SUCOS/VITAMINAS,,,,,,,,,,,,,,,,,,,,,,,,,,,,,,,,,,,,,,,,,,,,,,,,
"Coquetel, uva passa/avelã/castanha-do-pará/amendoim torrado, s/ casca, ""Oetker""",,,,,,,,,,,,,,,,,,,,,,,,,,,,,,,,,,,,,,,,,,,,,,,,,
Coração bovino (cru),,,,,,,,,,,,,,,,,,,,,,,,,,,,,,,,,,,,,,,,,,,,,,,,,
Coração bovino assado(a),VISCERAS,,,,,,,,,,,,,,,,,,,,,,,,,,,,,,,,,,,,,,,,,,,,,,,,
Coração bovino cozido(a),VISCERAS,,,,,,,,,,,,,,,,,,,,,,,,,,,,,,,,,,,,,,,,,,,,,,,,
Coração bovino frito(a),VISCERAS,,,,,,,,,,,,,,,,,,,,,,,,,,,,,,,,,,,,,,,,,,,,,,,,
Coração bovino grelhado(a)/brasa/churrasco,VISCERAS,,,,,,,,,,,,,,,,,,,,,,,,,,,,,,,,,,,,,,,,,,,,,,,,
Coração de frango (cru),,,,,,,,,,,,,,,,,,,,,,,,,,,,,,,,,,,,,,,,,,,,,,,,,
Coração de frango (grelhado),,,,,,,,,,,,,,,,,,,,,,,,,,,,,,,,,,,,,,,,,,,,,,,,,
Coração de frango assado(a),VISCERAS,,,,,,,,,,,,,,,,,,,,,,,,,,,,,,,,,,,,,,,,,,,,,,,,
Coração de frango cozido(a),VISCERAS,,,,,,,,,,,,,,,,,,,,,,,,,,,,,,,,,,,,,,,,,,,,,,,,
Coração de frango ensopado,VISCERAS,,,,,,,,,,,,,,,,,,,,,,,,,,,,,,,,,,,,,,,,,,,,,,,,
Coração de frango frito(a),VISCERAS,,,,,,,,,,,,,,,,,,,,,,,,,,,,,,,,,,,,,,,,,,,,,,,,
Coração de frango grelhado(a)/brasa/churrasco,VISCERAS,,,,,,,,,,,,,,,,,,,,,,,,,,,,,,,,,,,,,,,,,,,,,,,,
Cordon bleu de presunto equeijo congelado - Perdigão®,,,,,,,,,,,,,,,,,,,,,,,,,,,,,,,,,,,,,,,,,,,,,,,,,
"Corimba, cru",,,,,,,,,,,,,,,,,,,,,,,,,,,,,,,,,,,,,,,,,,,,,,,,,
"Corimbatá, assado",,,,,,,,,,,,,,,,,,,,,,,,,,,,,,,,,,,,,,,,,,,,,,,,,
"Corimbatá, cozido",,,,,,,,,,,,,,,,,,,,,,,,,,,,,,,,,,,,,,,,,,,,,,,,,
Corvina de água doce (crua),,,,,,,,,,,,,,,,,,,,,,,,,,,,,,,,,,,,,,,,,,,,,,,,,
"Corvina de água doce, crua",,,,,,,,,,,,,,,,,,,,,,,,,,,,,,,,,,,,,,,,,,,,,,,,,
Corvina do mar (crua),,,,,,,,,,,,,,,,,,,,,,,,,,,,,,,,,,,,,,,,,,,,,,,,,
"Corvina do mar, crua",,,,,,,,,,,,,,,,,,,,,,,,,,,,,,,,,,,,,,,,,,,,,,,,,
"Corvina grande, assada",,,,,,,,,,,,,,,,,,,,,,,,,,,,,,,,,,,,,,,,,,,,,,,,,
"Corvina grande, cozida",,,,,,,,,,,,,,,,,,,,,,,,,,,,,,,,,,,,,,,,,,,,,,,,,
Costela,CARNE BOVINA,,,90,35,75,70,30,140,70,,,,,,,,,,,,,,,,,,,,,,,,,,,,,,,,,,,,,,,
Costela (assada) - carnebovina,,,,90,35,75,70,30,140,70,,,,,,,,,,,,,,,,,,,,,,,,,,,,,,,,,,,,,,,
Costela (crua) - carne bovina,,,,90,35,75,70,30,140,70,,,,,,,,,,,,,,,,,,,,,,,,,,,,,,,,,,,,,,,
Costela bovina assado(a),CARNE BOVINA,,,90,35,75,70,30,140,70,,,,,,,,,,,,,,,,,,,,,,,,,,,,,,,,,,,,,,,
Costela bovina cozido(a),CARNE BOVINA,,,90,35,75,70,30,140,70,,,,,,,,,,,,,,,,,,,,,,,,,,,,,,,,,,,,,,,
Costela bovina ensopado,CARNE BOVINA,,,90,35,75,70,30,140,70,,,,,,,,,,,,,,,,,,,,,,,,,,,,,,,,,,,,,,,
Costela bovina refogado(a),CARNE BOVINA,,,90,35,75,70,30,140,70,,,,,,,,,,,,,,,,,,,,,,,,,,,,,,,,,,,,,,,
Costela de porco (assada),,,,90,35,75,70,30,140,70,,,,,,,,,,,,,,,,,,,,,,,,,,,,,,,,,,,,,,,
Costela de porco (crua),,,,90,35,75,70,30,140,70,,,,,,,,,,,,,,,,,,,,,,,,,,,,,,,,,,,,,,,
Costela de porco com chucrute,,,,90,35,75,70,30,140,70,,,,,,,,,,,,,,,,,,,,,,,,,,,,,,,,,,,,,,,
Costela suína,OUTRAS CARNES,,,90,35,75,70,30,140,70,,,,,,,,,,,,,,,,,,,,,,,,,,,,,,,,,,,,,,,
Costela suína assado(a),OUTRAS CARNES,,,90,35,75,70,30,140,70,,,,,,,,,,,,,,,,,,,,,,,,,,,,,,,,,,,,,,,
Costela suína cozido(a),OUTRAS CARNES,,,90,35,75,70,30,140,70,,,,,,,,,,,,,,,,,,,,,,,,,,,,,,,,,,,,,,,
Costela suína cru(a),OUTRAS CARNES,,,90,35,75,70,30,140,70,,,,,,,,,,,,,,,,,,,,,,,,,,,,,,,,,,,,,,,
Costela suína ensopado,OUTRAS CARNES,,,90,35,75,70,30,140,70,,,,,,,,,,,,,,,,,,,,,,,,,,,,,,,,,,,,,,,
Costela suína frito(a),OUTRAS CARNES,,,90,35,75,70,30,140,70,,,,,,,,,,,,,,,,,,,,,,,,,,,,,,,,,,,,,,,
Costela suína grelhado(a)/brasa/churrasco,OUTRAS CARNES,,,90,35,75,70,30,140,70,,,,,,,,,,,,,,,,,,,,,,,,,,,,,,,,,,,,,,,
Costela suína molho vermelho,OUTRAS CARNES,,,90,35,75,70,30,140,70,,,,,,,,,,,,,,,,,,,,,,,,,,,,,,,,,,,,,,,
Costela suína refogado(a),OUTRAS CARNES,,,90,35,75,70,30,140,70,,,,,,,,,,,,,,,,,,,,,,,,,,,,,,,,,,,,,,,
Couve,HORTALIÇAS,,,,,42,42,20,84,42,,,,,,,20,,,,,,,,,,,,,,,,,,,,25,,,,,,,,,,,,
Couve (talo),,,,,,,,,,,,,,,,,,,,,,,,,,,,,,,,,,,,,,,,,,,,,,,,,
Couve ao alho e oleo,HORTALIÇAS,,,,,42,42,20,84,42,,,,,,,20,,,,,,,,,,,,,,,,,,,,25,,,,,,,,,,,,
Couve ao vinagrete,HORTALIÇAS,,,,,42,42,20,84,42,,,,,,,20,,,,,,,,,,,,,,,,,,,,25,,,,,,,,,,,,
Couve com manteiga/oleo,HORTALIÇAS,,,,,42,42,20,84,42,,,,,,,20,,,,,,,,,,,,,,,,,,,,25,,,,,,,,,,,,
Couve cozido(a),HORTALIÇAS,,,,,42,42,20,84,42,,,,,,,20,,,,,,,,,,,,,,,,,,,,25,,,,,,,,,,,,
Couve cru(a),HORTALIÇAS,,,,,42,42,20,84,42,,,,,,,20,,,,,,,,,,,,,,,,,,,,25,,,,,,,,,,,,
Couve ensopado,HORTALIÇAS,,,,,42,42,20,84,42,,,,,,,20,,,,,,,,,,,,,,,,,,,,25,,,,,,,,,,,,
Couve flor,HORTALIÇAS,,,,60,69,50,25,100,50,,,,,,,25,,,,,,,,,,,,,60,30,,,,,,,,,,,,,,,,,,
Couve flor ao vinagrete,HORTALIÇAS,,,,60,69,50,25,100,50,,,,,,,25,,,,,,,,,,,,,60,30,,,,,,,,,,,,,,,,,,
Couve flor cozido(a),HORTALIÇAS,,,,60,69,50,25,100,50,,,,,,,25,,,,,,,,,,,,,60,30,,,,,,,,,,,,,,,,,,
Couve flor cru(a),HORTALIÇAS,,,,60,69,50,25,100,50,,,,,,,25,,,,,,,,,,,,,60,30,,,,,,,,,,,,,,,,,,
Couve flor empanado(a)/a milanesa,HORTALIÇAS,,,,60,69,50,25,100,50,,,,,,,25,,,,,,,,,,,,,60,30,,,,,,,,,,,,,,,,,,
Couve flor frito(a),HORTALIÇAS,,,,60,69,50,25,100,50,,,,,,,25,,,,,,,,,,,,,60,30,,,,,,,,,,,,,,,,,,
Couve flor refogado(a),HORTALIÇAS,,,,60,69,50,25,100,50,,,,,,,25,,,,,,,,,,,,,60,30,,,,,,,,,,,,,,,,,,
Couve frito(a),HORTALIÇAS,,,,,42,42,20,84,42,,,,,,,20,,,,,,,,,,,,,,,,,,,,,,,,,,,,,,,,
Couve mingau,SOPAS/CALDOS/MINGAUS,,,,,,,,,,,,,,,,,,,,,,,,,,,,,,,,,,,,,,,,,,,,,,,,
Couve molho vermelho,HORTALIÇAS,,,,,42,42,20,84,42,,,,,,,20,,,,,,,,,,,,,,,,,,,,,,,,,,,,,,,,
Couve refogado(a),HORTALIÇAS,,,,,42,42,20,84,42,,,,,,,20,,,,,,,,,,,,,,,,,,,,,,,,,,,,,,,,
"Couve, manteiga, crua",,,,,,42,42,20,84,42,,,,,,,20,,,,,,,,,,,,,,,,,,,,25,,,,,,,,,,,,
"Couve, manteiga, refogada ",,,,,,42,42,20,84,42,,,,,,,20,,,,,,,,,,,,,,,,,,,,25,,,,,,,,,,,,
Couve-de-bruxelas (crua),,,,,,,,,,,,,,,,,,,,,,,,,,,,,,,,,,,,,,,,,,,,,,,,,
Couve-flor (cozida),,,,,60,69,50,25,100,50,,,,,,,25,,,,,,,,,,,,,60,30,,,,,,,,,,,,,,,,,,
Couve-flor (talo),,,,,,,,,,,,,,,,,,,,,,,,,,,,,,,,,,,,,,,,,,,,,,,,,
Couve-flor {crua),,,,,60,69,50,25,100,50,,,,,,,25,,,,,,,,,,,,,60,30,,,,,,,,,,,,,,,,,,
Couve-flor congelada -Pratigel®,,,,,,,,,,,,,,,,,,,,,,,,,,,,,,,,,,,,,,,,,,,,,,,,,
Couve-flor florete congelada- Daucy®,,,,,,,,,,,,,,,,,,,,,,,,,,,,,,,,,,,,,,,,,,,,,,,,,
Couve-flor gratinada,,,,,,,,,,,,,,,,,,,,,,,,,,,,,,,,,,,,,,,,,,,,,,,,,
"Couve-flor, cozida",,,,,60,69,50,25,100,50,,,,,,,25,,,,,,,,,,,,,60,30,,,,,,,,,,,,,,,,,,
"Couve-flor, crua",,,,,60,69,50,25,100,50,,,,,,,25,,,,,,,,,,,,,60,30,,,,,,,,,,,,,,,,,,
Couve-manteiga (cozida),,,,,60,69,50,25,100,50,,,,,,,25,,,,,,,,,,,,,60,30,,,,,,,,,,,,,,,,,,
Couve-manteiga (crua),,,,,60,69,50,25,100,50,,,,,,,25,,,,,,,,,,,,,60,30,,,,,,,,,,,,,,,,,,
Couve-manteiga (refogada),,,,,60,69,50,25,100,50,,,,,,,25,,,,,,,,,,,,,60,30,,,,,,,,,,,,,,,,,,
Couve-manteiga congelada -Pratigel®,,,,,,,,,,,,,,,,,,,,,,,,,,,,,,,,,,,,,,,,,,,,,,,,,
Couve-manteiga fatiadacongelada - Super Chefe,,,,,,,,,,,,,,,,,,,,,,,,,,,,,,,,,,,,,,,,,,,,,,,,,
Coxa de frango (frita),,,,,,,,,,,,,,,,,,,,,,,,,,55,,,,,,,,,,,,,,,,,,,,,,,
Coxa de frango com pele(assada),,,,,,,,,,,,,,,,,,,,,,,,,,55,,,,,,,,,,,,,,,,,,,,,,,
Coxa de frango com pele(crua),,,,,,,,,,,,,,,,,,,,,,,,,,55,,,,,,,,,,,,,,,,,,,,,,,
Coxa de frango inteira (assada),,,,,,,,,,,,,,,,,,,,,,,,,,55,,,,,,,,,,,,,,,,,,,,,,,
Coxa de frango inteira (crua),,,,,,,,,,,,,,,,,,,,,,,,,,55,,,,,,,,,,,,,,,,,,,,,,,
Coxa de frango sem pele(assada),,,,,,,,,,,,,,,,,,,,,,,,,,55,,,,,,,,,,,,,,,,,,,,,,,
Coxa de frango sem pele(cozida),,,,,,,,,,,,,,,,,,,,,,,,,,55,,,,,,,,,,,,,,,,,,,,,,,
Coxa de frango sem pele(crua),,,,,,,,,,,,,,,,,,,,,,,,,,55,,,,,,,,,,,,,,,,,,,,,,,
Coxa de frango sem peletubelle light - Seara@,,,,,,,,,,,,,,,,,,,,,,,,,,55,,,,,,,,,,,,,,,,,,,,,,,
Coxa de peru cozida à rolêCalifórnia - Sadia®,,,,,,,,,,,,,,,,,,,,,,,,,,,,,,,,,,,,,,,,,,,,,,,,,
Coxa de peru sem pele (crua),,,,,,,,,,,,,,,,,,,,,,,,,,,,,,,,,,,,,,,,,,,,,,,,,
Coxa e sobrecoxa de frangosem pele e sem osso (crua),,,,,,,,,,,,,,,,,,,,,,,,,,55,,,,,,,,,,,,,,,,,,,,,,,
Coxão duro sem gordura (cru)- carne bovina,,100,100,90,35,75,70,30,140,70,,,,,,,,,,,,,,,,,,,,,,,,,,,,,,,,,,,,,,,
Coxão duro sem gordura(cozido) - carne bovina,,100,100,90,35,75,70,30,140,70,,,,,,,,,,,,,,,,,,,,,,,,,,,,,,,,,,,,,,,
Coxão mole sem gordura (cru)- carne bovina,,100,100,90,35,75,70,30,140,70,,,,,,,,,,,,,,,,,,,,,,,,,,,,,,,,,,,,,,,
Coxão mole sem gordura(cozido) - carne bovina,,100,100,90,35,75,70,30,140,70,,,,,,,,,,,,,,,,,,,,,,,,,,,,,,,,,,,,,,,
Coxinha,SALGADOS,,,,,,,,,,,,,,,,,,,,,,,,,,,,,,,,,,,,,,,,,,,,,,,,
Coxinha de frango (frita),,,,,,,,,,,,,,,,,,,,,,,,,,,,,,,,,,,,,,,,,,,,,,,,,
Coxinha de frango congelada- Perdigão®,,,,,,,,,,,,,,,,,,,,,,,,,,,,,,100,50,,,,,,,,,,,,,,,,,,
Coxinha de frango congelada- Sadia@,,,,,,,,,,,,,,,,,,,,,,,,,,,,,,160,,,,,,,,,,,,,,,,,,,
"Coxinha de frango, frita",,,,,,,,,,,,,,,,,,,,,,,,,,,,,,,,,,,,,,,,,,,,,,,,,
"Coxinha, frango, frita",,,,,,,,,,,,,,,,,,,,,,,,,,,,,,,,,,,,,,,,,,,,,,,,,
Cozido,,,,,,,,,,,,,,,,,,,,,,,,,,,,,,,,,,,,,,,,,,,,,,,,,
"Cranberry Lift Box, 100G, 20Sachês/5G",,,,,,,,,,,,,,,,,,,,,,,,,,,,,,,,,,,,,,,,,,,,,,,,,
Cravo da Índia,,,,,,,,,,,,,,,,,,,,,,,,,,,,,,,,,,,,,,,,,,,,,,,,,
"Crealift Lata, 300G",,,,,,,,,,,,,,,,,,,,,,,,,,,,,,,,,,,,,,,,,,,,,,,,,
Cream cheese (média de diferentes sabores),,,,,,,,,,,,,,,,,,,,,,,,,,,,,,,,,,,,,,,,,,,,,,,,,
Cream cheese light -Danúbio@,,,,,,,,,,,,,,,,,,,,,,,,,,,,,,,,,,,,,,,,,,,,,,,,,
"Cream cheese tradicional -Danúbio«,",,,,,,,,,,,,,,,,,,,,,,,,,,,,,,,,,,,,,,,,,,,,,,,,,
"Cream cheese, c/ ervas finas, ""Danúbio""",,,,,,,,,,,,,,,,,,,,,,,,,,,,,,,,,,,,,,,,,,,,,,,,,
"Cream cheese, light, ""Danúbio""",,,,,,,,,,,,,,,,,,,,,,,,,,,,,,,,,,,,,,,,,,,,,,,,,
"Cream cheese, tradicional, ""Danúbio""",,,,,,,,,,,,,,,,,,,,,,,,,,,,,,,,,,,,,,,,,,,,,,,,,
Creme de arroz,FARINHAS/FÉCULAS/MASSAS,,,,,,,,110,,,,,,,,,,,,,,115,,,,,,,,,,,,,,,,,,,,,,,,,,
Creme de arroz - Colombo®,,,,,,,,,110,,,,,,,,,,,,,,115,,,,,,,,,,,,,,,,,,,,,,,,,,
Creme de arroz (cozido),,,,,,,,,110,,,,,,,,,,,,,,115,,,,,,,,,,,,,,,,,,,,,,,,,,
"Creme de arroz, pó",,,,,,,,,110,,,,,,,,,,,,,,115,,,,,,,,,,,,,,,,,,,,,,,,,,
Creme de cebola (sopa desidratada),SOPAS/CALDOS/MINGAUS,,,,,,,,,,,,,,,,,,,,,,,,,,,,,,,,,,,,,,,,,,,,,,,,
Creme de cebola (sopa desidratada) light,SOPAS/CALDOS/MINGAUS,,,,,,,,,,,,,,,,,,,,,,,,,,,,,,,,,,,,,,,,,,,,,,,,
Creme de cupuaçu,,,,,,,,,,,,,,,,,,,,,,,,,,,,,,,,,,,,,,,,,,,,,,,,,
Creme de espinafre,,,,,,,,,,,,,,,,,,,,,,,,,,,,,,,,,,,,,,,,,,,,,,,,,
Creme de graviola,,,,,,,,,,,,,,,,,,,,,,,,,,,,,,,,,,,,,,,,,,,,,,,,,
Creme de legumes (sopa desidratada),SOPAS/CALDOS/MINGAUS,,,,,,,,,,,,,,,,,,,,,,,,,,,,,,,,,,,,,,,,,,,,,,,,
Creme de legumes (sopa desidratada) light,SOPAS/CALDOS/MINGAUS,,,,,,,,,,,,,,,,,,,,,,,,,,,,,,,,,,,,,,,,,,,,,,,,
Creme de leite (IBGE),AÇUCARES/CONFEITARIA,,,,,,,,,,,,,,,,,,,,,,,,,,,,,,,,,,,,,,,,,,,,,,,,
Creme de Leite (TACO),,,,,,,,,,,,,,,,,,,,,,,,,,,,,,,,,,,,,,,,,,,,,,,,,
Creme de leite - Itambé@,,,,,,,,,,,,,,,,,,,,,,,,,,,,,,,,,,,,,,,,,,,,,,,,,
Creme de leite - Nestlé®,,,,,,,,10,,,,,,,,,,,,,,,,,,,,,,,,,,,,,,,,,,,,,,,,,
Creme de leite (média de diferentes marcas),,,,,,,,,,,,,,,,,,,,,,,,,,,,,,,,,,,,,,,,,,,,,,,,,
Creme de leite fresco,,,,,,,,,,,,,,,,,,,,,,,,,,,,,,,,,,,,,,,,,,,,,,,,,
Creme de leite Glória -Quatá®,,,,,,,,,,,,,,,,,,,,,,,,,,,,,,,,,,,,,,,,,,,,,,,,,
Creme de leite light,AÇUCARES/CONFEITARIA,,,,,,,,,,,,,,,,,,,,,,,,,,,,,,,,,,,,,,,,,,,,,,,,
Creme de leite light - Nestlé®,,,,,,,,10,,,,,,,,,,,,,,,,,,,,,,,,,,,,,,,,,,,,,,,,,
Creme de leite orgânico,AÇUCARES/CONFEITARIA,,,,,,,,,,,,,,,,,,,,,,,,,,,,,,,,,,,,,,,,,,,,,,,,
Creme de milho (IBGE),FARINHAS/FÉCULAS/MASSAS,,,,,,,,110,,,,,,,,,,,,,,115,,,,,,,,,,,,,,,,,,,,,,,,,,
Creme de milho (Tucunduva),,,,,,,,,110,,,,,,,,,,,,,,115,,,,,,,,,,,,,,,,,,,,,,,,,,
"Creme de milho, pó (TACO)",,,,,,,,,110,,,,,,,,,,,,,,115,,,,,,,,,,,,,,,,,,,,,,,,,,
"Creme de milho, pó (TBCA)",,,,,,,,,110,,,,,,,,,,,,,,115,,,,,,,,,,,,,,,,,,,,,,,,,,
Creme de queijo,LATICINIOS,,,,,,,,,,,,,,,,,,,,,,,,,,,,,,,,,,,,,,,,,,,,,,,,
Creme vegetal com sal -Claybom®,,,,,,,,10,,,,,,,,,,,,,,,,,,,,,,,,,,,,,,,,,,,,,,,,,
Creme vegetal com sal eiogurte Yofresh - Doriana®,,,,,,,,10,,,,,,,,,,,,,,,,,,,,,,,,,,,,,,,,,,,,,,,,,
Creme vegetal com saloriginal - Bece10,,,,,,,,10,,,,,,,,,,,,,,,,,,,,,,,,,,,,,,,,,,,,,,,,,
Creme vegetal extracremosocom sal Doriana - Seara®,,,,,,,,10,,,,,,,,,,,,,,,,,,,,,,,,,,,,,,,,,,,,,,,,,
Creme vegetal extracremososem sal Doriana - Seara®,,,,,,,,10,,,,,,,,,,,,,,,,,,,,,,,,,,,,,,,,,,,,,,,,,
Creme vegetal Proactiv -Becel®,,,,,,,,10,,,,,,,,,,,,,,,,,,,,,,,,,,,,,,,,,,,,,,,,,
Creme vegetal sem sal original- Becel®,,,,,,,,10,,,,,,,,,,,,,,,,,,,,,,,,,,,,,,,,,,,,,,,,,
Creme vegetal Vital - DorianaVital®,,,,,,,,,,,,,,,,,,,,,,,,,,,,,,,,,,,,,,,,,,,,,,,,,
"Creme, chocolate branco, ""Danette""",,,,,,,,,,,,,,,,,,,,,,,,,,,,,,,,,,,,,,,,,,,,,,,,,
"Creme, chocolate, ""Danette""",,,,,,,,,,,,,,,,,,,,,,,,,,,,,,,,,,,,,,,,,,,,,,,,,
"Creme, de confeiteiro (pâtissiére)",,,,,,,,,,,,,,,,,,,,,,,,,,,,,,,,,,,,,,,,,,,,,,,,,
Cremogema,SOPAS/CALDOS/MINGAUS,,,,,,,,,,,,,,,,,,,,,,,,,,,,,,,,,,,,,,,,,,,,,,,,
Cremogema chocolate -Maizena0*,,,,,,,,,,,,,,,,,,,,,,,,,,,,,,,,,,,,,,,,,,,,,,,,,
Cremogema tradicional -Maizena0*,,,,,,,,,,,,,,,,,,,,,,,,,,,,,,,,,,,,,,,,,,,,,,,,,
Crepe,SALGADOS,,,,,,,,,,,,,,,,,,,,,,,,,,,,,,,,,,,,,,,,,,,,,,,,
Croissant (IBGE),FARINHAS/FÉCULAS/MASSAS,,,,,,,,,,,,,,,,,,,,,,,,,,,,,,,,,,,,,,,,,,,,,,,,
Croissant (Tucunduva),,,,,,,,,,,,,,,,,,,,,,,,,,,,,,,,,,,,,,,,,,,,,,,,,
Croissant de chocolate,,,,,,,,,,,,,,,,,,,,,,,,,,,,,,,,,,,,,,,,,,,,,,,,,
Croissant de queijo,,,,,,,,,,,,,,,,,,,,,,,,,,,,,,,,,,,,,,,,,,,,,,,,,
Croissant manteiga,,,,,,,,,,,,,,,,,,,,,,,,,,,,,,,,,,,,,,,,,,,,,,,,,
"Croissant, simples",,,,,,,,,,,,,,,,,,,,,,,,,,,,,,,,,,,,,,,,,,,,,,,,,
Croquete,FARINHAS/FÉCULAS/MASSAS,,,,,,,,,,,,,,,,,,,,,,,,,,,,,,,,,,,,,,,,,,,,,,,,
Croquete de miolo,,,,,,,,,,,,,,,,,,,,,,,,,,,,,,,,,,,,,,,,,,,,,,,,,
Croquete de ora-pro-nóbis,,,,,,,,,,,,,,,,,,,,,,,,,,,,,,,,,,,,,,,,,,,,,,,,,
"Croquete, boi, moída, crua, Bos taurus",,,,,,,,,,,,,,,,,,,,,,,,,,,,,,,,,,,,,,,,,,,,,,,,,
"Croquete, boi, moída, frita, c/ sal, Bos taurus",,,,,,,,,,,,,,,,,,,,,,,,,,,,,,,,,,,,,,,,,,,,,,,,,
"Croquete, de carne, cru",,,,,,,,,,,,,,,,,,,,,,,,,,,,,,,,,,,,,,,,,,,,,,,,,
"Croquete, de carne, frito",,,,,,,,,,,,,,,,,,,,,,,,,,,,,,,,,,,,,,,,,,,,,,,,,
Croquinhos de arroz,FARINHAS/FÉCULAS/MASSAS,,,,,,,,,,,,,,,,,,,,,,,,,,,,,,,,,,,,,,,,,,,,,,,,
Cruera,FARINHAS/FÉCULAS/MASSAS,,,,,,,,,,,,,,,,,,,,,,,,,,,,,,,,,,,,,,,,,,,,,,,,
"Crustáceo, camarão, s/ casca, cozido, s/ sal, Penaeus brasiliensis",,,,,,,,,,,,,,,,,,,,,,,,,,,,,,,,,,,,,,,,,,,,,,,,,
"Crustáceo, camarão, s/ casca, cru, Penaeus brasiliensis",,,,,,,,,,,,,,,,,,,,,,,,,,,,,,,,,,,,,,,,,,,,,,,,,
"Crustáceo, camarão, Sete Barbas, sem cabeça, com casca, frito, s/ sal",,,,,,,,,,,,,,,,,,,,,,,,,,,,,,,,,,,,,,,,,,,,,,,,,
"Crustáceo, caranguejo, cozido, s/ sal, Ucides cordatus",,,,,,,,,,,,,,,,,,,,,,,,,,,,,,,,,,,,,,,,,,,,,,,,,
"Crustáceo, caranguejo, cru, Ucides cordatus",,,,,,,,,,,,,,,,,,,,,,,,,,,,,,,,,,,,,,,,,,,,,,,,,
"Crustáceo, lagosta, cozido, s/ sal, Panulirus argus",,,,,,,,,,,,,,,,,,,,,,,,,,,,,,,,,,,,,,,,,,,,,,,,,
"Crustáceo, lagosta, cru, Panulirus argus",,,,,,,,,,,,,,,,,,,,,,,,,,,,,,,,,,,,,,,,,,,,,,,,,
"Crustáceo, siri, azul, cru, Callinectes bocourti",,,,,,,,,,,,,,,,,,,,,,,,,,,,,,,,,,,,,,,,,,,,,,,,,
Cubitan,,,,,,,,,,,,,,,,,,,,,,,,,,,,,,,,,,,,,,,,,,,,,,,,,
Cuca de qualquer tipo,AÇUCARES/CONFEITARIA,,,,,,,,,,,,,,,,,,,,,,,,,,,,,,,,,,,,,,,,,,,,,,,,
Cupim (cru) - carne bovina,,,,,,,,,,,,,,,,,,,,,,,,,,,,,,,,,,,,,,,,,,,,,,,,,
Cupim assado(a),CARNE BOVINA,100,100,90,35,75,70,30,140,70,,,,,,,,,,,,,,,,,,,,,,,,,,,,,,,,,,,,,,,
Cupim frito(a),CARNE BOVINA,100,100,90,35,75,70,30,140,70,,,,,,,,,,,,,,,,,,,,,,,,,,,,,,,,,,,,,,,
Cupim grelhado(a)/brasa/churrasco,CARNE BOVINA,100,100,90,35,75,70,30,140,70,,,,,,,,,,,,,,,,,,,,,,,,,,,,,,,,,,,,,,,
Cupuacu,FRUTAS/SUCOS/VITAMINAS,,,,,23,,,,,,,,,,,,,,,,,,,,,,,,,,,,,,,,,,,,,,,,,,,
Cupuaçu,,,,,,23,,,,,,,,,,,,,,,,,,,,,,,,,,,,,,,,,,,,,,,,,,,
"Cupuaçu, cru",,,,,,23,,,,,,,,,,,,,,,,,,,,,,,,,,,,,,,,,,,,,,,,,,,
"Cupuaçu, in natura, Theobroma grandiflorum (Willd. ex Sprengel) Schumann",,,,,,23,,,,,,,,,,,,,,,,,,,,,,,,,,,,,,,,,,,,,,,,,,,
"Cupuaçu, polpa, congelada (TACO)",,,,,,100,,,,,,,,,,,,,,,,,,,,,,,,,,,,,,,,,,,,,,,,,,,
"Cupuaçu, polpa, congelada (TBCA)",,,,,,100,,,,,,,,,,,,,,,,,,,,,,,,,,,,,,,,,,,,,,,,,,,
"Cupuaçu, polpa, congelada, suco preparado, c/ açúcar refinado",,,,,,100,,,,,,,,150,240,300,,,,,,,,,,,,,,,,,,,200,300,,,,,,,,,,,,,
"Cupuaçu, polpa, congelada, suco preparado, s/ açúcar",,,,,,100,,,,,,,,150,240,300,,,,,,,,,,,,,,,,,,,200,300,,,,,,,,,,,,,
Curau (IBGE),SOPAS/CALDOS/MINGAUS,,,,,,,,,,,,,,,,,,,,,,,,,,,,,,,,,,,,,,,,,,,,,,,,
Curau (Tucunduva),,,,,,,,,,,,,,,,,,,,,,,,,,,,,,,,,,,,,,,,,,,,,,,,,
"Curau, milho verde",,,,,,,,,,,,,,,,,,,,,,,,,,,,,,,,,,,,,,,,,,,,,,,,,
"Curau, milho verde, mistura para",,,,,,,,,,,,,,,,,,,,,,,,,,,,,,,,,,,,,,,,,,,,,,,,,
Cúrcuma,,,,,,,,,,,,,,,,,,,,,,,,,,,,,,,,,,,,,,,,,,,,,,,,,
Curry,,,,,,,,,,,,,,,,,,,,,,,,,,,,,,,,,,,,,,,,,,,,,,,,,
"Curry, pó, ""Kenko""",,,,,,,,,,,,,,,,,,,,,,,,,,,,,,,,,,,,,,,,,,,,,,,,,
Cuscuz,FARINHAS/FÉCULAS/MASSAS,,,,135,,24,12,48,,,,,,,,,,,,,,,,,,,,,,,,,,,,,,,,,,,,,,,,
Cuscuz com coco ralado,,,,,135,,24,12,48,,,,,,,,,,,,,,,,,,,,,,,,,,,,,,,,,,,,,,,,
Cuscuz com leite de coco equeijo,,,,,135,,24,12,48,,,,,,,,,,,,,,,,,,,,,,,,,,,,,,,,,,,,,,,,
"Cuscuz de milho, c/ sal, cozido",,,,,135,,24,12,48,,,,,,,,,,,,,,,,,,,,,,,,,,,,,,,,,,,,,,,,
Cuscuz de tapioca,FARINHAS/FÉCULAS/MASSAS,,,,135,,24,12,48,,,,,,,,,,,,,,,,,,,,,,,,,,,,,,,,,,,,,,,,
Cuscuz paulista (IBGE),FARINHAS/FÉCULAS/MASSAS,,,,135,,24,12,48,,,,,,,,,,,,,,,,,,,,,,,,,,,,,,,,,,,,,,,,
Cuscuz paulista (Tucunduva),,,,,135,,24,12,48,,,,,,,,,,,,,,,,,,,,,,,,,,,,,,,,,,,,,,,,
Cuscuz paulista (TBCA),,,,,135,,24,12,48,,,,,,,,,,,,,,,,,,,,,,,,,,,,,,,,,,,,,,,,
"Cuscuz, de milho, cozido com sal",,,,,135,,24,12,48,,,,,,,,,,,,,,,,,,,,,,,,,,,,,,,,,,,,,,,,
"Cuscuz, paulista",,,,,135,,24,12,48,,,,,,,,,,,,,,,,,,,,,,,,,,,,,,,,,,,,,,,,
Cuxa,CONDIMENTOS,,,,,,,,,,,,,,,,,,,,,,,,,,,,,,,,,,,,,,,,,,,,,,,,
"Cuxá, molho",,,,,,,,,,,,,,,,,,,,,,,,,,,,,,,,,,,,,,,,,,,,,,,,,
Dadinho®,,,,,,,,,,,,,,,,,,,,,,,,,,,,,,,,,,,,,,,,,,,,,,,,,
Damasco,,,,,,,,,,,,,,,,,,,,,,,,,,,,,,,,,,,,,,,,,,,,,,,,,
Damasco seco,,,,,,,,,,,,,,,,,,,,,,,,,,,,,,,,,,,,,,,,,,,,,,,,,
Damasco seco turco - Estrelado Oriente®,,,,,,,,,,,,,,,,,,,,,,,,,,,,,,,,,,,,,,,,,,,,,,,,,
Danette chocolate ao leite- Danone®,,,,,,,,,,,,,,,,,,,,,,,,,,,,,,,,,,,,,,,,,,,,,,,,,
Danette chocolate branco -Danone®,,,,,,,,,,,,,,,,,,,,,,,,,,,,,,,,,,,,,,,,,,,,,,,,,
Danette pudim,AÇUCARES/CONFEITARIA,,,,,,,,,,,,,,,,,,,,,,,,,,,,,,,,,,,,,,,,,,,,,,,,
Demerara,ADOÇANTES,,,,,,,,,,,,,,,,,,,,,,,,,,,,,,,,,,,,,,,,,,,,,,,,
Dextrose de milho -Dextrosol®,,,,,,,,,,,,,,,,,,,,,,,,,,,,,,,,,,,,,,,,,,,,,,,,,
"Dha Tg, 90Caps, 3Caps/4000Mg",,,,,,,,,,,,,,,,,,,,,,,,,,,,,,,,,,,,,,,,,,,,,,,,,
Diasip,,,,,,,,,,,,,,,,,,,,,,,,,,,,,,,,,,,,,,,,,,,,,,,,,
Diason Energy HP,,,,,,,,,,,,,,,,,,,,,,,,,,,,,,,,,,,,,,,,,,,,,,,,,
Diet shake,FRUTAS/SUCOS/VITAMINAS,,,,,,,,,,,,,,,,,,,,,,,,,,,,,,,,,,,,,,,,,,,,,,,,
Diet Shake® tradicionalmorango,,,,,,,,,,,,,,,,,,,,,,,,,,,,,,,,,,,,,,,,,,,,,,,,,
Dobradinha (TACO),,,,,,,,,,,,,,,,,,,,,,,,,,,,,,,,,,,,,,,,,,,,,,,,,
Dobradinha (Tucunduva),,,,,,,,,,,,,,,,,,,,,,,,,,,,,,,,,,,,,,,,,,,,,,,,,
Dobradinha fresca,SOPAS/CALDOS/MINGAUS,,,,,,,,,,,,,,,,,,,,,,,,,,,,,,,,,,,,,,,,,,,,,,,,
Dobradinha fresca assado(a),SOPAS/CALDOS/MINGAUS,,,,,,,,,,,,,,,,,,,,,,,,,,,,,,,,,,,,,,,,,,,,,,,,
Dobradinha fresca cozido(a),SOPAS/CALDOS/MINGAUS,,,,,,,,,,,,,,,,,,,,,,,,,,,,,,,,,,,,,,,,,,,,,,,,
Dobradinha fresca ensopado,SOPAS/CALDOS/MINGAUS,,,,,,,,,,,,,,,,,,,,,,,,,,,,,,,,,,,,,,,,,,,,,,,,
Dobradinha fresca molho vermelho,SOPAS/CALDOS/MINGAUS,,,,,,,,,,,,,,,,,,,,,,,,,,,,,,,,,,,,,,,,,,,,,,,,
"Dobradinha, c/ feijão branco e tripa (bucho) de boi, c/ sal, c/ temperos, c/ sal",,,,,,,,,,,,,,,,,,,,,,,,,,,,,,,,,,,,,,,,,,,,,,,,,
Doce a base de leite,AÇUCARES/CONFEITARIA,,,,,,,,,,,,,,,,,,,,,,,,,,,,,,,,,,,,,,,,,,,,,,,,
Doce a base de leite diet,AÇUCARES/CONFEITARIA,,,,,,,,,,,,,,,,,,,,,,,,,,,,,,,,,,,,,,,,,,,,,,,,
Doce a base de ovos,AÇUCARES/CONFEITARIA,,,,,,,,,,,,,,,,,,,,,,,,,,,,,,,,,,,,,,,,,,,,,,,,
Doce de abóbora,,,,,,,,,,,,,,,,,,,,,,,,,,,,,,,,,,,,,,,,,,,,,,,,,
Doce de abóbora com coco,,,,,,,,,,,,,,,,,,,,,,,,,,,,,,,,,,,,,,,,,,,,,,,,,
Doce de amendoim (IBGE),AÇUCARES/CONFEITARIA,,,,,,,,,,,,,,,,,,,,,,,,,,,,,,,,,,,,,,,,,,,,,,,,
Doce de amendoim (Tucunduva),,,,,,,,,,,,,,,,,,,,,,,,,,,,,,,,,,,,,,,,,,,,,,,,,
Doce de amendoim diet,AÇUCARES/CONFEITARIA,,,,,,,,,,,,,,,,,,,,,,,,,,,,,,,,,,,,,,,,,,,,,,,,
Doce de batata-doce,,,,,,,,,,,,,,,,,,,,,,,,,,,,,,,,,,,,,,,,,,,,,,,,,
Doce de buriti,,,,,,,,,,,,,,,,,,,,,,,,,,,,,,,,,,,,,,,,,,,,,,,,,
Doce de casca de jabuticaba,,,,,,,,,,,,,,,,,,,,,,,,,,,,,,,,,,,,,,,,,,,,,,,,,
Doce de cupuaçu,,,,,,,,,,,,,,,,,,,,,,,,,,,,,,,,,,,,,,,,,,,,,,,,,
Doce de frutas cristalizadasindustrializado,,,,,,,,,,,,,,,,,,,,,,,,,,,,,,,,,,,,,,,,,,,,,,,,,
Doce de frutas cristalizado de qualquer sabor,AÇUCARES/CONFEITARIA,,,,,,,,,,,,,,,,,,,,,,,,,,,,,,,,,,,,,,,,,,,,,,,,
Doce de frutas cristalizado de qualquer sabor diet,AÇUCARES/CONFEITARIA,,,,,,,,,,,,,,,,,,,,,,,,,,,,,,,,,,,,,,,,,,,,,,,,
Doce de frutas diet,AÇUCARES/CONFEITARIA,,,,,,,,,,,,,,,,,,,,,,,,,,,,,,,,,,,,,,,,,,,,,,,,
Doce de frutas em barra ou pasta light,AÇUCARES/CONFEITARIA,,,,,,,,,,,,,,,,,,,,,,,,,,,,,,,,,,,,,,,,,,,,,,,,
Doce de frutas em calda de qualquer sabor,AÇUCARES/CONFEITARIA,,,,,,,,,,,,,,,,,,,,,,,,,,,,,,,,,,,,,,,,,,,,,,,,
Doce de frutas em pasta de qualquer sabor,AÇUCARES/CONFEITARIA,,,,,,,,,,,,,,,,,,,,,,,,,,,,,,,,,,,,,,,,,,,,,,,,
Doce de frutas em pasta light,AÇUCARES/CONFEITARIA,,,,,,,,,,,,,,,,,,,,,,,,,,,,,,,,,,,,,,,,,,,,,,,,
Doce de guapeva,,,,,,,,,,,,,,,,,,,,,,,,,,,,,,,,,,,,,,,,,,,,,,,,,
Doce de guariroba,,,,,,,,,,,,,,,,,,,,,,,,,,,,,,,,,,,,,,,,,,,,,,,,,
Doce de jambo,,,,,,,,,,,,,,,,,,,,,,,,,,,,,,,,,,,,,,,,,,,,,,,,,
Doce de leite cremoso - MoçaNestlé®,,,,,,,,10,,,,,,,,,,,,,,,,,,,,,,,,,,,,,,,,,,,,,,,,,
Doce de leite diet,AÇUCARES/CONFEITARIA,,,,,,,,,,,,,,,,,,,,,,,,,,,,,,,,,,,,,,,,,,,,,,,,
Doce de leite light,AÇUCARES/CONFEITARIA,,,,,,,,,,,,,,,,,,,,,,,,,,,,,,,,,,,,,,,,,,,,,,,,
Doce de mamão,,,,,,,,,,,,,,,,,,,,,,,,,,,,,,,,,,,,,,,,,,,,,,,,,
Doce de murici,,,,,,,,,,,,,,,,,,,,,,,,,,,,,,,,,,,,,,,,,,,,,,,,,
"Doce, abóbora, cremoso",,,,,,,,,,,,,,,,,,,,,,,,,,,,,,,,,,,,,,,,,,,,,,,,,
"Doce, de abóbora, cremoso",,,,,,,,,,,,,,,,,,,,,,,,,,,,,,,,,,,,,,,,,,,,,,,,,
"Doce, de leite, cremoso",,,,,,,,,,,,,,,,,,,,,,,,,,,,,,,,,,,,,,,,,,,,,,,,,
"Doce, leite, cremoso, (média diferentes amostras)",,,,,,,,,,,,,,,,,,,,,,,,,,,,,,,,,,,,,,,,,,,,,,,,,
"Doce, leite, lata, ""Moça""",,,,,,,,,,,,,,,,,,,,,,,,,,,,,,,,,,,,,,,,,,,,,,,,,
Donuts de chocolatecongelado - Melhor Bocado®,,,,,,,,,,,,,,,,,,,,,,,,,,,,,,,,,,,,,,,,,,,,,,,,,
Donuts de creme congelado - Melhor Bocado®,,,,,,,,,,,,,,,,,,,,,,,,,,,,,,,,,,,,,,,,,,,,,,,,,
Donuts de doce de leitecongelado - Melhor Bocado®,,,,,,,,,,,,,,,,,,,,,,,,,,,,,,,,,,,,,,,,,,,,,,,,,
Doritos original Elma Chips -Pepsico®,,,,,,,,,,,,,,,,,,,,,,,,,,,,,,84,55,,,,,,,,,,,,,,,,,,
Doritos queijo nacho ElmaChips - Pepsico®,,,,,,,,,,,,,,,,,,,,,,,,,,,,,,84,55,,,,,,,,,,,,,,,,,,
"Dourada de água doce, fresca",,,,,,,,,,,,,,,,,,,,,,,,,,,,,,,,,,,,,,,,,,,,,,,,,
"D-Ribose Box, 150G, 30Sachês/5G",,,,,,,,,,,,,,,,,,,,,,,,,,,,,,,,,,,,,,,,,,,,,,,,,
"D-Ribose Lata, 300G, 60Doses",,,,,,,,,,,,,,,,,,,,,,,,,,,,,,,,,,,,,,,,,,,,,,,,,
Drink dreher,BEBIDAS ALCOOLICAS,,,,,,,,,,,,,,,,,,,,,,,,,,,,,,,,,,,,,,,,,,,,,,,,
Drops,,,,,,,,,,,,,,,,,,,,,,,,,,,,,,,,,,,,,,,,,,,,,,,,,
Drops de laranja Vita C -Adarns®,,,,,,,,,,,,,,,,,,,,,,,,,,,,,,,,,,,,,,,,,,,,,,,,,
Drumete de galinha ou frango assado(a),AVES,100,100,,55,100,40,20,80,,,,,,,,,,,,,,,40,180,55,65,60,10,,,,,,,,,,,,,,,,,,,,
Drumete de galinha ou frango cozido(a),AVES,100,100,,55,100,40,20,80,,,,,,,,,,,,,,,40,180,55,65,60,10,,,,,,,,,,,,,,,,,,,,
Drumete de galinha ou frango frito(a),AVES,100,100,,55,100,40,20,80,,,,,,,,,,,,,,,40,180,55,65,60,10,,,,,,,,,,,,,,,,,,,,
Drumete de galinha ou frango grelhado(a)/brasa/churrasco,AVES,100,100,,55,100,40,20,80,,,,,,,,,,,,,,,40,180,55,65,60,10,,,,,,,,,,,,,,,,,,,,
Drumete de galinha ou frango molho vermelho,AVES,100,100,,55,100,40,20,80,,,,,,,,,,,,,,,40,180,55,65,60,10,,,,,,,,,,,,,,,,,,,,
Drumete de galinha ou frango refogado(a),AVES,100,100,,55,100,40,20,80,,,,,,,,,,,,,,,40,180,55,65,60,10,,,,,,,,,,,,,,,,,,,,
Eggsburguer,LANCHES,,,,,,,,,,,,,,,,,,,,,,,,,,,,,,,,,,,,,,,,,,,,,,,,
"eite, vaca, integral, pó, enriquecido",,,,,,,,,,,,,,,,,,,,,,,,,,,,,,,,,,,,,,,,,,,,,,,,,
"Empada (queijo, carne, camarão, etc)",SALGADOS,,,,,,,,,,,,,,,,,,,,,,,,,,,,,,,,,,,,,,,,,,,,,,,,
"Empada de frango, pré-cozida, assada",,,,,,,,,,,,,,,,,,,,,,,,,,,,,,,,,,,,,,,,,,,,,,,,,
"Empada, de frango, pré-cozida",,,,,,,,,,,,,,,,,,,,,,,,,,,,,,,,,,,,,,,,,,,,,,,,,
"Empada, frango, pré-cozida, assada, s/ sal",,,,,,,,,,,,,,,,,,,,,,,,,,,,,,,,,,,,,,,,,,,,,,,,,
"Empada, frango, pré-cozida, s/ sal",,,,,,,,,,,,,,,,,,,,,,,,,,,,,,,,,,,,,,,,,,,,,,,,,
"Empadão (queijo, frango, camarão, palmito, etc)",SALGADOS,,,,,,,,,,,,,,,,,,,,,,,,,,,,,,,,,,,,,,,,,,,,,,,,
Empadão de palmito,,,,,,,,,,,,,,,,,,,,,,,,,,,,,,,,,,,,,,,,,,,,,,,,,
Empadão goiano,,,,,,,,,,,,,,,,,,,,,,,,,,,,,,,,,,,,,,,,,,,,,,,,,
Empadinha de camarão,,,,,,,,,,,,,,,,,,,,,,,,,,,,,,,,,,,,,,,,,,,,,,,,,
Empadinha de frangocongelada - Forno de Minas®,,,,,,,,,,,,,,,,,,,,,,,,,,,,,,,,,,,,,,,,,,,,,,,,,
Empadinha de palmito,,,,,,,,,,,,,,,,,,,,,,,,,,,,,,,,,,,,,,,,,,,,,,,,,
Empanado de frango àmilanesa recheado de palmito congelado - Sadia®,,,,,,100,,,,,,,,,,,,,,,,,,,,,,,,,,,,,,,,,,,,,,,,,,,
Empanado de frango àmilanesa recheado de queijo e espinafre congelado - Sadia®,,,,,,100,,,,,,,,,,,,,,,,,,,,,,,,,,,,,,,,,,,,,,,,,,,
Empanado de frango àmilanesa recheado de queijo e presunto congelado - Sadia®,,,,,,100,,,,,,,,,,,,,,,,,,,,,,,,,,,,,,,,,,,,,,,,,,,
Empanado de frango comrecheio de presunto e queijo congelado Cordon Bleu -,,,,,,100,,,,,,,,,,,,,,,,,,,,,,,,,,,,,,,,,,,,,,,,,,,
Empanados de frangotradicional Nuggets - Sadia®,,,,,,100,,,,,,,,,,,,,,,,,,,,,,,,,,,,,,,,,,,,,,,,,,,
"Empanados, frango, cru, crocante, ""Sadia""",,,,,,100,,,,,,,,,,,,,,,,,,,,,,,,,,,,,,,,,,,,,,,,,,,
Endívia,,,,,,,,,,,,,,,,,,,,,,,,,,,,,,,,,,,,,,,,,,,,,,,,,
Endro fresco,,,,,,,,,,,,,,,,,,,,,,,,,,,,,,,,,,,,,,,,,,,,,,,,,
Endro seco,,,,,,,,,,,,,,,,,,,,,,,,,,,,,,,,,,,,,,,,,,,,,,,,,
Enfamil A.R. Premium-MeadJohnson®,,,,,,,,,,,,,,,,,,,,,,,,,,,,,,,,,,,,,,,,,,,,,,,,,
Enfamil H.A. - MeadJohnson®,,,,,,,,,,,,,,,,,,,,,,,,,,,,,,,,,,,,,,,,,,,,,,,,,
Enfamil Premium 1 - MeadJohnson®,,,,,,,,,,,,,,,,,,,,,,,,,,,,,,,,,,,,,,,,,,,,,,,,,
Enfamil Premium 2 - MeadJohnson®,,,,,,,,,,,,,,,,,,,,,,,,,,,,,,,,,,,,,,,,,,,,,,,,,
Enfamil ProSobree Premium - Mead Johnson®,,,,,,,,,,,,,,,,,,,,,,,,,,,,,,,,,,,,,,,,,,,,,,,,,
Enfamil Sem lactose Premium- Mead Johnson®,,,,,,,,,,,,,,,,,,,,,,,,,,,,,,,,,,,,,,,,,,,,,,,,,
Enroladinho,SALGADOS,,,,,,,,,,,,,,,,,,,,,,,,,,,,,,,,,,,,,,,,,,,,,,,,
Erva cidreira (folha),,,,,,,,,,,,,,,,,,,,,,,,,,,,,,,,,,,,,,,,,,,,,,,,,
Erva cidreira (talo),,,,,,,,,,,,,,,,,,,,,,,,,,,,,,,,,,,,,,,,,,,,,,,,,
Erva doce,BEBIDAS QUENTES,,,,,,,,,,,,,150,240,300,,,,,,,200,,,,,,,,,,,,200,300,,,,,,,,,,,,,
Erva doce seca,,,,,,,,,,,,,,150,240,300,,,,,,,200,,,,,,,,,,,,200,300,,,,,,,,,,,,,
Erva mate,ERVAS,,,,,,,,,,,,,,,,,,,,,,,,,,,,,,,,,,,,,,,,,,,,,,,,
Ervilha congelada - Boduelle®,,,,,,,,,,,,,,,,,,,,,,,,,,,,,,,,,,,,,,,,,,,,,,,,,
Ervilha em conserva,CONSERVAS,,,,,,,,,,,,,,,,,,,,,,,,,,,,,,,,,,,,,,,,,,,,,,,,
Ervilha em conserva -Jurema®,,,,,,,,,,,,,,,,,,,,,,,,,,,,,,,,,,,,,,,,,,,,,,,,,
Ervilha em grão,LEGUMINOSAS,,,,,44,,30,,,,,,,,,,,,,,,,,,,,,,,,,,,,,,,,,,,,,,,,,
Ervilha em vagem cozido(a),LEGUMINOSAS,,,,,44,,30,,,,,,,,,,,,,,,,,,,,,,,,,,,,,,,,,,,,,,,,,
Ervilha em vagem refogado(a),LEGUMINOSAS,,,,,44,,30,,,,,,,,,,,,,,,,,,,,,,,,,,,,,,,,,,,,,,,,,
Ervilha fina congelada -Daucy®,,,,,,,,,,,,,,,,,,,,,,,,,,,,,,,,,,,,,,,,,,,,,,,,,
Ervilha fresca,,,,,,44,,30,,,,,,,,,,,,,,,,,,,,,,,,,,,,,,,,,,,,,,,,,
Ervilha seca,,,,,,44,,30,,,,,,,,,,,,,,,,,,,,,,,,,,,,,,,,,,,,,,,,,
Ervilha seca - Supergrão®,,,,,,44,,30,,,,,,,,,,,,,,,,,,,,,,,,,,,,,,,,,,,,,,,,,
Ervilha seca (cozida),,,,,,44,,30,,,,,,,,,,,,,,,,,,,,,,,,,,,,,,,,,,,,,,,,,
Ervilha torta fresca,,,,,,44,,30,,,,,,,,,,,,,,,,,,,,,,,,,,,,,,,,,,,,,,,,,
"Ervilha, conserva, drenada, ""Jurema"" , Pisum sativum L.",,,,,,,,,,,,,,,,,,,,,,,,,,,,,,,,,,,,,,,,,,,,,,,,,
"Ervilha, em vagem",,,,,,44,,30,,,,,,,,,,,,,,,,,,,,,,,,,,,,,,,,,,,,,,,,,
"Ervilha, em vagem, fresca, cozida, drenada, c/ sal, Pisum sativum L.",,,,,,44,,30,,,,,,,,,,,,,,,,,,,,,,,,,,,,,,,,,,,,,,,,,
"Ervilha, em vagem, fresca, cozida, drenada, s/ sal, Pisum sativum L.",,,,,,44,,30,,,,,,,,,,,,,,,,,,,,,,,,,,,,,,,,,,,,,,,,,
"Ervilha, em vagem, fresca, crua, Pisum sativum L.",,,,,,44,,30,,,,,,,,,,,,,,,,,,,,,,,,,,,,,,,,,,,,,,,,,
"Ervilha, em vagem, refogada, c/ sal",,,,,,44,,30,,,,,,,,,,,,,,,,,,,,,,,,,,,,,,,,,,,,,,,,,
"Ervilha, em vagem, refogada, s/ sal",,,,,,44,,30,,,,,,,,,,,,,,,,,,,,,,,,,,,,,,,,,,,,,,,,,
"Ervilha, enlatada, drenada",,,,,,44,,30,,,,,,,,,,,,,,,,,,,,,,,,,,,,,,,,,,,,,,,,,
"Ervilha, enlatada, drenada, Pisum sativum L.",,,,,,44,,30,,,,,,,,,,,,,,,,,,,,,,,,,,,,,,,,,,,,,,,,,
"Ervilha, fresca/seca, cozida, Pisum sativum L.",,,,,,44,,30,,,,,,,,,,,,,,,,,,,,,,,,,,,,,,,,,,,,,,,,,
"Ervilha, grão, fresca, cozida, drenada, c/ sal, Pisum sativum L.",,,,,,44,,30,,,,,,,,,,,,,,,,,,,,,,,,,,,,,,,,,,,,,,,,,
"Ervilha, grão, fresca, cozida, drenada, s/ sal, Pisum sativum L.",,,,,,44,,30,,,,,,,,,,,,,,,,,,,,,,,,,,,,,,,,,,,,,,,,,
"Ervilha, grão, fresca, crua, Pisum sativum L.",,,,,,44,,30,,,,,,,,,,,,,,,,,,,,,,,,,,,,,,,,,,,,,,,,,
"Ervilha, grão, seca, partida, cozida, drenada, c/ sal, Pisum sativum L.",,,,,,44,,30,,,,,,,,,,,,,,,,,,,,,,,,,,,,,,,,,,,,,,,,,
"Ervilha, grão, seca, partida, cozida, drenada, s/ sal, Pisum sativum L.",,,,,,44,,30,,,,,,,,,,,,,,,,,,,,,,,,,,,,,,,,,,,,,,,,,
"Ervilha, grão, seca, partida, crua, Pisum sativum L.",,,,,,44,,30,,,,,,,,,,,,,,,,,,,,,,,,,,,,,,,,,,,,,,,,,
Escarola (IBGE),HORTALIÇAS,,,,,27,,45,,,,,,,,,13,,,,,,,,,,,,,,,,,,,,12,,,,,,,,,,,,
Escarola (Tucunduva),,,,,,27,,45,,,,,,,,,13,,,,,,,,,,,,,,,,,,,,12,,,,,,,,,,,,
Escarola (refogada),,,,,,27,,45,,,,,,,,,13,,,,,,,,,,,,,,,,,,,,12,,,,,,,,,,,,
Esfiha de carne,,,,,,,,,,,,,,,,,,,,,,,,,,,,,,,,,,,,,,,,,,,,,,,,,
Esfiha de carne abertacongelada - Liban®,,,,,,,,,,,,,,,,,,,,,,,,,,,,,,,,,,,,,,,,,,,,,,,,,
Esfiha de queijo,,,,,,,,,,,,,,,,,,,,,,,,,,,,,,,,,,,,,,,,,,,,,,,,,
Esfirra,SALGADOS,,,,,,,,,,,,,,,,,,,,,,,,,,,,,,,,,,,,,,,,,,,,,,,,
Esfirra de carne,SALGADOS,,,,,70,,,,,,,,,,,,,,,,,,,,,,,,,,,,,,,,,,,,,,,,,,,
Esfirra de frango,SALGADOS,,,,,70,,,,,,,,,,,,,,,,,,,,,,,,,,,,,,,,,,,,,,,,,,,
Esfirra de queijo,SALGADOS,,,,,70,,,,,,,,,,,,,,,,,,,,,,,,,,,,,,,,,,,,,,,,,,,
Esfirra de ricota,SALGADOS,,,,,70,,,,,,,,,,,,,,,,,,,,,,,,,,,,,,,,,,,,,,,,,,,
Espetinho de carne bovinacom cebola e tomate,,,,,,,,,,,,,,,,,,,,,,,,,,,,,,,,,,,,,,,,,,,,,,,,,
Espinafre,HORTALIÇAS,,,,,67,50,25,,,,,,,,,,,,,,,,,,,,,,,,,,,,,,,,,,,,,,,,,
Espinafre (cozido),,,,,,67,50,25,,,,,,,,,,,,,,,,,,,,,,,,,,,,,,,,,,,,,,,,,
Espinafre (cru),,,,,,67,50,25,,,,,,,,,,,,,,,,,,,,,,,,,,,,,,,,,,,,,,,,,
Espinafre (talo),,,,,,,,,,,,,,,,,,,,,,,,,,,,,,,,,,,,,,,,,,,,,,,,,
Espinafre ao vinagrete,HORTALIÇAS,,,,,67,50,25,,,,,,,,,,,,,,,,,,,,,,,,,,,,,,,,,,,,,,,,,
Espinafre cozido(a),HORTALIÇAS,,,,,67,50,25,,,,,,,,,,,,,,,,,,,,,,,,,,,,,,,,,,,,,,,,,
Espinafre cru(a),HORTALIÇAS,,,,,67,50,25,,,,,,,,,,,,,,,,,,,,,,,,,,,,,,,,,,,,,,,,,
Espinafre picado congelado -Daucy®,,,,,,67,50,25,,,,,,,,,,,,,,,,,,,,,,,,,,,,,,,,,,,,,,,,,
Espinafre refogado(a),HORTALIÇAS,,,,,67,50,25,,,,,,,,,,,,,,,,,,,,,,,,,,,,,,,,,,,,,,,,,
"Espinafre, Nova Zelândia, cru",,,,,,67,50,25,,,,,,,,,,,,,,,,,,,,,,,,,,,,,,,,,,,,,,,,,
"Espinafre, Nova Zelândia, refogado",,,,,,67,50,25,,,,,,,,,,,,,,,,,,,,,,,,,,,,,,,,,,,,,,,,,
"Espresso Whey Box, 14Uni/33G",,,,,,,,,,,,,,,,,,,,,,,,,,,,,,,,,,,,,,,,,,,,,,,,,
"Espresso Whey Lata, 462G, 14Doses",,,,,,,,,,,,,,,,,,,,,,,,,,,,,,,,,,,,,,,,,,,,,,,,,
"Espresso Whey Sachê, 1Uni/33G",,,,,,,,,,,,,,,,,,,,,,,,,,,,,,,,,,,,,,,,,,,,,,,,,
Estragão,,,,,,,,,,,,,,,,,,,,,,,,,,,,,,,,,,,,,,,,,,,,,,,,,
Estrogonofe de carne,,,,,,,,,,,,,,,,,,,,,,,,,,,,,,,,,,,,,,,,,,,,,,,,,
Estrogonofe de carne bovinamolho champignon - Swift Premium®,,,,,,,,,,,,,,,,,,,,,,,,,,,,,,,,,,,,,,,,,,,,,,,,,
Estrogonofe de carnecongelado - Perdigão®,,,,,,,,,,,,,,,,,,,,,,,,,,,,,,,,,,,,,,,,,,,,,,,,,
Estrogonofe de filé mignon,,,,,,,,,,,,,,,,,,,,,,,,,,,,,,,,,,,,,,,,,,,,,,,,,
Estrogonofe de frango,,,,,,,,,,,,,,,,,,,,,,,,,,,,,,,,,,,,,,,,,,,,,,,,,
Estrogonofe de frangocongelado - Sadia®,,,,,,,,,,,,,,,,,,,,,,,,,,,,,,,,,,,,,,,,,,,,,,,,,
Estrogonofe de frangocongelado - Seara®,,,,,,,,,,,,,,,,,,,,,,,,,,,,,,,,,,,,,,,,,,,,,,,,,
"Estrogonoffe, carne, c/ temperos, c/ sal",,,,,,,,,,,,,,,,,,,,,,,,,,,,,,,,,,,,,,,,,,,,,,,,,
"Estrogonoffe, frango, c/ temperos, c/ sal",,,,,,,,,,,,,,,,,,,,,,,,,,,,,,,,,,,,,,,,,,,,,,,,,
Estrudel de maçã,,,,,,,,,,,,,,,,,,,,,,,,,,,,,,,,,,,,,,,,,,,,,,,,,
Extrato de tomate Elefante -Cica®,,,,,,,,,,,,,,,,,,,,,,,,,,,,,,,,,,,,,,,,,,,,,,,,,
Fandangos de presunto ElmaChips - Pepsico®,,,,,,,,,,,,,,,,,,,,,,,,,,,,,,140,45,,,,,,,,,,,,,,,,,,
Fandangos de queijo ElmaChips - Pepsico®,,,,,,,,,,,,,,,,,,,,,,,,,,,,,,140,45,,,,,,,,,,,,,,,,,,
Fanta laranja - Coca-Cola®,,,,,,,,,,,,,,,,,,,,,,,,,,,,,,,,,,,,,,,,,,,,,,,,,
Fanta laranja light,BEBIDAS INDUSTRIALIZADAS,,,,,,,,,,,,,,,,,,,,,,,,,,,,,,,,,,,,,,,,,,,,,,,,
Fanta laranja tradicional,BEBIDAS INDUSTRIALIZADAS,,,,,,,,,,,,,,,,,,,,,,,,,,,,,,,,,,,,,,,,,,,,,,,,
Fanta uva light,BEBIDAS INDUSTRIALIZADAS,,,,,,,,,,,,,,,,,,,,,,,,,,,,,,,,,,,,,,,,,,,,,,,,
Fanta uva tradicional,BEBIDAS INDUSTRIALIZADAS,,,,,,,,,,,,,,,,,,,,,,,,,,,,,,,,,,,,,,,,,,,,,,,,
Farelo de aveia Oat Bran -Quaker®,,,,,,38,36,18,,,4,2,8,,,,,,,,,,,,,,,,,,,,,,,,,,,,,,,,,,,,
Farelo de trigo,,,,,,,,,,,,,,,,,,,,,,,,,,,,,,,,,,,,,,,,,,,,,,,,,
Farinha beiju,FARINHAS/FÉCULAS/MASSAS,,,,,38,36,12,,,4,2,8,,,,,,,,,,,,,,,,,,,,,,,,,,,,,,,,,,,,
Farinha de água,FARINHAS/FÉCULAS/MASSAS,,,,,38,36,18,,,4,2,8,,,,,,,,,,,,,,,,,,,,,,,,,,,,,,,,,,,,
Farinha de arroz - Mococa®,,,,,,38,36,18,,,4,2,8,,,,,,,,,,,,,,,,,,,,,,,,,,,,,,,,,,,,
Farinha de arroz tradicionalArrozina - Maizena®,,,,,,38,36,18,,,4,2,8,,,,,,,,,,,,,,,,,,,,,,,,,,,,,,,,,,,,
Farinha de aveia,CEREAIS,,,,,38,36,18,,,4,2,8,,,,,,,,,,,,,,,,,,,,,,,,,,,,,,,,,,,,
Farinha de aveia - Ferla®,,,,,,38,36,18,,,4,2,8,,,,,,,,,,,,,,,,,,,,,,,,,,,,,,,,,,,,
Farinha de aveia - Quaker0,,,,,,38,36,18,,,4,2,8,,,,,,,,,,,,,,,,,,,,,,,,,,,,,,,,,,,,
Farinha de centeio,,,,,,38,36,18,,,4,2,8,,,,,,,,,,,,,,,,,,,,,,,,,,,,,,,,,,,,
Farinha de copioba,FARINHAS/FÉCULAS/MASSAS,,,,,38,36,18,,,4,2,8,,,,,,,,,,,,,,,,,,,,,,,,,,,,,,,,,,,,
Farinha de mandioca,FARINHAS/FÉCULAS/MASSAS,,,,,38,36,18,,,4,2,8,,,,,,,,,,,,,,,,,,,,,,,,,,,,,,,,,,,,
Farinha de mandioca (crua),,,,,,38,36,18,,,4,2,8,,,,,,,,,,,,,,,,,,,,,,,,,,,,,,,,,,,,
Farinha de mandioca (torrada),,,,,,38,36,18,,,4,2,8,,,,,,,,,,,,,,,,,,,,,,,,,,,,,,,,,,,,
Farinha de milho (IBGE),FARINHAS/FÉCULAS/MASSAS,,,,,38,36,18,,,4,2,8,,,,,,,,,,,,,,,,,,,,,,,,,,,,,,,,,,,,
Farinha de milho (Tucunduva),,,,,,38,36,18,,,4,2,8,,,,,,,,,,,,,,,,,,,,,,,,,,,,,,,,,,,,
Farinha de rosca,,,,,,38,36,18,,,4,2,8,,,,,,,,,,,,,,,,,,,,,,,,,,,,,,,,,,,,
Farinha de semolina,,,,,,38,36,18,,,4,2,8,,,,,,,,,,,,,,,,,,,,,,,,,,,,,,,,,,,,
Farinha de soja,,,,,,38,36,18,,,4,2,8,,,,,,,,,,,,,,,,,,,,,,,,,,,,,,,,,,,,
Farinha de tapioca,FARINHAS/FÉCULAS/MASSAS,,,,,38,36,18,,,4,2,8,,,,,,,,,,,,,,,,,,,,,,,,,,,,,,,,,,,,
Farinha de trigo - Renata®,,,,,,38,36,18,,,4,2,8,,,,,,,,,,,,,,,,,,,,,,,,,,,,,,,,,,,,
Farinha de trigo - Sol®,,,,,,38,36,18,,,4,2,8,,,,,,,,,,,,,,,,,,,,,,,,,,,,,,,,,,,,
Farinha de trigo com fermento- Dona Benta®,,,,,,38,36,18,,,4,2,8,,,,,,,,,,,,,,,,,,,,,,,,,,,,,,,,,,,,
Farinha de trigo especial -Buquê ®,,,,,,38,36,18,,,4,2,8,,,,,,,,,,,,,,,,,,,,,,,,,,,,,,,,,,,,
Farinha de trigo especial comfermento Qualitá - Pão de Açúcar®,,,,,,38,36,18,,,4,2,8,,,,,,,,,,,,,,,,,,,,,,,,,,,,,,,,,,,,
Farinha de trigo especial comferro - Rosa Branca®,,,,,,38,36,18,,,4,2,8,,,,,,,,,,,,,,,,,,,,,,,,,,,,,,,,,,,,
Farinha de trigo especialQualitá - Pão de Açúcar°,,,,,,38,36,18,,,4,2,8,,,,,,,,,,,,,,,,,,,,,,,,,,,,,,,,,,,,
Farinha de trigo integral -Mais Vita®,,,,,,38,36,18,,,4,2,8,,,,,,,,,,,,,,,,,,,,,,,,,,,,,,,,,,,,
Farinha de trigo integralorgânica - lasmine®,,,,,,38,36,18,,,4,2,8,,,,,,,,,,,,,,,,,,,,,,,,,,,,,,,,,,,,
Farinha de trigo reservaespecial - Dona Benta®,,,,,,38,36,18,,,4,2,8,,,,,,,,,,,,,,,,,,,,,,,,,,,,,,,,,,,,
Farinha lactea,LATICINIOS,,,,,21,,7,,,,,,,,,,,,,,,30,,,,,,,,,,,,,,,,,,,,,,,,,,
Farinha láctea - Nestlé®,,,,,,21,,7,,,,,,,,,,,,,,,30,,,,,,,,,,,,,,,,,,,,,,,,,,
"Farinha, de arroz, enriquecida",,,,,,38,36,12,,,4,2,8,,,,,,,,,,,,,,,,,,,,,,,,,,,,,,,,,,,,
"Farinha, de centeio, integral",,,,,,38,36,12,,,4,2,8,,,,,,,,,,,,,,,,,,,,,,,,,,,,,,,,,,,,
"Farinha, de mandioca, crua",,,,,,38,36,12,,,4,2,8,,,,,,,,,,,,,,,,,,,,,,,,,,,,,,,,,,,,
"Farinha, de mandioca, torrada",,,,,,38,36,12,,,4,2,8,,,,,,,,,,,,,,,,,,,,,,,,,,,,,,,,,,,,
"Farinha, de mesocarpo de babaçu, crua",,,,,,38,36,12,,,4,2,8,,,,,,,,,,,,,,,,,,,,,,,,,,,,,,,,,,,,
"Farinha, de milho, amarela",,,,,,38,36,12,,,4,2,8,,,,,,,,,,,,,,,,,,,,,,,,,,,,,,,,,,,,
"Farinha, de puba",,,,,,38,36,12,,,4,2,8,,,,,,,,,,,,,,,,,,,,,,,,,,,,,,,,,,,,
"Farinha, de rosca (TACO)",,,,,,38,36,12,,,4,2,8,,,,,,,,,,,,,,,,,,,,,,,,,,,,,,,,,,,,
"Farinha, de rosca (TBCA)",,,,,,38,36,12,,,4,2,8,,,,,,,,,,,,,,,,,,,,,,,,,,,,,,,,,,,,
"Farinha, de trigo",,,,,,38,36,12,,,4,2,8,,,,,,,,,,,,,,,,,,,,,,,,,,,,,,,,,,,,
"Farinha, láctea, de cereais",,,,,,21,,7,,,,,,,,,,,,,,,30,,,,,,,,,,,,,,,,,,,,,,,,,,
"Farinha, rosca, """"Hikari""""",,,,,,38,36,12,,,4,2,8,,,,,,,,,,,,,,,,,,,,,,,,,,,,,,,,,,,,
Farofa,FARINHAS/FÉCULAS/MASSAS,,,,,,,,,,,,,,,,,,,,,,,,,,,,,,,,,,,,,,,,,,,,,,,,
Farofa d'água,,,,,,,,,,,,,,,,,,,,,,,,,,,,,,,,,,,,,,,,,,,,,,,,,
Farofa de banana,FARINHAS/FÉCULAS/MASSAS,,,,,,,,,,,,,,,,,,,,,,,,,,,,,,,,,,,,,,,,,,,,,,,,
Farofa de carne seca,,,,,,,,,,,,,,,,,,,,,,,,,,,,,,,,,,,,,,,,,,,,,,,,,
Farofa de farinha de mandioca,,,,,,,,,,,,,,,,,,,,,,,,,,,,,,,,,,,,,,,,,,,,,,,,,
Farofa de mandioca pronta -Yoki®,,,,,,,,,,,,,,,,,,,,,,,,,,,,,,,,,,,,,,,,,,,,,,,,,
Farofa doce crocante deamendoim - Linguanotto0,,,,,,,,,,,,,,,,,,,,,,,,,,,,,,,,,,,,,,,,,,,,,,,,,
Farofa mineira,,,,,,,,,,,,,,,,,,,,,,,,,,,,,,,,,,,,,,,,,,,,,,,,,
Farofa pronta,FARINHAS/FÉCULAS/MASSAS,,,,,,,,,,,,,,,,,,,,,,,,,,,,,,,,,,,,,,,,,,,,,,,,
Farofa pronta light em pacote,FARINHAS/FÉCULAS/MASSAS,,,,,,,,,,,,,,,,,,,,,,,,,,,,,,,,,,,,,,,,,,,,,,,,
Fato bovino cozido(a),CARNE BOVINA,100,100,90,35,75,70,30,140,70,,,,,,,,,,,,,,,,,,,,,,,,,,,,,,,,,,,,,,,
Fato bovino frito(a),CARNE BOVINA,100,100,90,35,75,70,30,140,70,,,,,,,,,,,,,,,,,,,,,,,,,,,,,,,,,,,,,,,
Fato caprino cozido(a),OUTRAS CARNES,,100,90,35,75,70,30,140,70,,,,,,,,,,,,,,,,,,,,,,,,,,,,,,,,,,,,,,,
Fava (em grão),LEGUMINOSAS,,,,,,,,,,,,,,,,,,,,,,,,,,,,,,,,,,,,,,,,,,,,,,,,
"Fava, grão, seco, cozida (grão e água), c/ óleo e temperos, c/ sal, Vicia faba L.",,,,,,,,,,,,,,,,,,,,,,,,,,,,,,,,,,,,,,,,,,,,,,,,,
"Fava, grão, seco, cozida (grão e água), s/ óleo e temperos, c/ sal, Vicia faba L.",,,,,,,,,,,,,,,,,,,,,,,,,,,,,,,,,,,,,,,,,,,,,,,,,
"Fava, grão, seco, cozida (grão e água), s/ óleo e temperos, s/ sal, Vicia faba L.",,,,,,,,,,,,,,,,,,,,,,,,,,,,,,,,,,,,,,,,,,,,,,,,,
"Fava, grão, seco, cozida, drenada, c/ óleo e temperos, c/ sal, Vicia faba L.",,,,,,,,,,,,,,,,,,,,,,,,,,,,,,,,,,,,,,,,,,,,,,,,,
"Fava, grão, seco, cozida, drenada, s/ óleo e temperos, c/ sal, Vicia faba L.",,,,,,,,,,,,,,,,,,,,,,,,,,,,,,,,,,,,,,,,,,,,,,,,,
"Fava, grão, seco, cozida, drenada, s/ óleo e temperos, s/ sal, Vicia faba L.",,,,,,,,,,,,,,,,,,,,,,,,,,,,,,,,,,,,,,,,,,,,,,,,,
"Fava, grão, seco, crua, Vicia faba L.",,,,,,,,,,,,,,,,,,,,,,,,,,,,,,,,,,,,,,,,,,,,,,,,,
Fécula de batata,,,,,,,,,,,,,,,,,,,,,,,,,,,,,,,,,,,,,,,,,,,,,,,,,
Fécula de batata - Colombo®,,,,,,,,,,,,,,,,,,,,,,,,,,,,,,,,,,,,,,,,,,,,,,,,,
"Fécula, de mandioca",,,,,,38,36,12,,,4,2,8,,,,,,,,,,,,,,,,,,,,,,,,,,,,,,,,,,,,
Feijão (cru),,,,,,,35,17,140,,4,,8,,,,,,,,,,140,,,,,,,,,,,,,,,,,,,,,,,,,,
"Feijão (preto, mulatinho, roxo, rosinha, etc)",LEGUMINOSAS,,,,,,35,17,140,,4,,8,,,,,,,,,,140,,,,,,,,,,,,,,,,,,,,,,,,,,
"Feijão , carioca, preparado",,,,,,,35,17,140,,4,,8,,,,,,,,,,140,,,,,,,,,,,,,,,,,,,,,,,,,,
Feijão branco - Yoki®,,,,,,,35,17,140,,4,,8,,,,,,,,,,140,,,,,,,,,,,,,,,,,,,,,,,,,,
Feijão branco (cru),,,,,,,35,17,140,,4,,8,,,,,,,,,,140,,,,,,,,,,,,,,,,,,,,,,,,,,
Feijão branco com dobradinha,,,,,,,,,,,,,,,,,,,,,,,,,,,,,,,,,,,,,,,,,,,,,,,,,
Feijão branco com dobradinha em conserva,CONSERVAS,,,,,,,,,,,,,,,,,,,,,,,,,,,,,,,,,,,,,,,,,,,,,,,,
Feijão branco cozido (sógrãos),,,,,,,35,17,140,,4,,8,,,,,,,,,,140,,,,,,,,,,,,,,,,,,,,,,,,,,
Feijão branco enlatado -Bonduelle®,,,,,,,,,,,,,,,,,,,,,,,,,,,,,,,,,,,,,,,,,,,,,,,,,
Feijão com charque,,,,,,,,,,,,,,,,,,,,,,,,,,,,,,,,,,,,,,,,,,,,,,,,,
Feijão cozido (50% grão/caldo),,,,,,,35,17,140,,4,,8,,,,,,,,,,140,,,,,,,,,,,,,,,,,,,,,,,,,,
Feijão cozido (só caldo),,,,,,,35,17,140,,4,,8,,,,,,,,,,140,,,,,,,,,,,,,,,,,,,,,,,,,,
Feijão cozido (só grãos),,,,,,,35,17,140,,4,,8,,,,,,,,,,140,,,,,,,,,,,,,,,,,,,,,,,,,,
Feijão cru carioca - Camil®,,,,,,,35,17,140,,4,,8,,,,,,,,,,140,,,,,,,,,,,,,,,,,,,,,,,,,,
Feijão de corda,LEGUMINOSAS,,,,,,35,17,140,,4,,8,,,,,,,,,,,,,,,,,,,,,,,,,,,,,,,,,,,,
Feijão orgânico,LEGUMINOSAS,,,,,,35,17,140,,4,,8,,,,,,,,,,,,,,,,,,,,,,,,,,,,,,,,,,,,
Feijão sertanejo,,,,,,,,,,,,,,,,,,,,,,,,,,,,,,,,,,,,,,,,,,,,,,,,,
Feijão soja orgânico,LEGUMINOSAS,,,,,,35,17,140,,4,,8,,,,,,,,,,,,,,,,,,,,,,,,,,,,,,,,,,,,
Feijão tropeiro (IBGE),LEGUMINOSAS,,,,,,35,17,140,,4,,8,,,,,,,,,,,,,,,,,,,,,,,,,,,,,,,,,,,,
Feijão tropeiro (Tucunduva),,,,,,,35,17,140,,4,,8,,,,,,,,,,,,,,,,,,,,,,,,,,,,,,,,,,,,
Feijão tropeiro mineiro,,,,,,,35,17,140,,4,,8,,,,,,,,,,,,,,,,,,,,,,,,,,,,,,,,,,,,
Feijão verde,LEGUMINOSAS,,,,,,35,17,140,,4,,8,,,,,,,,,,,,,,,,,,,,,,,,,,,,,,,,,,,,
Feijão verde (cozido),,,,,,,35,17,140,,4,,8,,,,,,,,,,,,,,,,,,,,,,,,,,,,,,,,,,,,
Feijão verde com farofa demanteiga,,,,,,,,,,,,,,,,,,,,,,,,,,,,,,,,,,,,,,,,,,,,,,,,,
Feijão verde orgânico,LEGUMINOSAS,,,,,,35,17,140,,4,,8,,,,,,,,,,,,,,,,,,,,,,,,,,,,,,,,,,,,
"Feijão, branco, cozido, Phaseolus vulgaris L.",,,,,,,35,17,140,,4,,8,,,,,,,,,,,,,,,,,,,,,,,,,,,,,,,,,,,,
"Feijão, branco, cru, Phaseolus vulgaris L.",,,,,,,35,17,140,,4,,8,,,,,,,,,,,,,,,,,,,,,,,,,,,,,,,,,,,,
"Feijão, broto, cru",,,,,,,35,17,140,,4,,8,,,,,,,,,,,,,,,,,,,,,,,,,,,,,,,,,,,,
"Feijão, carioca, cozido",,,,,,,35,17,140,,4,,8,,,,,,,,,,140,,,,,,,,,,,,,,,,,,,,,,,,,,
"Feijão, carioca, cozido (50% grão e 50% caldo), c/ óleo e temperos, c/ sal, Phaseolus vulgaris L.",,,,,,,35,17,140,,4,,8,,,,,,,,,,140,,,,,,,,,,,,,,,,,,,,,,,,,,
"Feijão, carioca, cozido (50% grão e 50% caldo), c/ óleo e temperos, s/ sal, Phaseolus vulgaris L.",,,,,,,35,17,140,,4,,8,,,,,,,,,,140,,,,,,,,,,,,,,,,,,,,,,,,,,
"Feijão, carioca, cozido (50% grão e 50% caldo), s/ sal e temperos, Phaseolus vulgaris L.",,,,,,,35,17,140,,4,,8,,,,,,,,,,140,,,,,,,,,,,,,,,,,,,,,,,,,,
"Feijão, carioca, cru",,,,,,,35,17,140,,4,,8,,,,,,,,,,140,,,,,,,,,,,,,,,,,,,,,,,,,,
"Feijão, carioca, cru, Phaseolus vulgaris L.",,,,,,,35,17,140,,4,,8,,,,,,,,,,140,,,,,,,,,,,,,,,,,,,,,,,,,,
"Feijão, fradinho, cozido",,,,,,,35,17,140,,4,,8,,,,,,,,,,140,,,,,,,,,,,,,,,,,,,,,,,,,,
"Feijão, fradinho, cozido (50% grão e 50% caldo), c/ óleo e temperos , s/ sal, Vigna unguiculata (L.) Walp.",,,,,,,35,17,140,,4,,8,,,,,,,,,,140,,,,,,,,,,,,,,,,,,,,,,,,,,
"Feijão, fradinho, cozido (50% grão e 50% caldo), c/ óleo e temperos, c/ sal, Vigna unguiculata (L.) Walp.",,,,,,,35,17,140,,4,,8,,,,,,,,,,140,,,,,,,,,,,,,,,,,,,,,,,,,,
"Feijão, fradinho, cozido (50% grão e 50% caldo), s/ sal e temperos, Vigna unguiculata (L.) Walp.",,,,,,,35,17,140,,4,,8,,,,,,,,,,140,,,,,,,,,,,,,,,,,,,,,,,,,,
"Feijão, fradinho, cru",,,,,,,35,17,140,,4,,8,,,,,,,,,,140,,,,,,,,,,,,,,,,,,,,,,,,,,
"Feijão, fradinho, cru, Vigna unguiculata (L.) Walp.",,,,,,,35,17,140,,4,,8,,,,,,,,,,140,,,,,,,,,,,,,,,,,,,,,,,,,,
"Feijão, guandu, grão, cru, Cajanus cajan",,,,,,,35,17,140,,4,,8,,,,,,,,,,140,,,,,,,,,,,,,,,,,,,,,,,,,,
"Feijão, guandu, grão, seco, cozido (50% grão e 50% caldo), s/ óleo e temperos, c/ sal, Cajanus cajan",,,,,,,35,17,140,,4,,8,,,,,,,,,,140,,,,,,,,,,,,,,,,,,,,,,,,,,
"Feijão, guandu, grão, seco, cozido (50% grão e 50% caldo), s/ óleo e temperos, s/ sal, Cajanus cajan",,,,,,,35,17,140,,4,,8,,,,,,,,,,140,,,,,,,,,,,,,,,,,,,,,,,,,,
"Feijão, guandu, grão, seco, cozido, drenado, s/ óleo e temperos, c/ sal, Cajanus cajan",,,,,,,35,17,140,,4,,8,,,,,,,,,,140,,,,,,,,,,,,,,,,,,,,,,,,,,
"Feijão, guandu, grão, seco, cozido, drenado, s/ óleo e temperos, s/ sal, Cajanus cajan",,,,,,,35,17,140,,4,,8,,,,,,,,,,140,,,,,,,,,,,,,,,,,,,,,,,,,,
"Feijão, jalo, cozido",,,,,,,35,17,140,,4,,8,,,,,,,,,,140,,,,,,,,,,,,,,,,,,,,,,,,,,
"Feijão, jalo, cozido (50% grão 50% caldo), s/ sal e temperos, Phaseolus vulgaris L.",,,,,,,35,17,140,,4,,8,,,,,,,,,,140,,,,,,,,,,,,,,,,,,,,,,,,,,
"Feijão, jalo, cru",,,,,,,35,17,140,,4,,8,,,,,,,,,,140,,,,,,,,,,,,,,,,,,,,,,,,,,
"Feijão, jalo, cru, Phaseolus vulgaris L.",,,,,,,35,17,140,,4,,8,,,,,,,,,,140,,,,,,,,,,,,,,,,,,,,,,,,,,
"Feijão, preto, cozido",,,,,,,35,17,140,,4,,8,,,,,,,,,,140,,,,,,,,,,,,,,,,,,,,,,,,,,
"Feijão, preto, cozido (50% grão e 50% caldo), c/ óleo e temperos, c/ sal, Phaseolus vulgaris L.",,,,,,,35,17,140,,4,,8,,,,,,,,,,140,,,,,,,,,,,,,,,,,,,,,,,,,,
"Feijão, preto, cozido (50% grão e 50% caldo), c/ óleo e temperos, s/ sal, Phaseolus vulgaris L.",,,,,,,35,17,140,,4,,8,,,,,,,,,,140,,,,,,,,,,,,,,,,,,,,,,,,,,
"Feijão, preto, cozido (50% grão e 50% caldo), s/ sal e temperos, Phaseolus vulgaris L.",,,,,,,35,17,140,,4,,8,,,,,,,,,,140,,,,,,,,,,,,,,,,,,,,,,,,,,
"Feijão, preto, cru",,,,,,,35,17,140,,4,,8,,,,,,,,,,140,,,,,,,,,,,,,,,,,,,,,,,,,,
"Feijão, preto, cru, Phaseolus vulgaris L.",,,,,,,35,17,140,,4,,8,,,,,,,,,,140,,,,,,,,,,,,,,,,,,,,,,,,,,
"Feijão, rajado, cozido",,,,,,,35,17,140,,4,,8,,,,,,,,,,140,,,,,,,,,,,,,,,,,,,,,,,,,,
"Feijão, rajado, cozido (50% grão 50% caldo), s/ sal e temperos, Phaseolus vulgaris L.",,,,,,,35,17,140,,4,,8,,,,,,,,,,140,,,,,,,,,,,,,,,,,,,,,,,,,,
"Feijão, rajado, cru",,,,,,,35,17,140,,4,,8,,,,,,,,,,140,,,,,,,,,,,,,,,,,,,,,,,,,,
"Feijão, rajado, cru, Phaseolus vulgaris L.",,,,,,,35,17,140,,4,,8,,,,,,,,,,140,,,,,,,,,,,,,,,,,,,,,,,,,,
"Feijão, rosinha, cozido",,,,,,,35,17,140,,4,,8,,,,,,,,,,140,,,,,,,,,,,,,,,,,,,,,,,,,,
"Feijão, rosinha, cru",,,,,,,35,17,140,,4,,8,,,,,,,,,,140,,,,,,,,,,,,,,,,,,,,,,,,,,
"Feijão, rosinha, cru, Phaseolus vulgaris L.",,,,,,,35,17,140,,4,,8,,,,,,,,,,140,,,,,,,,,,,,,,,,,,,,,,,,,,
"Feijão, roxo, cozido",,,,,,,35,17,140,,4,,8,,,,,,,,,,140,,,,,,,,,,,,,,,,,,,,,,,,,,
"Feijão, roxo, cozido (50% grão e 50% caldo), s/ sal e temperos, Phaseolus vulgaris L.",,,,,,,35,17,140,,4,,8,,,,,,,,,,140,,,,,,,,,,,,,,,,,,,,,,,,,,
"Feijão, roxo, cru",,,,,,,35,17,140,,4,,8,,,,,,,,,,140,,,,,,,,,,,,,,,,,,,,,,,,,,
"Feijão, roxo, cru, Phaseolus vulgaris L.",,,,,,,35,17,140,,4,,8,,,,,,,,,,140,,,,,,,,,,,,,,,,,,,,,,,,,,
"Feijão, tropeiro, mineiro",,,,,,,35,17,140,,4,,8,,,,,,,,,,140,,,,,,,,,,,,,,,,,,,,,,,,,,
"Feijão, vermelho, cozido, Phaseolus vulgaris",,,,,,,35,17,140,,4,,8,,,,,,,,,,140,,,,,,,,,,,,,,,,,,,,,,,,,,
"Feijão, vermelho, cru, Phaseolus vulgaris",,,,,,,35,17,140,,4,,8,,,,,,,,,,140,,,,,,,,,,,,,,,,,,,,,,,,,,
Feijoada (IBGE),CEREAIS,,,,,,,,,,,,,,,,,,,,,,,,,,,,,,,,,,,,,,,,,,,,,,,,
Feijoada (TACO),,,,,,,,,,,,,,,,,,,,,,,,,,,,,,,,,,,,,,,,,,,,,,,,,
Feijoada (Tucunduva),,,,,,,,,,,,,,,,,,,,,,,,,,,,,,,,,,,,,,,,,,,,,,,,,
Feijoada (TBCA),,,,,,,,,,,,,,,,,,,,,,,,,,,,,,,,,,,,,,,,,,,,,,,,,
Feijoada - Swift Premium®,,,,,,,,,,,,,,,,,,,,,,,,,,,,,,,,,,,,,,,,,,,,,,,,,
"Fejião, rosinha, cozido (50% grão 50% caldo), s/ sal e temperos, Phaseolus vulgaris L.",,,,,,,,,,,,,,,,,,,,,,,,,,,,,,,,,,,,,,,,,,,,,,,,,
Feno grego,,,,,,,,,,,,,,,,,,,,,,,,,,,,,,,,,,,,,,,,,,,,,,,,,
Fermento biológico,,,,,,,,10,,,2,,,,,,,,,,,,,,,,,,,,,,,,,,,,,,,,,,,,,,
Fermento biológico fresco -Fleischmann®,,,,,,,,10,,,2,,,,,,,,,,,,,,,,,,,,,,,,,,,,,,,,,,,,,,
Fermento biológico seco -Fleischmann®,,,,,,,,10,,,2,,,,,,,,,,,,,,,,,,,,,,,,,,,,,,,,,,,,,,
"Fermento em pó, químico",,,,,,,,10,,,2,,,,,,,,,,,,,,,,,,,,,,,,,,,,,,,,,,,,,,
Fermento químico em pó,,,,,,,,10,,,2,,,,,,,,,,,,,,,,,,,,,,,,,,,,,,,,,,,,,,
"Fermento, biológico",,,,,,,,10,,,2,,,,,,,,,,,,,,,,,,,,,,,,,,,,,,,,,,,,,,
"Fermento, biológico, levedura, tablete",,,,,,,,10,,,2,,,,,,,,,,,,,,,,,,,,,,,,,,,,,,,,,,,,,,
"Fermento, químico, pó",,,,,,,,10,,,2,,,,,,,,,,,,,,,,,,,,,,,,,,,,,,,,,,,,,,
Fiambre  assado(a),CARNE BOVINA,100,100,90,35,75,70,30,140,70,,,,,,,,,,,,,,,,,,,,,,,,,,,,,,,,,,,,,,,
Fiambre  cozido(a),CARNE BOVINA,100,100,90,35,75,70,30,140,70,,,,,,,,,,,,,,,,,,,,,,,,,,,,,,,,,,,,,,,
Fiambre  cru(a),CARNE BOVINA,100,100,90,35,75,70,30,140,70,,,,,,,,,,,,,,,,,,,,,,,,,,,,,,,,,,,,,,,
Fiambre  frito(a),CARNE BOVINA,100,100,90,35,75,70,30,140,70,,,,,,,,,,,,,,,,,,,,,,,,,,,,,,,,,,,,,,,
"Fiambre, frango (média de diferentes cortes)",,,,,,,,,,,,,,,,,,,,,,,,,,,,,,,,,,,,,,,,,,,,,,,,,
Fiber mais suplemento defibras - Nestlé®,,,,,,,,,,,,,,,,,,,,,,,,,,,,,,,,,,,,,,,,,,,,,,,,,
"Fiberlift, 260G, 52Doses",,,,,,,,,,,,,,,,,,,,,,,,,,,,,,,,,,,,,,,,,,,,,,,,,
Fibersource - Nestlé®,,,,,,,,,,,,,,,,,,,,,,,,,,,,,,,,,,,,,,,,,,,,,,,,,
Fibra de cereal trigo,FARINHAS/FÉCULAS/MASSAS,,,,,,,,,,,,,,,,,,,,,,,,,,,,,,,,,,,,,,,,,,,,,,,,
Fibra de soja,LEGUMINOSAS,,,,,,,,,,,,,,,,,,,,,,,,,,,,,,,,,,,,,,,,,,,,,,,,
Fibra de trigo,FARINHAS/FÉCULAS/MASSAS,,,,,,,,,,,,,,,,,,,,,,,,,,,,,,,,,,,,,,,,,,,,,,,,
Fibrax® natural,,,,,,,,,,,,,,,,,,,,,,,,,,,,,,,,,,,,,,,,,,,,,,,,,
Fibre 1 - Nestlé®,,,,,,,,,,,,,,,,,,,,,,,,,,,,,,,,,,,,,,,,,,,,,,,,,
Figada,AÇUCARES/CONFEITARIA,,,,,,,,,,,,,,,,,,,,,,,,,,,,,,,,,,,,,,,,,,,,,,,,
Fígado bovino (cozido),,,,,,,,,,,,,,,,,,,,,,,,,,,,,,,,,,,,,,,,,,,,,,,,,
Fígado bovino (cru),,,,,,,,,,,,,,,,,,,,,,,,,,,,,,,,,,,,,,,,,,,,,,,,,
Fígado bovino (frito),,,,,,,,,,,,,,,,,,,,,,,,,,,,,,,,,,,,,,,,,,,,,,,,,
Fígado bovino (grelhado),,,,,,,,,,,,,,,,,,,,,,,,,,,,,,,,,,,,,,,,,,,,,,,,,
Figado bovino ao alho e oleo,VISCERAS,,,,,,,,,,,,,,,,,,,,,,,,,,,,,,,,,,,,,,,,,,,,,,,,
Figado bovino assado(a),VISCERAS,,,,,,,,,,,,,,,,,,,,,,,,,,,,,,,,,,,,,,,,,,,,,,,,
Figado bovino cozido(a),VISCERAS,,,,,,,,,,,,,,,,,,,,,,,,,,,,,,,,,,,,,,,,,,,,,,,,
Figado bovino cru(a),VISCERAS,,,,,,,,,,,,,,,,,,,,,,,,,,,,,,,,,,,,,,,,,,,,,,,,
Figado bovino empanado(a)/a milanesa,VISCERAS,,,,,,,,,,,,,,,,,,,,,,,,,,,,,,,,,,,,,,,,,,,,,,,,
Figado bovino ensopado,VISCERAS,,,,,,,,,,,,,,,,,,,,,,,,,,,,,,,,,,,,,,,,,,,,,,,,
Figado bovino frito(a),VISCERAS,,,,,,,,,,,,,,,,,,,,,,,,,,,,,,,,,,,,,,,,,,,,,,,,
Figado bovino grelhado(a)/brasa/churrasco,VISCERAS,,,,,,,,,,,,,,,,,,,,,,,,,,,,,,,,,,,,,,,,,,,,,,,,
Figado bovino molho vermelho,VISCERAS,,,,,,,,,,,,,,,,,,,,,,,,,,,,,,,,,,,,,,,,,,,,,,,,
Figado bovino refogado(a),VISCERAS,,,,,,,,,,,,,,,,,,,,,,,,,,,,,,,,,,,,,,,,,,,,,,,,
Fígado de frango (cru),,,,,,,,,,,,,,,,,,,,,,,,,,,,,,,,,,,,,,,,,,,,,,,,,
Figado de galinha ou frango assado(a),VISCERAS,,,,,,,,,,,,,,,,,,,,,,,,,,,,,,,,,,,,,,,,,,,,,,,,
Figado de galinha ou frango cozido(a),VISCERAS,,,,,,,,,,,,,,,,,,,,,,,,,,,,,,,,,,,,,,,,,,,,,,,,
Figado de galinha ou frango frito(a),VISCERAS,,,,,,,,,,,,,,,,,,,,,,,,,,,,,,,,,,,,,,,,,,,,,,,,
Figado suíno assado(a),VISCERAS,,,,,,,,,,,,,,,,,,,,,,,,,,,,,,,,,,,,,,,,,,,,,,,,
Figado suíno cozido(a),VISCERAS,,,,,,,,,,,,,,,,,,,,,,,,,,,,,,,,,,,,,,,,,,,,,,,,
Figado suíno frito(a),VISCERAS,,,,,,,,,,,,,,,,,,,,,,,,,,,,,,,,,,,,,,,,,,,,,,,,
Figo (IBGE),FRUTAS/SUCOS/VITAMINAS,,,,,,,,,,,,,,,,,,,,,,,,,,,,,,,,,,,,,,,,,,,,,,,,
Figo (Tucunduva),,,,,,,,,,,,,,,,,,,,,,,,,,,,,,,,,,,,,,,,,,,,,,,,,
Figo seco,,,,,,,,,,,,,,,,,,,,,,,,,,,,,,,,,,,,,,,,,,,,,,,,,
"Figo, cru",,,,,,,,,,,,,,,,,,,,,,,,,,,,,,,,,,,,,,,,,,,,,,,,,
"Figo, enlatado, em calda (TACO)",,,,,,,,,,,,,,,,,,,,,,,,,,,,,,,,,,,,,,,,,,,,,,,,,
"Figo, enlatado, em calda (TBCA)",,,,,,,,,,,,,,,,,,,,,,,,,,,,,,,,,,,,,,,,,,,,,,,,,
"Figo, in natura, Ficus carica L.",,,,,,,,,,,,,,,,,,,,,,,,,,,,,,,,,,,,,,,,,,,,,,,,,
Filé de frango,AVES,100,100,,55,100,40,20,80,,,,,,,,,,,,,,,,,,,,,,,,,,,,,,,,,,,,,,,,
Filé de frango (cozido),,100,100,,55,100,40,20,80,,,,,,,,,,,,,,,,,,,,,,,,,,,,,,,,,,,,,,,,
Filé de frango (grelhado),,100,100,,55,100,40,20,80,,,,,,,,,,,,,,,,,,,,,,,,,,,,,,,,,,,,,,,,
Filé de frango à milanesa,,,,,,,,,,,,,,,,,,,,,,,,,,,,,,,,,,,,,,,,,,,,,,,,,
Filé de frango ao alho e oleo,AVES,100,100,,55,100,40,20,80,,,,,,,,,,,,,,,40,180,55,65,60,10,,,,,,,,,,,,,,,,,,,,
Filé de frango assado(a),AVES,100,100,,55,100,40,20,80,,,,,,,,,,,,,,,40,180,55,65,60,10,,,,,,,,,,,,,,,,,,,,
Filé de frango cozido(a),AVES,100,100,,55,100,40,20,80,,,,,,,,,,,,,,,40,180,55,65,60,10,,,,,,,,,,,,,,,,,,,,
Filé de frango cru(a),AVES,100,100,,55,100,40,20,80,,,,,,,,,,,,,,,40,180,55,65,60,10,,,,,,,,,,,,,,,,,,,,
Filé de frango empanado(a)/a milanesa,AVES,100,100,,55,100,40,20,80,,,,,,,,,,,,,,,40,180,55,65,60,10,,,,,,,,,,,,,,,,,,,,
Filé de frango ensopado,AVES,100,100,,55,100,40,20,80,,,,,,,,,,,,,,,40,180,55,65,60,10,,,,,,,,,,,,,,,,,,,,
Filé de frango frito(a),AVES,100,100,,55,100,40,20,80,,,,,,,,,,,,,,,40,180,55,65,60,10,,,,,,,,,,,,,,,,,,,,
Filé de frango grelhado(a)/brasa/churrasco,AVES,100,100,,55,100,40,20,80,,,,,,,,,,,,,,,40,180,55,65,60,10,,,,,,,,,,,,,,,,,,,,
Filé de frango molho branco,AVES,100,100,,55,100,40,20,80,,,,,,,,,,,,,,,40,180,55,65,60,10,,,,,,,,,,,,,,,,,,,,
Filé de frango molho vermelho,AVES,100,100,,55,100,40,20,80,,,,,,,,,,,,,,,40,180,55,65,60,10,,,,,,,,,,,,,,,,,,,,
Filé de frango orgãnico cozido(a),AVES,100,100,,55,100,40,20,80,,,,,,,,,,,,,,,40,180,55,65,60,10,,,,,,,,,,,,,,,,,,,,
Filé de frango orgânico empanado(a)/a milanesa,AVES,100,100,,55,100,40,20,80,,,,,,,,,,,,,,,40,180,55,65,60,10,,,,,,,,,,,,,,,,,,,,
Filé de frango orgânico frito(a),AVES,100,100,,55,100,40,20,80,,,,,,,,,,,,,,,40,180,55,65,60,10,,,,,,,,,,,,,,,,,,,,
Filé de frango orgânico grelhado(a)/brasa/churrasco,AVES,100,100,,55,100,40,20,80,,,,,,,,,,,,,,,40,180,55,65,60,10,,,,,,,,,,,,,,,,,,,,
Filé de frango refogado(a),AVES,100,100,,55,100,40,20,80,,,,,,,,,,,,,,,40,180,55,65,60,10,,,,,,,,,,,,,,,,,,,,
Filé de segunda ao alho e oleo,CARNE BOVINA,100,100,90,35,75,70,30,140,70,,,,,,,,,,,,,,,,,,,,,,,,,,,,,,,,,,,,,,,
Filé de segunda assado(a),CARNE BOVINA,100,100,90,35,75,70,30,140,70,,,,,,,,,,,,,,,,,,,,,,,,,,,,,,,,,,,,,,,
Filé de segunda empanado(a)/a milanesa,CARNE BOVINA,100,100,90,35,75,70,30,140,70,,,,,,,,,,,,,,,,,,,,,,,,,,,,,,,,,,,,,,,
Filé de segunda frito(a),CARNE BOVINA,100,100,90,35,75,70,30,140,70,,,,,,,,,,,,,,,,,,,,,,,,,,,,,,,,,,,,,,,
Filé de segunda grelhado(a)/brasa/churrasco,CARNE BOVINA,100,100,90,35,75,70,30,140,70,,,,,,,,,,,,,,,,,,,,,,,,,,,,,,,,,,,,,,,
Filé mignon,CARNE BOVINA,100,100,90,35,75,70,30,140,70,,,,,,,,,,,,,,,,,,,,,,,,,,,,,,,,,,,,,,,
Filé mignon - carne bovina -Pão de Açúcar®,,100,100,,,,,,,,,,,,,,,,,,,,,,,,,,,,,,,,,,,,,,,,,,,,,,
Filé mignon assado(a),CARNE BOVINA,100,100,90,35,75,70,30,140,70,,,,,,,,,,,,,,,,,,,,,,,,,,,,,,,,,,,,,,,
Filé mignon com manteiga/oleo,CARNE BOVINA,100,100,90,35,75,70,30,140,70,,,,,,,,,,,,,,,,,,,,,,,,,,,,,,,,,,,,,,,
Filé mignon cozido(a),CARNE BOVINA,100,100,90,35,75,70,30,140,70,,,,,,,,,,,,,,,,,,,,,,,,,,,,,,,,,,,,,,,
Filé mignon empanado(a)/a milanesa,CARNE BOVINA,100,100,90,35,75,70,30,140,70,,,,,,,,,,,,,,,,,,,,,,,,,,,,,,,,,,,,,,,
Filé mignon frito(a),CARNE BOVINA,100,100,90,35,75,70,30,140,70,,,,,,,,,,,,,,,,,,,,,,,,,,,,,,,,,,,,,,,
Filé mignon grelhado(a)/brasa/churrasco,CARNE BOVINA,100,100,90,35,75,70,30,140,70,,,,,,,,,,,,,,,,,,,,,,,,,,,,,,,,,,,,,,,
Filé mignon molho branco,CARNE BOVINA,100,100,90,35,75,70,30,140,70,,,,,,,,,,,,,,,,,,,,,,,,,,,,,,,,,,,,,,,
Filé mignon molho vermelho,CARNE BOVINA,100,100,90,35,75,70,30,140,70,,,,,,,,,,,,,,,,,,,,,,,,,,,,,,,,,,,,,,,
Filé mignon refogado(a),CARNE BOVINA,100,100,90,35,75,70,30,140,70,,,,,,,,,,,,,,,,,,,,,,,,,,,,,,,,,,,,,,,
Filé mignon sem gordura (cru)- carne bovina,,,,,,,,,,,,,,,,,,,,,,,,,,,,,,,,,,,,,,,,,,,,,,,,,
Filé mignon sem gordura(grelhado) - carne bovina,,,,,,,,,,,,,,,,,,,,,,,,,,,,,,,,,,,,,,,,,,,,,,,,,
Filé não especificado,CARNE BOVINA,100,100,90,35,75,70,30,140,70,,,,,,,,,,,,,,,,,,,,,,,,,,,,,,,,,,,,,,,
Filé não especificado assado(a),CARNE BOVINA,100,100,90,35,75,70,30,140,70,,,,,,,,,,,,,,,,,,,,,,,,,,,,,,,,,,,,,,,
Filé não especificado com manteiga/oleo,CARNE BOVINA,100,100,90,35,75,70,30,140,70,,,,,,,,,,,,,,,,,,,,,,,,,,,,,,,,,,,,,,,
Filé não especificado cozido(a),CARNE BOVINA,100,100,90,35,75,70,30,140,70,,,,,,,,,,,,,,,,,,,,,,,,,,,,,,,,,,,,,,,
Filé não especificado cru(a),CARNE BOVINA,100,100,90,35,75,70,30,140,70,,,,,,,,,,,,,,,,,,,,,,,,,,,,,,,,,,,,,,,
Filé não especificado empanado(a)/a milanesa,CARNE BOVINA,100,100,90,35,75,70,30,140,70,,,,,,,,,,,,,,,,,,,,,,,,,,,,,,,,,,,,,,,
Filé não especificado ensopado,CARNE BOVINA,100,100,90,35,75,70,30,140,70,,,,,,,,,,,,,,,,,,,,,,,,,,,,,,,,,,,,,,,
Filé não especificado frito(a),CARNE BOVINA,100,100,90,35,75,70,30,140,70,,,,,,,,,,,,,,,,,,,,,,,,,,,,,,,,,,,,,,,
Filé não especificado grelhado(a)/brasa/churrasco,CARNE BOVINA,100,100,90,35,75,70,30,140,70,,,,,,,,,,,,,,,,,,,,,,,,,,,,,,,,,,,,,,,
Filé não especificado molho vermelho,CARNE BOVINA,100,100,90,35,75,70,30,140,70,,,,,,,,,,,,,,,,,,,,,,,,,,,,,,,,,,,,,,,
Filé não especificado refogado(a),CARNE BOVINA,100,100,90,35,75,70,30,140,70,,,,,,,,,,,,,,,,,,,,,,,,,,,,,,,,,,,,,,,
Filezinho de frango congeladoChikenitos Tradicional Turma da Mônica - Perdigão®,,,,,,100,,,,,,,,,,,,,,,,,,,,,,,,,,,,,,,,,,,,,,,,,,,
Filhos (bolinho de farinha de trigo e ovos),AÇUCARES/CONFEITARIA,,,,,,,,,,,,,,,,,,,,,,,,,,,,,,,,,,,,,,,,,,,,,,,,
Filhos (bolinho de farinha de trigo e ovos) diet,AÇUCARES/CONFEITARIA,,,,,,,,,,,,,,,,,,,,,,,,,,,,,,,,,,,,,,,,,,,,,,,,
Filhos (bolinho de farinha de trigo e ovos) light,AÇUCARES/CONFEITARIA,,,,,,,,,,,,,,,,,,,,,,,,,,,,,,,,,,,,,,,,,,,,,,,,
Fios de ovos,AÇUCARES/CONFEITARIA,,,,,,,,,,,,,,,,,,,,,,,,,,,,,,,,,,,,,,,,,,,,,,,,
Flan chocolate - Royal®,,,,,,,,,,,,,,,,,,,,,,,,,,,,,,,,,,,,,,,,,,,,,,,,,
"Flan, baunilha, pó p/, ""Oetker""",,,,,,,,,,,,,,,,,,,,,,,,,,,,,,,,,,,,,,,,,,,,,,,,,
"Flan, baunilha, pó, ""Ducoco""",,,,,,,,,,,,,,,,,,,,,,,,,,,,,,,,,,,,,,,,,,,,,,,,,
"Flan, baunilha, pó, preparado, ""Oetker""",,,,,,,,,,,,,,,,,,,,,,,,,,,,,,,,,,,,,,,,,,,,,,,,,
"Flan, chocolate, pó p/, ""Oetker""",,,,,,,,,,,,,,,,,,,,,,,,,,,,,,,,,,,,,,,,,,,,,,,,,
"Flan, chocolate, pó, preparado,""Oetker""",,,,,,,,,,,,,,,,,,,,,,,,,,,,,,,,,,,,,,,,,,,,,,,,,
"Flan, coco, pó p/, ""Ducoco""",,,,,,,,,,,,,,,,,,,,,,,,,,,,,,,,,,,,,,,,,,,,,,,,,
"Flan, pó p/, (média diferentes sabores)",,,,,,,,,,,,,,,,,,,,,,,,,,,,,,,,,,,,,,,,,,,,,,,,,
"Flan, pó p/, preparado, (média diferentes sabores)",,,,,,,,,,,,,,,,,,,,,,,,,,,,,,,,,,,,,,,,,,,,,,,,,
Flanco sem gordura (cozido) - carne bovina,,,,,,,,,,,,,,,,,,,,,,,,,,,,,,,,,,,,,,,,,,,,,,,,,
Flanco sem gordura (cru) -carne bovina,,,,,,,,,,,,,,,,,,,,,,,,,,,,,,,,,,,,,,,,,,,,,,,,,
Flocos de cereais,FARINHAS/FÉCULAS/MASSAS,,,,,,,,,,,,,,,,,,,,,,,,,,,,,,,,,,,,,,,,,,,,,,,,
Flocos de milho,,,,,,,,,,,,,,,,,,,,,,,,,,,,,,,,,,,,,,,,,,,,,,,,,
"Flocos de trigo integral, arroz, milho e frutas Nesfit & Frutas- Nestlé®",,,,,,30,,7,,,,,,,,,,,,,,,30,,,,,,,,,,,,,,,,,,,,,,,,,,
Flor de sal,,,,,,,,,,,,,,,,,,,,,,,,,,,,,,,,,,,,,,,,,,,,,,,,,
FM 85 - Nestfé®,,,,,,,,,,,,,,,,,,,,,,,,,,,,,,,,,,,,,,,,,,,,,,,,,
Folha de aipim cru(a),TUBERCULOS,,,,,,,,,,,,,,,,,,,,,,,,,,,,,,,,,,,,,,,,,,,,,,,,
Folha de macaxeira cozido(a),TUBERCULOS,,,,,,,,,,,,,,,,,,,,,,,,,,,,,,,,,,,,,,,,,,,,,,,,
Folhado de banana comcanela congelado - Forno de Minas,,,,,,,,,,,,,,,,,,,,,,,,,,,,,,,,,,,,,,,,,,,,,,,,,
Folhado de frango congelado- Forno de Minas®,,,,,,,,,,,,,,,,,,,,,,,,,,,,,,,,,,,,,,,,,,,,,,,,,
Folhado de presunto e queijocongelado - Forno de Minas®,,,,,,,,,,,,,,,,,,,,,,,,,,,,,,,,,,,,,,,,,,,,,,,,,
Fondue de chocolate -Serrabel la®,,,,,,,,,,,,,,,,,,,,,,,,,,,,,,,,,,,,,,,,,,,,,,,,,
Fondue de queijo -Serrabella®,,,,,,,,,,,,,,,,,,,,,,,,,,,,,,,,,,,,,,,,,,,,,,,,,
Forticare,,,,,,,,,,,,,,,,,,,,,,,,,,,,,,,,,,,,,,,,,,,,,,,,,
FortiFit PRO,,,,,,,,,,,,,,,,,,,,,,,,,,,,,,,,,,,,,,,,,,,,,,,,,
Fortini,,,,,,,,,,,,,,,,,,,,,,,,,,,,,,,,,,,,,,,,,,,,,,,,,
Fortini MF,,,,,,,,,,,,,,,,,,,,,,,,,,,,,,,,,,,,,,,,,,,,,,,,,
Foundue de queijo suíço -Tigre®,,,,,,,,,,,,,,,,,,,,,,,,,,,,,,,,,,,,,,,,,,,,,,,,,
Fraldinha (capa de filé) assado(a),CARNE BOVINA,100,100,90,35,75,70,30,140,70,,,,,,,,,,,,,,,,,,,,,,,,,,,,,,,,,,,,,,,
Fraldinha (capa de filé) cozido(a),CARNE BOVINA,100,100,90,35,75,70,30,140,70,,,,,,,,,,,,,,,,,,,,,,,,,,,,,,,,,,,,,,,
Fraldinha (capa de filé) frito(a),CARNE BOVINA,100,100,90,35,75,70,30,140,70,,,,,,,,,,,,,,,,,,,,,,,,,,,,,,,,,,,,,,,
Fraldinha (capa de filé) grelhado(a)/brasa/churrasco,CARNE BOVINA,100,100,90,35,75,70,30,140,70,,,,,,,,,,,,,,,,,,,,,,,,,,,,,,,,,,,,,,,
Fraldinha (crua) - carnebovina,,100,100,90,35,75,70,30,140,70,,,,,,,,,,,,,,,,,,,,,,,,,,,,,,,,,,,,,,,
Fraldinha com gordura(cozida) - carne bovina,,100,100,90,35,75,70,30,140,70,,,,,,,,,,,,,,,,,,,,,,,,,,,,,,,,,,,,,,,
Framboesa congelada -DeMarchi®,,,,,,,,,,,,,,,,,,,,,,,,,,,,,,,,,,,,,,,,,,,,,,,,,
Framboesa fresca,,,,,,,,,,,,,,,,,,,,,,,,,,,,,,,,,,,,,,,,,,,,,,,,,
Frango à passarinho,,,,,,,,,,,,,,,,,,,,,,,,,,,,,,,,,,,,,,,,,,,,,,,,,
Frango à passarinho com alhoe óleo,,,,,,,,,,,,,,,,,,,,,,,,,,,,,,,,,,,,,,,,,,,,,,,,,
Frango ao molho de açafrão,,,,,,,,,,,,,,,,,,,,,,,,,,,,,,,,,,,,,,,,,,,,,,,,,
Frango ao molho rôti comjardineira de legumes e arroz congelado - Taeq®,,,,,,,,,,,,,,,,,,,,,,,,,,,,,,,,,,,,,,,,,,,,,,,,,
Frango caipira inteiro compele (cozido),,100,100,,55,100,40,20,80,,,,,,,,,,,,,,,40,180,55,65,60,10,,,,,,,,,,,,,,,,,,,,
Frango caipira inteiro sem pele(cozido),,100,100,,55,100,40,20,80,,,,,,,,,,,,,,,40,180,55,65,60,10,,,,,,,,,,,,,,,,,,,,
"Frango com batata, inhame batata baroa ou aipim",PREPARADOS,,,,,,,,,,,,,,,,,,,,,,,,,,,,,,,,,,,,,,,,,,,,,,,,
Frango com feijão guandu,,,,,,,,,,,,,,,,,,,,,,,,,,,,,,,,,,,,,,,,,,,,,,,,,
"Frango com legumes (exceto batata,inhame e aipim)",PREPARADOS,,,,,,,,,,,,,,,,,,,,,,,,,,,,,,,,,,,,,,,,,,,,,,,,
Frango com quiabo,,,,,,,,,,,,,,,,,,,,,,,,,,,,,,,,,,,,,,,,,,,,,,,,,
Frango em pedaços,AVES,100,100,,55,100,40,20,80,,,,,,,,,,,,,,,40,180,55,65,60,10,,,,,,,,,,,,,,,,,,,,
Frango em pedaços ao alho e oleo,AVES,100,100,,55,100,40,20,80,,,,,,,,,,,,,,,40,180,55,65,60,10,,,,,,,,,,,,,,,,,,,,
Frango em pedaços assado(a),AVES,100,100,,55,100,40,20,80,,,,,,,,,,,,,,,40,180,55,65,60,10,,,,,,,,,,,,,,,,,,,,
Frango em pedaços com manteiga/oleo,AVES,100,100,,55,100,40,20,80,,,,,,,,,,,,,,,40,180,55,65,60,10,,,,,,,,,,,,,,,,,,,,
Frango em pedaços cozido(a),AVES,100,100,,55,100,40,20,80,,,,,,,,,,,,,,,40,180,55,65,60,10,,,,,,,,,,,,,,,,,,,,
Frango em pedaços cru(a),AVES,100,100,,55,100,40,20,80,,,,,,,,,,,,,,,40,180,55,65,60,10,,,,,,,,,,,,,,,,,,,,
Frango em pedaços empanado(a)/a milanesa,AVES,100,100,,55,100,40,20,80,,,,,,,,,,,,,,,40,180,55,65,60,10,,,,,,,,,,,,,,,,,,,,
Frango em pedaços ensopado,AVES,100,100,,55,100,40,20,80,,,,,,,,,,,,,,,40,180,55,65,60,10,,,,,,,,,,,,,,,,,,,,
Frango em pedaços frito(a),AVES,100,100,,55,100,40,20,80,,,,,,,,,,,,,,,40,180,55,65,60,10,,,,,,,,,,,,,,,,,,,,
Frango em pedaços grelhado(a)/brasa/churrasco,AVES,100,100,,55,100,40,20,80,,,,,,,,,,,,,,,40,180,55,65,60,10,,,,,,,,,,,,,,,,,,,,
Frango em pedaços molho branco,AVES,100,100,,55,100,40,20,80,,,,,,,,,,,,,,,40,180,55,65,60,10,,,,,,,,,,,,,,,,,,,,
Frango em pedaços molho vermelho,AVES,100,100,,55,100,40,20,80,,,,,,,,,,,,,,,40,180,55,65,60,10,,,,,,,,,,,,,,,,,,,,
Frango em pedaços refogado(a),AVES,100,100,,55,100,40,20,80,,,,,,,,,,,,,,,40,180,55,65,60,10,,,,,,,,,,,,,,,,,,,,
Frango em pedaços sopa,SOPAS/CALDOS/MINGAUS,,,,,,,,,,,,,,,,,,,,,,,,,,,,,,,,,,,,,,,,,,,,,,,,
Frango ensopado com jambu,,,,,,,,,,,,,,,,,,,,,,,,,,,,,,,,,,,,,,,,,,,,,,,,,
Frango inteiro assado(a),AVES,100,100,,55,100,40,20,80,,,,,,,,,,,,,,,40,180,55,65,60,10,,,,,,,,,,,,,,,,,,,,
Frango inteiro com pele (cru),,100,100,,55,100,40,20,80,,,,,,,,,,,,,,,40,180,55,65,60,10,,,,,,,,,,,,,,,,,,,,
Frango inteiro cozido(a),AVES,100,100,,55,100,40,20,80,,,,,,,,,,,,,,,40,180,55,65,60,10,,,,,,,,,,,,,,,,,,,,
Frango inteiro cru(a),AVES,100,100,,55,100,40,20,80,,,,,,,,,,,,,,,40,180,55,65,60,10,,,,,,,,,,,,,,,,,,,,
Frango inteiro empanado(a)/a milanesa,AVES,100,100,,55,100,40,20,80,,,,,,,,,,,,,,,40,180,55,65,60,10,,,,,,,,,,,,,,,,,,,,
Frango inteiro ensopado,AVES,100,100,,55,100,40,20,80,,,,,,,,,,,,,,,40,180,55,65,60,10,,,,,,,,,,,,,,,,,,,,
Frango inteiro frito(a),AVES,100,100,,55,100,40,20,80,,,,,,,,,,,,,,,40,180,55,65,60,10,,,,,,,,,,,,,,,,,,,,
Frango inteiro grelhado(a)/brasa/churrasco,AVES,100,100,,55,100,40,20,80,,,,,,,,,,,,,,,40,180,55,65,60,10,,,,,,,,,,,,,,,,,,,,
Frango inteiro molho vermelho,AVES,100,100,,55,100,40,20,80,,,,,,,,,,,,,,,40,180,55,65,60,10,,,,,,,,,,,,,,,,,,,,
Frango inteiro orgânico assado(a),AVES,100,100,,55,100,40,20,80,,,,,,,,,,,,,,,40,180,55,65,60,10,,,,,,,,,,,,,,,,,,,,
Frango inteiro orgânico cozido(a),AVES,100,100,,55,100,40,20,80,,,,,,,,,,,,,,,40,180,55,65,60,10,,,,,,,,,,,,,,,,,,,,
Frango inteiro refogado(a),AVES,100,100,,55,100,40,20,80,,,,,,,,,,,,,,,40,180,55,65,60,10,,,,,,,,,,,,,,,,,,,,
Frango inteiro sem pele (cru),,100,100,,55,100,40,20,80,,,,,,,,,,,,,,,40,180,55,65,60,10,,,,,,,,,,,,,,,,,,,,
Frango inteiro sem pele(assado),,100,100,,55,100,40,20,80,,,,,,,,,,,,,,,40,180,55,65,60,10,,,,,,,,,,,,,,,,,,,,
Frango inteiro sem pele(cozido),,100,100,,55,100,40,20,80,,,,,,,,,,,,,,,40,180,55,65,60,10,,,,,,,,,,,,,,,,,,,,
Frango molho paris - SwiftPremium®,,,,,,,,,,,,,,,,,,,,,,,,,,,,,,,,,,,,,,,,,,,,,,,,,
Frango no tucupi,,,,,,,,,,,,,,,,,,,,,,,,,,,,,,,,,,,,,,,,,,,,,,,,,
Frango xadrez congelado -Perdigão®,,,,,,,,,,,,,,,,,,,,,,,,,,,,,,,,,,,,,,,,,,,,,,,,,
Frango xadrez congelado -Sadia,,,,,,,,,,,,,,,,,,,,,,,,,,,,,,,,,,,,,,,,,,,,,,,,,
"Frango, asa, com pele, crua",,100,100,,55,100,40,20,80,,,,,,,,,,,,,,,40,180,55,65,60,10,,,,,,,,,,,,,,,,,,,,
"Frango, c/ açafrão, c/ temperos, c/ sal",,,,,,,,,,,,,,,,,,,,,,,,,,,,,,,,,,,,,,,,,,,,,,,,,
"Frango, caipira, inteiro, com pele, cozido",,100,100,,55,100,40,20,80,,,,,,,,,,,,,,,40,180,55,65,60,10,,,,,,,,,,,,,,,,,,,,
"Frango, caipira, inteiro, sem pele, cozido",,100,100,,55,100,40,20,80,,,,,,,,,,,,,,,40,180,55,65,60,10,,,,,,,,,,,,,,,,,,,,
"Frango, com açafrão",,,,,,,,,,,,,,,,,,,,,,,,,,,,,,,,,,,,,,,,,,,,,,,,,
"Frango, coração, cru",,,,,,,,,,,,,,,,,,,,,,,,,,,,,,,,,,,,,,,,,,,,,,,,,
"Frango, coração, grelhado",,,,,,,,,,,,,,,,,,,,,,,,,,,,,,,,,,,,,,,,,,,,,,,,,
"Frango, coxa, com pele, assada",,,,,,,,,,,,,,,,,,,,,,,,,,55,,,,,,,,,,,,,,,,,,,,,,,
"Frango, coxa, com pele, crua",,,,,,,,,,,,,,,,,,,,,,,,,,55,,,,,,,,,,,,,,,,,,,,,,,
"Frango, coxa, sem pele, cozida",,,,,,,,,,,,,,,,,,,,,,,,,,55,,,,,,,,,,,,,,,,,,,,,,,
"Frango, coxa, sem pele, crua",,,,,,,,,,,,,,,,,,,,,,,,,,55,,,,,,,,,,,,,,,,,,,,,,,
"Frango, fígado, cru",,100,100,,55,100,40,20,80,,,,,,,,,,,,,,,,,,,,,,,,,,,,,,,,,,,,,,,,
"Frango, filé, à milanesa",,100,100,,55,100,40,20,80,,,,,,,,,,,,,,,,,,,,,,,,,,,,,,,,,,,,,,,,
"Frango, inteiro, com pele, cru",,100,100,,55,100,40,20,80,,,,,,,,,,,,,,,40,180,55,65,60,10,,,,,,,,,,,,,,,,,,,,
"Frango, inteiro, sem pele, assado",,100,100,,55,100,40,20,80,,,,,,,,,,,,,,,40,180,55,65,60,10,,,,,,,,,,,,,,,,,,,,
"Frango, inteiro, sem pele, cozido",,100,100,,55,100,40,20,80,,,,,,,,,,,,,,,40,180,55,65,60,10,,,,,,,,,,,,,,,,,,,,
"Frango, inteiro, sem pele, cru",,100,100,,55,100,40,20,80,,,,,,,,,,,,,,,40,180,55,65,60,10,,,,,,,,,,,,,,,,,,,,
"Frango, peito, com pele, assado",,100,100,,55,100,40,20,80,,,,,,,,,,,,,,,,180,,,,,,,,,,,,,,,,,,,,,,,,
"Frango, peito, com pele, cru",,100,100,,55,100,40,20,80,,,,,,,,,,,,,,,,180,,,,,,,,,,,,,,,,,,,,,,,,
"Frango, peito, sem pele, cozido",,100,100,,55,100,40,20,80,,,,,,,,,,,,,,,,180,,,,,,,,,,,,,,,,,,,,,,,,
"Frango, peito, sem pele, cru",,100,100,,55,100,40,20,80,,,,,,,,,,,,,,,,180,,,,,,,,,,,,,,,,,,,,,,,,
"Frango, peito, sem pele, grelhado",,100,100,,55,100,40,20,80,,,,,,,,,,,,,,,,180,,,,,,,,,,,,,,,,,,,,,,,,
"Frango, sobrecoxa, com pele, assada",,,,,,,,,,,,,,,,,,,,,,,,,,,65,,,,,,,,,,,,,,,,,,,,,,
"Frango, sobrecoxa, com pele, crua",,,,,,,,,,,,,,,,,,,,,,,,,,,65,,,,,,,,,,,,,,,,,,,,,,
"Frango, sobrecoxa, sem pele, assada",,,,,,,,,,,,,,,,,,,,,,,,,,,65,,,,,,,,,,,,,,,,,,,,,,
"Frango, sobrecoxa, sem pele, crua",,,,,,,,,,,,,,,,,,,,,,,,,,,65,,,,,,,,,,,,,,,,,,,,,,
Fritada de maturi,,,,,,,,,,,,,,,,,,,,,,,,,,,,,,,,,,,,,,,,,,,,,,,,,
Frozen iogurte,,,,,,,,,,,,,,,,,,,,,,,,,,,,,,,,,,,,,,,,,,,,,,,,,
Frozen mousse de chocolatecom raspas Míss Daisy - Sadia®,,,,,,,,,,,,,,,,,,,,,,,,,,,,,,,,,,,,,,,,,,,,,,,,,
Frozen mousse sabor maracujáMiss Daisy - Sadia®,,,,,,,,,,,,,,,,,,,,,,,,,,,,,,,,,,,,,,,,,,,,,,,,,
Frozen mousse saborchocolate com coco e coco ralado Miss Daisy - Sadia®,,,,,,,,,,,,,,,,,,,,,,,,,,,,,,,,,,,,,,,,,,,,,,,,,
Fruta (não especificada),FRUTAS/SUCOS/VITAMINAS,,,,,,,,,,,,,,,,,,,,,,,,,,,,,,,,,,,,,,,,,,,,,,,,
Fruta de conde,FRUTAS/SUCOS/VITAMINAS,,,,,,,,,,,,,,,,,,,,,,,,,,,,,,,,,,,,,,,,,,,,,,,,
Fruta pão,FRUTAS/SUCOS/VITAMINAS,,,,,,,,,,,,,,,,,,,,,,,,,,,,,,,,,,,,,,,,,,,,,,,,
Fruta pão (crua com casca),,,,,,,,,,,,,,,,,,,,,,,,,,,,,,,,,,,,,,,,,,,,,,,,,
Fruta seca ou desidratada,FRUTAS/SUCOS/VITAMINAS,,,,,,,,,,,,,,,,,,,,,,,,,,,,,,,,,,,,,,,,,,,,,,,,
Fruta-do-conde,,,,,,,,,,,,,,,,,,,,,,,,,,,,,,,,,,,,,,,,,,,,,,,,,
"Fruta-pão, crua",,,,,,,,,,,,,,,,,,,,,,,,,,,,,,,,,,,,,,,,,,,,,,,,,
"Fruta-pão, in natura, Artocarpus altilis (Parkinson) Fosberg",,,,,,,,,,,,,,,,,,,,,,,,,,,,,,,,,,,,,,,,,,,,,,,,,
Fubá,,,,,,,60,35,150,,,,,,,,,,,,,,,,,,,,,,,,,,,,,,,,,,,,,,,,
Fuba de milho,FARINHAS/FÉCULAS/MASSAS,,,,,,60,35,150,,,,,,,,,,,,,,,,,,,,,,,,,,,,,,,,,,,,,,,,
Fubá de milho escaldado,,,,,,,60,35,150,,,,,,,,,,,,,,,,,,,,,,,,,,,,,,,,,,,,,,,,
Fundo de alcachofracongelado - Daucy®,,,,,,,,,,,,,,,,,,,,,,,,,,,,,,,,,,,,,,,,,,,,,,,,,
Funghi,,,,,,,,,,,,,,,,,,,,,,,,,,,,,,,,,,,,,,,,,,,,,,,,,
Furrundu,,,,,,,,,,,,,,,,,,,,,,,,,,,,,,,,,,,,,,,,,,,,,,,,,
G yoza,,,,,,,,,,,,,,,,,,,,,,,,,,,,,,,,,,,,,,,,,,,,,,,,,
Galeto,TIPICOS,,,,,,,,,,,,,,,,,,,,,,,,,,,,,,,,,,,,,,,,,,,,,,,,
Galinha à cabidela,,,,,,,,,,,,,,,,,,,,,,,,,,,,,,,,,,,,,,,,,,,,,,,,,
Galinha ao molho pardo,,,,,,,,,,,,,,,,,,,,,,,,,,,,,,,,,,,,,,,,,,,,,,,,,
Galinha com arroz,ALIMENTOS PREPARADOS,,,,,,,,,,,,,,,,,,,,,,,,,,,,,,,,,,,,,,,,,,,,,,,,
"Galinha de angola abatida, congelada ou viva assado(a)",AVES,100,100,,55,100,40,20,80,,,,,,,,,,,,,,,40,180,55,65,60,10,,,,,,,,,,,,,,,,,,,,
"Galinha de angola abatida, congelada ou viva cozido(a)",AVES,100,100,,55,100,40,20,80,,,,,,,,,,,,,,,40,180,55,65,60,10,,,,,,,,,,,,,,,,,,,,
Galinha em pedaços  assado(a),AVES,100,100,,55,100,40,20,80,,,,,,,,,,,,,,,40,180,55,65,60,10,,,,,,,,,,,,,,,,,,,,
Galinha em pedaços  cozido(a),AVES,100,100,,55,100,40,20,80,,,,,,,,,,,,,,,40,180,55,65,60,10,,,,,,,,,,,,,,,,,,,,
Galinha em pedaços  empanado(a)/a milanesa,AVES,100,100,,55,100,40,20,80,,,,,,,,,,,,,,,40,180,55,65,60,10,,,,,,,,,,,,,,,,,,,,
Galinha em pedaços  ensopado,AVES,100,100,,55,100,40,20,80,,,,,,,,,,,,,,,40,180,55,65,60,10,,,,,,,,,,,,,,,,,,,,
Galinha em pedaços  frito(a),AVES,100,100,,55,100,40,20,80,,,,,,,,,,,,,,,40,180,55,65,60,10,,,,,,,,,,,,,,,,,,,,
Galinha em pedaços  grelhado(a)/brasa/churrasco,AVES,100,100,,55,100,40,20,80,,,,,,,,,,,,,,,40,180,55,65,60,10,,,,,,,,,,,,,,,,,,,,
Galinha em pedaços  molho branco,AVES,100,100,,55,100,40,20,80,,,,,,,,,,,,,,,40,180,55,65,60,10,,,,,,,,,,,,,,,,,,,,
Galinha em pedaços  molho vermelho,AVES,100,100,,55,100,40,20,80,,,,,,,,,,,,,,,40,180,55,65,60,10,,,,,,,,,,,,,,,,,,,,
Galinha em pedaços  refogado(a),AVES,100,100,,55,100,40,20,80,,,,,,,,,,,,,,,40,180,55,65,60,10,,,,,,,,,,,,,,,,,,,,
Galinhada,AVES,100,100,,55,100,40,20,80,,,,,,,,,,,,,,,40,180,55,65,60,10,,,,,,,,,,,,,,,,,,,,
"Gamalift, 120Caps, 2Caps/1G",,,,,,,,,,,,,,,,,,,,,,,,,,,,,,,,,,,,,,,,,,,,,,,,,
Garapa,FRUTAS/SUCOS/VITAMINAS,,,,,,,,,,,,,,,,,,,,,,,,,,,,,,,,,,,,,,,,,,,,,,,,
Garoupa em posta,,,,,,,,,,,,,,,,,,,,,,,,,,,,,,,,,,,,,,,,,,,,,,,,,
Gatorade,BEBIDAS INDUSTRIALIZADAS,,,,,,,,,,,,,,,,,,,,,,,,,,,,,,,,,,,,,,,,,,,,,,,,
Gatorade de laranja -Pepsico®,,,,,,,,,,,,,,,,,,,,,,,,,,,,,,500,,,,,,,,,,,,,,,,,,,
Gatorade de limão - Pepsico®,,,,,,,,,,,,,,,,,,,,,,,,,,,,,,500,,,,,,,,,,,,,,,,,,,
Geladinho,FRUTAS/SUCOS/VITAMINAS,,,,,,,,,,,,,,,,,,,,,,,,,,,,,,,,,,,,,,,,,,,,,,,,
Gelatina (qualquer sabor) -Royal®*,,,,,,,,8,,,,,,,,,,,,,,,,,,,,,,,,,,,,,,,,,,,,,,,,,
Gelatina de qualquer sabor,AÇUCARES/CONFEITARIA,,,,,,,8,,,,,,,,,,,,,,,,,,,,,,,,,,,,,,,,,,,,,,,,,
Gelatina de qualquer sabor light,AÇUCARES/CONFEITARIA,,,,,,,8,,,,,,,,,,,,,,,,,,,,,,,,,,,,,,,,,,,,,,,,,
Gelatina em pó sem sabor branca ou vermelha - Royale*,,,,,,,,8,,,,,,,,,,,,,,,,,,,,,,,,,,,,,,,,,,,,,,,,,
Gelatina limão - Royal®,,,,,,,,8,,,,,,,,,,,,,,,,,,,,,,,,,,,,,,,,,,,,,,,,,
Gelatina Zero (qualquer sabor) - Royale,,,,,,,,8,,,,,,,,,,,,,,,,,,,,,,,,,,,,,,,,,,,,,,,,,
"Gelatina, abacaxi, pó p/, diet, ""Ducoco""",,,,,,,,8,,,,,,,,,,,,,,,,,,,,,,,,,,,,,,,,,,,,,,,,,
"Gelatina, abacaxi, pó p/, diet, ""Oetker""",,,,,,,,8,,,,,,,,,,,,,,,,,,,,,,,,,,,,,,,,,,,,,,,,,
"Gelatina, abacaxi, pó p/, diet, preparada,""Oetker""",,,,,,,,8,,,,,,,,,,,,,,,,,,,,,,,,,,,,,,,,,,,,,,,,,
"Gelatina, cereja, pó p/, ""Ducoco"" (TBCA)",,,,,,,,8,,,,,,,,,,,,,,,,,,,,,,,,,,,,,,,,,,,,,,,,,
"Gelatina, cereja, pó p/, ""Ducoco"" (TBCA)",,,,,,,,8,,,,,,,,,,,,,,,,,,,,,,,,,,,,,,,,,,,,,,,,,
"Gelatina, cereja, pó p/, ""Oetker""",,,,,,,,8,,,,,,,,,,,,,,,,,,,,,,,,,,,,,,,,,,,,,,,,,
"Gelatina, cereja, pó p/, diet, ""Ducoco""",,,,,,,,8,,,,,,,,,,,,,,,,,,,,,,,,,,,,,,,,,,,,,,,,,
"Gelatina, cereja, pó p/, diet, ""Oetker""",,,,,,,,8,,,,,,,,,,,,,,,,,,,,,,,,,,,,,,,,,,,,,,,,,
"Gelatina, cereja, pó p/, diet, preparada, ""Oetker""",,,,,,,,8,,,,,,,,,,,,,,,,,,,,,,,,,,,,,,,,,,,,,,,,,
"Gelatina, framboesa, pó p/, ""Ducoco""",,,,,,,,8,,,,,,,,,,,,,,,,,,,,,,,,,,,,,,,,,,,,,,,,,
"Gelatina, framboesa, pó p/, ""Oetker""",,,,,,,,8,,,,,,,,,,,,,,,,,,,,,,,,,,,,,,,,,,,,,,,,,
"Gelatina, framboesa, pó p/, diet, ""Ducoco""",,,,,,,,8,,,,,,,,,,,,,,,,,,,,,,,,,,,,,,,,,,,,,,,,,
"Gelatina, framboesa, pó p/, diet, ""Oetker""",,,,,,,,8,,,,,,,,,,,,,,,,,,,,,,,,,,,,,,,,,,,,,,,,,
"Gelatina, framboesa, pó p/, diet, preparada, ""Oetker""",,,,,,,,8,,,,,,,,,,,,,,,,,,,,,,,,,,,,,,,,,,,,,,,,,
"Gelatina, limão, pó p/, ""Ducoco""",,,,,,,,8,,,,,,,,,,,,,,,,,,,,,,,,,,,,,,,,,,,,,,,,,
"Gelatina, limão, pó p/, ""Oetker""",,,,,,,,8,,,,,,,,,,,,,,,,,,,,,,,,,,,,,,,,,,,,,,,,,
"Gelatina, limão, pó p/, diet, ""Ducoco""",,,,,,,,8,,,,,,,,,,,,,,,,,,,,,,,,,,,,,,,,,,,,,,,,,
"Gelatina, limão, pó p/, diet, ""Oetker""",,,,,,,,8,,,,,,,,,,,,,,,,,,,,,,,,,,,,,,,,,,,,,,,,,
"Gelatina, limão, pó p/, diet, preparada, ""Oetker""",,,,,,,,8,,,,,,,,,,,,,,,,,,,,,,,,,,,,,,,,,,,,,,,,,
"Gelatina, maracujá, pó p/, ""Ducoco""",,,,,,,,8,,,,,,,,,,,,,,,,,,,,,,,,,,,,,,,,,,,,,,,,,
"Gelatina, morango, pó p/, ""Ducoco""",,,,,,,,8,,,,,,,,,,,,,,,,,,,,,,,,,,,,,,,,,,,,,,,,,
"Gelatina, morango, pó p/, ""Oetker""",,,,,,,,8,,,,,,,,,,,,,,,,,,,,,,,,,,,,,,,,,,,,,,,,,
"Gelatina, morango, pó p/, diet, ""Ducoco""",,,,,,,,8,,,,,,,,,,,,,,,,,,,,,,,,,,,,,,,,,,,,,,,,,
"Gelatina, morango, pó p/, diet, ""Oetker""",,,,,,,,8,,,,,,,,,,,,,,,,,,,,,,,,,,,,,,,,,,,,,,,,,
"Gelatina, morango, pó p/, diet, preparada, ""Oetker""",,,,,,,,8,,,,,,,,,,,,,,,,,,,,,,,,,,,,,,,,,,,,,,,,,
"Gelatina, pêssego, pó p/, ""Oetker""",,,,,,,,8,,,,,,,,,,,,,,,,,,,,,,,,,,,,,,,,,,,,,,,,,
"Gelatina, pó p/, ""Ducoco"" (média diferentes sabores)",,,,,,,,8,,,,,,,,,,,,,,,,,,,,,,,,,,,,,,,,,,,,,,,,,
"Gelatina, pó p/, ""Oetker"" (média diferentes sabores)",,,,,,,,8,,,,,,,,,,,,,,,,,,,,,,,,,,,,,,,,,,,,,,,,,
"Gelatina, pó p/, (média diferentes sabores)",,,,,,,,8,,,,,,,,,,,,,,,,,,,,,,,,,,,,,,,,,,,,,,,,,
"Gelatina, pó p/, diet (média diferentes sabores)",,,,,,,,8,,,,,,,,,,,,,,,,,,,,,,,,,,,,,,,,,,,,,,,,,
"Gelatina, pó p/, diet, preparada (média diferentes sabores)",,,,,,,,8,,,,,,,,,,,,,,,,,,,,,,,,,,,,,,,,,,,,,,,,,
"Gelatina, pó, preparada, ""Oetker""",,,,,,,,8,,,,,,,,,,,,,,,,,,,,,,,,,,,,,,,,,,,,,,,,,
"Gelatina, sabores variados, pó",,,,,,,,8,,,,,,,,,,,,,,,,,,,,,,,,,,,,,,,,,,,,,,,,,
"Gelatina, tuti-fruti, pó p/, ""Oetker""",,,,,,,,8,,,,,,,,,,,,,,,,,,,,,,,,,,,,,,,,,,,,,,,,,
"Gelatina, uva, pó p/, ""Ducoco""",,,,,,,,8,,,,,,,,,,,,,,,,,,,,,,,,,,,,,,,,,,,,,,,,,
"Gelatina, uva, pó p/, ""Oetker""",,,,,,,,8,,,,,,,,,,,,,,,,,,,,,,,,,,,,,,,,,,,,,,,,,
"Gelatina, uva, pó p/, diet, ""Ducoco""",,,,,,,,8,,,,,,,,,,,,,,,,,,,,,,,,,,,,,,,,,,,,,,,,,
Geleia,,,,,,,,,,,,,,,,,,,,,,,,,,,,,,,,,,,,,,,,,,,,,,,,,
"Geléia , laranja, ""Ritter""",,,,,,,,20,,,,,,,,,,,,,,,,,,,,,,,,,,,,,,,,,,,,,,,,,
Geleia de amora,,,,,,,,,,,,,,,,,,,,,,,,,,,,,,,,,,,,,,,,,,,,,,,,,
Geleia de cagaita,,,,,,,,,,,,,,,,,,,,,,,,,,,,,,,,,,,,,,,,,,,,,,,,,
Geleia de frutas de qualquer marca ou sabor,AÇUCARES/CONFEITARIA,,,,,,,,,,,,,,,,,,,,,,,,,,,,,,,,,,,,,,,,,,,,,,,,
Geleia de frutas de qualquer marca ou sabor light,AÇUCARES/CONFEITARIA,,,,,,,,,,,,,,,,,,,,,,,,,,,,,,,,,,,,,,,,,,,,,,,,
Geleia de frutas light,AÇUCARES/CONFEITARIA,,,,,,,,,,,,,,,,,,,,,,,,,,,,,,,,,,,,,,,,,,,,,,,,
Geleia de lobeira,,,,,,,,,,,,,,,,,,,,,,,,,,,,,,,,,,,,,,,,,,,,,,,,,
Geleia de mangaba,,,,,,,,,,,,,,,,,,,,,,,,,,,,,,,,,,,,,,,,,,,,,,,,,
Geleia de maracujá light -Doce Menor®,,,,,,,,,,,,,,,,,,,,,,,,,,,,,,,,,,,,,,,,,,,,,,,,,
Geleia de mocoto,AÇUCARES/CONFEITARIA,,,,,,,,,,,,,,,,,,,,,,,,,,,,,,,,,,,,,,,,,,,,,,,,
Geleia de mocotó,,,,,,,,,,,,,,,,,,,,,,,,,,,,,,,,,,,,,,,,,,,,,,,,,
Geleia de morango - Ritter®,,,,,,,,20,,,,,,,,,,,,,,,,,,,,,,,,,,,,,,,,,,,,,,,,,
Geleia de morango compedaços - Ritter°,,,,,,,,20,,,,,,,,,,,,,,,,,,,,,,,,,,,,,,,,,,,,,,,,,
Geleia de pera do cerrado,,,,,,,,,,,,,,,,,,,,,,,,,,,,,,,,,,,,,,,,,,,,,,,,,
Geleia diet,AÇUCARES/CONFEITARIA,,,,,,,,,,,,,,,,,,,,,,,,,,,,,,,,,,,,,,,,,,,,,,,,
Geleia light,AÇUCARES/CONFEITARIA,,,,,,,,,,,,,,,,,,,,,,,,,,,,,,,,,,,,,,,,,,,,,,,,
"Geléia, abacaxi, ""Ritter""",,,,,,,,20,,,,,,,,,,,,,,,,,,,,,,,,,,,,,,,,,,,,,,,,,
"Geléia, framboesa, ""Ritter""",,,,,,,,20,,,,,,,,,,,,,,,,,,,,,,,,,,,,,,,,,,,,,,,,,
"Geléia, goiaba, Ritter",,,,,,,,20,,,,,,,,,,,,,,,,,,,,,,,,,,,,,,,,,,,,,,,,,
"Geleia, mocotó, natural",,,,,,,,,,,,,,,,,,,,,,,,,,,,,,,,,,,,,,,,,,,,,,,,,
"Geléia, mocotó, natural",,,,,,,,20,,,,,,,,,,,,,,,,,,,,,,,,,,,,,,,,,,,,,,,,,
"Geléia, morango, ""Ritter""",,,,,,,,20,,,,,,,,,,,,,,,,,,,,,,,,,,,,,,,,,,,,,,,,,
"Geléia, uva, ""Ritter""",,,,,,,,20,,,,,,,,,,,,,,,,,,,,,,,,,,,,,,,,,,,,,,,,,
"Geleias , (média diferentes amostras)",,,,,,,,,,,,,,,,,,,,,,,,,,,,,,,,,,,,,,,,,,,,,,,,,
Gema de ovo de galinha,,,,,,,,,,,,,,,240,300,,,,,,,200,,,,,,,,,,,,,,,,,,,,,,,,,,
Gemada,OVOS,,,,,,,,,,,,,,240,300,,,,,,,200,,,,,,,,,,,,,,,,,,,,,,,,,,
Gemada com leite,,,,,,,,,,,,,,,,,,,,,,,,,,,,,,,,,,,,,,,,,,,,,,,,,
Gemada sem leite,,,,,,,,,,,,,,,240,300,,,,,,,200,,,,,,,,,,,,,,,,,,,,,,,,,,
Gengibre,,,,,,,,,,,,,,,,,,,,,,,,,,,,,,,,,,,,,,,,,,,,,,,,,
Gengibre em pó,,,,,,,,,,,,,,,,,,,,,,,,,,,,,,,,,,,,,,,,,,,,,,,,,
Gergelim,OLEAGINOSAS,,,,,,,,,,,,,,,,,,,,,,,,,,,,,,,,,,,,,,,,,,,,,,,,
Gergelim semente seca,,,,,,30,,15,,,,,,,,,,,,,,,,,,,,,,,,,,,,,,,,,,,,,,,,,
"Gergelim, semente",,,,,,30,,15,,,,,,,,,,,,,,,,,,,,,,,,,,,,,,,,,,,,,,,,,
"Gergelim, semente, Sesamum indicum L.",,,,,,30,,15,,,,,,,,,,,,,,,,,,,,,,,,,,,,,,,,,,,,,,,,,
Germe de trigo,FARINHAS/FÉCULAS/MASSAS,,,,,,,,,,,,,,,,,,,,,,,,,,,,,,,,,,,,,,,,,,,,,,,,
Glicose de milho,,,,,,,,,,,,,,,,,,,,,,,,,,,,,,,,,,,,,,,,,,,,,,,,,
"Glicose, milho",,,,,,,,,,,,,,,,,,,,,,,,,,,,,,,,,,,,,,,,,,,,,,,,,
Glucose de milho,,,,,,,,,,,,,,,,,,,,,,,,,,,,,,,,,,,,,,,,,,,,,,,,,
"Glutamina 300G, 60Doses",,,,,,,,,,,,,,,,,,,,,,,,,,,,,,,,,,,,,,,,,,,,,,,,,
"Glutamina Box, 150G, 30Sachês/5G",,,,,,,,,,,,,,,,,,,,,,,,,,,,,,,,,,,,,,,,,,,,,,,,,
"Glutamina, 600G, 120Doses",,,,,,,,,,,,,,,,,,,,,,,,,,,,,,,,,,,,,,,,,,,,,,,,,
Goia cru(a),,,,,,,,,,,,,,,,,,,,,,,,,,,,,,,,,,,,,,,,,,,,,,,,,
Goiaba (IBGE),FRUTAS/SUCOS/VITAMINAS,,,,,,,,,,,,,,,,,,,,,,,,,,,,,70,50,,,,,,,,,,,,,,,,,,
Goiaba (Tucunduva),,,,,,,,,,,,,,,,,,,,,,,,,,,,,,70,50,,,,,,,,,,,,,,,,,,
Goiaba (casca),,,,,,,,,,,,,,,,,,,,,,,,,,,,,,70,50,,,,,,,,,,,,,,,,,,
"Goiaba, branca, com casca, crua",,,,,,,,,,,,,,,,,,,,,,,,,,,,,,70,50,,,,,,,,,,,,,,,,,,
"Goiaba, branca, inteira, in natura, Psidium guajava",,,,,,,,,,,,,,,,,,,,,,,,,,,,,,70,50,,,,,,,,,,,,,,,,,,
"Goiaba, doce em pasta",,,,,,,,,,,,,,,,,,,,,,,,,,,,,,,,,,,,,,,,,,,,,,,,,
"Goiaba, doce, cascão (TACO)",,,,,,,,,,,,,,,,,,,,,,,,,,,,,,,,,,,,,,,,,,,,,,,,,
"Goiaba, doce, cascão (TBCA)",,,,,,,,,,,,,,,,,,,,,,,,,,,,,,,,,,,,,,,,,,,,,,,,,
"Goiaba, doce, em pasta",,,,,,,,,,,,,,,,,,,,,,,,,,,,,,,,,,,,,,,,,,,,,,,,,
"Goiaba, inteira, in natura, Psidium guajava L.",,,,,,,,,,,,,,,,,,,,,,,,,,,,,,,,,,,,,,,,,,,,,,,,,
"Goiaba, vermelha, com casca, crua",,,,,,,,,,,,,,,,,,,,,,,,,,,,,,70,50,,,,,,,,,,,,,,,,,,
"Goiaba, vermelha, inteira, in natura, Psidium guajava",,,,,,,,,,,,,,,,,,,,,,,,,,,,,,,,,,,,,,,,,,,,,,,,,
"Goiaba, vermelha, suco natural (néctar), c/ açúcar refinado",,,,,,,,,,,,,,150,240,300,,,,,,,,,,,,,,,,,,,200,300,,,,,,,,,,,,,
"Goiaba, vermelha, suco natural (néctar), s/ açúcar",,,,,,,,,,,,,,150,240,300,,,,,,,,,,,,,,,,,,,200,300,,,,,,,,,,,,,
Goiabada (IBGE),AÇUCARES/CONFEITARIA,,,,,,,,,,,,,,,,,,,,,,,,,,,,,,,,,,,,,,,,,,,,,,,,
Goiabada (Tucunduva),,,,,,,,,,,,,,,,,,,,,,,,,,,,,,,,,,,,,,,,,,,,,,,,,
Goiabada - Doces daChristy®,,,,,,,,,,,,,,,,,,,,,,,,,,,,,,,,,,,,,,,,,,,,,,,,,
"Golden Lift Box, 105G, 15Sachês/7G",,,,,,,,,,,,,,,,,,,,,,,,,,,,,,,,,,,,,,,,,,,,,,,,,
"Golden Lift Lata, 210G, 30 Doses",,,,,,,,,,,,,,,,,,,,,,,,,,,,,,,,,,,,,,,,,,,,,,,,,
Goma de mandioca,FARINHAS/FÉCULAS/MASSAS,,,,,,,,,,,,,,,,,,,,,,,,,,,,,50,,,,,,,,,,,,,,,,,,,
Goma de mascar,AÇUCARES/CONFEITARIA,,,,,,,,,,,,,,,,,,,,,,,,,,,,,,,,,,,,,,,,,,,,,,,,
Gordura vegetal - Mesa®,,,,,,,,,,,,,,,,,,,,,,,,,,,,,,,,,,,,,,,,,,,,,,,,,
Gordura vegetal - Saúde®,,,,,,,,,,,,,,,,,,,,,,,,,,,,,,,,,,,,,,,,,,,,,,,,,
Gordura vegetal hidrogenada,,,,,,,,,,,,,,,,,,,,,,,,,,,,,,,,,,,,,,,,,,,,,,,,,
"Gordura, vegetal, hidrogenada",,,,,,,,,,,,,,,,,,,,,,,,,,,,,,,,,,,,,,,,,,,,,,,,,
Granola (IBGE),CEREAIS,,,,,40,20,10,,,2,,,80,160,,,,,,,,80,,,,,,,,,,,,,,,,,,,,,,,,,,
Granola (Tucunduva),,,,,,40,20,10,,,2,,,80,160,,,,,,,,80,,,,,,,,,,,,,,,,,,,,,,,,,,
Grão de bico,LEGUMINOSAS,,,,,36,45,22,120,,,,,,,,22,,,240,,,120,,,,,,,,,,,,,,,,,,,,,,,,,,
"Grão de bico, cozido, s/ óleo e temperos, c/ sal, drenado, Cicer arietinum L.",,,,,,36,45,22,120,,,,,,,,22,,,240,,,120,,,,,,,,,,,,,,,,,,,,,,,,,,
"Grão de bico, cozido, s/ sal, drenado, Cicer arietinum L.",,,,,,36,45,22,120,,,,,,,,22,,,240,,,120,,,,,,,,,,,,,,,,,,,,,,,,,,
"Grão de bico, cru, Cicer arietinum L.",,,,,,36,45,22,120,,,,,,,,22,,,240,,,120,,,,,,,,,,,,,,,,,,,,,,,,,,
Grão-de-bico (cozido),,,,,,36,45,22,120,,,,,,,,22,,,240,,,120,,,,,,,,,,,,,,,,,,,,,,,,,,
Grão-de-bico (cru),,,,,,36,45,22,120,,,,,,,,22,,,240,,,120,,,,,,,,,,,,,,,,,,,,,,,,,,
Grão-de-bico com linguiça,,,,,,,,,,,,,,,,,,,,,,,,,,,,,,,,,,,,,,,,,,,,,,,,,
Grão-de-bico enlatado -Bonduelle®,,,,,,,,,,,,,,,,,,,,,,,,,,,,,,,,,,,,,,,,,,,,,,,,,
"Grão-de-bico, conserva, ""Jurema""",,,,,,,,,,,,,,,,,,,,,,,,,,,,,,,,,,,,,,,,,,,,,,,,,
"Grão-de-bico, cru",,,,,,36,45,22,120,,,,,,,,22,,,240,,,120,,,,,,,,,,,,,,,,,,,,,,,,,,
"Grão-de-bico, farinha, desengordurada, Cicer arietinum L.",,,,,,,,,,,,,,,,,,,,,,,,,,,,,,,,,,,,,,,,,,,,,,,,,
Grapefruit  rosa,,,,,,,,,,,,,,,,,,,,,,,,,,,,,,,,,,,,,,,,,,,,,,,,,
Grapefruit branco,,,,,,,,,,,,,,,,,,,,,,,,,,,,,,,,,,,,,,,,,,,,,,,,,
Graviola (IBGE),FRUTAS/SUCOS/VITAMINAS,,,,,,,,,,,,,62,100,125,,,,,,,,,,,,,,227,,,,,,,,,,,,,,,,,,,
Graviola (Tucunduva),,,,,,,,,,,,,,62,100,125,,,,,,,,,,,,,,227,,,,,,,,,,,,,,,,,,,
"Graviola, crua",,,,,,,,,,,,,,62,100,125,,,,,,,,,,,,,,227,,,,,,,,,,,,,,,,,,,
"Graviola, in natura, Annona muricata L.",,,,,,,,,,,,,,62,100,125,,,,,,,,,,,,,,227,,,,,,,,,,,,,,,,,,,
"Graviola, polpa, congelada (TACO)",,,,,,,,,,,,,,,,,,,,,,,,,,,,,,,,,,,,,,,,,,,,,,,,,
"Graviola, polpa, congelada (TBCA)",,,,,,,,,,,,,,,,,,,,,,,,,,,,,,,,,,,,,,,,,,,,,,,,,
Groselha vermelha fresca,,,,,,,,,,,,,,,,,,,,,,,,,,,,,,,,,,,,,,,,,,,,,,,,,
Grustoli (bolinho doce),AÇUCARES/CONFEITARIA,,,,,,,,,,,,,,,,,,,,,,,,,,,,,,,,,,,,,,,,,,,,,,,,
Guabiroba,,,,,,,,,,,,,,,,,,,,,,,,,,,,,,,,,,,,,,,,,,,,,,,,,
Guaiamu cozido(a),PESCADOS/FRUTOS DO MAR,,,,,,,,,,,,,,,,,,,,,,,,,,,,,,,,,,,,,,,,,,,,,,,,
"Guandu, cru",,,,,,,,,,,,,,,,,,,,,,,,,,,,,,,,,,,,,,,,,,,,,,,,,
Guara Power® (energético),,,,,,,,,,,,,,,,,,,,,,,,,,,,,,,,,,,,,,,,,,,,,,,,,
Guaraná - Antarctica®,,,,,,,,,,,,,,,,,,,,,,,,,,,,,,,,,,,,,,,,,,,,,,,,,
Guarana diet,BEBIDAS INDUSTRIALIZADAS,,,,,,,,,,,,,,,,,,,,,,,,,,,,,,,,,,,,,,,,,,,,,,,,
Guaraná diet - Antarctica®,,,,,,,,,,,,,,,,,,,,,,,,,,,,,,,,,,,,,,,,,,,,,,,,,
Guarana light,BEBIDAS INDUSTRIALIZADAS,,,,,,,,,,,,,,,,,,,,,,,,,,,,,,,,,,,,,,,,,,,,,,,,
Guarana tradicional,FRUTAS/SUCOS/VITAMINAS,,,,,,,,,,,,,,,,,,,,,,,,,,,,,,,,,,,,,,,,,,,,,,,,
Guariroba (palmito in natura) cozido(a),TUBERCULOS,,,,,,,,,,,,,,,,,,,,,,,,,,,,,,,,,,,,,,,,,,,,,,,,
Guariroba (palmito in natura) molho vermelho,TUBERCULOS,,,,,,,,,,,,,,,,,,,,,,,,,,,,,,,,,,,,,,,,,,,,,,,,
Guariroba (palmito in natura) refogado(a),TUBERCULOS,,,,,,,,,,,,,,,,,,,,,,,,,,,,,,,,,,,,,,,,,,,,,,,,
Guariroba ao molho,,,,,,,,,,,,,,,,,,,,,,,,,,,,,,,,,,,,,,,,,,,,,,,,,
Gueiroba (palmito in natura) cozido(a),TUBERCULOS,,,,,,,,,,,,,,,,,,,,,,,,,,,,,,,,,,,,,,,,,,,,,,,,
Gueiroba (palmito in natura) refogado(a),TUBERCULOS,,,,,,,,,,,,,,,,,,,,,,,,,,,,,,,,,,,,,,,,,,,,,,,,
Guizado,SOPAS/CALDOS/MINGAUS,,,,,,,,,,,,,,,,,,,,,,,,,,,,,,,,,,,,,,,,,,,,,,,,
"H.I. Whey Lata, 375G, 15Doses",,,,,,,,,,,,,,,,,,,,,,,,,,,,,,,,,,,,,,,,,,,,,,,,,
Hadoque (cru),,,,,,,,,,,,,,,,,,,,,,,,,,,,,,,,,,,,,,,,,,,,,,,,,
Hambúrguer - Mc Donald's®,,,,,,,,,,,,,,,,,,,,,,,,,,,,,,,,,,,,,,,,,,,,,,,,,
Hamburguer (sanduíche),LANCHES,,,,,,,,,,,,,,,,,,,,,,,,,,,,,,,,,,,,,,,,,,,,,,,,
Hambúrguer bovino - Sadia®,,,,,,54,,,,,,,,,,,,,,,,,,,,,,,,,,,,,,,,,,,,,,,,,,,
Hambúrguer bovino (cru),,,,,,,,,,,,,,,,,,,,,,,,,,,,,,,,,,,,,,,,,,,,,,,,,
Hambúrguer bovino (frito),,,,,,,,,,,,,,,,,,,,,,,,,,,,,,,,,,,,,,,,,,,,,,,,,
Hambúrguer bovino comtempero de churrasco - Sadia®,,,,,,54,,,,,,,,,,,,,,,,,,,,,,,,,,,,,,,,,,,,,,,,,,,
Hambúrguer bovino defraldinha - Wessel®,,,,,,,,,,,,,,,,,,,,,,,,,,,,,,,,,,,,,,,,,,,,,,,,,
Hambúrguer bovino depicanha - Perdigão®,,,,,,56,,,,,,,,,,,,,,,,,,,,,,,,,,,,,,,,,,,,,,,,,,,
Hambúrguer bovino depicanha -Wessel®,,,,,,,,,,,,,,,,,,,,,,,,,,,,,,,,,,,,,,,,,,,,,,,,,
Hambúrguer bovino saborsuave - Perdigão@,,,,,,56,,,,,,,,,,,,,,,,,,,,,,,,,,,,,,,,,,,,,,,,,,,
Hambúrguer bovino tennessee- Perdigão®,,,,,,56,,,,,,,,,,,,,,,,,,,,,,,,,,,,,,,,,,,,,,,,,,,
Hambúrguer bovino Texasburguer - Seara®,,,,,,,,,,,,,,,,,,,,,,,,,,,,,,80,,,,,,,,,,,,,,,,,,,
Hambúrguer bovino(grelhado),,,,,,,,,,,,,,,,,,,,,,,,,,,,,,,,,,,,,,,,,,,,,,,,,
Hamburguer de carne bovina,LANCHES,,,,,,,,,,,,,,,,,,,,,,,,,,,,,,,,,,,,,,,,,,,,,,,,
Hamburguer de carne bovina assado(a),LANCHES,,,,,,,,,,,,,,,,,,,,,,,,,,,,,,,,,,,,,,,,,,,,,,,,
Hamburguer de carne bovina cozido(a),LANCHES,,,,,,,,,,,,,,,,,,,,,,,,,,,,,,,,,,,,,,,,,,,,,,,,
Hamburguer de carne bovina cru(a),LANCHES,,,,,,,,,,,,,,,,,,,,,,,,,,,,,,,,,,,,,,,,,,,,,,,,
Hamburguer de carne bovina frito(a),LANCHES,,,,,,,,,,,,,,,,,,,,,,,,,,,,,,,,,,,,,,,,,,,,,,,,
Hamburguer de carne bovina grelhado(a)/brasa/churrasco,LANCHES,,,,,,,,,,,,,,,,,,,,,,,,,,,,,,,,,,,,,,,,,,,,,,,,
Hamburguer de carne bovina molho vermelho,LANCHES,,,,,,,,,,,,,,,,,,,,,,,,,,,,,,,,,,,,,,,,,,,,,,,,
Hambúrguer de filé mignon -Wessel®,,,,,,,,,,,,,,,,,,,,,,,,,,,,,,,,,,,,,,,,,,,,,,,,,
Hamburguer de frango,LANCHES,,,,,,,,,,,,,,,,,,,,,,,,,,,,,,,,,,,,,,,,,,,,,,,,
Hamburguer de frango assado(a),LANCHES,,,,,,,,,,,,,,,,,,,,,,,,,,,,,,,,,,,,,,,,,,,,,,,,
Hamburguer de frango cozido(a),LANCHES,,,,,,,,,,,,,,,,,,,,,,,,,,,,,,,,,,,,,,,,,,,,,,,,
Hamburguer de frango empanado(a)/a milanesa,LANCHES,,,,,,,,,,,,,,,,,,,,,,,,,,,,,,,,,,,,,,,,,,,,,,,,
Hamburguer de frango frito(a),LANCHES,,,,,,,,,,,,,,,,,,,,,,,,,,,,,,,,,,,,,,,,,,,,,,,,
Hamburguer de frango grelhado(a)/brasa/churrasco,LANCHES,,,,,,,,,,,,,,,,,,,,,,,,,,,,,,,,,,,,,,,,,,,,,,,,
Hambúrguer de frango -Perdigão®,,,,,,56,,,,,,,,,,,,,,,,,,,,,,,,,,,,,,,,,,,,,,,,,,,
Hambúrguer de frango -Sadia®,,,,,,54,,,,,,,,,,,,,,,,,,,,,,,,,,,,,,,,,,,,,,,,,,,
Hambúrguer de frango -Seara®,,,,,,53,,,,,,,,,,,,,,,,,,,,,,,,,,,,,,,,,,,,,,,,,,,
Hambúrguer de frango -Wessel®,,,,,,,,,,,,,,,,,,,,,,,,,,,,,,,,,,,,,,,,,,,,,,,,,
Hambúrguer de peru - Sadia®,,,,,,54,,,,,,,,,,,,,,,,,,,,,,,,,,,,,,,,,,,,,,,,,,,
Hamburguer de peru assado(a),LANCHES,,,,,,,,,,,,,,,,,,,,,,,,,,,,,,,,,,,,,,,,,,,,,,,,
Hamburguer de peru cozido(a),LANCHES,,,,,,,,,,,,,,,,,,,,,,,,,,,,,,,,,,,,,,,,,,,,,,,,
Hamburguer de peru empanado(a)/a milanesa,LANCHES,,,,,,,,,,,,,,,,,,,,,,,,,,,,,,,,,,,,,,,,,,,,,,,,
Hambúrguer de peru -Perdigão(),,,,,,56,,,,,,,,,,,,,,,,,,,,,,,,,,,,,,,,,,,,,,,,,,,
Hambúrguer de soja -Perdigão(),,,,,,56,,,,,,,,,,,,,,,,,,,,,,,,,,,,,,,,,,,,,,,,,,,
Hambúrguer grelhado,,,,,,,,,,,,,,,,,,,,,,,,,,,,,,,,,,,,,,,,,,,,,,,,,
Hamburguer não especificado,LANCHES,,,,,,,,,,,,,,,,,,,,,,,,,,,,,,,,,,,,,,,,,,,,,,,,
Hamburguer não especificado assado(a),LANCHES,,,,,,,,,,,,,,,,,,,,,,,,,,,,,,,,,,,,,,,,,,,,,,,,
Hamburguer não especificado cozido(a),LANCHES,,,,,,,,,,,,,,,,,,,,,,,,,,,,,,,,,,,,,,,,,,,,,,,,
Hamburguer não especificado frito(a),LANCHES,,,,,,,,,,,,,,,,,,,,,,,,,,,,,,,,,,,,,,,,,,,,,,,,
Hamburguer não especificado grelhado(a)/brasa/churrasco,LANCHES,,,,,,,,,,,,,,,,,,,,,,,,,,,,,,,,,,,,,,,,,,,,,,,,
Hamburguer não especificado light,LANCHES,,,,,,,,,,,,,,,,,,,,,,,,,,,,,,,,,,,,,,,,,,,,,,,,
Hambúrguer suíno saborcalabresa - Perdigão®,,,,,,56,,,,,,,,,,,,,,,,,,,,,,,,,,,,,,,,,,,,,,,,,,,
"Hambúrguer, bovino, cru (TACO)",,,,,,,,,,,,,,,,,,,,,,,,,,,,,,,,,,,,,,,,,,,,,,,,,
"Hambúrguer, bovino, cru (TBCA)",,,,,,,,,,,,,,,,,,,,,,,,,,,,,,,,,,,,,,,,,,,,,,,,,
"Hambúrguer, bovino, cru, Max burguer/""Sadia""",,,,,,54,,,,,,,,,,,,,,,,,,,,,,,,,,,,,,,,,,,,,,,,,,,
"Hambúrguer, bovino, frito (TACO)",,,,,,,,,,,,,,,,,,,,,,,,,,,,,,,,,,,,,,,,,,,,,,,,,
"Hambúrguer, bovino, frito (TBCA)",,,,,,,,,,,,,,,,,,,,,,,,,,,,,,,,,,,,,,,,,,,,,,,,,
"Hambúrguer, bovino, grelhado (TACO)",,,,,,,,,,,,,,,,,,,,,,,,,,,,,,,,,,,,,,,,,,,,,,,,,
"Hambúrguer, bovino, grelhado (TBCA)",,,,,,,,,,,,,,,,,,,,,,,,,,,,,,,,,,,,,,,,,,,,,,,,,
"Hambúrguer, cru (média de diferentes cortes)",,,,,,,,,,,,,,,,,,,,,,,,,,,,,,,,,,,,,,,,,,,,,,,,,
"Hambúrguer, frango, cru, ""Sadia""",,,,,,54,,,,,,,,,,,,,,,,,,,,,,,,,,,,,,,,,,,,,,,,,,,
"Hambúrguer, frango, cru, Seara",,,,,,53,,,,,,,,,,,,,,,,,,,,,,,,,,,,,,,,,,,,,,,,,,,
"Hambúrguer, soja",,,,,,,,,,,,,,,,,,,,,,,,,,,,,,,,,,,,,,,,,,,,,,,,,
"Heat Up, Lata 140G, 20Sachês/7G",,,,,,,,,,,,,,,,,,,,,,,,,,,,,,,,,,,,,,,,,,,,,,,,,
Hondashi,,,,,,,,,,,,,,,,,,,,,,,,,,,,,,,,,,,,,,,,,,,,,,,,,
Hortela,ERVAS,,,,,,,,,,,,,,,,,,,,,,,,,,,,,,,,,,,,,,,,,,,,,,,,
Hortelã,,,,,,,,,,,,,,,,,,,,,,,,,,,,,,,,,,,,,,,,,,,,,,,,,
Hot pocket Extreme Cheddar- Sadia®,,,,,,200,,,,,,,,,,,,,,,,,,,,,,,,,,,,,,,,,,,,,,,,,,,
Hot pocket Extreme x-burguer- Sadia®,,,,,,200,,,,,,,,,,,,,,,,,,,,,,,,,,,,,,,,,,,,,,,,,,,
Hot pocket x-burguer commolho churrasco - Sadia®,,,,,,145,,,,,,,,,,,,,,,,,,,,,,,,,,,,,,,,,,,,,,,,,,,
Hot pocket x-burguer commolho picante - Sadia®,,,,,,145,,,,,,,,,,,,,,,,,,,,,,,,,,,,,,,,,,,,,,,,,,,
Hot pocket x-calabresa -Sadia®,,,,,,145,,,,,,,,,,,,,,,,,,,,,,,,,,,,,,,,,,,,,,,,,,,
Hot pocket x-frango - Sadia®,,,,,,145,,,,,,,,,,,,,,,,,,,,,,,,,,,,,,,,,,,,,,,,,,,
Hot pocket x-picanha -Sadia®,,,,,,145,,,,,,,,,,,,,,,,,,,,,,,,,,,,,,,,,,,,,,,,,,,
"Hydrolift Tangerina Lata, 87G, 30Uni, 2,9G/Stick",,,,,,,,,,,,,,,,,,,,,,,,,,,,,,,,,,,,,,,,,,,,,,,,,
Imbu,FRUTAS/SUCOS/VITAMINAS,,,,,,,,,,,,,,,,,,,,,,,,,,,,,,,,,,,,,,,,,,,,,,,,
"Immuno Whey Lata, 465G, 15Doses",,,,,,,,,,,,,,,,,,,,,,,,,,,,,,,,,,,,,,,,,,,,,,,,,
Impact frutas vermelhas pó -Nestlé®,,,,,,,,,,,,,,,,,,,,,,,,,,,,,,,,,,,,,,,,,,,,,,,,,
Impact líquido - Nestlé0,,,,,,,,,,,,,,,,,,,,,,,,,,,,,,,,,,,,,,,,,,,,,,,,,
Impact pêssego pó - Nestlé®,,,,,,,,,,,,,,,,,,,,,,,,,,,,,,,,,,,,,,,,,,,,,,,,,
Infatrini,,,,,,,,,,,,,,,,,,,,,,,,,,,,,,,,,,,,,,,,,,,,,,,,,
Inga,FRUTAS/SUCOS/VITAMINAS,,,,,,,,,,,,,,,,,,,,,,,,,,,,,,,,,,,,,,,,,,,,,,,,
Ingá,,,,,,,,,,,,,,,,,,,,,,,,,,,,,,,,,,,,,,,,,,,,,,,,,
Inhame (cozido),,,,60,60,126,62,35,110,110,,,,,,,,,,186,62,,,,,,,,,125,,,,,,,,,,,,,,,,,,,
Inhame (cru),,,,60,60,126,62,35,110,110,,,,,,,,,,186,62,,,,,,,,,125,,,,,,,,,,,,,,,,,,,
Inhame assado(a),TUBERCULOS,,,60,60,126,62,35,110,110,,,,,,,,,,186,62,,,,,,,,,125,,,,,,,,,,,,,,,,,,,
Inhame caraquento (cara) cozido(a),TUBERCULOS,,,60,60,126,62,35,110,110,,,,,,,,,,186,62,,,,,,,,,125,,,,,,,,,,,,,,,,,,,
Inhame cozido(a),TUBERCULOS,,,60,60,126,62,35,110,110,,,,,,,,,,186,62,,,,,,,,,125,,,,,,,,,,,,,,,,,,,
Inhame cru(a),TUBERCULOS,,,60,60,126,62,35,110,110,,,,,,,,,,186,62,,,,,,,,,125,,,,,,,,,,,,,,,,,,,
Inhame ensopado,TUBERCULOS,,,60,60,126,62,35,110,110,,,,,,,,,,186,62,,,,,,,,,125,,,,,,,,,,,,,,,,,,,
Inhame frito(a),TUBERCULOS,,,60,60,126,62,35,110,110,,,,,,,,,,186,62,,,,,,,,,125,,,,,,,,,,,,,,,,,,,
Inhame refogado(a),TUBERCULOS,,,60,60,126,62,35,110,110,,,,,,,,,,186,62,,,,,,,,,125,,,,,,,,,,,,,,,,,,,
Inhame sopa,SOPAS/CALDOS/MINGAUS,,,60,60,126,62,35,110,110,,,,,,,,,,186,62,,,,,,,,,125,,,,,,,,,,,,,,,,,,,
"Inhame, cru",,,,60,60,126,62,35,110,110,,,,,,,,,,186,62,,,,,,,,,125,,,,,,,,,,,,,,,,,,,
Iogurte (média de diferentes sabores),,,,,,165,,15,,,,,,150,240,300,,,,,,,,,,,,,,,,,,,200,300,,,,,,,,,,,,,
"Iogurte , natural (média de diferentes amostras)",,,,,,165,,15,,,,,,150,240,300,,,,,,,,,,,,,,,,,,,200,300,,,,,,,,,,,,,
Iogurte batido açúcar e mel -Parrnalat®,,,,,,165,,15,,,,,,150,240,300,,,,,,,,,,,,,,,,,,,200,300,,,,,,,,,,,,,
Iogurte com açúcar e cereais-Vigor®,,,,,,165,,15,,,,,,150,240,300,,,,,,,,,,,,,,,,,,,,,,,,,,,,,,,,,
Iogurte com ameixa Corpus -Danone®,,,,,,165,,15,,,,,,150,240,300,,,,,,,,,,,,,,,,,,,200,300,,,,,,,,,,,,,
Iogurte com granola e mel -Paulista®,,,,,,165,,15,,,,,,150,240,300,,,,,,,,,,,,,,,,,,,200,300,,,,,,,,,,,,,
"Iogurte com laranja, cenoura emel - Danone®",,,,,,165,,15,,,,,,150,240,300,,,,,,,,,,,,,,,,,,,200,300,,,,,,,,,,,,,
Iogurte Danio tradicional -Danone®,,,,,,165,,15,,,,,,150,240,300,,,,,,,,,,,,,,,,,,,200,300,,,,,,,,,,,,,
Iogurte de araticum,,,,,,165,,15,,,,,,150,240,300,,,,,,,,,,,,,,,,,,,200,300,,,,,,,,,,,,,
"Iogurte de morango Corpus -DanoneC,",,,,,,165,,15,,,,,,150,240,300,,,,,,,,,,,,,,,,,,,200,300,,,,,,,,,,,,,
Iogurte de morango -Parmalat®,,,,,,165,,15,,,,,,150,240,300,,,,,,,,,,,,,,,,,,,200,300,,,,,,,,,,,,,
Iogurte de qualquer sabor,LATICINIOS,,,,,165,,15,,,,,,150,240,300,,,,,,,,,,,,,,,,,,,200,300,,,,,,,,,,,,,
Iogurte de qualquer sabor desnatado orgânico,LATICINIOS,,,,,165,,15,,,,,,150,240,300,,,,,,,,,,,,,,,,,,,200,300,,,,,,,,,,,,,
Iogurte de qualquer sabor diet,LATICINIOS,,,,,165,,15,,,,,,150,240,300,,,,,,,,,,,,,,,,,,,200,300,,,,,,,,,,,,,
Iogurte de qualquer sabor light,LATICINIOS,,,,,165,,15,,,,,,150,240,300,,,,,,,,,,,,,,,,,,,200,300,,,,,,,,,,,,,
Iogurte de qualquer sabor orgânico,LATICINIOS,,,,,165,,15,,,,,,150,240,300,,,,,,,,,,,,,,,,,,,200,300,,,,,,,,,,,,,
Iogurte desnatado,LATICINIOS,,,,,165,,15,,,,,,150,240,300,,,,,,,,,,,,,,,,,,,200,300,,,,,,,,,,,,,
Iogurte desnatado de frutas,,,,,,165,,15,,,,,,150,240,300,,,,,,,,,,,,,,,,,,,200,300,,,,,,,,,,,,,
Iogurte desnatado natural,,,,,,165,,15,,,,,,150,240,300,,,,,,,,,,,,,,,,,,,200,300,,,,,,,,,,,,,
Iogurte grego baunilha -Vigor®,,,,,,100,,15,,,,,,150,240,300,,100,,,,,,,,,,,,,,,,,,,,,,,,,,,,,,,
Iogurte grego com frutasvermelhas - Nestlé®,,,,,,165,,15,,,,,,150,240,300,,90,,,,,,,,,,,,,,,,,200,300,,,,,,,,,,,,,
Iogurte grego com pedaços deabacaxi - Nestlé®,,,,,,165,,15,,,,,,150,240,300,,90,,,,,,,,,,,,,,,,,200,300,,,,,,,,,,,,,
Iogurte grego tradicional -Nestlé®,,,,,,165,,15,,,,,,150,240,300,,90,,,,,,,,,,,,,,,,,200,300,,,,,,,,,,,,,
Iogurte grego tradicional -Vigor®,,,,,,100,,15,,,,,,150,240,300,,100,,,,,,,,,,,,,,,,,,,,,,,,,,,,,,,
"Iogurte integral com cenoura, suco de laranja e mel -Nestlé®",,,,,,165,,15,,,,,,150,240,300,,170,,,,,,,,,,,,,,,,,200,300,,,,,,,,,,,,,
Iogurte integral com mel -Batavo®,,,,,,170,,15,,,,,,150,240,300,,170,,,,,,,,,,,,,,,,,,,,,,,,,,,,,,,
Iogurte integral com mel -Nestlé®,,,,,,165,,15,,,,,,150,240,300,,170,,,,,,,,,,,,,,,,,200,300,,,,,,,,,,,,,
Iogurte integral natural,,,,,,165,,15,,,,,,150,240,300,,,,,,,,,,,,,,,,,,,200,300,,,,,,,,,,,,,
Iogurte integral natural -Batavo®,,,,,,170,,15,,,,,,150,240,300,,170,,,,,,,,,,,,,,,,,,,,,,,,,,,,,,,
Iogurte integral natural -Nestlé®,,,,,,165,,15,,,,,,150,240,300,,170,,,,,,,,,,,,,,,,,200,300,,,,,,,,,,,,,
Iogurte limonada suíçaDan'up - Danone®,,,,,,165,,15,,,,,,150,240,300,,,,,,,,,,,,,,,,,,,200,300,,,,,,,,,,,,,
Iogurte líquido maçã e bananaNinho - Nestlé®,,,,,,165,,15,,,,,,150,240,300,,90,,,,,,,,,,,,,,,,,200,300,,,,,,,,,,,,,
Iogurte líquido morangoNinho - Nestlé®,,,,,,165,,15,,,,,,150,240,300,,90,,,,,,,,,,,,,,,,,200,300,,,,,,,,,,,,,
Iogurte natural,LATICINIOS,,,,,165,,15,,,,,,150,240,300,,,,,,,,,,,,,,,,,,,200,300,,,,,,,,,,,,,
Iogurte natural - Parmalat®,,,,,,165,,15,,,,,,150,240,300,,,,,,,,,,,,,,,,,,,200,300,,,,,,,,,,,,,
Iogurte natural de qualquer sabor orgânico,LATICINIOS,,,,,165,,15,,,,,,150,240,300,,,,,,,,,,,,,,,,,,,200,300,,,,,,,,,,,,,
Iogurte natural desnatado -Batavo®,,,,,,170,,15,,,,,,150,240,300,,170,,,,,,,,,,,,,,,,,,,,,,,,,,,,,,,
Iogurte natural desnatado -Danone®,,,,,,165,,15,,,,,,150,240,300,,,,,,,,,,,,,,,,,,,200,300,,,,,,,,,,,,,
Iogurte natural desnatado -Nestlé®,,,,,,165,,15,,,,,,150,240,300,,,,,,,,,,,,,,,,,,,200,300,,,,,,,,,,,,,
Iogurte natural desnatadoenriquecido com vitamina E -Parmalat®,,,,,,165,,15,,,,,,150,240,300,,,,,,,,,,,,,,,,,,,200,300,,,,,,,,,,,,,
Iogurte natural parcialmentedesnatado - Paulista®,,,,,,165,,15,,,,,,150,240,300,,,,,,,,,,,,,,,,,,,200,300,,,,,,,,,,,,,
Iogurte natural tradicional -Paulista®,,,,,,165,,15,,,,,,150,240,300,,,,,,,,,,,,,,,,,,,200,300,,,,,,,,,,,,,
Iogurte polpa de fruta coco -Danone®,,,,,,165,,15,,,,,,150,240,300,,,,,,,,,,,,,,,,,,,200,300,,,,,,,,,,,,,
Iogurte polpa de fruta coco -Nestlé®,,,,,,165,,15,,,,,,150,240,300,,,,,,,,,,,,,,,,,,,200,300,,,,,,,,,,,,,
Iogurte polpa de fruta frutasvermelhas Dan'up - Danone®,,,,,,165,,15,,,,,,150,240,300,,,,,,,,,,,,,,,,,,,200,300,,,,,,,,,,,,,
Iogurte polpa de frutamorango - Batavo®,,,,,,180,,15,,,,,,150,240,300,,180,,,,,,,,,,,,,,,,,,,,,,,,,,,,,,,
Iogurte polpa de frutamorango - Danone®,,,,,,165,,15,,,,,,150,240,300,,,,,,,,,,,,,,,,,,,200,300,,,,,,,,,,,,,
Iogurte polpa de frutamorango - Nestlé®,,,,,,165,,15,,,,,,150,240,300,,,,,,,,,,,,,,,,,,,200,300,,,,,,,,,,,,,
Iogurte polpa de frutamorango - Paulista®,,,,,,165,,15,,,,,,150,240,300,,,,,,,,,,,,,,,,,,,200,300,,,,,,,,,,,,,
Iogurte polpa de frutamorango e coco - Batavo»,,,,,,180,,15,,,,,,150,240,300,,180,,,,,,,,,,,,,,,,,,,,,,,,,,,,,,,
Iogurte polpa de frutas sortidas- Paulista»,,,,,,165,,15,,,,,,150,240,300,,,,,,,,,,,,,,,,,,,200,300,,,,,,,,,,,,,
Iogurte vitamina de bananaDan'up - Danone®,,,,,,165,,15,,,,,,150,240,300,,,,,,,,,,,,,,,,,,,200,300,,,,,,,,,,,,,
"Iogurte, ameixa",,,,,,165,,15,,,,,,150,240,300,,,,,,,,,,,,,,,,,,,200,300,,,,,,,,,,,,,
"Iogurte, coco",,,,,,165,,15,,,,,,150,240,300,,,,,,,,,,,,,,,,,,,200,300,,,,,,,,,,,,,
"Iogurte, maçã",,,,,,165,,15,,,,,,150,240,300,,,,,,,,,,,,,,,,,,,200,300,,,,,,,,,,,,,
"Iogurte, maracujá",,,,,,165,,15,,,,,,150,240,300,,,,,,,,,,,,,,,,,,,200,300,,,,,,,,,,,,,
"Iogurte, natural",,,,,,165,,15,,,,,,150,240,300,,,,,,,,,,,,,,,,,,,200,300,,,,,,,,,,,,,
"Iogurte, natural, ""Vigor"" (TBCA)",,,,,,170,,15,,,,,,150,240,300,,170,,,,,,,,,,,,,,,,,,,,,,,,,,,,,,,
"Iogurte, natural, ""Vigor"" (TBCA)",,,,,,170,,15,,,,,,150,240,300,,170,,,,,,,,,,,,,,,,,,,,,,,,,,,,,,,
"Iogurte, natural, desnatado (TACO)",,,,,,165,,15,,,,,,150,240,300,,,,,,,,,,,,,,,,,,,200,300,,,,,,,,,,,,,
"Iogurte, natural, desnatado (TBCA)",,,,,,165,,15,,,,,,150,240,300,,,,,,,,,,,,,,,,,,,200,300,,,,,,,,,,,,,
"Iogurte, polpa de fruta,morango",,,,,,165,,15,,,,,,150,240,300,,,,,,,,,,,,,,,,,,,200,300,,,,,,,,,,,,,
"Iogurte, sabor abacaxi",,,,,,165,,15,,,,,,150,240,300,,,,,,,,,,,,,,,,,,,200,300,,,,,,,,,,,,,
"Iogurte, sabor morango",,,,,,165,,15,,,,,,150,240,300,,,,,,,,,,,,,,,,,,,200,300,,,,,,,,,,,,,
"Iogurte, sabor morango (média de diferentes amostras)",,,,,,165,,15,,,,,,150,240,300,,,,,,,,,,,,,,,,,,,200,300,,,,,,,,,,,,,
"Iogurte, sabor pêssego (TACO)",,,,,,165,,15,,,,,,150,240,300,,,,,,,,,,,,,,,,,,,200,300,,,,,,,,,,,,,
"Iogurte, sabor pêssego (TBCA)",,,,,,165,,15,,,,,,150,240,300,,,,,,,,,,,,,,,,,,,200,300,,,,,,,,,,,,,
"Iogurte, salada de frutas",,,,,,165,,15,,,,,,150,240,300,,,,,,,,,,,,,,,,,,,200,300,,,,,,,,,,,,,
Ioio creme (chocolate em creme),AÇUCARES/CONFEITARIA,,,,,,,,,,,,,,,,,,,,,,,,,,,,,,,,,,,,,,,,,,,,,,,,
Isca de pirarucu,,,,,,,,,,,,,,,,,,,,,,,,,,,,,,,,,,,,,,,,,,,,,,,,,
Isca de pirarucu ao molho,,,,,,,,,,,,,,,,,,,,,,,,,,,,,,,,,,,,,,,,,,,,,,,,,
"Isosource 1,5 - Nestlé®",,,,,,,,,,,,,,,,,,,,,,,,,,,,,,,,,,,,,,,,,,,,,,,,,
"Isosource 1,5 sem sacarose -Nestlé®",,,,,,,,,,,,,,,,,,,,,,,,,,,,,,,,,,,,,,,,,,,,,,,,,
Isosource HN - Nestlé®,,,,,,,,,,,,,,,,,,,,,,,,,,,,,,,,,,,,,,,,,,,,,,,,,
Isosource soya - Nestlé®,,,,,,,,,,,,,,,,,,,,,,,,,,,,,,,,,,,,,,,,,,,,,,,,,
Isosource standard - Nestlé®,,,,,,,,,,,,,,,,,,,,,,,,,,,,,,,,,,,,,,,,,,,,,,,,,
Itokonyaku,,,,,,,,,,,,,,,,,,,,,,,,,,,,,,,,,,,,,,,,,,,,,,,,,
Jaba,OUTRAS CARNES,,100,90,35,75,70,30,140,70,,,,,,,,,,,,,,,,,,,,,,,,,,,,,,,,,,,,,,,
Jaba cozido(a),OUTRAS CARNES,,100,90,35,75,70,30,140,70,,,,,,,,,,,,,,,,,,,,,,,,,,,,,,,,,,,,,,,
Jaba frito(a),OUTRAS CARNES,,100,90,35,75,70,30,140,70,,,,,,,,,,,,,,,,,,,,,,,,,,,,,,,,,,,,,,,
Jaba refogado(a),OUTRAS CARNES,,100,90,35,75,70,30,140,70,,,,,,,,,,,,,,,,,,,,,,,,,,,,,,,,,,,,,,,
Jaboticaba,FRUTAS/SUCOS/VITAMINAS,,,,,,,,,,,,,,,,,,,,,,,,,,,,,,,,,,,,,,,,,,,,,,,,
Jabuticaba,,,,,,,,,,,,,,,,,,,,,,,,,,,,,,,,,,,,,,,,,,,,,,,,,
"Jabuticaba, crua",,,,,,,,,,,,,,,,,,,,,,,,,,,,,,,,,,,,,,,,,,,,,,,,,
"Jabuticaba, in natura, Myrciaria cauliflora Berg.",,,,,,,,,,,,,,,,,,,,,,,,,,,,,,,,,,,,,,,,,,,,,,,,,
Jaca (IBGE),FRUTAS/SUCOS/VITAMINAS,,,,,,,,,,,,,,,,,,,,,,,,,,,,,,,,,,,,,,,,,,,,,,,,
Jaca (Tucunduva),,,,,,,,,,,,,,,,,,,,,,,,,,,,,,,,,,,,,,,,,,,,,,,,,
Jaca (casca),,,,,,,,,,,,,,,,,,,,,,,,,,,,,,,,,,,,,,,,,,,,,,,,,
Jaca (semente),,,,,,,,,,,,,,,,,,,,,,,,,,,,,,,,,,,,,,,,,,,,,,,,,
"Jaca, crua",,,,,,,,,,,,,,,,,,,,,,,,,,,,,,,,,,,,,,,,,,,,,,,,,
"Jaca, crua, Artocarpus integrifolia L. f.",,,,,,,,,,,,,,,,,,,,,,,,,,,,,,,,,,,,,,,,,,,,,,,,,
Jacare (carne bovina de segunda c/ osso) assado(a),CARNE BOVINA,100,100,90,35,75,70,30,140,70,,,,,,,,,,,,,,,,,,,,,,,,,,,,,,,,,,,,,,,
Jacare (carne bovina de segunda c/ osso) cozido(a),CARNE BOVINA,100,100,90,35,75,70,30,140,70,,,,,,,,,,,,,,,,,,,,,,,,,,,,,,,,,,,,,,,
Jacare (carne bovina de segunda c/ osso) frito(a),CARNE BOVINA,100,100,90,35,75,70,30,140,70,,,,,,,,,,,,,,,,,,,,,,,,,,,,,,,,,,,,,,,
Jambo,FRUTAS/SUCOS/VITAMINAS,,,,,,,,,,,,,,,,,,,,,,,,,,,,,,,,,,,,,,,,,,,,,,,,
"Jambo, cru",,,,,,,,,,,,,,,,,,,,,,,,,,,,,,,,,,,,,,,,,,,,,,,,,
"Jambo, in natura, Eugenia malaccensis L.",,,,,,,,,,,,,,,,,,,,,,,,,,,,,,,,,,,,,,,,,,,,,,,,,
Jambu,ERVAS,,,,,,,,,,,,,,,,,,,,,,,,,,,,,,,,,,,,,,,,,,,,,,,,
Jamelão (jamburao),FRUTAS/SUCOS/VITAMINAS,,,,,,,,,,,,,,,,,,,,,,,,,,,,,,,,,,,,,,,,,,,,,,,,
"Jamelão, cru",,,,,,,,,,,,,,,,,,,,,,,,,,,,,,,,,,,,,,,,,,,,,,,,,
"Jamelão, in natura, Syzygium cumini Lamarck",,,,,,,,,,,,,,,,,,,,,,,,,,,,,,,,,,,,,,,,,,,,,,,,,
Jaraqui (frito),,,,,,,,,,,,,,,,,,,,,,,,,,,,,,,,,,,,,,,,,,,,,,,,,
Jardineira,,,,,,,,,,,,,,,,,,,,,,,,,,,,,,,,,,,,,,,,,,,,,,,,,
Jardineira (seleta),LEGUMINOSAS,,,,,,,,,,,,,,,,,,,,,,,,,,,,,,,,,,,,,,,,,,,,,,,,
Jenipapo (IBGE),FRUTAS/SUCOS/VITAMINAS,,,,,,,,,,,,,,,,,,,,,,,,,,,,,,,,,,,,,,,,,,,,,,,,
Jenipapo (Tucunduva),,,,,,,,,,,,,,,,,,,,,,,,,,,,,,,,,,,,,,,,,,,,,,,,,
Jerimum cozido(a),VERDURAS,,,,,,,,,,,,,,,,,,,,,,,,,,,,,,,,,,,,,,,,,,,,,,,,
Jerimum cru(a),VERDURAS,,,,,,,,,,,,,,,,,,,,,,,,,,,,,,,,,,,,,,,,,,,,,,,,
Jilo,VERDURAS,,,,,40,95,60,110,,,,,,,,,,,,,,,,,,,,,26,,,,,,,,,,,,,,,,,,,
Jiló,,,,,,40,95,60,110,,,,,,,,,,,,,,,,,,,,,26,,,,,,,,,,,,,,,,,,,
Jiló (casca),,,,,,40,95,60,110,,,,,,,,,,,,,,,,,,,,,26,,,,,,,,,,,,,,,,,,,
Jilo assado(a),VERDURAS,,,,,40,95,60,110,,,,,,,,,,,,,,,,,,,,,26,,,,,,,,,,,,,,,,,,,
Jilo com manteiga/oleo,VERDURAS,,,,,40,95,60,110,,,,,,,,,,,,,,,,,,,,,26,,,,,,,,,,,,,,,,,,,
Jilo cozido(a),VERDURAS,,,,,40,95,60,110,,,,,,,,,,,,,,,,,,,,,26,,,,,,,,,,,,,,,,,,,
Jilo cru(a),VERDURAS,,,,,40,95,60,110,,,,,,,,,,,,,,,,,,,,,26,,,,,,,,,,,,,,,,,,,
Jilo ensopado,VERDURAS,,,,,40,95,60,110,,,,,,,,,,,,,,,,,,,,,26,,,,,,,,,,,,,,,,,,,
Jilo frito(a),VERDURAS,,,,,40,95,60,110,,,,,,,,,,,,,,,,,,,,,26,,,,,,,,,,,,,,,,,,,
Jilo refogado(a),VERDURAS,,,,,40,95,60,110,,,,,,,,,,,,,,,,,,,,,26,,,,,,,,,,,,,,,,,,,
"Jiló, cru",,,,,,40,95,60,110,,,,,,,,,,,,,,,,,,,,,26,,,,,,,,,,,,,,,,,,,
Jucara,TUBERCULOS,,,,,,,,,,,,,,,,,,,,,,,,,,,,,,,,,,,,,,,,,,,,,,,,
Jujuba,AÇUCARES/CONFEITARIA,,,,,,,,,,,,,,,,,,,,,,,,,,,,,,,,,,,,,,,,,,,,,,,,
Jurubeba,ERVAS,,,,,,,,,,,,,,,,,,,,,,,,,,,,,,,,,,,,,,,,,,,,,,,,
"Jurubeba, crua",,,,,,,,,,,,,,,,,,,,,,,,,,,,,,,,,,,,,,,,,,,,,,,,,
Jussara,,,,,,,,,,,,,,,,,,,,,,,,,,,,,,,,,,,,,,,,,,,,,,,,,
Kamaboko rosa,,,,,,,,,,,,,,,,,,,,,,,,,,,,,,,,,,,,,,,,,,,,,,,,,
Kani kama (cru),,,,,,,,,,,,,,,,,,,,,,,,,,,,,,,,,,,,,,,,,,,,,,,,,
Katsuo bushi (casca de peixedesidratada),,,,,,,,,,,,,,,,,,,,,,,,,,,,,,,,,,,,,,,,,,,,,,,,,
Ketchup,CONDIMENTOS,,,,,,,,,,,,,,,,,,,,,,,,,,,,,,,,,,,,,,,,,,,,,,,,
Ketocal,,,,,,,,,,,,,,,,,,,,,,,,,,,,,,,,,,,,,,,,,,,,,,,,,
Kibe bovino - Perdigão®,,,,,,,,,,,,,,,,,,,,,,,,,,,,,,,,,,,,,,,,,,,,,,,,,
Kibe bovino - Sadia®,,,,,,,,,,,,,,,,,,,,,,,,,,,,,,,,,,,,,,,,,,,,,,,,,
Kibinho de carne bovina- Seara®,,,,,,,,,,,,,,,,,,,,,,,,,,,,,,,,,,,,,,,,,,,,,,,,,
Kinder ovo,AÇUCARES/CONFEITARIA,,,,,,,,,,,,,,,,,,,,,,,,,,,,,,,,,,,,,,,,,,,,,,,,
Kinder ovo - Kinder®,,,,,,,,,,,,,,,,,,,,,,,,,,,,,,,,,,,,,,,,,,,,,,,,,
Kitute bovino,CARNE BOVINA,100,100,90,35,75,70,30,140,70,,,,,,,,,,,,,,,,,,,,,,,,,,,,,,,,,,,,,,,
Kitute suíno,OUTRAS CARNES,,100,90,35,75,70,30,140,70,,,,,,,,,,,,,,,,,,,,,,,,,,,,,,,,,,,,,,,
Kiwi (IBGE),FRUTAS/SUCOS/VITAMINAS,,,,,,,,,,,,,,,,,,,,,,,,,,,,,,,,,,,,,,,,,,,,,,,,
Kiwi (Tucunduva),,,,,,,,,,,,,,,,,,,,,,,,,,,,,,,,,,,,,,,,,,,,,,,,,
"Kiwi, cru",,,,,,,,,,,,,,,,,,,,,,,,,,,,,,,,,,,,,,,,,,,,,,,,,
"Kiwi, in natura, Actinidia chinensis",,,,,,,,,,,,,,,,,,,,,,,,,,,,,,,,,,,,,,,,,,,,,,,,,
Kornbu,,,,,,,,,,,,,,,,,,,,,,,,,,,,,,,,,,,,,,,,,,,,,,,,,
"Krill Oil, 60Caps, 1G/2Caps",,,,,,,,,,,,,,,,,,,,,,,,,,,,,,,,,,,,,,,,,,,,,,,,,
Lagarto (cozido) - carnebovina,,,,,,,,,,,,,,,,,,,,,,,,,,,,,,,,,,,,,,,,,,,,,,,,,
Lagarto (cru) - carne bovina,,100,100,90,35,75,70,30,140,70,,,,,,,,,,,,,,,,,,,,,,,,,,,,,,,,,,,,,,,
Lagarto bovino  assado(a),CARNE BOVINA,100,100,90,35,75,70,30,140,70,,,,,,,,,,,,,,,,,,,,,,,,,,,,,,,,,,,,,,,
Lagarto bovino  cozido(a),CARNE BOVINA,100,100,90,35,75,70,30,140,70,,,,,,,,,,,,,,,,,,,,,,,,,,,,,,,,,,,,,,,
Lagarto bovino  frito(a),CARNE BOVINA,100,100,90,35,75,70,30,140,70,,,,,,,,,,,,,,,,,,,,,,,,,,,,,,,,,,,,,,,
Lagarto bovino  molho vermelho,CARNE BOVINA,100,100,90,35,75,70,30,140,70,,,,,,,,,,,,,,,,,,,,,,,,,,,,,,,,,,,,,,,
Lagarto bovino  refogado(a),CARNE BOVINA,100,100,90,35,75,70,30,140,70,,,,,,,,,,,,,,,,,,,,,,,,,,,,,,,,,,,,,,,
Lagosta (crua),,,,,,,,,,,,,,,,,,,,,,,,,,,,,,,,,,,,,,,,,,,,,,,,,
Lambari (cru),,,,,,,,,,,,,,,,,,,,,,,,,,,,,,,,,,,,,,,,,,,,,,,,,
Lambari (frito),,,,,,,,,,,,,,,,,,,,,,,,,,,,,,,,,,,,,,,,,,,,,,,,,
"Lambari, congelado, cru",,,,,,,,,,,,,,,,,,,,,,,,,,,,,,,,,,,,,,,,,,,,,,,,,
"Lambari, congelado, frito",,,,,,,,,,,,,,,,,,,,,,,,,,,,,,,,,,,,,,,,,,,,,,,,,
"Lambari, fresco, cru",,,,,,,,,,,,,,,,,,,,,,,,,,,,,,,,,,,,,,,,,,,,,,,,,
lambo,,,,,,,,,,,,,,,,,,,,,,,,,,,,,,,,,,,,,,,,,,,,,,,,,
Lanche rápido congelado decarne com cheddar - Pão de Açúcar,,,,,,,,,,,,,,,,,,,,,,,,,,,,,,,,,,,,,,,,,,,,,,,,,
Lanche rápido congelado depizza - Pão de Açúcar°,,,,,,,,,,,,,,,,,,,,,,,,,,,,,,,,,,,,,,,,,,,,,,,,,
Laranja,,,,18,,,,,,,,,,,,,,,,,,,,,,,,,,180,90,90,90,,,,,,,,,,,,,,,,
Laranja (casca),,,,,,,,,,,,,,,,,,,,,,,,,,,,,,,,,,,,,,,,,,,,,,,,,
"Laranja (pera, seleta, lima, da terra, etc)",FRUTAS/SUCOS/VITAMINAS,,,18,,,,,,,,,,,,,,,,,,,,,,,,,,180,90,90,90,,,,,,,,,,,,,,,,
"Laranja e acerola, suco natural (néctar), c/ açúcar refinado",,,,,,,,,,,,,,150,240,300,,,,,,,,,,,,,,300,,,,,200,300,,,,,,,,,,,,,
"Laranja e acerola, suco natural (néctar), s/ açúcar",,,,,,,,,,,,,,150,240,300,,,,,,,,,,,,,,300,,,,,200,300,,,,,,,,,,,,,
"Laranja e banana, suco natural, c/ açúcar refinado",,,,,,,,,,,,,,150,240,300,,,,,,,,,,,,,,300,,,,,200,300,,,,,,,,,,,,,
"Laranja e banana, suco natural, s/ açúcar",,,,,,,,,,,,,,150,240,300,,,,,,,,,,,,,,300,,,,,200,300,,,,,,,,,,,,,
"Laranja e beterraba, suco natural, c/ açúcar refinado",,,,,,,,,,,,,,150,240,300,,,,,,,,,,,,,,300,,,,,200,300,,,,,,,,,,,,,
"Laranja e beterraba, suco natural, s/ açúcar",,,,,,,,,,,,,,150,240,300,,,,,,,,,,,,,,300,,,,,200,300,,,,,,,,,,,,,
"Laranja e cenoura, suco natural, c/ açúcar refinado",,,,,,,,,,,,,,150,240,300,,,,,,,,,,,,,,300,,,,,200,300,,,,,,,,,,,,,
"Laranja e cenoura, suco natural, s/ açúcar",,,,,,,,,,,,,,150,240,300,,,,,,,,,,,,,,300,,,,,200,300,,,,,,,,,,,,,
"Laranja e mamão, suco natural (néctar), c/ açúcar refinado",,,,,,,,,,,,,,150,240,300,,,,,,,,,,,,,,300,,,,,200,300,,,,,,,,,,,,,
"Laranja e mamão, suco natural (néctar), s/ açúcar",,,,,,,,,,,,,,150,240,300,,,,,,,,,,,,,,300,,,,,200,300,,,,,,,,,,,,,
"Laranja e morango, suco natural, c/ açúcar refinado",,,,,,,,,,,,,,150,240,300,,,,,,,,,,,,,,300,,,,,200,300,,,,,,,,,,,,,
"Laranja e morango, suco natural, s/ açúcar",,,,,,,,,,,,,,150,240,300,,,,,,,,,,,,,,300,,,,,200,300,,,,,,,,,,,,,
"Laranja, abacaxi e beterraba, suco natural, c/ açúcar refinado",,,,,,,,,,,,,,150,240,300,,,,,,,,,,,,,,300,,,,,200,300,,,,,,,,,,,,,
"Laranja, abacaxi e beterraba, suco natural, s/ açúcar",,,,,,,,,,,,,,150,240,300,,,,,,,,,,,,,,300,,,,,200,300,,,,,,,,,,,,,
"Laranja, baía, crua",,,,,,,,,,,,,,,,,,,,,,,,,,,,,,,,,,,,,,,,,,,,,,,,,
"Laranja, Baía, in natura, Citrus sinenses",,,,,,,,,,,,,,,,,,,,,,,,,,,,,,,,,,,,,,,,,,,,,,,,,
"Laranja, baía, suco",,,,,,,,,,,,,,150,240,300,,,,,,,,,,,,,,300,,,,,200,300,,,,,,,,,,,,,
"Laranja, Baía, suco, s/ açúcar, Citrus sinensis",,,,,,,,,,,,,,150,240,300,,,,,,,,,,,,,,300,,,,,200,300,,,,,,,,,,,,,
"Laranja, cenoura e beterraba, suco natural, c/ açúcar refinado",,,,,,,,,,,,,,150,240,300,,,,,,,,,,,,,,300,,,,,200,300,,,,,,,,,,,,,
"Laranja, cenoura e beterraba, suco natural, s/ açúcar",,,,,,,,,,,,,,150,240,300,,,,,,,,,,,,,,300,,,,,200,300,,,,,,,,,,,,,
"Laranja, da terra, crua",,,,18,,,,,,,,,,,,,,,,,,,,,,,,,,180,90,90,90,,,,,,,,,,,,,,,,
"Laranja, da terra, suco",,,,,,,,,,,,,,150,240,300,,,,,,,,,,,,,,300,,,,,200,300,,,,,,,,,,,,,
"Laranja, in natura, Citrus spp.",,,,18,,,,,,,,,,,,,,,,,,,,,,,,,,180,90,90,90,,,,,,,,,,,,,,,,
"Laranja, lima, crua",,,,18,,,,,,,,,,,,,,,,,,,,,,,,,,180,90,90,90,,,,,,,,,,,,,,,,
"Laranja, Lima, in natura, Citrus sinensis (L.) Osbeck",,,,18,,,,,,,,,,,,,,,,,,,,,,,,,,180,90,90,90,,,,,,,,,,,,,,,,
"Laranja, lima, suco",,,,,,,,,,,,,,150,240,300,,,,,,,,,,,,,,300,,,,,200,300,,,,,,,,,,,,,
"Laranja, Lima, suco, s/ açúcar, Citrus sinensis (L.) Osbeck",,,,,,,,,,,,,,,,,,,,,,,,,,,,,,,,,,,,,,,,,,,,,,,,,
"Laranja, mamão, pêra e maçã, suco natural (néctar), c/ açúcar refinado",,,,,,,,,,,,,,,,,,,,,,,,,,,,,,,,,,,,,,,,,,,,,,,,,
"Laranja, mamão, pêra e maçã, suco natural (néctar), s/ açúcar",,,,,,,,,,,,,,,,,,,,,,,,,,,,,,,,,,,,,,,,,,,,,,,,,
"Laranja, pêra, crua",,,,18,,,,,,,,,,,,,,,,,,,,,,,,,,180,90,90,90,,,,,,,,,,,,,,,,
"Laranja, Pera, in natura, Citrus sinensis",,,,18,,,,,,,,,,,,,,,,,,,,,,,,,,180,90,90,90,,,,,,,,,,,,,,,,
"Laranja, pêra, suco",,,,,,,,,,,,,,150,240,300,,,,,,,,,,,,,,300,,,,,200,300,,,,,,,,,,,,,
"Laranja, Pera, suco, s/ açúcar, Citrus sinensis",,,,,,,,,,,,,,150,240,300,,,,,,,,,,,,,,300,,,,,200,300,,,,,,,,,,,,,
"Laranja, Seleta, in natura, Citrus aurantium L.",,,,18,,,,,,,,,,,,,,,,,,,,,,,,,,180,90,90,90,,,,,,,,,,,,,,,,
"Laranja, suco, s/ açúcar, Citrus sinensis",,,,,,,,,,,,,,150,240,300,,,,,,,,,,,,,,300,,,,,200,300,,,,,,,,,,,,,
"Laranja, valência, crua",,,,18,,,,,,,,,,,,,,,,,,,,,,,,,,180,90,90,90,,,,,,,,,,,,,,,,
"Laranja, valência, suco",,,,,,,,,,,,,,150,240,300,,,,,,,,,,,,,,300,,,,,200,300,,,,,,,,,,,,,
"Laranja, Valência, suco, s/ açúcar, Citrus sinensis (L.) Osbeck",,,,,,,,,,,,,,150,240,300,,,,,,,,,,,,,,300,,,,,200,300,,,,,,,,,,,,,
Laranja-albuminada,,,,,,,,,,,,,,,,,,,,,,,,,,,,,,,,,,,,,,,,,,,,,,,,,
Laranjada,,,,,,,,,,,,,,,,,,,,,,,,,,,,,,,,,,,,,,,,,,,,,,,,,
"Laranjada, c/ açúcar refinado",,,,,,,,,,,,,,,,,,,,,,,,,,,,,,,,,,,,,,,,,,,,,,,,,
Laranja-kinkan,,,,,,,,,,,,,,,,,,,,,,,,,,,,,,,,,,,,,,,,,,,,,,,,,
Laranja-lima,,,,18,,,,,,,,,,,,,,,,,,,,,,,,,,180,90,90,90,,,,,,,,,,,,,,,,
Laranja-pera,,,,18,,,,,,,,,,,,,,,,,,,,,,,,,,180,90,90,90,,,,,,,,,,,,,,,,
Laranja-seleta,,,,18,,,,,,,,,,,,,,,,,,,,,,,,,,180,90,90,90,,,,,,,,,,,,,,,,
Laranjinha japonesa,FRUTAS/SUCOS/VITAMINAS,,,,,,,,,,,,,,,,,,,,,,,,,,,,,,,,,,,,,,,,,,,,,,,,
"Lasanha (presunto, queijo emolho à bolonhesa)",,,,,,,,,,,,,,,,,,,,,,,,,,,,,,,,,,,,,,,,,,,,,,,,,
Lasanha à bolonhesacongelada - Sadia@,,,,,,100,,,,,,,,,,,,,,,,,,,,,,,,,,,,,,,,,,,,,,,,,,,
Lasanha à bolonhesacongelada Qualitá - Pão de Açúcar,,,,,,,,,,,,,,,,,,,,,,,,,,,,,,,,,,,,,,,,,,,,,,,,,
Lasanha de calabresacongelada - Sadia@,,,,,,100,,,,,,,,,,,,,,,,,,,,,,,,,,,,,,,,,,,,,,,,,,,
Lasanha de camarãocongelada - Costa Sul®,,,,,,,,,,,,,,,,,,,,,,,,,,,,,,,,,,,,,,,,,,,,,,,,,
Lasanha de frango ao molhode vegetais congelada -Sadia®,,,,,,100,,,,,,,,,,,,,,,,,,,,,,,,,,,,,,,,,,,,,,,,,,,
Lasanha de presunto e queijoao sugo congelada - Sadia@,,,,,,100,,,,,,,,,,,,,,,,,,,,,,,,,,,,,,,,,,,,,,,,,,,
Lasanha quatro queijoscongelada - Pão de Açúcar®,,,,,,,,,,,,,,,,,,,,,,,,,,,,,,,,,,,,,,,,,,,,,,,,,
Lasanha quatro queijoscongelada - Sadia®,,,,,,100,,,,,,,,,,,,,,,,,,,,,,,,,,,,,,,,,,,,,,,,,,,
Lasanha verde à bolonhesacongelada - Sadia@,,,,,,100,,,,,,,,,,,,,,,,,,,,,,,,,,,,,,,,,,,,,,,,,,,
"Lasanha, (média diferentes sabores)",,,,,,,,,,,,,,,,,,,,,,,,,,,,,,,,,,,,,,,,,,,,,,,,,
"Lasanha, bolonhesa, caseira, assada",,,,,,,,,,,,,,,,,,,,,,,,,,,,,,,,,,,,,,,,,,,,,,,,,
"Lasanha, bolonhesa, congelada, ""Sadia""",,,,,,100,,,,,,,,,,,,,,,,,,,,,,,,,,,,,,,,,,,,,,,,,,,
"Lasanha, massa fresca, cozida",,,,,,,,,,,,,,,,,,,,,,,,,,,,,,,,,,,,,,,,,,,,,,,,,
"Lasanha, massa fresca, crua",,,,,,,,,,,,,,,,,,,,,,,,,,,,,,,,,,,,,,,,,,,,,,,,,
"Lasanha, massa, fresca, c/ ovos, cozida",,,,,,,,,,,,,,,,,,,,,,,,,,,,,,,,,,,,,,,,,,,,,,,,,
"Lasanha, massa, fresca, c/ ovos, crua",,,,,,,,,,,,,,,,,,,,,,,,,,,,,,,,,,,,,,,,,,,,,,,,,
"Lasanha, mini, bolonhesa, congelada, ""Sadia""",,,,,,100,,,,,,,,,,,,,,,,,,,,,,,,,,,,,,,,,,,,,,,,,,,
"Lasanha, quatro queijos, congelada, ""Sadia""",,,,,,100,,,,,,,,,,,,,,,,,,,,,,,,,,,,,,,,,,,,,,,,,,,
"Lasanha, verde, bolonhesa, congelada, ""Sadia""",,,,,,100,,,,,,,,,,,,,,,,,,,,,,,,,,,,,,,,,,,,,,,,,,,
latoba,,,,,,,,,,,,,,,,,,,,,,,,,,,,,,,,,,,,,,,,,,,,,,,,,
Lazanha,FARINHAS/FÉCULAS/MASSAS,,,,,,,,,,,,,,,,,,,,,,,,,,,,,,,,,,,,,,,,,,,,,,,,
Lazanha pronta light,FARINHAS/FÉCULAS/MASSAS,,,,,,,,,,,,,,,,,,,,,,,,,,,,,,,,,,,,,,,,,,,,,,,,
Legume não especificado em conserva,CONSERVAS,,,,,,,,,,,,,,,,,,,,,,,,,,,,,,,,,,,,,,,,,,,,,,,,
"Leite , humano, colostro",,,,,,,,,,,,,,,,,,,,,,,,,,,,,,,,,,,,,,,,,,,,,,,,,
Leite achocolatado,LATICINIOS,,,,,,,15,,,,,,150,240,300,,,,,,,,,,,,,,,,,,,200,300,,,,,,,,,,,,,
Leite achocolatado diet,LATICINIOS,,,,,,,15,,,,,,150,240,300,,,,,,,,,,,,,,,,,,,200,300,,,,,,,,,,,,,
Leite achocolatado light,LATICINIOS,,,,,,,15,,,,,,150,240,300,,,,,,,,,,,,,,,,,,,200,300,,,,,,,,,,,,,
Leite aromatizado,LATICINIOS,,,,,,,15,,,,,,150,240,300,,,,,,,,,,,,,,,,,,,200,300,,,,,,,,,,,,,
Leite beijinho,LATICINIOS,,,,,,,15,,,,,,150,240,300,,,,,,,,,,,,,,,,,,,200,300,,,,,,,,,,,,,
Leite chocolate NesquikNestlé Fast - Nestlé®,,,,,,,,15,,,,,,150,240,300,,,,,,,,,,,,,,,,,,,200,300,,,,,,,,,,,,,
Leite com chocolate e açúcar,,,,,,,,15,,,,,,150,240,300,,,,,,,,,,,,,,,,,,,200,300,,,,,,,,,,,,,
Leite com sabor,LATICINIOS,,,,,,,15,,,,,,150,240,300,,,,,,,,,,,,,,,,,,,200,300,,,,,,,,,,,,,
Leite com sabor diet,LATICINIOS,,,,,,,15,,,,,,150,240,300,,,,,,,,,,,,,,,,,,,200,300,,,,,,,,,,,,,
Leite condensado,AÇUCARES/CONFEITARIA,,,,,,30,15,,,,,10,,240,300,,,,,,,,,,,,,,,,,,,,,,,,,,,,,,,,,
Leite condensado - Glória®,,,,,,,30,15,,,,,10,,240,300,,,,,,,,,,,,,,,,,,,,,,,,,,,,,,,,,
Leite condensado light Moça- Nestlé®,,,,,,,30,15,,,,,10,,240,300,,,,,,,,,,,,,,,,,,,,,,,,,,,,,,,,,
Leite condensado Moça -Nestlé®,,,,,,,30,15,,,,,10,,240,300,,,,,,,,,,,,,,,,,,,,,,,,,,,,,,,,,
Leite de cabra,LATICINIOS,,,,,,,15,,,,,,150,240,300,,,,,,,,,,,,,,,,,,,200,300,,,,,,,,,,,,,
Leite de cabra desnatado -Caprilat®,,,,,,,,15,,,,,,150,240,300,,,,,,,,,,,,,,,,,,,200,300,,,,,,,,,,,,,
Leite de cabra integral -Caprilat®,,,,,,,,15,,,,,,150,240,300,,,,,,,,,,,,,,,,,,,200,300,,,,,,,,,,,,,
Leite de cabra integral em pó-Caprilat®,,,,,,26,32,16,,,4,2,,,,,,,,,,,,,,,,,,,,,,,,,,,,,,,,,,,,,
Leite de cabra integral em póinstantâneo - Caprilat®,,,,,,26,32,16,,,4,2,,,,,,,,,,,,,,,,,,,,,,,,,,,,,,,,,,,,,
Leite de castanha-do-Brasil,,,,,,,,,,,,,,,,,,,,,,,,,,,,,,,,,,,,,,,,,,,,,,,,,
Leite de coco,LEITES VEGETAIS,,,,,,,20,80,,5,,,150,240,300,,,,,,,,,,,,,,,,,,,,,,,,,,,,,,,,,
Leite de coco - Ducóco0,,,,,,,,20,80,,5,,,150,240,300,,,,,,,,,,,,,,,,,,,,,,,,,,,,,,,,,
Leite de coco - Socôco®,,,,,,,,20,80,,5,,,150,240,300,,,,,,,,,,,,,,,,,,,,,,,,,,,,,,,,,
Leite de coco light,LEITES VEGETAIS,,,,,,,20,80,,5,,,150,240,300,,,,,,,,,,,,,,,,,,,,,,,,,,,,,,,,,
Leite de gergelim,,,,,,,,20,80,,5,,,150,240,300,,,,,,,,,,,,,,,,,,,,,,,,,,,,,,,,,
Leite de soja,,,,,,,,20,80,,5,,,150,240,300,,,,,,,,,,,,,,,,,,,,,,,,,,,,,,,,,
Leite de soja com sabor,LEITES VEGETAIS,,,,,,,20,80,,5,,,150,240,300,,,,,,,,,,,,,,,,,,,,,,,,,,,,,,,,,
Leite de soja com sabor light,LEITES VEGETAIS,,,,,,,20,80,,5,,,150,240,300,,,,,,,,,,,,,,,,,,,,,,,,,,,,,,,,,
Leite de soja em pó,LEITES VEGETAIS,,,,,,,13,,,3,,6,,,,,,,,,,,,,,,,,,,,,,,,,,,,,,,,,,,,
Leite de soja em pó light,LEITES VEGETAIS,,,,,,,13,,,3,,6,,,,,,,,,,,,,,,,,,,,,,,,,,,,,,,,,,,,
Leite de vaca desnatado,LATICINIOS,,,,,,,15,,,,,,150,240,300,,,,,,,,,,,,,,,,,,,200,300,,,,,,,,,,,,,
Leite de vaca fresco,LATICINIOS,,,,,,,15,,,,,,150,240,300,,,,,,,,,,,,,,,,,,,200,300,,,,,,,,,,,,,
Leite de vaca fresco orgânico,LATICINIOS,,,,,,,15,,,,,,150,240,300,,,,,,,,,,,,,,,,,,,200,300,,,,,,,,,,,,,
Leite de vaca integral,LATICINIOS,,,,,,,15,,,,,,150,240,300,,,,,,,,,,,,,,,,,,,200,300,,,,,,,,,,,,,
Leite de vaca integral orgânico,LATICINIOS,,,,,,,15,,,,,,150,240,300,,,,,,,,,,,,,,,,,,,200,300,,,,,,,,,,,,,
Leite de vaca semidesnatado,LATICINIOS,,,,,,,15,,,,,,150,240,300,,,,,,,,,,,,,,,,,,,200,300,,,,,,,,,,,,,
Leite em pó,LATICINIOS,,,,,26,32,16,,,4,2,,,,,,,,,,,,,,,,,,,,,,,,,,,,,,,,,,,,,
Leite em pó com sabor,LATICINIOS,,,,,26,32,16,,,4,2,,,,,,,,,,,,,,,,,,,,,,,,,,,,,,,,,,,,,
Leite em pó de soja - Sobee®,,,,,,26,32,16,,,4,2,,,,,,,,,,,,,,,,,,,,,,,,,,,,,,,,,,,,,
Leite em pó desnatado,LATICINIOS,,,,,26,32,16,,,4,2,,,,,,,,,,,,,,,,,,,,,,,,,,,,,,,,,,,,,
Leite em pó desnatado -Glória®,,,,,,26,32,16,,,4,2,,,,,,,,,,,,,,,,,,,,,,,,,,,,,,,,,,,,,
Leite em pó integral,LATICINIOS,,,,,26,32,16,,,4,2,,,,,,,,,,,,,,,,,,,,,,,,,,,,,,,,,,,,,
Leite em pó integral de cabracom ácido fólico - Scabra®,,,,,,26,32,16,,,4,2,,,,,,,,,,,,,,,,,,,,,,,,,,,,,,,,,,,,,
Leite em pó integral de cabracom ácido fólico reconstituído - Scabra®*,,,,,,26,32,16,,,4,2,,,,,,,,,,,,,,,,,,,,,,,,,,,,,,,,,,,,,
Leite em pó integral fortificado- La Serenissima®,,,,,,26,32,16,,,4,2,,,,,,,,,,,,,,,,,,,,,,,,,,,,,,,,,,,,,
Leite em pó integral fortificadoinstantâneo Ninho - Nestlé®,,,,,,26,32,16,,,4,2,,,,,,,,,,,,,,,,,,,,,,,,,,,,,,,,,,,,,
Leite em pó integral fortificadoNinho - Nestlé®,,,,,,26,32,16,,,4,2,,,,,,,,,,,,,,,,,,,,,,,,,,,,,,,,,,,,,
Leite em pó integralenriquecido - Nutricional (Posto de Saúde),,,,,,26,32,16,,,4,2,,,,,,,,,,,,,,,,,,,,,,,,,,,,,,,,,,,,,
Leite em pó integralenriquecido Bônus - Nestlé®,,,,,,26,32,16,,,4,2,,,,,,,,,,,,,,,,,,,,,,,,,,,,,,,,,,,,,
Leite em pó integralenriquecido com ferro e vitamina - Nutril®,,,,,,26,32,16,,,4,2,,,,,,,,,,,,,,,,,,,,,,,,,,,,,,,,,,,,,
Leite em pó modificado -Pregestimil®,,,,,,26,32,16,,,4,2,,,,,,,,,,,,,,,,,,,,,,,,,,,,,,,,,,,,,
Leite em pó modificado Sobee- Mead Johnson0,,,,,,26,32,16,,,4,2,,,,,,,,,,,,,,,,,,,,,,,,,,,,,,,,,,,,,
Leite em pó modificadoEnfalac - Prematuro®,,,,,,26,32,16,,,4,2,,,,,,,,,,,,,,,,,,,,,,,,,,,,,,,,,,,,,
Leite em pó Nestogeno Soy -Nestlé®,,,,,,26,32,16,,,4,2,,,,,,,,,,,,,,,,,,,,,,,,,,,,,,,,,,,,,
Leite em pó semidesnatadoBônus - Nestlé®,,,,,,26,32,16,,,4,2,,,,,,,,,,,,,,,,,,,,,,,,,,,,,,,,,,,,,
Leite em pó semidesnatadoenriquecido Svelty Soy -Nestlé®,,,,,,26,32,16,,,4,2,,,,,,,,,,,,,,,,,,,,,,,,,,,,,,,,,,,,,
Leite em pó total cálcioMolico - Nestlé®,,,,,,26,32,16,,,4,2,,,,,,,,,,,,,,,,,,,,,,,,,,,,,,,,,,,,,
Leite fermentado,LATICINIOS,,,,,,,15,,,,,,150,240,300,,,,,,,,,,,,,,,,,,,200,300,,,,,,,,,,,,,
Leite fermentado Chamyto -Nestlé®,,,,,,,,15,,,,,,150,240,300,,,,,,,,,,,,,,,,,,,200,300,,,,,,,,,,,,,
Leite geleificado,LATICINIOS,,,,,,,,,,,,,,240,300,,,,,,,,,,,,,,,,,,,,,,,,,,,,,,,,,
Leite gelificado chocolate -Nestlé®,,,,,,,,,,,,,,,240,300,,,,,,,,,,,,,,,,,,,,,,,,,,,,,,,,,
Leite integral em pó - LaSerenissima®,,,,,,26,32,16,,,4,2,,,,,,,,,,,,,,,,,,,,,,,,,,,,,,,,,,,,,
Leite integral Nescau -Nestlé®,,,,,,,,15,,,,,,150,240,300,,,,,,,,,,,,,,,,,,,200,300,,,,,,,,,,,,,
Leite longa vida desnatado -Cotochés®,,,,,,,,15,,,,,,150,240,300,,,,,,,,,,,,,,,,,,,200,300,,,,,,,,,,,,,
Leite longa vida desnatado -Elegê®,,,,,,,,15,,,,,,150,240,300,,,,,,,,,,,,,,,,,,,200,300,,,,,,,,,,,,,
Leite longa vida desnatado -Leco®,,,,,,,,15,,,,,,150,240,300,,,,,,,,,,,,,,,,,,,200,300,,,,,,,,,,,,,
Leite longa vida desnatado -ltalac®,,,,,,,,15,,,,,,150,240,300,,,,,,,,,,,,,,,,,,,200,300,,,,,,,,,,,,,
Leite longa vida desnatado -Parmalat®,,,,,,,,15,,,,,,150,240,300,,,,,,,,,,,,,,,,,,,200,300,,,,,,,,,,,,,
Leite longa vida integral -Cotochés®,,,,,,,,15,,,,,,150,240,300,,,,,,,,,,,,,,,,,,,200,300,,,,,,,,,,,,,
Leite longa vida integral -Elegê®,,,,,,,,15,,,,,,150,240,300,,,,,,,,,,,,,,,,,,,200,300,,,,,,,,,,,,,
Leite longa vida integral -Parmalat®,,,,,,,,15,,,,,,150,240,300,,,,,,,,,,,,,,,,,,,200,300,,,,,,,,,,,,,
Leite longa vida integral -Paulista®,,,,,,,,15,,,,,,150,240,300,,,,,,,,,,,,,,,,,,,200,300,,,,,,,,,,,,,
Leite longa vida integral zerolactose - Parmalat®,,,,,,,,15,,,,,,150,240,300,,,,,,,,,,,,,,,,,,,200,300,,,,,,,,,,,,,
Leite longa vidasemidesnatado - Cotochés®,,,,,,,,15,,,,,,150,240,300,,,,,,,,,,,,,,,,,,,200,300,,,,,,,,,,,,,
Leite longa vidasemidesnatado - Elegé0,,,,,,,,15,,,,,,150,240,300,,,,,,,,,,,,,,,,,,,200,300,,,,,,,,,,,,,
Leite longa vidasemidesnatado - Parmalat®,,,,,,,,15,,,,,,150,240,300,,,,,,,,,,,,,,,,,,,200,300,,,,,,,,,,,,,
Leite materno,,,,,,,,15,,,,,,150,240,300,,,,,,,,,,,,,,,,,,,200,300,,,,,,,,,,,,,
Leite morango Longuinho -Paulista®,,,,,,,,15,,,,,,150,240,300,,,,,,,,,,,,,,,,,,,200,300,,,,,,,,,,,,,
Leite morango Nesquik -Nestlé®,,,,,,,,15,,,,,,150,240,300,,,,,,,,,,,,,,,,,,,200,300,,,,,,,,,,,,,
Leite não especificado pasteurizado,LATICINIOS,,,,,165,,15,,,,,,150,240,300,,,,,,,,,,,,,,,,,,,200,300,,,,,,,,,,,,,
Leite pasteurizado light -Paulista®,,,,,,,,15,,,,,,150,240,300,,,,,,,,,,,,,,,,,,,200,300,,,,,,,,,,,,,
Leite semidesnatado de vaca orgânico,LATICINIOS,,,,,165,,15,,,,,,150,240,300,,,,,,,,,,,,,,,,,,,200,300,,,,,,,,,,,,,
Leite semidesnatado -Paulista®,,,,,,,,15,,,,,,150,240,300,,,,,,,,,,,,,,,,,,,200,300,,,,,,,,,,,,,
Leite tipo A integralpasteurizado - Bela Vista®,,,,,,,,15,,,,,,150,240,300,,,,,,,,,,,,,,,,,,,200,300,,,,,,,,,,,,,
"Leite, búfala, integral",,,,,,,,15,,,,,,150,240,300,,,,,,,,,,,,,,,,,,,200,300,,,,,,,,,,,,,
"Leite, c/café, vaca, pó",,,,,,26,32,16,,,4,2,,,,,,,,,,,,,,,,,,,,,,,,,,,,,,,,,,,,,
"Leite, cabra, desnatado",,,,,,,,,,,,,,150,240,300,,,,,,,,,,,,,,,,,,,200,300,,,,,,,,,,,,,
"Leite, cabra, integral",,,,,,,,,,,,,,150,240,300,,,,,,,,,,,,,,,,,,,200,300,,,,,,,,,,,,,
"Leite, condensado",,,,,,,30,15,,,,,10,,240,300,,,,,,,,,,,,,,,,,,,,,,,,,,,,,,,,,
"Leite, de cabra",,,,,,,,15,,,,,,150,240,300,,,,,,,,,,,,,,,,,,,200,300,,,,,,,,,,,,,
"Leite, de coco",,,,,,,,15,,,,,,150,240,300,,,,,,,,,,,,,,,,,,,200,300,,,,,,,,,,,,,
"Leite, de vaca, achocolatado",,,,,,,,15,,,,,,150,240,300,,,,,,,,,,,,,,,,,,,200,300,,,,,,,,,,,,,
"Leite, de vaca, desnatado, pó",,,,,,26,32,16,,,4,2,,,,,,,,,,,,,,,,,,,,,,,,,,,,,,,,,,,,,
"Leite, de vaca, desnatado, UHT",,,,,,,,15,,,,,,150,240,300,,,,,,,,,,,,,,,,,,,200,300,,,,,,,,,,,,,
"Leite, de vaca, integral",,,,,,,,15,,,,,,150,240,300,,,,,,,,,,,,,,,,,,,200,300,,,,,,,,,,,,,
"Leite, de vaca, integral, pó",,,,,,26,32,16,,,4,2,,,,,,,,,,,,,,,,,,,,,,,,,,,,,,,,,,,,,
"Leite, fermentado",,,,,,,,15,,,,,,150,240,300,,,,,,,,,,,,,,,,,,,200,300,,,,,,,,,,,,,
"Leite, fermentado, fermentado",,,,,,,,15,,,,,,150,240,300,,,,,,,,,,,,,,,,,,,200,300,,,,,,,,,,,,,
"Leite, humano, maduro (média de diferentes amostras)",,,,,,,,15,,,,,,150,240,300,,,,,,,,,,,,,,,,,,,200,300,,,,,,,,,,,,,
"Leite, vaca, c/ chocolate, fluído",,,,,,,,15,,,,,,150,240,300,,,,,,,,,,,,,,,,,,,200,300,,,,,,,,,,,,,
"Leite, vaca, c/ chocolate, pó",,,,,,26,32,16,,,4,2,,,,,,,,,,,,,,,,,,,,,,,,,,,,,,,,,,,,,
"Leite, vaca, c/ chocolate, Toddynho",,,,,,,,15,,,,,,150,240,300,,,,,,,,,,,,,,,,,,,200,300,,,,,,,,,,,,,
"Leite, vaca, c/chocolate, desnatado, ""Toddynho""",,,,,,,,15,,,,,,150,240,300,,,,,,,,,,,,,,,,,,,200,300,,,,,,,,,,,,,
"Leite, vaca, condensado",,,,,,,,15,,,,,,150,240,300,,,,,,,,,,,,,,,,,,,200,300,,,,,,,,,,,,,
"Leite, vaca, desnatado (média de diferentes amostras)",,,,,,,,,,,,,,,,,,,,,,,,,,,,,,,,,,,,,,,,,,,,,,,,,
"Leite, vaca, desnatado, pó",,,,,,26,32,16,,,4,2,,,,,,,,,,,,,,,,,,,,,,,,,,,,,,,,,,,,,
"Leite, vaca, desnatado, UHT, ""Vigor""",,,,,,170,,15,,,,,,150,240,300,,,,,,,,,,,,,,,,,,,,,,,,,,,,,,,,,
"Leite, vaca, integral",,,,,,,,,,,,,,150,240,300,,,,,,,,,,,,,,,,,,,200,300,,,,,,,,,,,,,
"Leite, vaca, integral, orgânico",,,,,,,,,,,,,,150,240,300,,,,,,,,,,,,,,,,,,,200,300,,,,,,,,,,,,,
"Leite, vaca, integral, pó",,,,,,26,32,16,,,4,2,,,,,,,,,,,,,,,,,,,,,,,,,,,,,,,,,,,,,
"Leite, vaca, integral, pó, ""Ninho""",,,,,,26,32,16,,,4,2,,,,,,,,,,,,,,,,,,,,,,,,,,,,,,,,,,,,,
"Leite, vaca, integral, pó, instantâneo, Ninho",,,,,,26,32,16,,,4,2,,,,,,,,,,,,,,,,,,,,,,,,,,,,,,,,,,,,,
"Leite, vaca, integral, UHT (média de diferentes amostras)",,,,,,,,,,,,,,150,240,300,,,,,,,,,,,,,,,,,,,200,300,,,,,,,,,,,,,
"Leite, vaca, semidesnatado, UHT",,,,,,,,,,,,,,150,240,300,,,,,,,,,,,,,,,,,,,200,300,,,,,,,,,,,,,
Leitoa à pururuca,,,,,,,,,,,,,,,,,,,,,,,,,,,,,,,,,,,,,,,,,,,,,,,,,
Lentilha,LEGUMINOSAS,,,,,48,32,18,160,,,,,,,,,,,320,160,160,,,,,,,,,,,,,,,,,,,,,,,,,,,
Lentilha - Bonduelle®,,,,,,48,32,18,160,,,,,,,,,,,320,160,160,,,,,,,,,,,,,,,,,,,,,,,,,,,
Lentilha - Yoki®,,,,,,48,32,18,160,,,,,,,,,,,320,160,160,,,,,,,,,,,,,,,,,,,,,,,,,,,
Lentilha cozida (grãos),,,,,,48,32,18,160,,,,,,,,,,,320,160,160,,,,,,,,,,,,,,,,,,,,,,,,,,,
Lentilha seca,,,,,,48,32,18,160,,,,,,,,,,,320,160,160,,,,,,,,,,,,,,,,,,,,,,,,,,,
"Lentilha, cozida",,,,,,48,32,18,160,,,,,,,,,,,320,160,160,,,,,,,,,,,,,,,,,,,,,,,,,,,
"Lentilha, cozida, drenada, c/ óleo e temperos, c/ sal, Lens culinaris",,,,,,48,32,18,160,,,,,,,,,,,320,160,160,,,,,,,,,,,,,,,,,,,,,,,,,,,
"Lentilha, cozida, drenada, c/ óleo e temperos, s/ sal, Lens culinaris",,,,,,48,32,18,160,,,,,,,,,,,320,160,160,,,,,,,,,,,,,,,,,,,,,,,,,,,
"Lentilha, cozida, s/ sal e temperos, drenada, Lens culinaris",,,,,,48,32,18,160,,,,,,,,,,,320,160,160,,,,,,,,,,,,,,,,,,,,,,,,,,,
"Lentilha, crua",,,,,,48,32,18,160,,,,,,,,,,,320,160,160,,,,,,,,,,,,,,,,,,,,,,,,,,,
"Lentilha, crua, Lens culinaris",,,,,,48,32,18,160,,,,,,,,,,,320,160,160,,,,,,,,,,,,,,,,,,,,,,,,,,,
Levedo de cerveja,CEREAIS,,,,,38,36,18,,,4,2,8,,,,,,,,,,,,,,,,,,,,,,,,,,,,,,,,,,,,
Licor,,,,,,,,,,,,,,,,,,,,,,,,,,,,,,,,,,,,,,,,,,,,,,,,,
Licor de jenipapo,,,,,,,,,,,,,,,,,,,,,,,,,,,,,,,,,,,,,,,,,,,,,,,,,
Licor de qualquer sabor,BEBIDAS ALCOOLICAS,,,,,,,,,,,,,,,,,,,,,,,,,,,,,,,,,,,,,,,,,,,,,,,,
Lima,FRUTAS/SUCOS/VITAMINAS,,,,,,,,,,,,,,,,,,,,,,,,,,,,,,,,,,,,,,,,,,,,,,,,
Limão (casca),,,,17,,,,,,,,,,,,,,,,,,,,,,,,,,84,,42,42,,,,,,,,,,,,,,,,
"Limão (comum, galego, etc)",FRUTAS/SUCOS/VITAMINAS,,,17,,,,,,,,,,,,,,,,,,,,,,,,,,84,,42,42,,,,,,,,,,,,,,,,
Limão (suco),,,,,,,,,,,,,,150,240,300,,,,,,,,,,,,,,300,,,,,200,300,,,,,,,,,,,,,
"Limão, cravo, in natura, Citrus limoniaI Osbeck",,,,,,,,,,,,,,,,,,,,,,,,,,,,,,84,,42,42,,,,,,,,,,,,,,,,
"Limão, cravo, suco",,,,,,,,,,,,,,150,240,300,,,,,,,,,,,,,,300,,,,,200,300,,,,,,,,,,,,,
"Limão, galego, suco",,,,,,,,,,,,,,150,240,300,,,,,,,,,,,,,,300,,,,,200,300,,,,,,,,,,,,,
"Limão, galego, suco, in natura, Citrus aurantifolia",,,,,,,,,,,,,,150,240,300,,,,,,,,,,,,,,300,,,,,200,300,,,,,,,,,,,,,
"Limão, tahiti, cru",,,,,,,,,,,,,,,,,,,,,,,,,,,,,,84,,42,42,,,,,,,,,,,,,,,,
"Limão, Tahiti, suco, in natura, Citrus aurantifolia Swing",,,,,,,,,,,,,,150,240,300,,,,,,,,,,,,,,300,,,,,200,300,,,,,,,,,,,,,
Limonada com açúcar,,,,,,,,,,,,,,,,,,,,,,,,,,,,,,,,,,,,,,,,,,,,,,,,,
Limonada sem açúcar,,,,,,,,,,,,,,,,,,,,,,,,,,,,,,,,,,,,,,,,,,,,,,,,,
Língua bovina (cozida),,,,,,,,,,,,,,,,,,,,,,,,,,,,,,,,,,,,,,,,,,,,,,,,,
Língua bovina (crua),,,,,,,,,,,,,,,,,,,,,,,,,,,,,,,,,,,,,,,,,,,,,,,,,
Língua bovina assado(a),CARNE BOVINA,,,90,35,75,70,30,140,70,,,,,,,,,,,,,,,,,,,,,,,,,,,,,,,,,,,,,,,
Língua bovina cozido(a),CARNE BOVINA,,,90,35,75,70,30,140,70,,,,,,,,,,,,,,,,,,,,,,,,,,,,,,,,,,,,,,,
Língua bovina ensopado,CARNE BOVINA,,,90,35,75,70,30,140,70,,,,,,,,,,,,,,,,,,,,,,,,,,,,,,,,,,,,,,,
Língua bovina frito(a),CARNE BOVINA,,,90,35,75,70,30,140,70,,,,,,,,,,,,,,,,,,,,,,,,,,,,,,,,,,,,,,,
Língua bovina grelhado(a)/brasa/churrasco,CARNE BOVINA,,,90,35,75,70,30,140,70,,,,,,,,,,,,,,,,,,,,,,,,,,,,,,,,,,,,,,,
Língua bovina molho vermelho,CARNE BOVINA,,,90,35,75,70,30,140,70,,,,,,,,,,,,,,,,,,,,,,,,,,,,,,,,,,,,,,,
Língua bovina salgada (crua),,,,,,,,,,,,,,,,,,,,,,,,,,,,,,,,,,,,,,,,,,,,,,,,,
Língua de vaca (verdura) cru(a),CARNE BOVINA,,,90,35,75,70,30,140,70,,,,,,,,,,,,,,,,,,,,,,,,,,,,,,,,,,,,,,,
Língua suína assado(a),OUTRAS CARNES,,,90,35,75,70,30,140,70,,,,,,,,,,,,,,,,,,,,,,,,,,,,,,,,,,,,,,,
Língua suína cozido(a),OUTRAS CARNES,,,90,35,75,70,30,140,70,,,,,,,,,,,,,,,,,,,,,,,,,,,,,,,,,,,,,,,
Língua suína frito(a),OUTRAS CARNES,,,90,35,75,70,30,140,70,,,,,,,,,,,,,,,,,,,,,,,,,,,,,,,,,,,,,,,
Língua suína grelhado(a)/brasa/churrasco,OUTRAS CARNES,,,90,35,75,70,30,140,70,,,,,,,,,,,,,,,,,,,,,,,,,,,,,,,,,,,,,,,
Língua suína refogado(a),OUTRAS CARNES,,,90,35,75,70,30,140,70,,,,,,,,,,,,,,,,,,,,,,,,,,,,,,,,,,,,,,,
Linguado (cozido),,,,,,,,,,,,,,,,,,,,,,,,,,,,,,,,,,,,,,,,,,,,,,,,,
Linguado (cru),,,,,,,,,,,,,,,,,,,,,,,,,,,,,,,,,,,,,,,,,,,,,,,,,
"Linguiça (suína, bovina, mista, etc)",CARNES INDUSTRIALIZADAS,,,,,,,,,,,,,,,,,,,,,,,,,,,,,100,50,,,,,,,,,,,,,,,,,,
"Linguiça (suína, bovina, mista, etc) assado(a)",CARNES INDUSTRIALIZADAS,,,,,,,,,,,,,,,,,,,,,,,,,,,,,100,50,,,,,,,,,,,,,,,,,,
"Linguiça (suína, bovina, mista, etc) com manteiga/oleo",CARNES INDUSTRIALIZADAS,,,,,,,,,,,,,,,,,,,,,,,,,,,,,100,50,,,,,,,,,,,,,,,,,,
"Linguiça (suína, bovina, mista, etc) cozido(a)",CARNES INDUSTRIALIZADAS,,,,,,,,,,,,,,,,,,,,,,,,,,,,,100,50,,,,,,,,,,,,,,,,,,
"Linguiça (suína, bovina, mista, etc) cru(a)",CARNES INDUSTRIALIZADAS,,,,,,,,,,,,,,,,,,,,,,,,,,,,,100,50,,,,,,,,,,,,,,,,,,
"Linguiça (suína, bovina, mista, etc) empanado(a)/a milanesa",CARNES INDUSTRIALIZADAS,,,,,,,,,,,,,,,,,,,,,,,,,,,,,100,50,,,,,,,,,,,,,,,,,,
"Linguiça (suína, bovina, mista, etc) ensopado",CARNES INDUSTRIALIZADAS,,,,,,,,,,,,,,,,,,,,,,,,,,,,,100,50,,,,,,,,,,,,,,,,,,
"Linguiça (suína, bovina, mista, etc) frito(a)",CARNES INDUSTRIALIZADAS,,,,,,,,,,,,,,,,,,,,,,,,,,,,,100,50,,,,,,,,,,,,,,,,,,
"Linguiça (suína, bovina, mista, etc) grelhado(a)/brasa/churrasco",CARNES INDUSTRIALIZADAS,,,,,,,,,,,,,,,,,,,,,,,,,,,,,100,50,,,,,,,,,,,,,,,,,,
"Linguiça (suína, bovina, mista, etc) molho vermelho",CARNES INDUSTRIALIZADAS,,,,,,,,,,,,,,,,,,,,,,,,,,,,,100,50,,,,,,,,,,,,,,,,,,
"Linguiça (suína, bovina, mista, etc) refogado(a)",CARNES INDUSTRIALIZADAS,,,,,,,,,,,,,,,,,,,,,,,,,,,,,100,50,,,,,,,,,,,,,,,,,,
Linguiça de frango (crua),,,,,,,,,,,,,,,,,,,,,,,,,,,,,,100,50,,,,,,,,,,,,,,,,,,
Linguiça de frango (crua) -Aurora®,,,,,,,,,,,,,,,,,,,,,,,,,,,,,,100,50,,,,,,,,,,,,,,,,,,
Linguiça de frango (frita),,,,,,,,,,,,,,,,,,,,,,,,,,,,,,100,50,,,,,,,,,,,,,,,,,,
Linguiça de frango (grelhada),,,,,,,,,,,,,,,,,,,,,,,,,,,,,,100,50,,,,,,,,,,,,,,,,,,
Linguiça de frango assado(a),CARNES INDUSTRIALIZADAS,,,,,,,,,,,,,,,,,,,,,,,,,,,,,100,50,,,,,,,,,,,,,,,,,,
Linguiça de frango cozido(a),CARNES INDUSTRIALIZADAS,,,,,,,,,,,,,,,,,,,,,,,,,,,,,100,50,,,,,,,,,,,,,,,,,,
Linguiça de frango cru(a),CARNES INDUSTRIALIZADAS,,,,,,,,,,,,,,,,,,,,,,,,,,,,,100,50,,,,,,,,,,,,,,,,,,
Linguiça de frango frito(a),CARNES INDUSTRIALIZADAS,,,,,,,,,,,,,,,,,,,,,,,,,,,,,100,50,,,,,,,,,,,,,,,,,,
Linguiça de frango grelhado(a)/brasa/churrasco,CARNES INDUSTRIALIZADAS,,,,,,,,,,,,,,,,,,,,,,,,,,,,,100,50,,,,,,,,,,,,,,,,,,
Linguiça de porco (crua),,,,,,,,,,,,,,,,,,,,,,,,,,,,,,100,50,,,,,,,,,,,,,,,,,,
Linguiça de porco (frita),,,,,,,,,,,,,,,,,,,,,,,,,,,,,,100,50,,,,,,,,,,,,,,,,,,
Linguiça de porco (grelhada),,,,,,,,,,,,,,,,,,,,,,,,,,,,,,100,50,,,,,,,,,,,,,,,,,,
"Linguiça, calabresa, fininha, crua",,,,,,,,,,,,,,,,,,,,,,,,,,,,,,100,50,,,,,,,,,,,,,,,,,,
"Linguiça, crua (média de diferentes amostras)",,,,,,,,,,,,,,,,,,,,,,,,,,,,,,100,50,,,,,,,,,,,,,,,,,,
"Linguiça, frango, crua",,,,,,,,,,,,,,,,,,,,,,,,,,,,,,100,50,,,,,,,,,,,,,,,,,,
"Lingüiça, frango, crua",,,,,,,,,,,,,,,,,,,,,,,,,,,,,,,,,,,,,,,,,,,,,,,,,
"Linguiça, frango, crua, ""Sadia""",,,,,,,,,,,,,,,,,,,,,,,,,,,,,,100,50,,,,,,,,,,,,,,,,,,
"Linguiça, frango, crua, Seara",,,,,,,,,,,,,,,,,,,,,,,,,,,,,,100,50,,,,,,,,,,,,,,,,,,
"Lingüiça, frango, frita",,,,,,,,,,,,,,,,,,,,,,,,,,,,,,,,,,,,,,,,,,,,,,,,,
"Linguiça, frango, grelhada",,,,,,,,,,,,,,,,,,,,,,,,,,,,,,,,,,,,,,,,,,,,,,,,,
"Lingüiça, frango, grelhada",,,,,,,,,,,,,,,,,,,,,,,,,,,,,,,,,,,,,,,,,,,,,,,,,
"Linguiça, frita",,,,,,,,,,,,,,,,,,,,,,,,,,,,,,100,50,,,,,,,,,,,,,,,,,,
"Linguiça, mista, defumada, crua, ""Sadia""",,,,,,100,,,,,,,,,,,,,,,,,,,,,,,,100,50,,,,,,,,,,,,,,,,,,
"Lingüiça, porco, crua",,,,,,,,,,,,,,,,,,,,,,,,,,,,,,,,,,,,,,,,,,,,,,,,,
"Linguiça, porco, frescal, crua",,,,,,,,,,,,,,,,,,,,,,,,,,,,,,100,50,,,,,,,,,,,,,,,,,,
"Lingüiça, porco, frita",,,,,,,,,,,,,,,,,,,,,,,,,,,,,,,,,,,,,,,,,,,,,,,,,
"Linguiça, porco, grelhada",,,,,,,,,,,,,,,,,,,,,,,,,,,,,,100,50,,,,,,,,,,,,,,,,,,
"Lingüiça, porco, grelhada",,,,,,,,,,,,,,,,,,,,,,,,,,,,,,,,,,,,,,,,,,,,,,,,,
"Linguiça, porco, média, defumada, crua",,,,,,,,,,,,,,,,,,,,,,,,,,,,,,100,50,,,,,,,,,,,,,,,,,,
"Linguiça, toscana, crua, ""Seara""",,,,,,,,,,,,,,,,,,,,,,,,,,,,,,50,,,,,,,,,,,,,,,,,,,
"Linhaça, semente",,,,,,30,,15,,,4,,,,,,,,,,,,,,,,,,,,,,,,,,,,,,,,,,,,,,
"Linhaça, semente, Linum usitatissimum L.",,,,,,30,,15,,,,,,,,,,,,,,,,,,,,,,,,,,,,,,,,,,,,,,,,,
"Liquid Dha Tg, 150Ml, 30Doses",,,,,,,,,,,,,,,,,,,,,,,,,,,,,,,,,,,,,,,,,,,,,,,,,
"Liquid Super Ômega-3 Tg, 150Ml, 30Doses",,,,,,,,,,,,,,,,,,,,,,,,,,,,,,,,,,,,,,,,,,,,,,,,,
loiô Nut® cream com avelã,,,,,,,,,,,,,,,,,,,,,,,,,,,,,,,,,,,,,,,,,,,,,,,,,
loiô Nut® cream com leitee avelã,,,,,,,,,,,,,,,,,,,,,,,,,,,,,,,,,,,,,,,,,,,,,,,,,
Lombo assado Linha Festa -Seara®,,,,,,,,,,,,,,,,,,,,,,,,,,,,,,,,,,,,,,,,,,,,,,,,,
Lombo de porco (assado),,,,,,,,,,,,,,,,,,,,,,,,,,,,,,,,,,,,,,,,,,,,,,,,,
Lombo de porco (cru),,,,,,,,,,,,,,,,,,,,,,,,,,,,,,,,,,,,,,,,,,,,,,,,,
Lombo não especificado assado(a),CARNE BOVINA,100,100,90,35,75,70,30,140,70,,,,,,,,,,,,,,,,,,,,,,,,,,,,,,,,,,,,,,,
Lombo não especificado cozido(a),CARNE BOVINA,100,100,90,35,75,70,30,140,70,,,,,,,,,,,,,,,,,,,,,,,,,,,,,,,,,,,,,,,
Lombo não especificado cru(a),CARNE BOVINA,100,100,90,35,75,70,30,140,70,,,,,,,,,,,,,,,,,,,,,,,,,,,,,,,,,,,,,,,
Lombo não especificado frito(a),CARNE BOVINA,100,100,90,35,75,70,30,140,70,,,,,,,,,,,,,,,,,,,,,,,,,,,,,,,,,,,,,,,
Lombo não especificado molho branco,CARNE BOVINA,100,100,90,35,75,70,30,140,70,,,,,,,,,,,,,,,,,,,,,,,,,,,,,,,,,,,,,,,
Lombo paulista (carne bovina) assado(a),CARNE BOVINA,100,100,90,35,75,70,30,140,70,,,,,,,,,,,,,,,,,,,,,,,,,,,,,,,,,,,,,,,
Lombo paulista (carne bovina) cozido(a),CARNE BOVINA,100,100,90,35,75,70,30,140,70,,,,,,,,,,,,,,,,,,,,,,,,,,,,,,,,,,,,,,,
Lombo paulista (carne bovina) ensopado,CARNE BOVINA,100,100,90,35,75,70,30,140,70,,,,,,,,,,,,,,,,,,,,,,,,,,,,,,,,,,,,,,,
Lombo paulista (carne bovina) frito(a),CARNE BOVINA,100,100,90,35,75,70,30,140,70,,,,,,,,,,,,,,,,,,,,,,,,,,,,,,,,,,,,,,,
Lombo suíno assado(a),OUTRAS CARNES,,100,90,35,75,70,30,140,70,,,,,,,,,,,,,,,,,,,,,,,,,,,,,,,,,,,,,,,
Lombo suíno cozido(a),OUTRAS CARNES,,100,90,35,75,70,30,140,70,,,,,,,,,,,,,,,,,,,,,,,,,,,,,,,,,,,,,,,
Lombo suíno frito(a),OUTRAS CARNES,,100,90,35,75,70,30,140,70,,,,,,,,,,,,,,,,,,,,,,,,,,,,,,,,,,,,,,,
Lombo suíno grelhado(a)/brasa/churrasco,OUTRAS CARNES,,100,90,35,75,70,30,140,70,,,,,,,,,,,,,,,,,,,,,,,,,,,,,,,,,,,,,,,
"Lombo, canadense, defumado",,,100,90,35,75,70,30,140,70,,,,,,,,,,,,,,,,,,,,,,,,,,,,,,,,,,,,,,,
Longan,,,,,,,,,,,,,,,,,,,,,,,,,,,,,,,,,,,,,,,,,,,,,,,,,
Lula (cozida),,,,,,,,,,,,,,,,,,,,,,,,,,,,,,,,,,,,,,,,,,,,,,,,,
Lula (crua),,,,,,,,,,,,,,,,,,,,,,,,,,,,,,,,,,,,,,,,,,,,,,,,,
Lula empanado(a)/a milanesa,PESCADOS/FRUTOS DO MAR,,,,,,,,,,,,,,,,,,,,,,,,,,,,,,,,,,,,,,,,,,,,,,,,
Lula ensopada recheada comcamarão,,,,,,,,,,,,,,,,,,,,,,,,,,,,,,,,,,,,,,,,,,,,,,,,,
Maçã,FRUTAS/SUCOS/VITAMINAS,,,38,,,,,,,,,,,,,,,,,,,,,,,,,,150,,75,75,,,,,,,,,,,,,,,,
Maçã (casca),,,,38,,,,,,,,,,,,,,,,,,,,,,,,,,150,,75,75,,,,,,,,,,,,,,,,
Maçã (sem casca),,,,38,,,,,,,,,,,,,,,,,,,,,,,,,,150,,75,75,,,,,,,,,,,,,,,,
"Maçã , verde, crua, s/ pele, Malus domestica",,,,38,,,,,,,,,,,,,,,,,,,,,,,,,,150,,75,75,,,,,,,,,,,,,,,,
Maçã crocante - Croc Apple®,,,,,,,,,,,,,,,,,,,,,,,,,,,,,,,,,,,,,,,,,,,,,,,,,
Maçã orgânica,FRUTAS/SUCOS/VITAMINAS,,,38,,,,,,,,,,,,,,,,,,,,,,,,,,150,,75,75,,,,,,,,,,,,,,,,
Maçã -Turma da Mônica®,,,,38,,,,,,,,,,,,,,,,,,,,,,,,,,150,,75,75,,,,,,,,,,,,,,,,
Maçã vermelha,,,,38,,,,,,,,,,,,,,,,,,,,,,,,,,150,,75,75,,,,,,,,,,,,,,,,
"Maçã, Argentina, c/ casca, in natura, Malus domestica",,,,25,,,,,,,,,,,,,,,,,,,,,,,,,,50,,25,25,,,,,,,,,,,,,,,,
"Maçã, Argentina, com casca, crua",,,,25,,,,,,,,,,,,,,,,,,,,,,,,,,50,,25,25,,,,,,,,,,,,,,,,
"Maçã, c/ casca, in natura, Malus domestica",,,,38,,,,,,,,,,,,,,,,,,,,,,,,,,150,,75,75,,,,,,,,,,,,,,,,
"Maçã, Fuji, c/ casca, in natura, Malus domestica",,,,35,,,,,,,,,,,,,,,,,,,,,,,,,,70,,35,35,,,,,,,,,,,,,,,,
"Maçã, Fuji, com casca, crua",,,,35,,,,,,,,,,,,,,,,,,,,,,,,,,70,,35,35,,,,,,,,,,,,,,,,
Macadâmia,,,,,,,,,,,,,,,,,,,,,,,,,,,,,,,,,,,,,,,,,,,,,,,,,
"Macadâmia, crua, s/ sal, Macadamia ternifolia",,,,,,,,,,,,,,,,,,,,,,,,,,,,,,,,,,,,,,,,,,,,,,,,,
Macarrão,FARINHAS/FÉCULAS/MASSAS,,,,,105,50,25,110,110,6,,12,,,,110,,,400,320,,,,,,,,,,,,,,,,,,,,,,,,,,,,
Macarrão  ao alho e oleo,FARINHAS/FÉCULAS/MASSAS,,,,,105,50,25,110,110,6,,12,,,,110,,,400,320,,,,,,,,,,,,,,,,,,,,,,,,,,,,
Macarrão  ao vinagrete,FARINHAS/FÉCULAS/MASSAS,,,,,105,50,25,110,110,6,,12,,,,110,,,400,320,,,,,,,,,,,,,,,,,,,,,,,,,,,,
Macarrão  assado(a),FARINHAS/FÉCULAS/MASSAS,,,,,105,50,25,110,110,6,,12,,,,110,,,400,320,,,,,,,,,,,,,,,,,,,,,,,,,,,,
Macarrão  com manteiga/oleo,FARINHAS/FÉCULAS/MASSAS,,,,,105,50,25,110,110,6,,12,,,,110,,,400,320,,,,,,,,,,,,,,,,,,,,,,,,,,,,
Macarrão  cozido(a),FARINHAS/FÉCULAS/MASSAS,,,,,105,50,25,110,110,6,,12,,,,110,,,400,320,,,,,,,,,,,,,,,,,,,,,,,,,,,,
Macarrão  cru(a),FARINHAS/FÉCULAS/MASSAS,,,,,105,50,25,110,110,6,,12,,,,110,,,400,320,,,,,,,,,,,,,,,,,,,,,,,,,,,,
Macarrão  empanado(a)/a milanesa,FARINHAS/FÉCULAS/MASSAS,,,,,105,50,25,110,110,6,,12,,,,110,,,400,320,,,,,,,,,,,,,,,,,,,,,,,,,,,,
Macarrão  ensopado,FARINHAS/FÉCULAS/MASSAS,,,,,105,50,25,110,110,6,,12,,,,110,,,400,320,,,,,,,,,,,,,,,,,,,,,,,,,,,,
Macarrão  frito(a),FARINHAS/FÉCULAS/MASSAS,,,,,105,50,25,110,110,6,,12,,,,110,,,400,320,,,,,,,,,,,,,,,,,,,,,,,,,,,,
Macarrão  grelhado(a)/brasa/churrasco,FARINHAS/FÉCULAS/MASSAS,,,,,105,50,25,110,110,6,,12,,,,110,,,400,320,,,,,,,,,,,,,,,,,,,,,,,,,,,,
Macarrão  molho branco,FARINHAS/FÉCULAS/MASSAS,,,,,105,50,25,110,110,6,,12,,,,110,,,400,320,,,,,,,,,,,,,,,,,,,,,,,,,,,,
Macarrão  molho vermelho,FARINHAS/FÉCULAS/MASSAS,,,,,105,50,25,110,110,6,,12,,,,110,,,400,320,,,,,,,,,,,,,,,,,,,,,,,,,,,,
Macarrão  refogado(a),FARINHAS/FÉCULAS/MASSAS,,,,,105,50,25,110,110,6,,12,,,,110,,,400,320,,,,,,,,,,,,,,,,,,,,,,,,,,,,
Macarrão  sopa,SOPAS/CALDOS/MINGAUS,,,,,,,,,,,,,,,,,,,,,,,,,,,,,,,,,,,,,,,,,,,,,,,,
Macarrão (cozido),,,,,,105,50,25,110,110,6,,12,,,,110,,,400,320,,,,,,,,,,,,,,,,,,,,,,,,,,,,
Macarrão (cru),,,,,,105,50,25,110,110,6,,12,,,,110,,,400,320,,,,,,,,,,,,,,,,,,,,,,,,,,,,
Macarrão à bolonhesa,,,,,,,,,,,,,,,,,,,,,,,,,,,,,,,,,,,,,,,,,,,,,,,,,
Macarrão ao sugo,,,,,,105,50,25,110,110,6,,12,,,,110,,,400,320,,,,,,,,,,,,,,,,,,,,,,,,,,,,
Macarrão com carne,FARINHAS/FÉCULAS/MASSAS,,,,,105,50,25,110,110,6,,12,,,,110,,,400,320,,,,,,,,,,,,,,,,,,,,,,,,,,,,
Macarrão com peixe,FARINHAS/FÉCULAS/MASSAS,,,,,105,50,25,110,110,6,,12,,,,110,,,400,320,,,,,,,,,,,,,,,,,,,,,,,,,,,,
Macarrão de sêmola de grãoduro - Smurfs Delverde®,,,,,,105,50,25,110,110,6,,12,,,,110,,,400,320,,,,,,,,,,,,,,,,,,,,,,,,,,,,
Macarrão instantaneo,FARINHAS/FÉCULAS/MASSAS,,,,,105,50,25,110,110,6,,12,,,,110,,,400,320,,,,,,,,,,,,,,,,,,,,,,,,,,,,
Macarrão instantâneo cru(sabor galinha) Lámen Maggi - Nestlé®,,,,,,,,,,,,,,,,,,,,,,,,,,,,,,,,,,,,,,,,,,,,,,,,,
Macarrão instantaneo light,FARINHAS/FÉCULAS/MASSAS,,,,,105,50,25,110,110,6,,12,,,,110,,,400,320,,,,,,,,,,,,,,,,,,,,,,,,,,,,
Macarrão instantaneo light sopa,SOPAS/CALDOS/MINGAUS,,,,,105,50,25,110,110,6,,12,,,,110,,,400,320,,,,,,,,,,,,,,,,,,,,,,,,,,,,
Macarrão massa cozida comovos - Petybon®,,,,,,,,,,,,,,,,,,,,,,,,,,,,,,,,,,,,,,,,,,,,,,,,,
Macarrão Nissin LámenMiojo® cru (qualquer tempero),,,,,,,,,,,,,,,,,,,,,,,,,,,,,,,,,,,,,,,,,,,,,,,,,
Macarrão parafuso tricolor -Premiata0,,,,,,,,,,,,,,,,,,,,,,,,,,,,,,,,,,,,,,,,,,,,,,,,,
Macarrão pronto light  cozido(a),FARINHAS/FÉCULAS/MASSAS,,,,,105,50,25,110,110,6,,12,,,,110,,,400,320,,,,,,,,,,,,,,,,,,,,,,,,,,,,
Macarrão somem,,,,,,,,,,,,,,,,,,,,,,,,,,,,,,,,,,,,,,,,,,,,,,,,,
Macarrão tipo lamen,,,,,,,,,,,,,,,,,,,,,,,,,,,,,,,,,,,,,,,,,,,,,,,,,
"Macarrão, instantâneo",,,,,,105,50,25,110,110,6,,12,,,,110,,,400,320,,,,,,,,,,,,,,,,,,,,,,,,,,,,
"Macarrão, molho bolognesa",,,,,,105,50,25,110,110,6,,12,,,,110,,,400,320,,,,,,,,,,,,,,,,,,,,,,,,,,,,
"Macarrão, molho bolonhesa",,,,,,105,50,25,110,110,6,,12,,,,110,,,400,320,,,,,,,,,,,,,,,,,,,,,,,,,,,,
"Macarrão, trigo, c/ ovos, à bolonhesa, c/ sal",,,,,,105,50,25,110,110,6,,12,,,,110,,,400,320,,,,,,,,,,,,,,,,,,,,,,,,,,,,
"Macarrão, trigo, c/ ovos, ao alho e óleo, c/ sal",,,,,,105,50,25,110,110,6,,12,,,,110,,,400,320,,,,,,,,,,,,,,,,,,,,,,,,,,,,
"Macarrão, trigo, c/ ovos, ao alho e óleo, s/ sal",,,,,,105,50,25,110,110,6,,12,,,,110,,,400,320,,,,,,,,,,,,,,,,,,,,,,,,,,,,
"Macarrão, trigo, c/ ovos, ao molho branbco, c/ sal",,,,,,105,50,25,110,110,6,,12,,,,110,,,400,320,,,,,,,,,,,,,,,,,,,,,,,,,,,,
"Macarrão, trigo, c/ ovos, ao molho branbco, s/ sal",,,,,,105,50,25,110,110,6,,12,,,,110,,,400,320,,,,,,,,,,,,,,,,,,,,,,,,,,,,
"Macarrão, trigo, c/ ovos, ao sugo, c/ sal",,,,,,105,50,25,110,110,6,,12,,,,110,,,400,320,,,,,,,,,,,,,,,,,,,,,,,,,,,,
"Macarrão, trigo, c/ ovos, ao sugo, s/ sal",,,,,,105,50,25,110,110,6,,12,,,,110,,,400,320,,,,,,,,,,,,,,,,,,,,,,,,,,,,
"Macarrão, trigo, c/ ovos, ao vinagrete, c/ sal",,,,,,105,50,25,110,110,6,,12,,,,110,,,400,320,,,,,,,,,,,,,,,,,,,,,,,,,,,,
"Macarrão, trigo, c/ ovos, ao vinagrete, s/ sal",,,,,,105,50,25,110,110,6,,12,,,,110,,,400,320,,,,,,,,,,,,,,,,,,,,,,,,,,,,
"Macarrão, trigo, c/ ovos, cozido, drenado, s/ sal",,,,,,105,50,25,110,110,6,,12,,,,110,,,400,320,,,,,,,,,,,,,,,,,,,,,,,,,,,,
"Macarrão, trigo, c/ ovos, na manteiga, c/ sal",,,,,,105,50,25,110,110,6,,12,,,,110,,,400,320,,,,,,,,,,,,,,,,,,,,,,,,,,,,
"Macarrão, trigo, c/ ovos, na manteiga, s/ sal",,,,,,105,50,25,110,110,6,,12,,,,110,,,400,320,,,,,,,,,,,,,,,,,,,,,,,,,,,,
"Macarrão, trigo, c/ ovos, seco, cru",,,,,,105,50,25,110,110,6,,12,,,,110,,,400,320,,,,,,,,,,,,,,,,,,,,,,,,,,,,
"Macarrão, trigo, cru",,,,,,105,50,25,110,110,6,,12,,,,110,,,400,320,,,,,,,,,,,,,,,,,,,,,,,,,,,,
"Macarrão, trigo, cru, com ovos",,,,,,105,50,25,110,110,6,,12,,,,110,,,400,320,,,,,,,,,,,,,,,,,,,,,,,,,,,,
"Macarrão, trigo, instantâneo",,,,,,105,50,25,110,110,6,,12,,,,110,,,400,320,,,,,,,,,,,,,,,,,,,,,,,,,,,,
"Macarrão, trigo, integral, à bolonhesa, c/ sal",,,,,,105,50,25,110,110,6,,12,,,,110,,,400,320,,,,,,,,,,,,,,,,,,,,,,,,,,,,
"Macarrão, trigo, integral, ao alho e óleo, c/ sal",,,,,,105,50,25,110,110,6,,12,,,,110,,,400,320,,,,,,,,,,,,,,,,,,,,,,,,,,,,
"Macarrão, trigo, integral, ao alho e óleo, s/ sal",,,,,,105,50,25,110,110,6,,12,,,,110,,,400,320,,,,,,,,,,,,,,,,,,,,,,,,,,,,
"Macarrão, trigo, integral, ao molho branco, c/ sal",,,,,,105,50,25,110,110,6,,12,,,,110,,,400,320,,,,,,,,,,,,,,,,,,,,,,,,,,,,
"Macarrão, trigo, integral, ao molho branco, s/ sal",,,,,,105,50,25,110,110,6,,12,,,,110,,,400,320,,,,,,,,,,,,,,,,,,,,,,,,,,,,
"Macarrão, trigo, integral, ao sugo, c/ sal",,,,,,105,50,25,110,110,6,,12,,,,110,,,400,320,,,,,,,,,,,,,,,,,,,,,,,,,,,,
"Macarrão, trigo, integral, ao sugo, s/ sal",,,,,,105,50,25,110,110,6,,12,,,,110,,,400,320,,,,,,,,,,,,,,,,,,,,,,,,,,,,
"Macarrão, trigo, integral, cozido, drenado, s/ sal",,,,,,105,50,25,110,110,6,,12,,,,110,,,400,320,,,,,,,,,,,,,,,,,,,,,,,,,,,,
"Macarrão, trigo, integral, cru",,,,,,105,50,25,110,110,6,,12,,,,110,,,400,320,,,,,,,,,,,,,,,,,,,,,,,,,,,,
"Macarrão, trigo, integral, na manteiga, c/ sal",,,,,,105,50,25,110,110,6,,12,,,,110,,,400,320,,,,,,,,,,,,,,,,,,,,,,,,,,,,
"Macarrão, trigo, integral, na manteiga, s/ sal",,,,,,105,50,25,110,110,6,,12,,,,110,,,400,320,,,,,,,,,,,,,,,,,,,,,,,,,,,,
"Macarrão, trigo, s/ ovos, cozido, drenado, s/ sal",,,,,,105,50,25,110,110,6,,12,,,,110,,,400,320,,,,,,,,,,,,,,,,,,,,,,,,,,,,
"Macarrão, trigo, s/ ovos, seco, cru",,,,,,105,50,25,110,110,6,,12,,,,110,,,400,320,,,,,,,,,,,,,,,,,,,,,,,,,,,,
"Macarrão, trigo, seco, cozido, drenado, s/ sal (média diferentes marcas)",,,,,,105,50,25,110,110,6,,12,,,,110,,,400,320,,,,,,,,,,,,,,,,,,,,,,,,,,,,
"Macarrão, trigo, seco, cru, (média diferentes tipos)",,,,,,105,50,25,110,110,6,,12,,,,110,,,400,320,,,,,,,,,,,,,,,,,,,,,,,,,,,,
Macarronada,FARINHAS/FÉCULAS/MASSAS,,,,,105,50,25,110,110,6,,12,,,,110,,,400,320,,,,,,,,,,,,,,,,,,,,,,,,,,,,
"Macaúba, crua",,,,,,,,,,,,,,,,,,,,,,,,,,,,,,,,,,,,,,,,,,,,,,,,,
"Macaúba, in natura, Acrocomia aculeata (Jacq.) Lood. ex Mart.",,,,,,,,,,,,,,,,,,,,,,,,,,,,,,,,,,,,,,,,,,,,,,,,,
Macaxeira (cozida),,,,100,100,128,60,30,,,,,,,,,,,,,,,,,,,,,,,,,,,,,,,,,,,,,,,,,
Macaxeira assado(a),TUBERCULOS,,,100,100,128,60,30,,,,,,,,,,,,,,,,,,,,,,,,,,,,,,,,,,,,,,,,,
Macaxeira cozido(a),TUBERCULOS,,,100,100,128,60,30,,,,,,,,,,,,,,,,,,,,,,,,,,,,,,,,,,,,,,,,,
Macaxeira cru(a),TUBERCULOS,,,100,100,128,60,30,,,,,,,,,,,,,,,,,,,,,,,,,,,,,,,,,,,,,,,,,
Macaxeira frito(a),TUBERCULOS,,,100,100,128,60,30,,,,,,,,,,,,,,,,,,,,,,,,,,,,,,,,,,,,,,,,,
Macis em pó,,,,,,,,,,,,,,,,,,,,,,,,,,,,,,,,,,,,,,,,,,,,,,,,,
Maionese (molho),CONDIMENTOS,,,,,,,10,,,,,,,,,,,,,,,,,,,,,,,,,,,,,,,,,,,,,,,,,
Maionese (molho) light,CONDIMENTOS,,,,,,,10,,,,,,,,,,,,,,,,,,,,,,,,,,,,,,,,,,,,,,,,,
Maionese com limão -Hellmann's®,,,,,,,,10,,,,,,,,,,,,,,,,,,,,,,,,,,,,,,,,,,,,,,,,,
Maionese com reduzido teorde lipídios - Oderich®,,,,,,,,10,,,,,,,,,,,,,,,,,,,,,,,,,,,,,,,,,,,,,,,,,
Maionese de alho - Jurema®,,,,,,,,10,,,,,,,,,,,,,,,,,,,,,,,,,,,,,,,,,,,,,,,,,
Maionese de alho e cebola -Heilmannise,,,,,,,,10,,,,,,,,,,,,,,,,,,,,,,,,,,,,,,,,,,,,,,,,,
Maionese de atum - Oderich®,,,,,,,,10,,,,,,,,,,,,,,,,,,,,,,,,,,,,,,,,,,,,,,,,,
Maionese de atum -Hellmann's®,,,,,,,,10,,,,,,,,,,,,,,,,,,,,,,,,,,,,,,,,,,,,,,,,,
Maionese de azeitona -Hellman's®,,,,,,,,10,,,,,,,,,,,,,,,,,,,,,,,,,,,,,,,,,,,,,,,,,
Maionese de azeitona -Jurema®,,,,,,,,10,,,,,,,,,,,,,,,,,,,,,,,,,,,,,,,,,,,,,,,,,
Maionese de azeitonas verdes- Oderich®,,,,,,,,10,,,,,,,,,,,,,,,,,,,,,,,,,,,,,,,,,,,,,,,,,
Maionese de ervas finas -Oderich®,,,,,,,,10,,,,,,,,,,,,,,,,,,,,,,,,,,,,,,,,,,,,,,,,,
Maionese de limão -Oderich®,,,,,,,,10,,,,,,,,,,,,,,,,,,,,,,,,,,,,,,,,,,,,,,,,,
Maionese de molho tártaro -Oderich®,,,,,,,,10,,,,,,,,,,,,,,,,,,,,,,,,,,,,,,,,,,,,,,,,,
Maionese de pimenta -Jurema®,,,,,,,,10,,,,,,,,,,,,,,,,,,,,,,,,,,,,,,,,,,,,,,,,,
Maionese de tártaro -Hellmann's®,,,,,,,,10,,,,,,,,,,,,,,,,,,,,,,,,,,,,,,,,,,,,,,,,,
Maionese de tártaro -Jurema®,,,,,,,,10,,,,,,,,,,,,,,,,,,,,,,,,,,,,,,,,,,,,,,,,,
Maionese de tofu - Ecobras®,,,,,,,,10,,,,,,,,,,,,,,,,,,,,,,,,,,,,,,,,,,,,,,,,,
Maionese de tofu com chili -Ecobras®,,,,,,,,10,,,,,,,,,,,,,,,,,,,,,,,,,,,,,,,,,,,,,,,,,
Maionese de tofu comazeitona - Ecobras®,,,,,,,,10,,,,,,,,,,,,,,,,,,,,,,,,,,,,,,,,,,,,,,,,,
Maionese de tomate seco -Oderich®,,,,,,,,10,,,,,,,,,,,,,,,,,,,,,,,,,,,,,,,,,,,,,,,,,
Maionese Deleite -Hellmann's®,,,,,,,,10,,,,,,,,,,,,,,,,,,,,,,,,,,,,,,,,,,,,,,,,,
Maionese light - Carrefour®,,,,,,,,10,,,,,,,,,,,,,,,,,,,,,,,,,,,,,,,,,,,,,,,,,
Maionese light - GoodLight®,,,,,,,,10,,,,,,,,,,,,,,,,,,,,,,,,,,,,,,,,,,,,,,,,,
Maionese light - Hellmann's®,,,,,,,,10,,,,,,,,,,,,,,,,,,,,,,,,,,,,,,,,,,,,,,,,,
Maionese light - Jurema®,,,,,,,,10,,,,,,,,,,,,,,,,,,,,,,,,,,,,,,,,,,,,,,,,,
Maionese light - Liza®,,,,,,,,10,,,,,,,,,,,,,,,,,,,,,,,,,,,,,,,,,,,,,,,,,
Maionese light -Vigor®,,,,,,,,12,,,,,,,,,,,,,,,,,,,,,,,,,,,,,,,,,,,,,,,,,
Maionese tradicional - Liza®,,,,,,,,10,,,,,,,,,,,,,,,,,,,,,,,,,,,,,,,,,,,,,,,,,
Maionese tradicional - Pão deAçúcar®,,,,,,,,10,,,,,,,,,,,,,,,,,,,,,,,,,,,,,,,,,,,,,,,,,
Maionese tradicional -Gourmet®,,,,,,,,10,,,,,,,,,,,,,,,,,,,,,,,,,,,,,,,,,,,,,,,,,
Maionese tradicional -Hellmann's®,,,,,,,,10,,,,,,,,,,,,,,,,,,,,,,,,,,,,,,,,,,,,,,,,,
Maionese tradicional -Jurema®,,,,,,,,10,,,,,,,,,,,,,,,,,,,,,,,,,,,,,,,,,,,,,,,,,
Maionese tradicional -Maionegg's®,,,,,,,,10,,,,,,,,,,,,,,,,,,,,,,,,,,,,,,,,,,,,,,,,,
Maionese tradicional -Maria®,,,,,,,,10,,,,,,,,,,,,,,,,,,,,,,,,,,,,,,,,,,,,,,,,,
Maionese tradicional -Vigor®,,,,,,,,10,,,,,,,,,,,,,,,,,,,,,,,,,,,,,,,,,,,,,,,,,
Maionese tradicionalCapriccio - Cica®,,,,,,,,10,,,,,,,,,,,,,,,,,,,,,,,,,,,,,,,,,,,,,,,,,
"Maionese, molho, tradicional, c/ovos, industrializada",,,,,,,,10,,,,,,,,,,,,,,,,,,,,,,,,,,,,,,,,,,,,,,,,,
"Maionese, tradicional com ovos",,,,,,,,10,,,,,,,,,,,,,,,,,,,,,,,,,,,,,,,,,,,,,,,,,
"Maisena (milho, aveia, arroz ecenteio) - Nutre®",,,,,,,,,,,,,,,,,,,,,,,,,,,,,,,,,,,,,,,,,,,,,,,,,
Malto dextrina - Nidex®,,,,,,,,,,,,,,,,,,,,,,,,,,,,,,,,,,,,,,,,,,,,,,,,,
Mamão,FRUTAS/SUCOS/VITAMINAS,,,170,120,,,,,,,,,,,,,,,,,,,,,,,,,310,270,155,155,,,,,,,,,,,,,,,,
Mamão (casca),,,,170,120,,,,,,,,,,,,,,,,,,,,,,,,,310,270,155,155,,,,,,,,,,,,,,,,
Mamão formosa,,,,170,120,,,,,,,,,,,,,,,,,,,,,,,,,310,270,155,155,,,,,,,,,,,,,,,,
Mamão natural desidratado -Fazenda Tamanduá®,,,,170,120,,,,,,,,,,,,,,,,,,,,,,,,,310,270,155,155,,,,,,,,,,,,,,,,
Mamão papaia,,,,170,120,,,,,,,,,,,,,,,,,,,,,,,,,310,270,155,155,,,,,,,,,,,,,,,,
Mamão verde,,,,170,120,,,,,,,,,,,,,,,,,,,,,,,,,310,270,155,155,,,,,,,,,,,,,,,,
Mamão verde (casca),,,,170,120,,,,,,,,,,,,,,,,,,,,,,,,,310,270,155,155,,,,,,,,,,,,,,,,
"Mamão verde, doce em calda, drenado",,,,,,,,,,,,,,,,,,,,,,,,,,,,,,,,,,,,,,,,,,,,,,,,,
"Mamão, doce em calda, drenado",,,,,,,,,,,,,,,,,,,,,,,,,,,,,,,,,,,,,,,,,,,,,,,,,
"Mamão, doce, em calda, drenado",,,,,,,,,,,,,,,,,,,,,,,,,,,,,,,,,,,,,,,,,,,,,,,,,
"Mamão, Formosa, cru",,,,170,120,,,,,,,,,,,,,,,,,,,,,,,,,310,270,155,155,,,,,,,,,,,,,,,,
"Mamão, Formosa, polpa, in natura, Carica papaya L.",,,,170,120,,,,,,,,,,,,,,,,,,,,,,,,,310,270,155,155,,,,,,,,,,,,,,,,
"Mamão, Papaia, cru",,,,170,120,,,,,,,,,,,,,,,,,,,,,,,,,310,270,155,155,,,,,,,,,,,,,,,,
"Mamão, Papaia, polpa, in natura, Carica papaya L.",,,,,,,,,,,,,,,,,,,,,,,,,,,,,,,,,,,,,,,,,,,,,,,,,
"Mamão, polpa, in natura, Carica papaya L.",,,,,,,,,,,,,,,,,,,,,,,,,,,,,,,,,,,,,,,,,,,,,,,,,
"Mamão, suco natural (néctar), c/ açúcar refinado",,,,,,,,,,,,,,150,240,300,,,,,,,,,,,,,,300,,,,,200,300,,,,,,,,,,,,,
"Mamão, suco natural (néctar), s/ açúcar",,,,,,,,,,,,,,150,240,300,,,,,,,,,,,,,,300,,,,,200,300,,,,,,,,,,,,,
"Mamão, verde, doce, em calda, drenado",,,,,,,,,,,,,,,,,,,,,,,,,,,,,,,,,,,,,,,,,,,,,,,,,
Maminha (crua) - carnebovina,,100,100,90,35,75,70,30,140,70,,,,,,,,,,,,,,,,,,,,,,,,,,,,,,,,,,,,,,,
Maminha assado(a),CARNE BOVINA,100,100,90,35,75,70,30,140,70,,,,,,,,,,,,,,,,,,,,,,,,,,,,,,,,,,,,,,,
Maminha frito(a),CARNE BOVINA,100,100,90,35,75,70,30,140,70,,,,,,,,,,,,,,,,,,,,,,,,,,,,,,,,,,,,,,,
Maminha grelhado(a)/brasa/churrasco,CARNE BOVINA,100,100,90,35,75,70,30,140,70,,,,,,,,,,,,,,,,,,,,,,,,,,,,,,,,,,,,,,,
Maminha molho vermelho,CARNE BOVINA,100,100,90,35,75,70,30,140,70,,,,,,,,,,,,,,,,,,,,,,,,,,,,,,,,,,,,,,,
Mandioca (IBGE),TUBERCULOS,,,100,100,128,60,30,,,,,,,,,,,,,,,,,,,,,,,,,,,,,,,,,,,,,,,,,
Mandioca (Tucunduva),,,,100,100,128,60,30,,,,,,,,,,,,,,,,,,,,,,,,,,,,,,,,,,,,,,,,,
Mandioca (frita),,,,100,100,128,60,30,,,,,,,,,,,,,,,,,,,,,,,,,,,,,,,,,,,,,,,,,
Mandioca (gratinada),,,,100,100,128,60,30,,,,,,,,,,,,,,,,,,,,,,,,,,,,,,,,,,,,,,,,,
Mandioca assado(a),TUBERCULOS,,,100,100,128,60,30,,,,,,,,,,,,,,,,,,,,,,,,,,,,,,,,,,,,,,,,,
Mandioca com manteiga/oleo,TUBERCULOS,,,100,100,128,60,30,,,,,,,,,,,,,,,,,,,,,,,,,,,,,,,,,,,,,,,,,
Mandioca cozido(a),TUBERCULOS,,,100,100,128,60,30,,,,,,,,,,,,,,,,,,,,,,,,,,,,,,,,,,,,,,,,,
Mandioca cru(a),TUBERCULOS,,,100,100,128,60,30,,,,,,,,,,,,,,,,,,,,,,,,,,,,,,,,,,,,,,,,,
Mandioca ensopado,TUBERCULOS,,,100,100,128,60,30,,,,,,,,,,,,,,,,,,,,,,,,,,,,,,,,,,,,,,,,,
Mandioca frito(a),TUBERCULOS,,,100,100,128,60,30,,,,,,,,,,,,,,,,,,,,,,,,,,,,,,,,,,,,,,,,,
Mandioca molho vermelho,TUBERCULOS,,,100,100,128,60,30,,,,,,,,,,,,,,,,,,,,,,,,,,,,,,,,,,,,,,,,,
Mandioca palito congelada -Pratigel®,,,,,,,,,,,,,,,,,,,,,,,,,,,,,,,,,,,,,,,,,,,,,,,,,
Mandioca refogado(a),TUBERCULOS,,,100,100,128,60,30,,,,,,,,,,,,,,,,,,,,,,,,,,,,,,,,,,,,,,,,,
Mandioca sopa,SOPAS/CALDOS/MINGAUS,,,,,,,,,,,,,,,,,,,,,,,,,,,,,,,,,,,,,,,,,,,,,,,,
Mandioca tolete congelada -Daucy®,,,,,,,,,,,,,,,,,,,,,,,,,,,,,,,,,,,,,,,,,,,,,,,,,
"Mandioca, cozida",,,,100,100,128,60,30,,,,,,,,,,,,,,,,,,,,,,,,,,,,,,,,,,,,,,,,,
"Mandioca, crua",,,,100,100,128,60,30,,,,,,,,,,,,,,,,,,,,,,,,,,,,,,,,,,,,,,,,,
"Mandioca, farofa, temperada",,,,,,,,,,,,,,,,,,,,,,,,,,,,,,,,,,,,,,,,,,,,,,,,,
"Mandioca, frita",,,,100,100,128,60,30,,,,,,,,,,,,,,,,,,,,,,,,,,,,,,,,,,,,,,,,,
Mandioquinha,,,,50,50,70,55,35,,,,,,,,,,,,,,,,,,,,,,,,,,,,,,,,,,,,,,,,,
Mandioquinha cozido(a),TUBERCULOS,,,50,50,70,55,35,,,,,,,,,,,,,,,,,,,,,,,,,,,,,,,,,,,,,,,,,
Mandioquinha ensopado,TUBERCULOS,,,50,50,70,55,35,,,,,,,,,,,,,,,,,,,,,,,,,,,,,,,,,,,,,,,,,
Mandioquinha frito(a),TUBERCULOS,,,50,50,70,55,35,,,,,,,,,,,,,,,,,,,,,,,,,,,,,,,,,,,,,,,,,
Mandioquinha refogado(a),TUBERCULOS,,,50,50,70,55,35,,,,,,,,,,,,,,,,,,,,,,,,,,,,,,,,,,,,,,,,,
Mandioquinha salsa (batata baroa),TUBERCULOS,,,50,50,70,55,35,,,,,,,,,,,,,,,,,,,,,,80,,,,,,,,,,,,,,,,,,,
Mandioquinha salsa (batata baroa) cozido(a),TUBERCULOS,,,50,50,70,55,35,,,,,,,,,,,,,,,,,,,,,,80,,,,,,,,,,,,,,,,,,,
Mandioquinha salsa (batata baroa) ensopado,TUBERCULOS,,,50,50,70,55,35,,,,,,,,,,,,,,,,,,,,,,80,,,,,,,,,,,,,,,,,,,
Mandioquinha salsa (batata baroa) refogado(a),TUBERCULOS,,,50,50,70,55,35,,,,,,,,,,,,,,,,,,,,,,80,,,,,,,,,,,,,,,,,,,
Mané pelado (bolo demandioca),,,,,,,,,,,,,,,,,,,,,,,,,,,,,,,,,,,,,,,,,,,,,,,,,
Maneco com jaleco,,,,,,,,,,,,,,,,,,,,,,,,,,,,,,,,,,,,,,,,,,,,,,,,,
Manga (IBGE),FRUTAS/SUCOS/VITAMINAS,,,22,22,,44,22,,,,,,,,,,,,,,,,,,,,,,140,60,70,70,,,,,,,,,,,,,,,,
Manga (Tucunduva),,,,22,22,,44,22,,,,,,,,,,,,,,,,,,,,,,140,60,70,70,,,,,,,,,,,,,,,,
Manga (casca),,,,,,,,,,,,,,,,,,,,,,,,,,,,,,,,,,,,,,,,,,,,,,,,,
Manga natural desidratada -Fazenda Tamanduá®,,,,,,,,,,,,,,,,,,,,,,,,,,,,,,,,,,,,,,,,,,,,,,,,,
"Manga, Haden, crua",,,,,,,,,,,,,,,,,,,,,,,,,,,,,,60,,,,,,,,,,,,,,,,,,,
"Manga, Haden, polpa, in natura, Mangifera indica L.",,,,,,,,,,,,,,,,,,,,,,,,,,,,,,,,,,,,,,,,,,,,,,,,,
"Manga, Palmer, crua",,,,,,,,,,,,,,,,,,,,,,,,,,,,,,,,,,,,,,,,,,,,,,,,,
"Manga, Palmer, polpa, in natura, Mangifera indica L.",,,,,,,,,,,,,,,,,,,,,,,,,,,,,,,,,,,,,,,,,,,,,,,,,
"Manga, polpa, congelada",,,,,,,,9,,,,,,,,,,,,,,,,,,,,,,,,,,,,,,,,,,,,,,,,,
"Manga, polpa, in natura, Mangifera indica L.",,,,,,,,,,,,,,,,,,,,,,,,,,,,,,,,,,,,,,,,,,,,,,,,,
"Manga, suco natural (néctar), c/ açúcar refinado",,,,,,,,,,,,,,150,240,300,,,,,,,,,,,,,,300,,,,,200,300,,,,,,,,,,,,,
"Manga, suco natural (néctar), s/ açúcar",,,,,,,,,,,,,,150,240,300,,,,,,,,,,,,,,300,,,,,200,300,,,,,,,,,,,,,
"Manga, Tommy Atkins, crua",,,,,,,,,,,,,,,,,,,,,,,,,,,,,,,,,,,,,,,,,,,,,,,,,
"Manga, Tommy Atkins, polpa, in natura, Mangifera indica L.",,,,,,,,,,,,,,,,,,,,,,,,,,,,,,,,,,,,,,,,,,,,,,,,,
Mangaba (IBGE),FRUTAS/SUCOS/VITAMINAS,,,,,,,,,,,,,,,,,,,,,,,,,,,,,,,,,,,,,,,,,,,,,,,,
Mangaba (Tucunduva),,,,,,,,,,,,,,,,,,,,,,,,,,,,,,,,,,,,,,,,,,,,,,,,,
Mangalo amargo em grão,LEGUMINOSAS,,,,,,,,,,,,,,,,,,,,,,,,,,,,,,,,,,,,,,,,,,,,,,,,
Manguito,,,,,,,,,,,,,,,,,,,,,,,,,,,,,,,,,,,,,,,,,,,,,,,,,
Manicoba,TIPICOS,,,,,,,,,,,,,,,,,,,,,,,,,,,,,,,,,,,,,,,,,,,,,,,,
Maniçoba (TACO),,,,,,,,,,,,,,,,,,,,,,,,,,,,,,,,,,,,,,,,,,,,,,,,,
Maniçoba (Tucunduva),,,,,,,,,,,,,,,,,,,,,,,,,,,,,,,,,,,,,,,,,,,,,,,,,
Manjar,AÇUCARES/CONFEITARIA,,,,,,,,,,,,,,,,,,,,,,,,,,,,,,,,,,,,,,,,,,,,,,,,
Manjar branco com ameixaem calda,,,,,,,,,,,,,,,,,,,,,,,,,,,,,,,,,,,,,,,,,,,,,,,,,
"Manjar, coco, pó, ""Ducoco""",,,,,,,,,,,,,,,,,,,,,,,,,,,,,,,,,,,,,,,,,,,,,,,,,
Manjericão fresco,,,,,,,,,,,,,,,,,,,,,,,,,,,,,,,,,,,,,,,,,,,,,,,,,
Manjericão seco,,,,,,,,,,,,,,,,,,,,,,,,,,,,,,,,,,,,,,,,,,,,,,,,,
"Manjericão, cru",,,,,,,,,,,,,,,,,,,,,,,,,,,,,,,,,,,,,,,,,,,,,,,,,
Manjerona seca,,,,,,,,,,,,,,,,,,,,,,,,,,,,,,,,,,,,,,,,,,,,,,,,,
Manjuba (crua),,,,,,,,,,,,,,,,,,,,,,,,,,,,,,,,,,,,,,,,,,,,,,,,,
Manjuba (frita),,,,,,,,,,,,,,,,,,,,,,,,,,,,,,,,,,,,,,,,,,,,,,,,,
"Manjuba, com farinha de trigo, frita",,,,,,,,,,,,,,,,,,,,,,,,,,,,,,,,,,,,,,,,,,,,,,,,,
"Manjuba, frita",,,,,,,,,,,,,,,,,,,,,,,,,,,,,,,,,,,,,,,,,,,,,,,,,
"Manteiga (média várias amostras, c/ e s/ sal)",,,,,,10,64,32,,,8,4,23,155,155,,,,,,,,,,,,,,,,,,,,,,,,,,,,,,,,,,
Manteiga coei sal,,,,,,10,64,32,,,8,4,23,155,155,,,,,,,,,,,,,,,,,,,,,,,,,,,,,,,,,,
Manteiga com margarina comsal -Vigor®,,,,,,,,10,,,,,,,,,,,,,,,,,,,,,,,,,,,,,,,,,,,,,,,,,
Manteiga com margarina semsal -Vigor®,,,,,,,,10,,,,,,,,,,,,,,,,,,,,,,,,,,,,,,,,,,,,,,,,,
Manteiga com margarinaextra cremosa com sal Leco -Vigor®,,,,,,,,10,,,,,,,,,,,,,,,,,,,,,,,,,,,,,,,,,,,,,,,,,
Manteiga com margarinaextra cremosa sem sal Leco -Vigor®,,,,,,,,10,,,,,,,,,,,,,,,,,,,,,,,,,,,,,,,,,,,,,,,,,
Manteiga com ou sem sal,LATICINIOS,,,,,10,64,32,,,8,4,23,155,155,,,,,,,,,,,,,,,,,,,,,,,,,,,,,,,,,,
Manteiga com ou sem sal light,LATICINIOS,,,,,10,64,32,,,8,4,23,155,155,,,,,,,,,,,,,,,,,,,,,,,,,,,,,,,,,,
Manteiga com sai - Itambé®,,,,,,10,64,32,,,8,4,23,155,155,,,,,,,,,,,,,,,,,,,,,,,,,,,,,,,,,,
Manteiga com sal - Aviação(),,,,,,10,64,32,,,8,4,23,155,155,,,,,,,,,,,,,,,,,,,,,,,,,,,,,,,,,,
Manteiga com sal -Teixeira®,,,,,,10,64,32,,,8,4,23,155,155,,,,,,,,,,,,,,,,,,,,,,,,,,,,,,,,,,
Manteiga de garrafa,LATICINIOS,,,,,10,64,32,,,8,4,23,155,155,,,,,,,,,,,,,,,,,,,,,,,,,,,,,,,,,,
Manteiga extra com sal - LaSereníssima®,,,,,,10,64,32,,,8,4,23,155,155,,,,,,,,,,,,,,,,,,,,,,,,,,,,,,,,,,
Manteiga extra com sal -Batavo®,,,,,,10,,10,,,,,,,,,,,,,,,,,,,,,,,,,,,,,,,,,,,,,,,,,
Manteiga extra com sal -Elegê®,,,,,,10,64,32,,,8,4,23,155,155,,,,,,,,,,,,,,,,,,,,,,,,,,,,,,,,,,
Manteiga extra sem sal -Batavo®,,,,,,10,,10,,,,,,,,,,,,,,,,,,,,,,,,,,,,,,,,,,,,,,,,,
Manteiga francesa com sal LaMotte - Président®,,,,,,10,64,32,,,8,4,23,155,155,,,,,,,,,,,,,,,,,,,,,,,,,,,,,,,,,,
Manteiga francesa com sal -Président®,,,,,,10,64,32,,,8,4,23,155,155,,,,,,,,,,,,,,,,,,,,,,,,,,,,,,,,,,
Manteiga francesa sem sal -Président®,,,,,,10,64,32,,,8,4,23,155,155,,,,,,,,,,,,,,,,,,,,,,,,,,,,,,,,,,
Manteiga sem sal,,,,,,10,64,32,,,8,4,23,155,155,,,,,,,,,,,,,,,,,,,,,,,,,,,,,,,,,,
Manteiga sem sal - Aviação®,,,,,,10,64,32,,,8,4,23,155,155,,,,,,,,,,,,,,,,,,,,,,,,,,,,,,,,,,
"Manteiga, c/ sal",,,,,,10,64,32,,,8,4,23,155,155,,,,,,,,,,,,,,,,,,,,,,,,,,,,,,,,,,
"Manteiga, cacau, Theobroma cacao L.",,,,,,10,64,32,,,8,4,23,155,155,,,,,,,,,,,,,,,,,,,,,,,,,,,,,,,,,,
"Manteiga, com sal",,,,,,10,64,32,,,8,4,23,155,155,,,,,,,,,,,,,,,,,,,,,,,,,,,,,,,,,,
"Manteiga, levemente salgada, light, Teixeira",,,,,,10,64,32,,,8,4,23,155,155,,,,,,,,,,,,,,,,,,,,,,,,,,,,,,,,,,
"Manteiga, s/ sal",,,,,,10,64,32,,,8,4,23,155,155,,,,,,,,,,,,,,,,,,,,,,,,,,,,,,,,,,
"Manteiga, sem sal",,,,,,10,64,32,,,8,4,23,155,155,,,,,,,,,,,,,,,,,,,,,,,,,,,,,,,,,,
Mão bovina cozido(a),CARNE BOVINA,100,100,90,35,75,70,30,140,70,,,,,,,,,,,,,,,,,,,,,,,,,,,,,,,,,,,,,,,
Maracujá (IBGE),FRUTAS/SUCOS/VITAMINAS,,,,,,,,,,,,,62,100,125,,,,,,,,,,,,,,45,,,,,,,,,,,,,,,,,,,
Maracujá (Tucunduva),,,,,,,,,,,,,,62,100,125,,,,,,,,,,,,,,,,,,,,,,,,,,,,,,,,,
Maracujá (casca),,,,,,,,,,,,,,,,,,,,,,,,,,,,,,,,,,,,,,,,,,,,,,,,,
Maracujá (semente),,,,,,,,,,,,,,,,,,,,,,,,,,,,,,,,,,,,,,,,,,,,,,,,,
"Maracujá, amarelo, polpa, in natura, Passiflora edulis",,,,,,,,,,,,,,,,,,,,,,,,,,,,,,,,,,,,,,,,,,,,,,,,,
"Maracujá, cru",,,,,,,,,,,,,,62,100,125,,,,,,,,,,,,,,45,,,,,,,,,,,,,,,,,,,
"Maracujá, polpa, congelada (TACO)",,,,,,,,9,,,,,,,,,,,,,,,,,,,,,,,,,,,,,,,,,,,,,,,,,
"Maracujá, polpa, congelada (TBCA)",,,,,,,,,,,,,,,,,,,,,,,,,,,,,,,,,,,,,,,,,,,,,,,,,
"Maracujá, refresco, c/ suco concentrado , c/ açúcar refinado",,,,,,,,,,,,,,150,240,300,,,,,,,,,,,,,,300,,,,,200,300,,,,,,,,,,,,,
"Maracujá, refresco, c/ suco concentrado , s/ açúcar",,,,,,,,,,,,,,150,240,300,,,,,,,,,,,,,,300,,,,,200,300,,,,,,,,,,,,,
"Maracujá, refresco, c/ suco natural, c/ açúcar refinado",,,,,,,,,,,,,,150,240,300,,,,,,,,,,,,,,300,,,,,200,300,,,,,,,,,,,,,
"Maracujá, refresco, c/ suco natural, s/ açúcar",,,,,,,,,,,,,,150,240,300,,,,,,,,,,,,,,300,,,,,200,300,,,,,,,,,,,,,
"Maracujá, suco concentrado, envasado",,,,,,,,,,,,,,150,240,300,,,,,,,,,,,,,,300,,,,,200,300,,,,,,,,,,,,,
"Maracujá, suco, concentrado, envasado",,,,,,,,,,,,,,150,240,300,,,,,,,,,,,,,,300,,,,,200,300,,,,,,,,,,,,,
"Margarina (média várias amostras, c/ e s/ sal)",,,,,,10,64,32,,,8,4,23,155,155,,,,,,,,,,,,,,,,,,,,,,,,,,,,,,,,,,
Margarina ao leite com sal -Leco®,,,,,,10,64,32,,,8,4,23,155,155,,,,,,,,,,,,,,,,,,,,,,,,,,,,,,,,,,
Margarina ao leite sem sal -Leco®,,,,,,10,64,32,,,8,4,23,155,155,,,,,,,,,,,,,,,,,,,,,,,,,,,,,,,,,,
Margarina com manteiga semsal - Vigor Mix03),,,,,,,,10,,,,,,,,,,,,,,,,,,,,,,,,,,,,,,,,,,,,,,,,,
Margarina com ou sem sal,GORDURAS/OLEOS,,,,,10,64,32,,,8,4,23,155,155,,,,,,,,,,,,,,,,,,,,,,,,,,,,,,,,,,
Margarina com sal Mila -Delícia®,,,,,,10,64,32,,,8,4,23,155,155,,,,,,,,,,,,,,,,,,,,,,,,,,,,,,,,,,
Margarina cremosa com sal -Delícia®,,,,,,10,64,32,,,8,4,23,155,155,,,,,,,,,,,,,,,,,,,,,,,,,,,,,,,,,,
Margarina cremosa com sal- Vigor®,,,,,,,,10,,,,,,,,,,,,,,,,,,,,,,,,,,,,,,,,,,,,,,,,,
Margarina cremosa com salQualy - Sadia®,,,,,,10,64,32,,,8,4,23,155,155,,,,,,,,,,,,,,,,,,,,,,,,,,,,,,,,,,
Margarina cremosa sem sal -Delícia®,,,,,,10,64,32,,,8,4,23,155,155,,,,,,,,,,,,,,,,,,,,,,,,,,,,,,,,,,
Margarina cremosa sem sal -Vigor®,,,,,,,,10,,,,,,,,,,,,,,,,,,,,,,,,,,,,,,,,,,,,,,,,,
Margarina cremosa sem salQualy - Sadia®,,,,,,10,64,32,,,8,4,23,155,155,,,,,,,,,,,,,,,,,,,,,,,,,,,,,,,,,,
Margarina culinária -Vigor®,,,,,,,,10,,,,,,,,,,,,,,,,,,,,,,,,,,,,,,,,,,,,,,,,,
"Margarina e manteiga, c/ sal, ""Vigor mix""",,,,,,,,10,,,,,,,,,,,,,,,,,,,,,,,,,,,,,,,,,,,,,,,,,
"Margarina e manteiga, s/ sal, ""Vigor mix""",,,,,,,,10,,,,,,,,,,,,,,,,,,,,,,,,,,,,,,,,,,,,,,,,,
Margarina light,GORDURAS/OLEOS,,,,,10,64,32,,,8,4,23,155,155,,,,,,,,,,,,,,,,,,,,,,,,,,,,,,,,,,
Margarina original com sal -Becel®,,,,,,10,64,32,,,8,4,23,155,155,,,,,,,,,,,,,,,,,,,,,,,,,,,,,,,,,,
Margarina sabor manteiga -Becel®,,,,,,10,64,32,,,8,4,23,155,155,,,,,,,,,,,,,,,,,,,,,,,,,,,,,,,,,,
Margarina Todo Dia - Primor®,,,,,,10,64,32,,,8,4,23,155,155,,,,,,,,,,,,,,,,,,,,,,,,,,,,,,,,,,
Margarina vegetal com sal -Claybom®,,,,,,10,64,32,,,8,4,23,155,155,,,,,,,,,,,,,,,,,,,,,,,,,,,,,,,,,,
Margarina vegetal cremosa com sal Doriana - Seara®,,,,,,10,64,32,,,8,4,23,155,155,,,,,,,,,,,,,,,,,,,,,,,,,,,,,,,,,,
Margarina vegetal cremosasem sal - Doriana®,,,,,,10,64,32,,,8,4,23,155,155,,,,,,,,,,,,,,,,,,,,,,,,,,,,,,,,,,
Margarina vegetal culináriacom sal Forno & Fogão -Primor®,,,,,,10,64,32,,,8,4,23,155,155,,,,,,,,,,,,,,,,,,,,,,,,,,,,,,,,,,
Margarina vegetal lightDoriana - Seara®,,,,,,10,64,32,,,8,4,23,155,155,,,,,,,,,,,,,,,,,,,,,,,,,,,,,,,,,,
Margarina vegetal líquida -Doriana®,,,,,,10,64,32,,,8,4,23,155,155,,,,,,,,,,,,,,,,,,,,,,,,,,,,,,,,,,
"Margarina, ao leite , c/ sal, ""Leco""",,,,,,10,64,32,,,8,4,23,155,155,,,,,,,,,,,,,,,,,,,,,,,,,,,,,,,,,,
"Margarina, ao leite , s/ sal, ""Leco""",,,,,,10,64,32,,,8,4,23,155,155,,,,,,,,,,,,,,,,,,,,,,,,,,,,,,,,,,
"Margarina, c/ óleo hidrogenado, c/ sal (65% lipídeos)",,,,,,10,64,32,,,8,4,23,155,155,,,,,,,,,,,,,,,,,,,,,,,,,,,,,,,,,,
"Margarina, c/ óleo hidrogenado, s/ sal (85% lipídeos)",,,,,,10,64,32,,,8,4,23,155,155,,,,,,,,,,,,,,,,,,,,,,,,,,,,,,,,,,
"Margarina, c/ óleo interesterificado, c/ sal (65% lipídeos)",,,,,,10,64,32,,,8,4,23,155,155,,,,,,,,,,,,,,,,,,,,,,,,,,,,,,,,,,
"Margarina, c/ óleo interesterificado, s/ sal (65% lipídeos)",,,,,,10,64,32,,,8,4,23,155,155,,,,,,,,,,,,,,,,,,,,,,,,,,,,,,,,,,
"Margarina, c/ sal, ""Amélia""",,,,,,10,64,32,,,8,4,23,155,155,,,,,,,,,,,,,,,,,,,,,,,,,,,,,,,,,,
"Margarina, com óleo hidrogenado, com sal (65% de lipídeos)",,,,,,10,64,32,,,8,4,23,155,155,,,,,,,,,,,,,,,,,,,,,,,,,,,,,,,,,,
"Margarina, com óleo hidrogenado, sem sal (80% de lipídeos)",,,,,,10,64,32,,,8,4,23,155,155,,,,,,,,,,,,,,,,,,,,,,,,,,,,,,,,,,
"Margarina, com óleo interesterificado, com sal (65%de lipídeos)",,,,,,10,64,32,,,8,4,23,155,155,,,,,,,,,,,,,,,,,,,,,,,,,,,,,,,,,,
"Margarina, com óleo interesterificado, sem sal (65% de lipídeos)",,,,,,10,64,32,,,8,4,23,155,155,,,,,,,,,,,,,,,,,,,,,,,,,,,,,,,,,,
Mari,,,,,,,,,,,,,,,,,,,,,,,,,,,,,,,,,,,,,,,,,,,,,,,,,
Maria izabel,AÇUCARES/CONFEITARIA,,,,,,,,,,,,,,,,,,,,,,,,,,,,,,,,,,,,,,,,,,,,,,,,
Maria maluca (bolacha doce),AÇUCARES/CONFEITARIA,,,,,,,,,,,,,,,,,,,,,,,,,,,,,,,,,,,,,,,,,,,,,,,,
Maria mole (IBGE),AÇUCARES/CONFEITARIA,,,,,,,,,,,,,,,,,,,,,,,,,,,,,,,,,,,,,,,,,,,,,,,,
Maria mole (TACO),,,,,,,,,,,,,,,,,,,,,,,,,,,,,,,,,,,,,,,,,,,,,,,,,
Maria mole (TBCA),,,,,,,,,,,,,,,,,,,,,,,,,,,,,,,,,,,,,,,,,,,,,,,,,
"Maria mole, (média diferentes sabores)",,,,,,,,,,,,,,,,,,,,,,,,,,,,,,,,,,,,,,,,,,,,,,,,,
"Maria mole, chocolate, pó p/, ""Ducoco""",,,,,,,,,,,,,,,,,,,,,,,,,,,,,,,,,,,,,,,,,,,,,,,,,
"Maria mole, chocolate, pó p/, ""Oetker""",,,,,,,,,,,,,,,,,,,,,,,,,,,,,,,,,,,,,,,,,,,,,,,,,
"Maria mole, coco queimado (TACO)",,,,,,,,,,,,,,,,,,,,,,,,,,,,,,,,,,,,,,,,,,,,,,,,,
"Maria mole, coco queimado (TBCA)",,,,,,,,,,,,,,,,,,,,,,,,,,,,,,,,,,,,,,,,,,,,,,,,,
"Maria mole, coco queimado, pó p/, ""Ducoco""",,,,,,,,,,,,,,,,,,,,,,,,,,,,,,,,,,,,,,,,,,,,,,,,,
"Maria mole, coco, pó p/, ""Ducoco""",,,,,,,,,,,,,,,,,,,,,,,,,,,,,,,,,,,,,,,,,,,,,,,,,
"Maria mole, coco, pó p/, ""Oetker""",,,,,,,,,,,,,,,,,,,,,,,,,,,,,,,,,,,,,,,,,,,,,,,,,
"Maria mole, coco, pó p/, (média diferentes marcas)",,,,,,,,,,,,,,,,,,,,,,,,,,,,,,,,,,,,,,,,,,,,,,,,,
"Maria mole, morango, pó p/, ""Ducoco""",,,,,,,,,,,,,,,,,,,,,,,,,,,,,,,,,,,,,,,,,,,,,,,,,
"Maria mole, morango, pó p/, ""Oetker""",,,,,,,,,,,,,,,,,,,,,,,,,,,,,,,,,,,,,,,,,,,,,,,,,
"Maria mole, morango, pó p/, (média diferentes marcas)",,,,,,,,,,,,,,,,,,,,,,,,,,,,,,,,,,,,,,,,,,,,,,,,,
Maricota,,,,,,,,,,,,,,,,,,,,,,,,,,,,,,,,,,,,,,,,,,,,,,,,,
Mariola,AÇUCARES/CONFEITARIA,,,,,,,,,,,,,,,,,,,,,,,,,,,,,,,,,,,,,,,,,,,,,,,,
Marisco,PESCADOS/FRUTOS DO MAR,,,,,,,,,,,,,,,,,,,,,,,,,,,,,,,,,,,,,,,,,,,,,,,,
Marisco cozido(a),PESCADOS/FRUTOS DO MAR,,,,,,,,,,,,,,,,,,,,,,,,,,,,,,,,,,,,,,,,,,,,,,,,
Marisco frito(a),PESCADOS/FRUTOS DO MAR,,,,,,,,,,,,,,,,,,,,,,,,,,,,,,,,,,,,,,,,,,,,,,,,
Marisco molho vermelho,PESCADOS/FRUTOS DO MAR,,,,,,,,,,,,,,,,,,,,,,,,,,,,,,,,,,,,,,,,,,,,,,,,
Marmelada (IBGE),AÇUCARES/CONFEITARIA,,,,,,,,,,,,,,,,,,,,,,,,,,,,,,,,,,,,,,,,,,,,,,,,
Marmelada (TACO),,,,,,,,,,,,,,,,,,,,,,,,,,,,,,,,,,,,,,,,,,,,,,,,,
Marmelada (Tucunduva),,,,,,,,,,,,,,,,,,,,,,,,,,,,,,,,,,,,,,,,,,,,,,,,,
Marmelada (TBCA),,,,,,,,,,,,,,,,,,,,,,,,,,,,,,,,,,,,,,,,,,,,,,,,,
Marmelo,,,,,,,,,,,,,,,,,,,,,,,,,,,,,,,,,,,,,,,,,,,,,,,,,
Marrom glacê,,,,,,,,,,,,,,,,,,,,,,,,,,,,,,,,,,,,,,,,,,,,,,,,,
Marshmellow com coberturade chocolate e recheio de morango -Top Bel's,,,,,,,,,,,,,,,,,,,,,,,,,,,,,,,,,,,,,,,,,,,,,,,,,
Martini,BEBIDAS ALCOOLICAS,,,,,,,,,,,,,,,,,,,,,,,,,,,,,,,,,,,,,,,,,,,,,,,,
Massa com ovos soltinho -Adria®,,,,,,,,,,,,,,,,,,,,,,,,,,,,,,,,,,,,,,,,,,,,,,,,,
Massa de lasanha com ovosItalianíssima - Adria®,,,,,,,,,,,,,,,,,,,,,,,,,,,,,,,,,,,,,,,,,,,,,,,,,
Massa de pizza - Frescarini®,,,,,,,,,,,,,,,,,,,,,,,,,,,,,,,,,,,,,,,,,,,,,,,,,
Massa de sêmola grano durospaghetti - Cardinale®,,,,,,,,,,,,,,,,,,,,,,,,,,,,,,,,,,,,,,,,,,,,,,,,,
Massa de sêmola tipo parafuso- Dona Benta®,,,,,,,,,,,,,,,,,,,,,80,,,,,,,,,,,,,,,,,,,,,,,,,,,,
Massa de sêmola vitaminadacozida - Petybon®,,,,,,,,,,,,,,,,,,,,,,,,,,,,,,,,,,,,,,,,,,,,,,,,,
Massa de tomate,CONDIMENTOS,,,,,,,,,,,,,,,,,,,,,,,,,,,,,,,,,,,,,,,,,,,,,,,,
Massa fresca capeletti comrecheio de frango - Massa Leve®,,,,,,100,,,,,,,,,,,,,,,,,,,,,,,,,,,,,,,,,,,,,,,,,,,
Massa fresca para lasanha -Frescarini®,,,,,,,,,,,,,,,,,,,,,,,,,,,,,,,,,,,,,,,,,,,,,,,,,
Massa fresca para talharim -Frescarini®,,,,,,,,,,,,,,,,,,,,,,,,,,,,,,,,,,,,,,,,,,,,,,,,,
Massa para lasanha -Frescarini®,,,,,,,,,,,,,,,,,,,,,,,,,,,,,,,,,,,,,,,,,,,,,,,,,
Massa para talharim -Frescarini®,,,,,,,,,,,,,,,,,,,,,,,,,,,,,,,,,,,,,,,,,,,,,,,,,
"Massa, fresca, capeletti, carne, ""Sadia""",,,,,,,,,,,,,,,,,,,,,,,,,,,,,,,,,,,,,,,,,,,,,,,,,
"Massa, fresca, crua, industrializada (média diferentes recheios)",,,,,,,,,,,,,,,,,,,,,,,,,,,,,,,,,,,,,,,,,,,,,,,,,
"Massa, fresca, ravioli, queijo, ""Sadia""",,,,,,,,,,,,,,,,,,,,,,,,,,,,,,,,,,,,,,,,,,,,,,,,,
"Massa, panqueca, preparada, c/ sal",,,,,,,,,,,,,,,,,,,,,,,,,,,,,,,,,,,,,,,,,,,,,,,,,
Massago (ovas de arenque),,,,,,,,,,,,,,,,,,,,,,,,,,,,,,,,,,,,,,,,,,,,,,,,,
Mate light,BEBIDAS QUENTES,,,,,,,,,,,,,150,240,300,,,,,,,200,,,,,,,,,,,,200,300,,,,,,,,,,,,,
Mate tradicional,BEBIDAS QUENTES,,,,,,,,,,,,,150,240,300,,,,,,,200,,,,,,,,,,,,200,300,,,,,,,,,,,,,
Maxi Bananinha Bauducco® ,,,,,,,,,,,,,,,,,,,,,,,,,,,,,,,,,,,,,,,,,,,,,,,,,
Maxi Chocolate - Bauducco®,,,,,,,,,,,,,,,,,,,,,,,,,,,,,,,,,,,,,,,,,,,,,,,,,
Maxixada,,,,,,,,,,,,,,,,,,,,,,,,,,,,,,,,,,,,,,,,,,,,,,,,,
Maxixe cozido(a),VERDURAS,,,,12,40,75,40,130,130,,,,,,,40,,,,,,,,,,,,,25,,,,,,,,,,,,,,,,,,,
Maxixe cru(a),VERDURAS,,,,12,40,75,40,130,130,,,,,,,40,,,,,,,,,,,,,25,,,,,,,,,,,,,,,,,,,
Maxixe ensopado,VERDURAS,,,,12,40,75,40,130,130,,,,,,,40,,,,,,,,,,,,,25,,,,,,,,,,,,,,,,,,,
Maxixe refogado(a),VERDURAS,,,,12,40,75,40,130,130,,,,,,,40,,,,,,,,,,,,,25,,,,,,,,,,,,,,,,,,,
"Maxixe, cru",,,,,12,40,75,40,130,130,,,,,,,40,,,,,,,,,,,,,25,,,,,,,,,,,,,,,,,,,
Mc Chicken Junior - McDonald's®,,,,,,134,,,,,,,,,,,,,,,,,,,,,,,,,,,,,,,,,,,,,,,,,,,
Mc Colosso caramelo - McDonald's® (Tucunduva),,,,,,142,,,,,,,,,,,,,,,,,,,,,,,,,,,,,,,,,,,,,,,,,,,
Mc Colosso caramelo - McDonald's® (Tucunduva),,,,,,142,,,,,,,,,,,,,,,,,,,,,,,,,,,,,,,,,,,,,,,,,,,
Mc Fish - Mc Donald's®,,,,,,,,,,,,,,,,,,,,,,,,,,,,,,,,,,,,,,,,,,,,,,,,,
McShake chocolate - McDonald's®,,,,,,400,,,,,,,,,,,,,,,,,,,,,,,,,,,,,,,,,,,,,,,,,,,
McShake flocos - McDonald's®,,,,,,400,,,,,,,,,,,,,,,,,,,,,,,,,,,,,,,,,,,,,,,,,,,
McShake morango - McDonald's®,,,,,,400,,,,,,,,,,,,,,,,,,,,,,,,,,,,,,,,,,,,,,,,,,,
"Mctlift, 250Ml",,,,,,,,,,,,,,,,,,,,,,,,,,,,,,,,,,,,,,,,,,,,,,,,,
Medalhão de filé de peito defrango congelado - Aurora®,,,,,,,,,,,,,,,,,,,,,,,,,,,,,,,,,,,,,,,,,,,,,,,,,
Medalhão de filé mignon(grelhado) - carne bovina,,,,,,,,,,,,,,,,,,,,,,,,,,,,,,,,,,,,,,,,,,,,,,,,,
Mel (IBGE),ADOÇANTES,,,,,,30,15,,,3,2,9,,240,,,,,,,,,,,,,,,,,,,,,,,,,,,,,,,,,,
Mel (Tucunduva),,,,,,,30,15,,,3,2,9,,240,,,,,,,,,,,,,,,,,,,,,,,,,,,,,,,,,,
"Mel de abelha, Apis melifera",,,,,,,30,15,,,3,2,9,,240,,,,,,,,,,,,,,,,,,,,,,,,,,,,,,,,,,
"Mel, de abelha",,,,,,,30,15,,,3,2,9,,240,,,,,,,,,,,,,,,,,,,,,,,,,,,,,,,,,,
Melado (IBGE),ADOÇANTES,,,,,,,,,,,,,,,,,,,,,,,,,,,,,,,,,,,,,,,,,,,,,,,,
Melado (TACO),,,,,,,,,,,,,,,,,,,,,,,,,,,,,,,,,,,,,,,,,,,,,,,,,
Melado (TBCA),,,,,,,,,,,,,,,,,,,,,,,,,,,,,,,,,,,,,,,,,,,,,,,,,
Melancia (IBGE),FRUTAS/SUCOS/VITAMINAS,,,200,150,296,,,,,,,,,,,,,,,,,,,,,,,,,,,,,,,,,,,,,,,,,,,
Melancia (Tucunduva),,,,200,150,296,,,,,,,,,,,,,,,,,,,,,,,,,,,,,,,,,,,,,,,,,,,
Melancia (casca),,,,,,,,,,,,,,,,,,,,,,,,,,,,,,,,,,,,,,,,,,,,,,,,,
"Melancia e acerola, suco natural (néctar), c/ açúcar refinado",,,,,,,,,,,,,,150,240,300,,,,,,,,,,,,,,300,,,,,200,300,,,,,,,,,,,,,
"Melancia e acerola, suco natural (nectar), s/ açúcar",,,,,,,,,,,,,,150,240,300,,,,,,,,,,,,,,300,,,,,200,300,,,,,,,,,,,,,
"Melancia, crua",,,,200,150,296,,,,,,,,,,,,,,,,,,,,,,,,,,,,,,,,,,,,,,,,,,,
"Melancia, polpa, in natura, Citrullus spp.",,,,,,,,,,,,,,,,,,,,,,,,,,,,,,,,,,,,,,,,,,,,,,,,,
Melão (IBGE),FRUTAS/SUCOS/VITAMINAS,,,90,22,230,,,,,,,,,,,,,,,,,,,,,,,,660,,330,330,,,,,,,,,,,,,,,,
Melão (Tucunduva),,,,90,22,230,,,,,,,,,,,,,,,,,,,,,,,,,,,,,,,,,,,,,,,,,,,
Melão (casca),,,,,,,,,,,,,,,,,,,,,,,,,,,,,,,,,,,,,,,,,,,,,,,,,
Melão (semente),,,,,,,,,,,,,,,,,,,,,,,,,,,,,,,,,,,,,,,,,,,,,,,,,
"Melão, cru",,,,90,22,230,,,,,,,,,,,,,,,,,,,,,,,,660,,,,,,,,,,,,,,,,,,,
"Melão, polpa, in natura, Cucumis melo",,,,,,,,,,,,,,,,,,,,,,,,,,,,,,,,,,,,,,,,,,,,,,,,,
"Melão, suco natural (néctar), c/ açúcar refinado",,,,,,,,,,,,,,150,240,300,,,,,,,,,,,,,,300,,,,,200,300,,,,,,,,,,,,,
"Melão, suco natural (néctar), s/ açúcar",,,,,,,,,,,,,,150,240,300,,,,,,,,,,,,,,300,,,,,200,300,,,,,,,,,,,,,
Melão-canta lupe,,,,,,,,,,,,,,,,,,,,,,,,,,,,,,,,,,,,,,,,,,,,,,,,,
Menta (frita),,,,,,,,,,,,,,,,,,,,,,,,,,,,,,,,,,,,,,,,,,,,,,,,,
Merengue,AÇUCARES/CONFEITARIA,,,,,,,,,,,,,,,,,,,,,,,,,,,,,,,,,,,,,,,,,,,,,,,,
Merluza (assada),,,,,,,,,,,,,,,,,,,,,,,,,,,,,,,,,,,,,,,,,,,,,,,,,
Merluza (cozida),,,,,,,,,,,,,,,,,,,,,,,,,,,,,,,,,,,,,,,,,,,,,,,,,
Merluza (crua),,,,,,,,,,,,,,,,,,,,,,,,,,,,,,,,,,,,,,,,,,,,,,,,,
Merluza defumada,,,,,,,,,,,,,,,,,,,,,,,,,,,,,,,,,,,,,,,,,,,,,,,,,
"Merluza, filé, assado",,,,,,,,,,,,,,,,,,,,,,,,,,,,,,,,,,,,,,,,,,,,,,,,,
"Merluza, filé, cru",,,,,,,,,,,,,,,,,,,,,,,,,,,,,,,,,,,,,,,,,,,,,,,,,
"Merluza, filé, frito",,,,,,,,,,,,,,,,,,,,,,,,,,,,,,,,,,,,,,,,,,,,,,,,,
Mexerica (IBGE),FRUTAS/SUCOS/VITAMINAS,,,,,,,,,,,,,,,,,,,,,,,,,,,,,135,100,,,,,,,,,,,,,,,,,,
Mexerica (Tucunduva),,,,,,,,,,,,,,,,,,,,,,,,,,,,,,135,100,,,,,,,,,,,,,,,,,,
Mexerica (casca),,,,,,,,,,,,,,,,,,,,,,,,,,,,,,135,100,,,,,,,,,,,,,,,,,,
"Mexerica, Murcote, crua",,,,,,,,,,,,,,,,,,,,,,,,,,,,,,135,100,,,,,,,,,,,,,,,,,,
"Mexerica, Murcote, in natura, Citrus reticulata Blanco x Citrus sinensis (L.) Osbeck",,,,,,,,,,,,,,,,,,,,,,,,,,,,,,135,100,,,,,,,,,,,,,,,,,,
"Mexerica, Rio, crua",,,,,,,,,,,,,,,,,,,,,,,,,,,,,,135,100,,,,,,,,,,,,,,,,,,
"Mexerica, Rio, in natura, Citrus reticulata",,,,,,,,,,,,,,,,,,,,,,,,,,,,,,,,,,,,,,,,,,,,,,,,,
Mexilhão (cru),,,,,,,,,,,,,,,,,,,,,,,,,,,,,,,,,,,,,,,,,,,,,,,,,
Mil folhas,AÇUCARES/CONFEITARIA,,,,,,,,,,,,,,,,,,,,,,,,,,,,,,,,,,,,,,,,,,,,,,,,
Milharina - Quaker®,,,,,,,,,,,,,,,,,,,,,,,90,,,,,,,,,,,,,,,,,,,,,,,,,,
Milho (bagaço),,,,,,,,,,,,,,,,,,,,,,,,,,,,,,,,,,,,,,,,,,,,,,,,,
Milho (cabelo),,,,,,,,,,,,,,,,,,,,,,,,,,,,,,,,,,,,,,,,,,,,,,,,,
Milho (em grão),CEREAIS,,,,,100,38,24,,,,,17,,,,,,,,,,,,,,,,,,,,,,,,,,,,,,,,,,,,
Milho (em grão) assado(a),CEREAIS,,,,,100,38,24,,,,,17,,,,,,,,,,,,,,,,,,,,,,,,,,,,,,,,,,,,
Milho (em grão) cozido(a),CEREAIS,,,,,100,38,24,,,,,17,,,,,,,,,,,,,,,,,,,,,,,,,,,,,,,,,,,,
Milho (em grão) cru(a),CEREAIS,,,,,100,38,24,,,,,17,,,,,,,,,,,,,,,,,,,,,,,,,,,,,,,,,,,,
Milho (em grão) ensopado,CEREAIS,,,,,100,38,24,,,,,17,,,,,,,,,,,,,,,,,,,,,,,,,,,,,,,,,,,,
Milho (em grão) grelhado(a)/brasa/churrasco,CEREAIS,,,,,100,38,24,,,,,17,,,,,,,,,,,,,,,,,,,,,,,,,,,,,,,,,,,,
Milho (em grão) refogado(a),CEREAIS,,,,,100,38,24,,,,,17,,,,,,,,,,,,,,,,,,,,,,,,,,,,,,,,,,,,
Milho cozido,CEREAIS,,,,,,60,24,120,,,,17,,,,,,,,,,,,,,,,,100,50,,,,,,,,,,,,,,,,,,
Milho doce congelado -Daucy®,,,,,,,,,,,,,,,,,,,,,,,,,,,,,,,,,,,,,,,,,,,,,,,,,
Milho moido cozido(a),CEREAIS,,,,,,,,,,,,,,,,,,,,,,,,,,,,,,,,,,,,,,,,,,,,,,,,
Milho para canjica seco,,,,,,,,,,,,,,,,,,,,,,,,,,,,,,,,,,,,,,,,,,,,,,,,,
Milho para pipoca - Yoki®,,,,,,,,,,,,,,,,,,,,,,,25,,,,,,,,,,,,,,,,,,,,,,,,,,
Milho para pipoca light -Linguanotto®,,,,,,,,,,,,,,,,,,,,,,,25,,,,,,,,,,,,,,,,,,,,,,,,,,
Milho verde,,,,,,100,38,24,,,,,17,,,,,,,,,,,,,,,,,,,,,,,,,,,,,,,,,,,,
Milho verde - Etti®,,,,,,100,38,24,,,,,17,,,,,,,,,,,,,,,,,,,,,,,,,,,,,,,,,,,,
Milho verde (cozido),,,,,,100,38,24,,,,,17,,,,,,,,,,,,,,,,,,,,,,,,,,,,,,,,,,,,
Milho verde com ervilha em conserva,CONSERVAS,,,,,100,38,24,,,,,17,,,,,,,,,,,,,,,,,,,,,,,,,,,,,,,,,,,,
Milho verde com ervilha em conserva cozido(a),CONSERVAS,,,,,100,38,24,,,,,17,,,,,,,,,,,,,,,,,,,,,,,,,,,,,,,,,,,,
Milho verde com ervilha em conserva cru(a),CONSERVAS,,,,,100,38,24,,,,,17,,,,,,,,,,,,,,,,,,,,,,,,,,,,,,,,,,,,
Milho verde com ervilha em conserva frito(a),CONSERVAS,,,,,100,38,24,,,,,17,,,,,,,,,,,,,,,,,,,,,,,,,,,,,,,,,,,,
Milho verde congelado -Bonduelie®,,,,,,100,38,24,,,,,17,,,,,,,,,,,,,,,,,,,,,,,,,,,,,,,,,,,,
Milho verde em conserva,CONSERVAS,,,,,100,38,24,,,,,17,,,,,,,,,,,,,,,,,,,,,,,,,,,,,,,,,,,,
Milho verde em conserva -Jurema®,,,,,,100,38,24,,,,,17,,,,,,,,,,,,,,,,,,,,,,,,,,,,,,,,,,,,
"Milho, amido, cru (TACO)",,,,,,,55,37,110,,,,,,,,,,,,,,,,,,,,,,,,,,,,,,,,,,,,,,,,
"Milho, amido, cru (TBCA)",,,,,,,55,37,110,,,,,,,,,,,,,,,,,,,,,,,,,,,,,,,,,,,,,,,,
"Milho, curau",,,,,,,,,,,,,,,,,,,,,,,,,,,,,,,,,,,,,,,,,,,,,,,,,
"Milho, curau, mistura p/",,,,,,,,,,,,,,,,,,,,,,,,,,,,,,,,,,,,,,,,,,,,,,,,,
"Milho, farinha (média diferentes marcas/granulação)",,,,,,,,,,,,,,,,,,,,,,,,,,,,,,,,,,,,,,,,,,,,,,,,,
"Milho, fubá, cru",,,,,,,60,35,150,,,,,,,,,,,,,,,,,,,,,,,,,,,,,,,,,,,,,,,,
"Milho, fubá, cru (média diferentes marcas)",,,,,,,60,35,150,,,,,,,,,,,,,,,,,,,,,,,,,,,,,,,,,,,,,,,,
"Milho, minimilho",,,,,,,,,,,,,,,,,,,,,,,,,,,,,,,,,,,,,,,,,,,,,,,,,
"Milho, pipoca, crua (média de diferentes sabores)",,,,,,,,,,,,,,,,,,,,,,,25,,,,,,,,,,,,,,,,,,,,,,,,,,
"Milho, pipoca, grão, cru, Zea mays (média diferentes amostras)",,,,,,,,,,,,,,,,,,,,,,,25,,,,,,,,,,,,,,,,,,,,,,,,,,
"Milho, pipoca, micro-ondas, light, preparado",,,,,,,,,,,,,,,,,,,,,,,25,,,,,,,,,,,,,,,,,,,,,,,,,,
"Milho, pipoca, p/ micro-ondas, bacon, cru, ""Hikari""",,,,,,,,,,,,,,,,,,,,,,,25,,,,,,,,,,,,,,,,,,,,,,,,,,
"Milho, pipoca, p/ micro-ondas, cru, light, ""Hikari"" (TBCA)",,,,,,,,,,,,,,,,,,,,,,,25,,,,,,,,,,,,,,,,,,,,,,,,,,
"Milho, pipoca, p/ micro-ondas, cru, light, ""Hikari"" (TBCA)",,,,,,,,,,,,,,,,,,,,,,,25,,,,,,,,,,,,,,,,,,,,,,,,,,
"Milho, pipoca, p/ micro-ondas, light, cru",,,,,,,,,,,,,,,,,,,,,,,25,,,,,,,,,,,,,,,,,,,,,,,,,,
"Milho, pipoca, p/ micro-ondas, manteiga, cru, ""Hikari""",,,,,,,,,,,,,,,,,,,,,,,25,,,,,,,,,,,,,,,,,,,,,,,,,,
"Milho, pipoca, p/ micro-ondas, natural, cru, ""Hikari""",,,,,,,,,,,,,,,,,,,,,,,25,,,,,,,,,,,,,,,,,,,,,,,,,,
"Milho, pipoca, p/ micro-ondas, queijo, cru, ""Hikari""",,,,,,,,,,,,,,,,,,,,,,,25,,,,,,,,,,,,,,,,,,,,,,,,,,
"Milho, pipoca, s/ sal, preparado",,,,,,,,,,,,,,,,,,,,,,,25,,,,,,,,,,,,,,,,,,,,,,,,,,
"Milho, polenta/fubá, cozido",,,,,,,60,35,150,,,,,,,,,,,,,,,,,,,,,,,,,,,,,,,,,,,,,,,,
"Milho, verde, cozido no vapor, ""Jurema""",,,,,,100,38,24,,,,,17,,,,,,,,,,,,,,,,,,,,,,,,,,,,,,,,,,,,
"Milho, verde, cru",,,,,,100,38,24,,,,,17,,,,,,,,,,,,,,,,,,,,,,,,,,,,,,,,,,,,
"Milho, verde, enlatado, drenado",,,,,,100,38,24,,,,,17,,,,,,,,,,,,,,,,,,,,,,,,,,,,,,,,,,,,
"Milho, verde, grão, assado, c/ manteiga, c/ sal",,,,,,100,38,24,,,,,17,,,,,,,,,,,,,,,,,,,,,,,,,,,,,,,,,,,,
"Milho, verde, grão, assado, c/ manteiga, s/ sal",,,,,,100,38,24,,,,,17,,,,,,,,,,,,,,,,,,,,,,,,,,,,,,,,,,,,
"Milho, verde, grão, assado, c/ sal, Zea mays",,,,,,100,38,24,,,,,17,,,,,,,,,,,,,,,,,,,,,,,,,,,,,,,,,,,,
"Milho, verde, grão, assado, s/ sal, Zea mays",,,,,,100,38,24,,,,,17,,,,,,,,,,,,,,,,,,,,,,,,,,,,,,,,,,,,
"Milho, verde, grão, cozido, drenado, c/ manteiga, c/ sal",,,,,,100,38,24,,,,,17,,,,,,,,,,,,,,,,,,,,,,,,,,,,,,,,,,,,
"Milho, verde, grão, cozido, drenado, c/ manteiga, s/ sal",,,,,,100,38,24,,,,,17,,,,,,,,,,,,,,,,,,,,,,,,,,,,,,,,,,,,
"Milho, verde, grão, cozido, drenado, c/ sal, Zea mays",,,,,,100,38,24,,,,,17,,,,,,,,,,,,,,,,,,,,,,,,,,,,,,,,,,,,
"Milho, verde, grão, cozido, drenado, s/ sal, Zea mays",,,,,,100,38,24,,,,,17,,,,,,,,,,,,,,,,,,,,,,,,,,,,,,,,,,,,
"Milho, verde, grão, cru, Zea mays (média diferentes amostras)",,,,,,100,38,24,,,,,17,,,,,,,,,,,,,,,,,,,,,,,,,,,,,,,,,,,,
"Milho, verde, grão, enlatado, drenado (média diferentes marca)",,,,,,100,38,24,,,,,17,,,,,,,,,,,,,,,,,,,,,,,,,,,,,,,,,,,,
"Milho, verde, grão, refogado, c/ sal",,,,,,100,38,24,,,,,17,,,,,,,,,,,,,,,,,,,,,,,,,,,,,,,,,,,,
"Milho, verde, grão, refogado, s/ sal",,,,,,100,38,24,,,,,17,,,,,,,,,,,,,,,,,,,,,,,,,,,,,,,,,,,,
"Milho, verde, pamonha, pré-cozido",,,,,,,,,,,,,,,,,,,,,,,,,,,,,,,,,,,,,,,,,,,,,,,,,
Milk shake,BEBIDAS DOCES,,,,,,,,,,,,,,,,,,,,,,,,,,,,,,,,,,,,,,,,,,,,,,,,
Milk shake diet,BEBIDAS DOCES,,,,,,,,,,,,,,,,,,,,,,,,,,,,,,,,,,,,,,,,,,,,,,,,
Mimosa,,,,,,,,,,,,,,,,,,,,,,,,,,,,,,,,,,,,,,,,,,,,,,,,,
"Mingau (fuba,  aveia, farinha, etc)",SOPAS/CALDOS/MINGAUS,,,,,,,,,,,,,,,,,,,,,,,,,,,,,,,,,,,,,,,,,,,,,,,,
Mingau de arroz,SOPAS/CALDOS/MINGAUS,,,,,,,,,,,,,,,,,,,,,,,,,,,,,,,,,,,,,,,,,,,,,,,,
Mingau de aveia,,,,,,,,,,,,,,,,,,,,,,,,,,,,,,,,,,,,,,,,,,,,,,,,,
Mingau de couve,,,,,,,,,,,,,,,,,,,,,,,,,,,,,,,,,,,,,,,,,,,,,,,,,
Mingau de jatobá,,,,,,,,,,,,,,,,,,,,,,,,,,,,,,,,,,,,,,,,,,,,,,,,,
Mingau de milho,SOPAS/CALDOS/MINGAUS,,,,,,,,,,,,,,,,,,,,,,,,,,,,,,,,,,,,,,,,,,,,,,,,
"Mingau tradicional, pó",,,,,,,,,,,,,,,,,,,,,,,,,,,,,,,,,,,,,,,,,,,,,,,,,
"Mingau, de aveia, c/ açúcar",,,,,,,,,,,,,,,,,,,,,,,,,,,,,,,,,,,,,,,,,,,,,,,,,
"Mingau, de maisena, c/ açúcar",,,,,,240,,20,,,,,,,,,,,,,,,,,,,,,,,,,,,,,,,,,,,,,,,,,
"Mingau, de maisena, c/ banana, c/ açúcar",,,,,,240,,20,,,,,,,,,,,,,,,,,,,,,,,,,,,,,,,,,,,,,,,,,
"Mingau, tradicional",,,,,,,,,,,,,,,,,,,,,,,,,,,,,,,,,,,,,,,,,,,,,,,,,
Mini chicken empanado assado(a),CARNES INDUSTRIALIZADAS,,,,,,,,,,,,,,,,,,,,,,,,,,,,,,,,,,,,,,,,,,,,,,,,
Mini chicken empanado cozido(a),CARNES INDUSTRIALIZADAS,,,,,,,,,,,,,,,,,,,,,,,,,,,,,,,,,,,,,,,,,,,,,,,,
Mini chicken empanado empanado(a)/a milanesa,CARNES INDUSTRIALIZADAS,,,,,,,,,,,,,,,,,,,,,,,,,,,,,,,,,,,,,,,,,,,,,,,,
Mini chicken empanado frito(a),CARNES INDUSTRIALIZADAS,,,,,,,,,,,,,,,,,,,,,,,,,,,,,,,,,,,,,,,,,,,,,,,,
Mini chicken empanado grelhado(a)/brasa/churrasco,CARNES INDUSTRIALIZADAS,,,,,,,,,,,,,,,,,,,,,,,,,,,,,,,,,,,,,,,,,,,,,,,,
Mini hambúrguer de picanha- Wessel®,,,,,,,,,,,,,,,,,,,,,,,,,,,,,,,,,,,,,,,,,,,,,,,,,
Mini kibe - Sadia®,,,,,,,,,,,,,,,,,,,,,,,,,,,,,,,,,,,,,,,,,,,,,,,,,
Mini kibe bovino congelado - Perdigão®,,,,,,,,,,,,,,,,,,,,,,,,,,,,,,,,,,,,,,,,,,,,,,,,,
Mini pão para hot dog - CasaVictoriana®,,,,,,,,,,,,,,,,,,,,,,,,,,,,,,,,,,,,,,,,,,,,,,,,,
Mini pastel,SALGADOS,,,,,,,,,,,,,,,,,,,,,,,,,,,,,,,,,,,,,,,,,,,,,,,,
Mini pizza semipronta,FARINHAS/FÉCULAS/MASSAS,,,,,,,,,,,,,,,,,,,,,,,,,,,,,,,,,,,,,,,,,,,,,,,,
Mini pizza semipronta assado(a),FARINHAS/FÉCULAS/MASSAS,,,,,,,,,,,,,,,,,,,,,,,,,,,,,,,,,,,,,,,,,,,,,,,,
Mini pizza semipronta cozido(a),FARINHAS/FÉCULAS/MASSAS,,,,,,,,,,,,,,,,,,,,,,,,,,,,,,,,,,,,,,,,,,,,,,,,
Mini pizza semipronta cru(a),FARINHAS/FÉCULAS/MASSAS,,,,,,,,,,,,,,,,,,,,,,,,,,,,,,,,,,,,,,,,,,,,,,,,
Mini pizza semipronta frito(a),FARINHAS/FÉCULAS/MASSAS,,,,,,,,,,,,,,,,,,,,,,,,,,,,,,,,,,,,,,,,,,,,,,,,
Mini pizza semipronta light assado(a),FARINHAS/FÉCULAS/MASSAS,,,,,,,,,,,,,,,,,,,,,,,,,,,,,,,,,,,,,,,,,,,,,,,,
Minuano tradicional,,,,,,,,,,,,,,,,,,,,,,,,,,,,,,,,,,,,,,,,,,,,,,,,,
Miojo,INDUSTRIALIZADOS,,,,,,,,,,,,,,,,,,,,,,,,,,,,,,,,,,,,,,,,,,,,,,,,
Miolo de alcatra sem gordura(cru) - carne bovina,,,,90,35,75,70,30,140,70,,,,,,,,,,,,,,,,,,,,,,,,,,,,,,,,,,,,,,,
Miolo de alcatra sem gordura(grelhado) - carne bovina,,,,90,35,75,70,30,140,70,,,,,,,,,,,,,,,,,,,,,,,,,,,,,,,,,,,,,,,
Miolo de boi cozido(a),CARNE BOVINA,,,90,35,75,70,30,140,70,,,,,,,,,,,,,,,,,,,,,,,,,,,,,,,,,,,,,,,
Mirtito congelado -DeMarchi®,,,,,,,,,,,,,,,,,,,,,,,,,,,,,,,,,,,,,,,,,,,,,,,,,
Missô,,,,,,,,,,,,,,,,,,,,,,,,,,,,,,,,,,,,,,,,,,,,,,,,,
"Missô, pasta de soja (média diferentes tipos)",,,,,,,,,,,,,,,,,,,,,,,,,,,,,,,,,,,,,,,,,,,,,,,,,
"Missô, pasta de soja, aka, ""Sakura""",,,,,,,,,,,,,,,,,,,,,,,,,,,,,,,,,,,,,,,,,,,,,,,,,
"Missô, pasta de soja, shiro, ""Sakura""",,,,,,,,,,,,,,,,,,,,,,,,,,,,,,,,,,,,,,,,,,,,,,,,,
Missoshiru (pó) - Sakura®,,,,,,,,,,,,,,,,,,,,,,,,,,,,,,,,,,,,,,,,,,,,,,,,,
"Missôshiru, frango, pó, ""Sakura""",,,,,,,,,,,,,,,,,,,,,,,,,,,,,,,,,,,,,,,,,,,,,,,,,
"Missôshiru, legumes, pó, ""Sakura""",,,,,,,,,,,,,,,,,,,,,,,,,,,,,,,,,,,,,,,,,,,,,,,,,
"Missoshiru, pó (média diferentes sabores)",,,,,,,,,,,,,,,,,,,,,,,,,,,,,,,,,,,,,,,,,,,,,,,,,
"Missôshiru, tradicional, pó, ""Sakura""",,,,,,,,,,,,,,,,,,,,,,,,,,,,,,,,,,,,,,,,,,,,,,,,,
Misto quente,,,,,,,,,,,,,,,,,,,,,,,,,,,,,,,,,,,,,,,,,,,,,,,,,
Misto quente ou frio,SALGADOS,,,,,,,,,,,,,,,,,,,,,,,,,,,,,,,,,,,,,,,,,,,,,,,,
Misto trio,,,,,,,,,,,,,,,,,,,,,,,,,,,,,,,,,,,,,,,,,,,,,,,,,
Mistura caribenha congelado- Daucy®,,,,,,,,,,,,,,,,,,,,,,,,,,,,,,,,,,,,,,,,,,,,,,,,,
Mistura para bolo sabormaracujá - Dona Benta®,,,,,,,,,,,,,,,,,,,,,,,,,,,,,,,,,,,,,,,,,,,,,,,,,
Mistura quatro legumescongelado - Daucy®,,,,,,,,,,,,,,,,,,,,,,,,,,,,,,,,,,,,,,,,,,,,,,,,,
Miudo de bode  cozido(a),OUTRAS CARNES,,,90,35,75,70,30,140,70,,,,,,,,,,,,,,,,,,,,,,,,,,,,,,,,,,,,,,,
Miudo de galinha ou frango  assado(a),AVES,,,,55,100,40,20,80,,,,,,,,,,,,,,,40,180,55,65,60,10,,,,,,,,,,,,,,,,,,,,
Miudo de galinha ou frango  cozido(a),AVES,,,,55,100,40,20,80,,,,,,,,,,,,,,,40,180,55,65,60,10,,,,,,,,,,,,,,,,,,,,
Miudo de galinha ou frango  frito(a),AVES,,,,55,100,40,20,80,,,,,,,,,,,,,,,40,180,55,65,60,10,,,,,,,,,,,,,,,,,,,,
Miudo de galinha ou frango  molho vermelho,AVES,,,,55,100,40,20,80,,,,,,,,,,,,,,,40,180,55,65,60,10,,,,,,,,,,,,,,,,,,,,
Miudo de galinha ou frango  sopa,SOPAS/CALDOS/MINGAUS,,,,,,,,,,,,,,,,,,,,,,,,,,,,,,,,,,,,,,,,,,,,,,,,
Miudo suíno cozido(a),OUTRAS CARNES,,,90,35,75,70,30,140,70,,,,,,,,,,,,,,,,,,,,,,,,,,,,,,,,,,,,,,,
Mix de cereais,CEREAIS,,,,,,,,,,,,,,,,,,,,,,,,,,,,,,,,,,,,,,,,,,,,,,,,
Mocoto bovino,CARNE BOVINA,,,90,35,75,70,30,140,70,,,,,,,,,,,,,,,,,,,,,,,,,,,,,,,,,,,,,,,
Mocoto bovino cozido(a),CARNE BOVINA,,,90,35,75,70,30,140,70,,,,,,,,,,,,,,,,,,,,,,,,,,,,,,,,,,,,,,,
Mocoto bovino ensopado,CARNE BOVINA,,,90,35,75,70,30,140,70,,,,,,,,,,,,,,,,,,,,,,,,,,,,,,,,,,,,,,,
Mocoto bovino sopa,SOPAS/CALDOS/MINGAUS,,,,,,,,,,,,,,,,,,,,,,,,,,,,,,,,,,,,,,,,,,,,,,,,
Mocoto de caprino cozido(a),OUTRAS CARNES,,,90,35,75,70,30,140,70,,,,,,,,,,,,,,,,,,,,,,,,,,,,,,,,,,,,,,,
Mocoto suíno cozido(a),OUTRAS CARNES,,,90,35,75,70,30,140,70,,,,,,,,,,,,,,,,,,,,,,,,,,,,,,,,,,,,,,,
Modulen IBD pó - Nestlé®,,,,,,,,,,,,,,,,,,,,,,,,,,,,,,,,,,,,,,,,,,,,,,,,,
Moela de galinha ou frango cozido(a),VISCERAS,,,,,,,,,,,,,,,,,,,,,,,,,,,,,,,,,,,,,,,,,,,,,,,,
Moela de galinha ou frango ensopado,VISCERAS,,,,,,,,,,,,,,,,,,,,,,,,,,,,,,,,,,,,,,,,,,,,,,,,
Moela de galinha ou frango frito(a),VISCERAS,,,,,,,,,,,,,,,,,,,,,,,,,,,,,,,,,,,,,,,,,,,,,,,,
Moela de galinha ou frango grelhado(a)/brasa/churrasco,VISCERAS,,,,,,,,,,,,,,,,,,,,,,,,,,,,,,,,,,,,,,,,,,,,,,,,
Moela de galinha ou frango molho branco,VISCERAS,,,,,,,,,,,,,,,,,,,,,,,,,,,,,,,,,,,,,,,,,,,,,,,,
Moela de galinha ou frango molho vermelho,VISCERAS,,,,,,,,,,,,,,,,,,,,,,,,,,,,,,,,,,,,,,,,,,,,,,,,
Moela de galinha ou frango refogado(a),VISCERAS,,,,,,,,,,,,,,,,,,,,,,,,,,,,,,,,,,,,,,,,,,,,,,,,
Moela de galinha ou frango sopa,SOPAS/CALDOS/MINGAUS,,,,,,,,,,,,,,,,,,,,,,,,,,,,,,,,,,,,,,,,,,,,,,,,
Moiho de tomate,,,,,,,,,,,,,,,,,,,,,,,,,,,,,,,,,,,,,,,,,,,,,,,,,
Molho à bolonhesa,,,,,,,,,,,,,,,,,,,,,,,,,,,,,,,,,,,,,,,,,,,,,,,,,
Molho Blister Mostarda Dijon- Mc Donald's®,,,,,,,,,,,,,,,,,,,,,,,,,,,,,,,,,,,,,,,,,,,,,,,,,
Molho branco,,,,,,,,,,,,,,,,,,,,,,,,,,,,,,,,,,,,,,,,,,,,,,,,,
Molho chinês,,,,,,,,,,,,,,,,,,,,,,,,,,,,,,,,,,,,,,,,,,,,,,,,,
"Molho de iogurte, c/ salsa, suco de limão, alho, azeite de oliva, pepino, iogurte natural e sal",,,,,,,,,,,,,,,,,,,,,,,,,,,,,,,,,,,,,,,,,,,,,,,,,
Molho de pimenta,,,,,,,,,,,,,,,,,,,,,,,,,,,,,,,,,,,,,,,,,,,,,,,,,
Molho de soja,CONDIMENTOS,,,,,,,,,,,,,,,,,,,,,,,,,,,,,,,,,,,,,,,,,,,,,,,,
Molho de soja (Tozan),,,,,,,,,,,,,,,,,,,,,,,,,,,,,,,,,,,,,,,,,,,,,,,,,
Molho de soja light,CONDIMENTOS,,,,,,,,,,,,,,,,,,,,,,,,,,,,,,,,,,,,,,,,,,,,,,,,
Molho de soja Sakura®,,,,,,,,,,,,,,,,,,,,,,,,,,,,,,,,,,,,,,,,,,,,,,,,,
Molho de tomate,CONDIMENTOS,,,,,,,,,,,,,,,,,,,,,,,,,,,,,,,,,,,,,,,,,,,,,,,,
Molho de tomate compedaços - Etti®,,,,,,,,,,,,,,,,,,,,,,,,,,,,,,,,,,,,,,,,,,,,,,,,,
Molho de tomate refogadoreceita italiana - Etti®,,,,,,,,,,,,,,,,,,,,,,,,,,,,,,,,,,,,,,,,,,,,,,,,,
Molho de tomate tradicional- Cirioe,,,,,,,,,,,,,,,,,,,,,,,,,,,,,,,,,,,,,,,,,,,,,,,,,
Molho de tomate tradicional -Pomarola®,,,,,,,,,,,,,,,,,,,,,,,,,,,,,,,,,,,,,,,,,,,,,,,,,
Molho inglês,,,,,,,,,,,,,,,,,,,,,,,,,,,,,,,,,,,,,,,,,,,,,,,,,
Molho inglês - Opêrco®,,,,,,,,,,,,,,,,,,,,,,,,,,,,,,,,,,,,,,,,,,,,,,,,,
Molho lar-taro - Gourmet®,,,,,,,,,,,,,,,,,,,,,,,,,,,,,,,,,,,,,,,,,,,,,,,,,
Molho madeira,,,,,,,,,,,,,,,,,,,,,,,,,,,,,,,,,,,,,,,,,,,,,,,,,
Molho mostarda escura -Hemmer0,,,,,,,,,,,,,,,,,,,,,,,,,,,,,,,,,,,,,,,,,,,,,,,,,
Molho rosé - Gourmet®,,,,,,,,,,,,,,,,,,,,,,,,,,,,,,,,,,,,,,,,,,,,,,,,,
Molho shoyu - Cepêra®,,,,,,,,,,,,,,,,,,,,,,,,,,,,,,,,,,,,,,,,,,,,,,,,,
Molho Ton Katsu,,,,,,,,,,,,,,,,,,,,,,,,,,,,,,,,,,,,,,,,,,,,,,,,,
Molho vinagrete,,,,,,,,,,,,,,,,,,,,,,,,,,,,,,,,,,,,,,,,,,,,,,,,,
"Molho, à bolonhesa (molho de tomate c/ 25% de carne moída), c/ sal",,,,,,,,,,,,,,,,,,,,,,,,,,,,,,,,,,,,,,,,,,,,,,,,,
"Molho, agridoce, ""Kenko""",,,,,,,,,,,,,,,,,,,,,,,,,,,,,,,,,,,,,,,,,,,,,,,,,
"Molho, alho, ""Kenko",,,,,,,,,,,,,,,,,,,,,,,,,,,,,,,,,,,,,,,,,,,,,,,,,
"Molho, barbecue, ""Kenko""",,,,,,,,,,,,,,,,,,,,,,,,,,,,,,,,,,,,,,,,,,,,,,,,,
"Molho, branco (bechamel), c/ sal",,,,,,,,,,,,,,,,,,,,,,,,,,,,,,,,,,,,,,,,,,,,,,,,,
"Molho, branco (bechamel), s/ sal",,,,,,,,,,,,,,,,,,,,,,,,,,,,,,,,,,,,,,,,,,,,,,,,,
"Molho, inglês, ""Kenko""",,,,,,,,,,,,,,,,,,,,,,,,,,,,,,,,,,,,,,,,,,,,,,,,,
"Molho, italian, ""Kenko""",,,,,,,,,,,,,,,,,,,,,,,,,,,,,,,,,,,,,,,,,,,,,,,,,
"Molho, italian, light, ""Kenko""",,,,,,,,,,,,,,,,,,,,,,,,,,,,,,,,,,,,,,,,,,,,,,,,,
"Molho, mostarda",,,,,,,,,,,,,,,,,,,,,,,,,,,,,,,,,,,,,,,,,,,,,,,,,
"Molho, p/ salada, c/ filé de anchova, alho, molho de mostarda, molho inglês, suco de limão, vinagre de maçã, maionese, azeite de oliva, c/sal",,,,,,,,,,,,,,,,,,,,,,,,,,,,,,,,,,,,,,,,,,,,,,,,,
"Molho, p/ salada, c/ salsa, suco de limão, azeite de oliva, c/ sal",,,,,,,,,,,,,,,,,,,,,,,,,,,,,,,,,,,,,,,,,,,,,,,,,
"Molho, p/ salada, c/ salsa, vinagre de maçã, azeite de oliva, c/ sal",,,,,,,,,,,,,,,,,,,,,,,,,,,,,,,,,,,,,,,,,,,,,,,,,
"Molho, parmesan, ""Kenko""",,,,,,,,,,,,,,,,,,,,,,,,,,,,,,,,,,,,,,,,,,,,,,,,,
"Molho, parmesan, light, ""Kenko""",,,,,,,,,,,,,,,,,,,,,,,,,,,,,,,,,,,,,,,,,,,,,,,,,
"Molho, pimenta, ""Sakura""",,,,,,,,,,,,,,,,,,,,,,,,,,,,,,,,,,,,,,,,,,,,,,,,,
"Molho, rose, ""Kenko""",,,,,,,,,,,,,,,,,,,,,,,,,,,,,,,,,,,,,,,,,,,,,,,,,
"Molho, soja, premium, light, ""Sakura""",,,,,,,,,,,,,,,,,,,,,,,,,,,,,,,,,,,,,,,,,,,,,,,,,
"Molho, soja, shoyu",,,,,,,,,,,,,,,,,,,,,,,,,,,,,,,,,,,,,,,,,,,,,,,,,
"Molho, soja, shoyu, Premium, ""Sakura""",,,,,,,,,,,,,,,,,,,,,,,,,,,,,,,,,,,,,,,,,,,,,,,,,
"Molho, soja, shoyu, tradicional, ""Sakura""",,,,,,,,,,,,,,,,,,,,,,,,,,,,,,,,,,,,,,,,,,,,,,,,,
"Molho, teryaki, ""Sakura""",,,,,,,,,,,,,,,,,,,,,,,,,,,,,,,,,,,,,,,,,,,,,,,,,
"Molusco, lula, músculo, cru, Loligo plei",,,,,,,,,,,,,,,,,,,,,,,,,,,,,,,,,,,,,,,,,,,,,,,,,
"Molusco, mexilhão, cozido, s/ sal, Anomalocardia brasiliana",,,,,,,,,,,,,,,,,,,,,,,,,,,,,,,,,,,,,,,,,,,,,,,,,
"Molusco, mexilhão, cru, Anomalocardia brasiliana",,,,,,,,,,,,,,,,,,,,,,,,,,,,,,,,,,,,,,,,,,,,,,,,,
"Molusco, mexilhão, cru, Perna Perna",,,,,,,,,,,,,,,,,,,,,,,,,,,,,,,,,,,,,,,,,,,,,,,,,
"Molusco, mexilhão, Sururu, c/ leite de coco, cozido, s/ sal, Mytella falcata",,,,,,,,,,,,,,,,,,,,,,,,,,,,,,,,,,,,,,,,,,,,,,,,,
"Molusco, mexilhão, Sururu, cru, Mytella falcata",,,,,,,,,,,,,,,,,,,,,,,,,,,,,,,,,,,,,,,,,,,,,,,,,
"Molusco, mexilhão, Unha de Velho, c/ leite de coco, cozido, s/ sal, Tagelus plebeus",,,,,,,,,,,,,,,,,,,,,,,,,,,,,,,,,,,,,,,,,,,,,,,,,
"Molusco, mexilhão, Unha de Velho, cru, Tagelus plebeus",,,,,,,,,,,,,,,,,,,,,,,,,,,,,,,,,,,,,,,,,,,,,,,,,
"Molusco, ostra, cozido, s/ sal, Crassostrea rhizophora",,,,,,,,,,,,,,,,,,,,,,,,,,,,,,,,,,,,,,,,,,,,,,,,,
"Molusco, ostra, cru, Crassostrea rhizophora",,,,,,,,,,,,,,,,,,,,,,,,,,,,,,,,,,,,,,,,,,,,,,,,,
Moqueca baiana (IBGE),TIPICOS,,,,,,,,,,,,,,,,,,,,,,,,,,,,,,,,,,,,,,,,,,,,,,,,
Moqueca baiana (Tucunduva),,,,,,,,,,,,,,,,,,,,,,,,,,,,,,,,,,,,,,,,,,,,,,,,,
Moqueca capixaba,TIPICOS,,,,,,,,,,,,,,,,,,,,,,,,,,,,,,,,,,,,,,,,,,,,,,,,
Moqueca de peixe,,,,,,,,,,,,,,,,,,,,,,,,,,,,,,,,,,,,,,,,,,,,,,,,,
Moqueca de peixe e camarão,,,,,,,,,,,,,,,,,,,,,,,,,,,,,,,,,,,,,,,,,,,,,,,,,
Moranga,VERDURAS,,,,50,70,72,36,100,,,,,,,,,,,,,,,,,,,,,,,,,,,,,,,,,,,,,,,,
Moranga cozido(a),VERDURAS,,,,50,70,72,36,100,,,,,,,,,,,,,,,,,,,,,,,,,,,,,,,,,,,,,,,,
Moranga ensopado,VERDURAS,,,,50,70,72,36,100,,,,,,,,,,,,,,,,,,,,,,,,,,,,,,,,,,,,,,,,
Moranga refogado(a),VERDURAS,,,,50,70,72,36,100,,,,,,,,,,,,,,,,,,,,,,,,,,,,,,,,,,,,,,,,
Morango (IBGE),FRUTAS/SUCOS/VITAMINAS,,,,,120,,,,,,,,62,,,,,120,,,,120,,,,,,,12,7,,,,,,,,,,,,,,,,,,
Morango (Tucunduva),,,,,,120,,,,,,,,62,,,,,120,,,,120,,,,,,,12,7,,,,,,,,,,,,,,,,,,
"Morango, cru",,,,,,120,,,,,,,,62,,,,,120,,,,120,,,,,,,12,7,,,,,,,,,,,,,,,,,,
"Morango, in natura, Fragaria vesca L.",,,,,,120,,,,,,,,62,,,,,120,,,,120,,,,,,,12,7,,,,,,,,,,,,,,,,,,
"Morango, suco natural (néctar), c/ açúcar refinado",,,,,,,,,,,,,,150,240,300,,,,,,,,,,,,,,300,,,,,200,300,,,,,,,,,,,,,
"Morango, suco natural (néctar), s/ açúcar",,,,,,,,,,,,,,150,240,300,,,,,,,,,,,,,,300,,,,,200,300,,,,,,,,,,,,,
"Morangos congelados -DeMarchiC,",,,,,,,,,,,,,,,,,,,,,,,,,,,,,,,,,,,,,,,,,,,,,,,,,
Morcela,CARNES INDUSTRIALIZADAS,,,,,,,,,,,,,,,,,,,,,,,,,,,,,,,,,,,,,,,,,,,,,,,,
Morcilha cozido(a),CARNES INDUSTRIALIZADAS,,,,,,,,,,,,,,,,,,,,,,,,,,,,,,,,,,,,,,,,,,,,,,,,
Morcilha cru(a),CARNES INDUSTRIALIZADAS,,,,,,,,,,,,,,,,,,,,,,,,,,,,,,,,,,,,,,,,,,,,,,,,
Mortadela (IBGE),CARNES INDUSTRIALIZADAS,,,35,,,,,,,,,,,,,,,,,,,,,,,,,,,,,,,,,,,,,,,,,,,,,
Mortadela (TACO),,,,35,,,,,,,,,,,,,,,,,,,,,,,,,,,,,,,,,,,,,,,,,,,,,
Mortadela (Tucunduva),,,,35,,,,,,,,,,,,,,,,,,,,,,,,,,,,,,,,,,,,,,,,,,,,,
Mortadela (TBCA),,,,35,,,,,,,,,,,,,,,,,,,,,,,,,,,,,,,,,,,,,,,,,,,,,
Mortadela light,CARNES INDUSTRIALIZADAS,,,35,,,,,,,,,,,,,,,,,,,,,,,,,,,,,,,,,,,,,,,,,,,,,
Mostarda - Arisco®,,,,,,,,,,,,,,,,,,,,,,,,,,,,,,,,,,,,,,,,,,,,,,,,,
Mostarda - Mc Donald's®,,,,,,,,,,,,,,,,,,,,,,,,,,,,,,,,,,,,,,,,,,,,,,,,,
Mostarda (talo),,,,,,,,,,,,,,,,,,,,,,,,,,,,,,,,,,,,,,,,,,,,,,,,,
Mostarda (verdura),CONDIMENTOS,,,,,,,,,,,,,,,,,,,,,,,,,,,,,,,,,,,,,,,,,,,,,,,,
Mostarda (verdura) cozido(a),CONDIMENTOS,,,,,,,,,,,,,,,,,,,,,,,,,,,,,,,,,,,,,,,,,,,,,,,,
Mostarda (verdura) cru(a),CONDIMENTOS,,,,,,,,,,,,,,,,,,,,,,,,,,,,,,,,,,,,,,,,,,,,,,,,
Mostarda (verdura) refogado(a),CONDIMENTOS,,,,,,,,,,,,,,,,,,,,,,,,,,,,,,,,,,,,,,,,,,,,,,,,
Mostarda folha (cozida),,,,,,,,,,,,,,,,,,,,,,,,,,,,,,,,,,,,,,,,,,,,,,,,,
Mostarda folha (crua),,,,,,,,,,,,,,,,,,,,,,,,,,,,,,,,,,,,,,,,,,,,,,,,,
Mostarda folha (refogada),,,,,,,,,,,,,,,,,,,,,,,,,,,,,,,,,,,,,,,,,,,,,,,,,
Mostarda molho,CONDIMENTOS,,,,,,,,,,,,,,,,,,,,,,,,,,,,,,,,,,,,,,,,,,,,,,,,
Mostarda molhoindustrializado,,,,,,,,,,,,,,,,,,,,,,,,,,,,,,,,,,,,,,,,,,,,,,,,,
"Mostarda, folha, crua",,,,,,,,,,,,,,,,,,,,,,,,,,,,,,,,,,,,,,,,,,,,,,,,,
Mousse de qualquer sabor (geléia),AÇUCARES/CONFEITARIA,,,,,,,20,,,,,,,,,,,,,,,,,,,,,,,,,,,,,,,,,,,,,,,,,
"Mousse, chocolate, mistura p/, ""Oetker""",,,,,,,,,,,,,,,,,,,,,,,,,,,,,,,,,,,,,,,,,,,,,,,,,
"Mousse, chocolate, mistura p/, preparada",,,,,,,,,,,,,,,,,,,,,,,,,,,,,,,,,,,,,,,,,,,,,,,,,
"Mousse, limão mistura p/, preparada",,,,,,,,,,,,,,,,,,,,,,,,,,,,,,,,,,,,,,,,,,,,,,,,,
"Mousse, limão, mistura p/, ""Oetker""",,,,,,,,,,,,,,,,,,,,,,,,,,,,,,,,,,,,,,,,,,,,,,,,,
"Mousse, maracujá mistura p/, preparada",,,,,,,,,,,,,,,,,,,,,,,,,,,,,,,,,,,,,,,,,,,,,,,,,
"Mousse, maracujá, mistura p/, ""Oetker""",,,,,,,,,,,,,,,,,,,,,,,,,,,,,,,,,,,,,,,,,,,,,,,,,
"Mousse, mistura p/, preparada, (média diferentes sabores)",,,,,,,,,,,,,,,,,,,,,,,,,,,,,,,,,,,,,,,,,,,,,,,,,
Moyashi (broto de feijão cru),,,,,,,,,,,,,,,,,,,,,,,,,,,,,,,,,,,,,,,,,,,,,,,,,
MSUD 2 PRIMA,,,,,,,,,,,,,,,,,,,,,,,,,,,,,,,,,,,,,,,,,,,,,,,,,
Mucilon,CEREAIS,,,,,,,,,,,,,,,,,,,,,,,,,,,,,,,,,,,,,,,,,,,,,,,,
Mucilon de arroz - Nestlé®,,,,,,21,,7,,,,,,,,,,,,,,,,,,,,,,,,,,,,,,,,,,,,,,,,,
Mucilon de milho - Nestlé®,,,,,,21,,7,,,,,,,,,,,,,,,,,,,,,,,,,,,,,,,,,,,,,,,,,
Mumu,,,,,,,,,,,,,,,,,,,,,,,,,,,,,,,,,,,,,,,,,,,,,,,,,
Mungunza,AÇUCARES/CONFEITARIA,,,,,,,,,,,,,,,,,,,,,,,,,,,,,,,,,,,,,,,,,,,,,,,,
Mungunzá,,,,,,,,,,,,,,,,,,,,,,,,,,,,,,,,,,,,,,,,,,,,,,,,,
Murici,,,,,,,,,,,,,,,,,,,,,,,,,,,,,,,,,,,,,,,,,,,,,,,,,
Musculo bovino assado(a),CARNE BOVINA,100,100,90,35,75,70,30,140,70,,,,,,,,,,,,,,,,,,,,,,,,,,,,,,,,,,,,,,,
Musculo bovino cozido(a),CARNE BOVINA,100,100,90,35,75,70,30,140,70,,,,,,,,,,,,,,,,,,,,,,,,,,,,,,,,,,,,,,,
Musculo bovino ensopado,CARNE BOVINA,100,100,90,35,75,70,30,140,70,,,,,,,,,,,,,,,,,,,,,,,,,,,,,,,,,,,,,,,
Musculo bovino molho vermelho,CARNE BOVINA,100,100,90,35,75,70,30,140,70,,,,,,,,,,,,,,,,,,,,,,,,,,,,,,,,,,,,,,,
Musculo bovino sopa,SOPAS/CALDOS/MINGAUS,,,,,,,,,,,,,,,,,,,,,,,,,,,,,,,,,,,,,,,,,,,,,,,,
Musculo não especificado cozido(a),CARNE BOVINA,100,100,90,35,75,70,30,140,70,,,,,,,,,,,,,,,,,,,,,,,,,,,,,,,,,,,,,,,
Musculo não especificado ensopado,CARNE BOVINA,100,100,90,35,75,70,30,140,70,,,,,,,,,,,,,,,,,,,,,,,,,,,,,,,,,,,,,,,
Músculo sem gordura (cozido)- carne bovina,,,,,,,,,,,,,,,,,,,,,,,,,,,,,,,,,,,,,,,,,,,,,,,,,
Músculo sem gordura (cru) -carne bovina,,,,,,,,,,,,,,,,,,,,,,,,,,,,,,,,,,,,,,,,,,,,,,,,,
Musli,,,,,,,,,,,,,,,,,,,,,,,,,,,,,,,,,,,,,,,,,,,,,,,,,
Müsli - Kellogg's0,,,,,,,,,,,,,,,,,,,,,,,,,,,,,,,,,,,,,,,,,,,,,,,,,
Muslix tradicional -Kellogg's®,,,,,,,,,,,,,,,,,,,,,,,,,,,,,,,,,,,,,,,,,,,,,,,,,
Mussarela,CARNES INDUSTRIALIZADAS,,,28,,,,,,,,,,,,,,,,,,,,,,,,,,,,,,,,,,,,,,,,,,,,,
Mussarela de bufala,CARNES INDUSTRIALIZADAS,,,28,,,,,,,,,,,,,,,,,,,,,,,,,,,,,,,,,,,,,,,,,,,,,
Mussarela light,CARNES INDUSTRIALIZADAS,,,28,,,,,,,,,,,,,,,,,,,,,,,,,,,,,,,,,,,,,,,,,,,,,
Musse de açaí,,,,,,,,10,,,,,,,,,,,,,,,,,,,,,,,,,,,,,,,,,,,,,,,,,
Musse de chocolate,,,,,,,,,,,,,,,,,,,,,,,,,,,,,,,,,,,,,,,,,,,,,,,,,
Musse de chocolate Semifredo- Offellê0,,,,,,,,,,,,,,,,,,,,,,,,,,,,,,,,,,,,,,,,,,,,,,,,,
Musse de maracujá,,,,,,,,,,,,,,,,,,,,,,,,,,,,,,,,,,,,,,,,,,,,,,,,,
Musse de maracujá Semifredo- Offellê®,,,,,,,,,,,,,,,,,,,,,,,,,,,,,,,,,,,,,,,,,,,,,,,,,
Mutum  cozido(a),AVES,,,,,,,,,,,,,,,,,,,,,,,,,,,,,,,,,,,,,,,,,,,,,,,,
N ira,,,,,,,,,,,,,,,,,,,,,,,,,,,,,,,,,,,,,,,,,,,,,,,,,
Nabo (cozido),,,,,,30,,,,,,,,,,,,,,,,,,,,,,,,,,,,,,,,,,,,,,,,,,,
Nabo (cru),,,,,,30,,,,,,,,,,,,,,,,,,,,,,,,,,,,,,,,,,,,,,,,,,,
Nabo (folha),,,,,,,,,,,,,,,,,,,,,,,,,,,,,,,,,,,,,,,,,,,,,,,,,
Nabo (talo),,,,,,,,,,,,,,,,,,,,,,,,,,,,,,,,,,,,,,,,,,,,,,,,,
Nabo cozido(a),TUBERCULOS,,,,,30,,,,,,,,,,,,,,,,,,,,,,,,,,,,,,,,,,,,,,,,,,,
Nabo em conserva,CONSERVAS,,,,,,,,,,,,,,,,,,,,,,,,,,,,,,,,,,,,,,,,,,,,,,,,
Nabo refogado(a),TUBERCULOS,,,,,30,,,,,,,,,,,,,,,,,,,,,,,,,,,,,,,,,,,,,,,,,,,
"Nabo, cru",,,,,,30,,,,,,,,,,,,,,,,,,,,,,,,,,,,,,,,,,,,,,,,,,,
Nambu  cozido(a),AVES,,,,,,,,,,,,,,,,,,,,,,,,,,,,,,,,,,,,,,,,,,,,,,,,
Namorado,,,,,,,,,,,,,,,,,,,,,,,,,,,,,,,,,,,,,,,,,,,,,,,,,
Nan A.R. - NestléSi,,,,,,,,,,,,,,,,,,,,,,,,,,,,,,,,,,,,,,,,,,,,,,,,,
Nan Comfort 1 - Nestlé®,,,,,,,,,,,,,,,,,,,,,,,,,,,,,,,,,,,,,,,,,,,,,,,,,
Nan Comfort 2 - Nestlé®,,,,,,,,,,,,,,,,,,,,,,,,,,,,,,,,,,,,,,,,,,,,,,,,,
Nan H.A. - Nestlée,,,,,,,,,,,,,,,,,,,,,,,,,,,,,,,,,,,,,,,,,,,,,,,,,
Nan Pro 1 - Nestlé (0,,,,,,,,,,,,,,,,,,,,,,,,,,,,,,,,,,,,,,,,,,,,,,,,,
Nan Pro 2 - Nestlé®,,,,,,,,,,,,,,,,,,,,,,,,,,,,,,,,,,,,,,,,,,,,,,,,,
Nan sem lactose - Nestlé®,,,,,,,,,,,,,,,,,,,,,,,,,,,,,,,,,,,,,,,,,,,,,,,,,
Nan Soy - Nestlé®,,,,,,,,,,,,,,,,,,,,,,,,,,,,,,,,,,,,,,,,,,,,,,,,,
Nata,LATICINIOS,,,,,,40,20,,,5,,,,,,,,,,,,,,,,,,,,,,,,,,,,,,,,,,,,,,
Nectarina (IBGE),,,,,,,,,,,,,,,,,,,,,,,,,,,,,,,,,,,,,,,,,,,,,,,,,
Nectarina (Tucunduva),,,,,,,,,,,,,,,,,,,,,,,,,,,,,,,,,,,,,,,,,,,,,,,,,
Neo Advance,,,,,,,,,,,,,,,,,,,,,,,,,,,,,,,,,,,,,,,,,,,,,,,,,
Neo Spoon,,,,,,,,,,,,,,,,,,,,,,,,,,,,,,,,,,,,,,,,,,,,,,,,,
Neocate LCP,,,,,,,,,,,,,,,,,,,,,,,,,,,,,,,,,,,,,,,,,,,,,,,,,
Neoforte,,,,,,,,,,,,,,,,,,,,,,,,,,,,,,,,,,,,,,,,,,,,,,,,,
Nescafé,BEBIDAS QUENTES,,,,,,,,,,,,,,,,,,,,,,,,,,,,,,,,,,,,,,,,,,,,,,,,
Nescau tradicional - Nestlé®,,,,,,20,,10,,,,,,,,,,,,,,,,,,,,,,,,,,,,,,,,,,,,,,,,,
Nespera,FRUTAS/SUCOS/VITAMINAS,,,,,,,,,,,,,,,,,,,,,,,,,,,,,,,,,,,,,,,,,,,,,,,,
"Nêspera, crua",,,,,,,,,,,,,,,,,,,,,,,,,,,,,,,,,,,,,,,,,,,,,,,,,
"Nêspera, in natura, Eriobotrya japonica Lindl",,,,,,,,,,,,,,,,,,,,,,,,,,,,,,,,,,,,,,,,,,,,,,,,,
Nesquik em pó sabor morango- Nestlé®,,,,,,20,,10,,,,,,,,,,,,,,,,,,,,,,,,,,,,,,,,,,,,,,,,,
Nesquik prontinho sabormorango - Nestlé®,,,,,,,,,,,,,,,,,,,,,,,,,,,,,,190,,,,,,,,,,,,,,,,,,,
Nestogeno 1 - Nestlé®,,,,,,,,,,,,,,,,,,,,,,,,,,,,,,,,,,,,,,,,,,,,,,,,,
Nestogeno 2 - Nestlé®,,,,,,,,,,,,,,,,,,,,,,,,,,,,,,,,,,,,,,,,,,,,,,,,,
Nestogeno Plus - Nestlé®,,,,,,,,,,,,,,,,,,,,,,,,,,,,,,,,,,,,,,,,,,,,,,,,,
Neston,CEREAIS,,,,,,,,,,,,,,,,,,,,,,,,,,,,,,,,,,,,,,,,,,,,,,,,
Neston três cereais - Nestlé®,,,,,,30,,7,,,,,,,,,,,,,,,,,,,,,,,,,,,,,,,,,,,,,,,,,
"Neston vitamina banana, maçã e mamão - Nestlé®",,,,,,25,,12,,,,,,,,,,,,,,,,,,,,,,,,,,,,,,,,,,,,,,,,,
"Neston vitamina morango, pêra e banana - Nestlé®",,,,,,25,,12,,,,,,,,,,,,,,,,,,,,,,,,,,,,,,,,,,,,,,,,,
Nhá Benta maracujá -Kopenhagen,,,,,,,,,,,,,,,,,,,,,,,,,,,,,,,,,,,,,,,,,,,,,,,,,
Nhoque,FARINHAS/FÉCULAS/MASSAS,,,,,,,,,,,,,,,,,,,,,,,,,,,,,,,,,,,,,,,,,,,,,,,,
Nhoque à bolonhesacongelado - Perdigão®,,,,,,,,,,,,,,,,,,,,,,,,,,,,,,,,,,,,,,,,,,,,,,,,,
Nhoque de batatas,,,,,,,,,,,,,,,,,,,,,,,,,,,,,,,,,,,,,,,,,,,,,,,,,
Nhoque de batatas commolho de tomate,,,,,,,,,,,,,,,,,,,,,,,,,,,,,,,,,,,,,,,,,,,,,,,,,
Nhoque tradicional -Frescanni®,,,,,,,,,,,,,,,,,,,,,,,,,,,,,,,,,,,,,,,,,,,,,,,,,
Nhoque -Vigor®,,,,,,,,10,,,,,,,,,,,,,,,,,,,,,,,,,,,,,,,,,,,,,,,,,
"Nhoque, batata, cozido",,,,,,,,,,,,,,,,,,,,,,,,,,,,,,,,,,,,,,,,,,,,,,,,,
Nori,,,,,,,,,,,,,,,,,,,,,,,,,,,,,,,,,,,,,,,,,,,,,,,,,
Novasource - Nestlé®,,,,,,,,,,,,,,,,,,,,,,,,,,,,,,,,,,,,,,,,,,,,,,,,,
Novasource pulmonary -Nestlé®,,,,,,,,,,,,,,,,,,,,,,,,,,,,,,,,,,,,,,,,,,,,,,,,,
Novasource renal - Nestlé®,,,,,,,,,,,,,,,,,,,,,,,,,,,,,,,,,,,,,,,,,,,,,,,,,
Novomilk® mamão e banana*,,,,,,,,,,,,,,,,,,,,,,,,,,,,,,,,,,,,,,,,,,,,,,,,,
NovonnIk® em pó chocolate,,,,,,,,,,,,,,,,,,,,,,,,,,,,,,,,,,,,,,,,,,,,,,,,,
Noz (nogueira),OLEAGINOSAS,,,,,25,,,,,,,,,,,,,,,,,,,,,,,,5,,,,40,,,,,,,,,,,,,,,
Noz moscada,,,,,,,,,,,,,,,,,,,,,,,,,,,,,,,,,,,,,,,,,,,,,,,,,
"Noz, crua",,,,,,25,,,,,,,,,,,,,,,,,,,,,,,,5,,,,40,,,,,,,,,,,,,,,
"Noz, crua, Carya illinoinensis (Wangenh.) K. Koch.",,,,,,25,,,,,,,,,,,,,,,,,,,,,,,,5,,,,40,,,,,,,,,,,,,,,
Nozes,,,,,,25,,,,,,,,,,,,,,,,,,,,,,,,5,,,,40,,,,,,,,,,,,,,,
Nozes-pecãs sem casca,,,,,,,,,,,,,,,,,,,,,,,,,,,,,,,,,,,,,,,,,,,,,,,,,
Nugget frango - McDonald's®,,,,,,,,,,,,,,,,,,,,,,,,,,,,,,,,,,,,,,,,,,,,,,,,,
Nuggets de frango assado(a),CARNES INDUSTRIALIZADAS,,,,,,,,,,,,,,,,,,,,,,,,,,,,,,,,,,,,,,,,,,,,,,,,
Nuggets de frango com queijo- Sadia®,,,,,,130,,,,,,,,,,,,,,,,,,,,,,,,,,,,,,,,,,,,,,,,,,,
Nuggets de frango compresunto - Sadia®,,,,,,130,,,,,,,,,,,,,,,,,,,,,,,,,,,,,,,,,,,,,,,,,,,
Nuggets de frango crocante- Sadia®,,,,,,130,,,,,,,,,,,,,,,,,,,,,,,,,,,,,,,,,,,,,,,,,,,
Nuggets de frango empanado(a)/a milanesa,CARNES INDUSTRIALIZADAS,,,,,,,,,,,,,,,,,,,,,,,,,,,,,,,,,,,,,,,,,,,,,,,,
Nuggets de frango frito(a),CARNES INDUSTRIALIZADAS,,,,,,,,,,,,,,,,,,,,,,,,,,,,,,,,,,,,,,,,,,,,,,,,
Nuggets de frango grelhado(a)/brasa/churrasco,CARNES INDUSTRIALIZADAS,,,,,,,,,,,,,,,,,,,,,,,,,,,,,,,,,,,,,,,,,,,,,,,,
Nuggets de frango refogado(a),CARNES INDUSTRIALIZADAS,,,,,,,,,,,,,,,,,,,,,,,,,,,,,,,,,,,,,,,,,,,,,,,,
Nuggets de frango tradicional- Sadia®,,,,,,130,,,,,,,,,,,,,,,,,,,,,,,,,,,,,,,,,,,,,,,,,,,
Nuggets Vita Soja - Sadia®,,,,,,130,,,,,,,,,,,,,,,,,,,,,,,,,,,,,,,,,,,,,,,,,,,
Nutilis,,,,,,,,,,,,,,,,,,,,,,,,,,,,,,,,,,,,,,,,,,,,,,,,,
Nutren Active sabor banana -Nestlé®,,,,,,,,16,,,,,,,,,,,,,,,,,,,,,,,,,,,,,,,,,,,,,,,,,
Nutren Active sabor baunilha- Nestlé®,,,,,,,,16,,,,,,,,,,,,,,,,,,,,,,,,,,,,,,,,,,,,,,,,,
Nutren Active sabor chocolate- Nestlé®,,,,,,,,16,,,,,,,,,,,,,,,,,,,,,,,,,,,,,,,,,,,,,,,,,
Nutren Active sabor morango- Nestlé®,,,,,,,,16,,,,,,,,,,,,,,,,,,,,,,,,,,,,,,,,,,,,,,,,,
Nutren kids sabor baunilha -Nestlé®,,,,,,,,11,,,,,,,,,,,,,,,,,,,,,,,,,,,,,,,,,,,,,,,,,
Nutren kids sabor chocolate- Nestlé® (Tucunduva),,,,,,,,11,,,,,,,,,,,,,,,,,,,,,,,,,,,,,,,,,,,,,,,,,
Nutren kids sabor chocolate- Nestlé® (Tucunduva),,,,,,,,11,,,,,,,,,,,,,,,,,,,,,,,,,,,,,,,,,,,,,,,,,
Nutren Senior líquido -Nestlé®,,,,,,,,,,,,,,,,,,,,,,,,,,,,,,,,,,,,,,,,,,,,,,,,,
Nutren Senior pó - Nestlé®,,,,,,,,,,,,,,,,,,,,,,,,,,,,,,,,,,,,,,,,,,,,,,,,,
Nutri Casein,,,,,,,,,,,,,,,,,,,,,,,,,,,,,,,,,,,,,,,,,,,,,,,,,
Nutri Dextrin,,,,,,,,,,,,,,,,,,,,,,,,,,,,,,,,,,,,,,,,,,,,,,,,,
Nutri Diabetic,,,,,,,,,,,,,,,,,,,,,,,,,,,,,,,,,,,,,,,,,,,,,,,,,
Nutri Enteral 1.5,,,,,,,,,,,,,,,,,,,,,,,,,,,,,,,,,,,,,,,,,,,,,,,,,
Nutri Enteral Soya,,,,,,,,,,,,,,,,,,,,,,,,,,,,,,,,,,,,,,,,,,,,,,,,,
Nutri Enteral Soya Fiber,,,,,,,,,,,,,,,,,,,,,,,,,,,,,,,,,,,,,,,,,,,,,,,,,
Nutri Fiber,,,,,,,,,,,,,,,,,,,,,,,,,,,,,,,,,,,,,,,,,,,,,,,,,
Nutri Fiber 1.5,,,,,,,,,,,,,,,,,,,,,,,,,,,,,,,,,,,,,,,,,,,,,,,,,
Nutri Glutamine,,,,,,,,,,,,,,,,,,,,,,,,,,,,,,,,,,,,,,,,,,,,,,,,,
Nutri HWHEY,,,,,,,,,,,,,,,,,,,,,,,,,,,,,,,,,,,,,,,,,,,,,,,,,
Nutri Liver,,,,,,,,,,,,,,,,,,,,,,,,,,,,,,,,,,,,,,,,,,,,,,,,,
Nutri PreD 2.0,,,,,,,,,,,,,,,,,,,,,,,,,,,,,,,,,,,,,,,,,,,,,,,,,
Nutri Protein HWP,,,,,,,,,,,,,,,,,,,,,,,,,,,,,,,,,,,,,,,,,,,,,,,,,
Nutri Renal,,,,,,,,,,,,,,,,,,,,,,,,,,,,,,,,,,,,,,,,,,,,,,,,,
Nutridrink Compact Protein,,,,,,,,,,,,,,,,,,,,,,,,,,,,,,,,,,,,,,,,,,,,,,,,,
Nutridrink MAX,,,,,,,,,,,,,,,,,,,,,,,,,,,,,,,,,,,,,,,,,,,,,,,,,
Nutridrink Protein,,,,,,,,,,,,,,,,,,,,,,,,,,,,,,,,,,,,,,,,,,,,,,,,,
Nutrini Energy MF,,,,,,,,,,,,,,,,,,,,,,,,,,,,,,,,,,,,,,,,,,,,,,,,,
Nutrini Max MF,,,,,,,,,,,,,,,,,,,,,,,,,,,,,,,,,,,,,,,,,,,,,,,,,
Nutrini MF,,,,,,,,,,,,,,,,,,,,,,,,,,,,,,,,,,,,,,,,,,,,,,,,,
Nutrini Pepti,,,,,,,,,,,,,,,,,,,,,,,,,,,,,,,,,,,,,,,,,,,,,,,,,
Nutrini Standard,,,,,,,,,,,,,,,,,,,,,,,,,,,,,,,,,,,,,,,,,,,,,,,,,
Nutrison 1.0,,,,,,,,,,,,,,,,,,,,,,,,,,,,,,,,,,,,,,,,,,,,,,,,,
Nutrison Advanced Cubison,,,,,,,,,,,,,,,,,,,,,,,,,,,,,,,,,,,,,,,,,,,,,,,,,
Nutrison Advanced Diason,,,,,,,,,,,,,,,,,,,,,,,,,,,,,,,,,,,,,,,,,,,,,,,,,
Nutrison Advanced Protison,,,,,,,,,,,,,,,,,,,,,,,,,,,,,,,,,,,,,,,,,,,,,,,,,
Nutrison Energy,,,,,,,,,,,,,,,,,,,,,,,,,,,,,,,,,,,,,,,,,,,,,,,,,
Nutrison Energy MF,,,,,,,,,,,,,,,,,,,,,,,,,,,,,,,,,,,,,,,,,,,,,,,,,
Nutrison MF,,,,,,,,,,,,,,,,,,,,,,,,,,,,,,,,,,,,,,,,,,,,,,,,,
Nutrison Protein Plus Energy,,,,,,,,,,,,,,,,,,,,,,,,,,,,,,,,,,,,,,,,,,,,,,,,,
Nutrison Soya,,,,,,,,,,,,,,,,,,,,,,,,,,,,,,,,,,,,,,,,,,,,,,,,,
Nutrison Soya MF,,,,,,,,,,,,,,,,,,,,,,,,,,,,,,,,,,,,,,,,,,,,,,,,,
Óleo de babaçu,,,,,,,,13,,,,,,,,,,,,,,,,,,,,,,,,,,,,,,,,,,,,,,,,,
Óleo de canola,,,,,,,,13,,,,,,,,,,,,,,,,,,,,,,,,,,,,,,,,,,,,,,,,,
Óleo de canola - Liza®,,,,,,,,13,,,,,,,,,,,,,,,,,,,,,,,,,,,,,,,,,,,,,,,,,
Óleo de canola - Purilev®,,,,,,,,13,,,,,,,,,,,,,,,,,,,,,,,,,,,,,,,,,,,,,,,,,
Óleo de canola - Salada®,,,,,,,,13,,,,,,,,,,,,,,,,,,,,,,,,,,,,,,,,,,,,,,,,,
Óleo de canola - Saúde®,,,,,,,,13,,,,,,,,,,,,,,,,,,,,,,,,,,,,,,,,,,,,,,,,,
Óleo de canola Qualitá - Pãode Açúcar®,,,,,,,,13,,,,,,,,,,,,,,,,,,,,,,,,,,,,,,,,,,,,,,,,,
"Óleo de canola, girassol e soja- Cyclus Saúde®",,,,,,,,13,,,,,,,,,,,,,,,,,,,,,,,,,,,,,,,,,,,,,,,,,
Oleo de dende,GORDURAS/OLEOS,,,,,,,13,,,,,,,,,,,,,,,,,,,,,,,,,,,,,,,,,,,,,,,,,
Óleo de gergelim,,,,,,,,13,,,,,,,,,,,,,,,,,,,,,,,,,,,,,,,,,,,,,,,,,
Óleo de gergelim extravirgem- Pazze®,,,,,,,,13,,,,,,,,,,,,,,,,,,,,,,,,,,,,,,,,,,,,,,,,,
Óleo de girassol,,,,,,,,13,,,,,,,,,,,,,,,,,,,,,,,,,,,,,,,,,,,,,,,,,
Óleo de girassol - Bece10,,,,,,,,13,,,,,,,,,,,,,,,,,,,,,,,,,,,,,,,,,,,,,,,,,
Óleo de girassol - Liza®,,,,,,,,13,,,,,,,,,,,,,,,,,,,,,,,,,,,,,,,,,,,,,,,,,
Óleo de girassol - Salada®,,,,,,,,13,,,,,,,,,,,,,,,,,,,,,,,,,,,,,,,,,,,,,,,,,
Óleo de girassol - Saúde®,,,,,,,,13,,,,,,,,,,,,,,,,,,,,,,,,,,,,,,,,,,,,,,,,,
Óleo de girassol Qualitá - Pãode Açúcar°,,,,,,,,13,,,,,,,,,,,,,,,,,,,,,,,,,,,,,,,,,,,,,,,,,
Óleo de linhaça extravirgem- Pazze®,,,,,,,,13,,,,,,,,,,,,,,,,,,,,,,,,,,,,,,,,,,,,,,,,,
Óleo de Lorenzo,,,,,,,,13,,,,,,,,,,,,,,,,,,,,,,,,,,,,,,,,,,,,,,,,,
Óleo de milho,,,,,,,,13,,,,,,,,,,,,,,,,,,,,,,,,,,,,,,,,,,,,,,,,,
Óleo de milho - Liza®,,,,,,,,13,,,,,,,,,,,,,,,,,,,,,,,,,,,,,,,,,,,,,,,,,
Óleo de milho - Mazola0,,,,,,,,13,,,,,,,,,,,,,,,,,,,,,,,,,,,,,,,,,,,,,,,,,
Óleo de milho - Salada®,,,,,,,,13,,,,,,,,,,,,,,,,,,,,,,,,,,,,,,,,,,,,,,,,,
Óleo de milho - Saúde®,,,,,,,,13,,,,,,,,,,,,,,,,,,,,,,,,,,,,,,,,,,,,,,,,,
Óleo de milho Qualitá - Pãode Açúcar®,,,,,,,,13,,,,,,,,,,,,,,,,,,,,,,,,,,,,,,,,,,,,,,,,,
Óleo de pequi,,,,,,,,13,,,,,,,,,,,,,,,,,,,,,,,,,,,,,,,,,,,,,,,,,
Oleo de soja,GORDURAS/OLEOS,,,,,,,13,,,,,,,,,,,,,,,,,,,,,,,,,,,,,,,,,,,,,,,,,
Óleo de soja,,,,,,,,13,,,,,,,,,,,,,,,,,,,,,,,,,,,,,,,,,,,,,,,,,
Óleo de soja - Liza®,,,,,,,,13,,,,,,,,,,,,,,,,,,,,,,,,,,,,,,,,,,,,,,,,,
Óleo de soja - Saúde®,,,,,,,,13,,,,,,,,,,,,,,,,,,,,,,,,,,,,,,,,,,,,,,,,,
Óleo de soja - Soya®,,,,,,,,13,,,,,,,,,,,,,,,,,,,,,,,,,,,,,,,,,,,,,,,,,
Óleo de soja - Veleiro®,,,,,,,,13,,,,,,,,,,,,,,,,,,,,,,,,,,,,,,,,,,,,,,,,,
Óleo de soja e oliva ervasfinas - Maria®,,,,,,,,13,,,,,,,,,,,,,,,,,,,,,,,,,,,,,,,,,,,,,,,,,
Óleo de soja e olivatradicional - Maria®,,,,,,,,13,,,,,,,,,,,,,,,,,,,,,,,,,,,,,,,,,,,,,,,,,
Óleo de soja Qualitá - Pão de Açúcar®,,,,,,,,13,,,,,,,,,,,,,,,,,,,,,,,,,,,,,,,,,,,,,,,,,
Óleo misto tradicional -Olívia®,,,,,,,,13,,,,,,,,,,,,,,,,,,,,,,,,,,,,,,,,,,,,,,,,,
Oleo não especificado,GORDURAS/OLEOS,,,,,,,13,,,,,,,,,,,,,,,,,,,,,,,,,,,,,,,,,,,,,,,,,
"Óleo, abacate, Persea americana",,,,,,,,,,,,,,,,,,,,,,,,,,,,,,,,,,,,,,,,,,,,,,,,,
"Óleo, algodão, Gossypium ssp.",,,,,,,,,,,,,,,,,,,,,,,,,,,,,,,,,,,,,,,,,,,,,,,,,
"Óleo, amendoim, Arachis hypogaea L.",,,,,,,,,,,,,,,,,,,,,,,,,,,,,,,,,,,,,,,,,,,,,,,,,
"Óleo, arroz, Oryza satva",,,,,,,,,,,,,,,,,,,,,,,,,,,,,,,,,,,,,,,,,,,,,,,,,
"Óleo, babaçu, Orbignia martiana",,,,,,,,,,,,,,,,,,,,,,,,,,,,,,,,,,,,,,,,,,,,,,,,,
"Óleo, cação, fígado (média diferentes amostras)",,,,,,,,,,,,,,,,,,,,,,,,,,,,,,,,,,,,,,,,,,,,,,,,,
"Óleo, canola, Arachis hypogaea L.",,,,,,,,13,,,,,,,,,,,,,,,,,,,,,,,,,,,,,,,,,,,,,,,,,
"Óleo, cobertura, sardinha enlatada (média diferentes amostras)",,,,,,,,,,,,,,,,,,,,,,,,,,,,,,,,,,,,,,,,,,,,,,,,,
"Óleo, composto (85% soja, 15% oliva)",,,,,,,,13,,,,,,,,,,,,,,,,,,,,,,,,,,,,,,,,,,,,,,,,,
"Óleo, de babaçu",,,,,,,,13,,,,,,,,,,,,,,,,,,,,,,,,,,,,,,,,,,,,,,,,,
"Óleo, de canola",,,,,,,,13,,,,,,,,,,,,,,,,,,,,,,,,,,,,,,,,,,,,,,,,,
"Óleo, de girassol",,,,,,,,13,,,,,,,,,,,,,,,,,,,,,,,,,,,,,,,,,,,,,,,,,
"Óleo, de milho",,,,,,,,13,,,,,,,,,,,,,,,,,,,,,,,,,,,,,,,,,,,,,,,,,
"Óleo, de pequi",,,,,,,,13,,,,,,,,,,,,,,,,,,,,,,,,,,,,,,,,,,,,,,,,,
"Óleo, de soja",,,,,,,,13,,,,,,,,,,,,,,,,,,,,,,,,,,,,,,,,,,,,,,,,,
"Óleo, girassol, Helianthus annus L.",,,,,,,,13,,,,,,,,,,,,,,,,,,,,,,,,,,,,,,,,,,,,,,,,,
"Óleo, milho, Zea mays",,,,,,,,13,,,,,,,,,,,,,,,,,,,,,,,,,,,,,,,,,,,,,,,,,
"Óleo, soja, Glycine max",,,,,,,,13,,,,,,,,,,,,,,,,,,,,,,,,,,,,,,,,,,,,,,,,,
Omelete,OVOS,,,10,25,,45,15,,,,,8,,,,,,,,,,,,,,,,,65,,,,,,,,,,,,,,,,,,,
Omelete simples,,,,10,25,,45,15,,,,,8,,,,,,,,,,,,,,,,,65,,,,,,,,,,,,,,,,,,,
"Omelete, de queijo",,,,,,,,,,,,,,,,,,,,,,,,,,,,,,,,,,,,,,,,,,,,,,,,,
"Omelete, ovo, galinha, de queijo parmesão , s/ sal,",,,,10,25,,45,15,,,,,8,,,,,,,,,,,,,,,,,65,,,,,,,,,,,,,,,,,,,
Oregano,CONDIMENTOS,,,,,,,,,,,,,,,,,,,,,,,,,,,,,,,,,,,,,,,,,,,,,,,,
Orégano fresco,,,,,,,,,,,,,,,,,,,,,,,,,,,,,,,,,,,,,,,,,,,,,,,,,
Orégano seco,,,,,,,,,,,,,,,,,,,,,,,,,,,,,,,,,,,,,,,,,,,,,,,,,
Orelha de porco (crua),,,,90,35,75,70,30,140,70,,,,,,,,,,,,,,,,,,,,,,,,,,,,,,,,,,,,,,,
Orelha suína fresca cozido(a),OUTRAS CARNES,,,90,35,75,70,30,140,70,,,,,,,,,,,,,,,,,,,,,,,,,,,,,,,,,,,,,,,
"Orelha-de-padre, semente, seca, cru, Lablab purpureus (L) Sweet",,,,,,,,,,,,,,,,,,,,,,,,,,,,,,,,,,,,,,,,,,,,,,,,,
"Orelha-de-padre, semente, seca, remolho em água, cozida (água não descartada), c/ sal, Lablab purpureus (L) Sweet",,,,,,,,,,,,,,,,,,,,,,,,,,,,,,,,,,,,,,,,,,,,,,,,,
"Orelha-de-padre, semente, seca, remolho em água, cozida (água não descartada), s/ sal, Lablab purpureus (L) Sweet",,,,,,,,,,,,,,,,,,,,,,,,,,,,,,,,,,,,,,,,,,,,,,,,,
"Orelha-de-padre, semente, seca, remolho em água, cozida, drenada, c/ sal, Lablab purpureus (L) Sweet",,,,,,,,,,,,,,,,,,,,,,,,,,,,,,,,,,,,,,,,,,,,,,,,,
"Orelha-de-padre, semente, seca, remolho em água, cozida, drenada, s/ sal, Lablab purpureus (L) Sweet",,,,,,,,,,,,,,,,,,,,,,,,,,,,,,,,,,,,,,,,,,,,,,,,,
Ossada não especificada,,,,,,,,,,,,,,,,,,,,,,,,,,,,,,,,,,,,,,,,,,,,,,,,,
Ossada não especificada cozido(a),,,,,,,,,,,,,,,,,,,,,,,,,,,,,,,,,,,,,,,,,,,,,,,,,
Ossada não especificada refogado(a),,,,,,,,,,,,,,,,,,,,,,,,,,,,,,,,,,,,,,,,,,,,,,,,,
Ossada não especificada sopa,SOPAS/CALDOS/MINGAUS,,,,,,,,,,,,,,,,,,,,,,,,,,,,,,,,,,,,,,,,,,,,,,,,
Ostra (cozida),,,,,,,,,,,,,,,,,,,,,,,,,,,,,,,,,,,,,,,,,,,,,,,,,
Ostra (crua),,,,,,,,,,,,,,,,,,,,,,,,,,,,,,,,,,,,,,,,,,,,,,,,,
Ostra cozido(a),PESCADOS/FRUTOS DO MAR,,,,,,,,,,,,,,,,,,,,,,,,,,,,,,,,,,,,,,,,,,,,,,,,
Outros legumes cozidos,LEGUMINOSAS,,,,,,,,,,,,,,,,,,,,,,,,,,,,,,,,,,,,,,,,,,,,,,,,
Ovas de peixe (qualquer especie) assado(a),PESCADOS/FRUTOS DO MAR,,,,,,,,,,,,,,,,,,,,,,,,,,,,,,,,,,,,,,,,,,,,,,,,
Ovas de peixe (qualquer especie) frito(a),PESCADOS/FRUTOS DO MAR,,,,,,,,,,,,,,,,,,,,,,,,,,,,,,,,,,,,,,,,,,,,,,,,
Ovas de salmão,,,,,,,,,,,,,,,,,,,,,,,,,,,,,,,,,,,,,,,,,,,,,,,,,
Ovinhos de amendoim -Fritex®,,,,,,,,,,,,,,,,,,,,,,,,,,,,,,,,,,,,,,,,,,,,,,,,,
Ovo de codorna (IBGE),OVOS,,,,,,,,,,,,,,,,,,,,,,,,,,,,,10,,,,,,,,,,,,,,,,,,,
Ovo de codorna (Tucunduva),,,,,,,,,,,,,,,,,,,,,,,,,,,,,,10,,,,,,,,,,,,,,,,,,,
Ovo de codorna ao vinagrete,OVOS,,,,,,,,,,,,,,,,,,,,,,,,,,,,,10,,,,,,,,,,,,,,,,,,,
Ovo de codorna cozido(a),OVOS,,,,,,,,,,,,,,,,,,,,,,,,,,,,,10,,,,,,,,,,,,,,,,,,,
Ovo de codorna cru(a),OVOS,,,,,,,,,,,,,,,,,,,,,,,,,,,,,10,,,,,,,,,,,,,,,,,,,
Ovo de codorna frito(a),OVOS,,,,,,,,,,,,,,,,,,,,,,,,,,,,,10,,,,,,,,,,,,,,,,,,,
Ovo de galinha (IBGE),OVOS,,,,,,,,,,,,,,,,,,,,,,,,,,,,,45,,,,,,,,,,,,,,,,,,,
Ovo de galinha (Tucunduva),,,,,,,,,,,,,,,,,,,,,,,,,,,,,,45,,,,,,,,,,,,,,,,,,,
Ovo de galinha - Qualityeggs®,,,,,,,,,,,,,,,,,,,,,,,,,,,,,,45,,,,,,,,,,,,,,,,,,,
Ovo de galinha ao alho e oleo,OVOS,,,,,,,,,,,,,,,,,,,,,,,,,,,,,45,,,,,,,,,,,,,,,,,,,
Ovo de galinha ao vinagrete,OVOS,,,,,,,,,,,,,,,,,,,,,,,,,,,,,45,,22,22,,,,,,,,,,,,,,,,
Ovo de galinha assado(a),OVOS,,,,,,,,,,,,,,,,,,,,,,,,,,,,,45,,22,22,,,,,,,,,,,,,,,,
Ovo de galinha com manteiga/oleo,OVOS,,,,,50,,15,,,,,,,,,,,,,,,,,,,,,,50,,25,25,,,,,,,,,,,,,,,,
Ovo de galinha cozido(a),OVOS,,,,,,45,15,,,,,,,,,,,,,,,,,,,,,,45,,22,22,,,,,,,,,,,,,,,,
Ovo de galinha cru(a),OVOS,,,,,,,,,,,,,,,,,,,,,,,,,,,,,45,,,,,,,,,,,,,,,,,,,
Ovo de galinha ensopado,OVOS,,,,,,,,,,,,,,,,,,,,,,,,,,,,,45,,,,,,,,,,,,,,,,,,,
Ovo de galinha frito(a),OVOS,,,10,,50,45,15,,,,,,,,,,,,,,,,,,,,,,50,,25,25,,,,,,,,,,,,,,,,
Ovo de galinha mingau,SOPAS/CALDOS/MINGAUS,,,,,,,,,,,,,,,,,,,,,,,,,,,,,,,,,,,,,,,,,,,,,,,,
Ovo de galinha molho vermelho,OVOS,,,,,,,,,,,,,,,,,,,,,,,,,,,,,45,,,,,,,,,,,,,,,,,,,
Ovo de galinha refogado(a),OVOS,,,,,,,,,,,,,,,,,,,,,,,,,,,,,45,,,,,,,,,,,,,,,,,,,
Ovo de pascoa,AÇUCARES/CONFEITARIA,,,,,,,,,,,,,,,,,,,,,,,,,,,,,,,,,,,,,,,,,,,,,,,,
Ovo de pata,,,,,,,,,,,,,,,,,,,,,,,,,,,,,,,,,,,,,,,,,,,,,,,,,
Ovo frito,,,,10,,50,45,15,,,,,,,,,,,,,,,,,,,,,,50,,25,25,,,,,,,,,,,,,,,,
Ovo poché,,,,,,,,,,,,,,,,,,,,,,,,,,,,,,,,,,,,,,,,,,,,,,,,,
"Ovo, codorna, clara, crua,",,,,,,,,,,,,,,,,,,,,,,,,,,,,,,,,,,,,,,,,,,,,,,,,,
"Ovo, codorna, gema, crua,",,,,,,,,,,,,,,,,,,,,,,,,,,,,,,,,,,,,,,,,,,,,,,,,,
"Ovo, codorna, inteiro, cru,",,,,,,,,,,,,,,,,,,,,,,,,,,,,,,10,,,,,,,,,,,,,,,,,,,
"Ovo, de codorna, inteiro, cru",,,,,,,,,,,,,,,,,,,,,,,,,,,,,,10,,,,,,,,,,,,,,,,,,,
"Ovo, de galinha, clara, cozida/10minutos",,,,,,,,,,,,,,,,,,,,,,,,,,,,,,15,,7,,,,,,,,,,,,,,,,,
"Ovo, de galinha, gema, cozida/10minutos",,,,,,,,,,,,,,,,,,,,,,,,,,,,,,30,,,,,,,,,,,,,,,,,,,
"Ovo, de galinha, inteiro, cozido/10minutos",,,,,,,,,,,,,,,,,,,,,,,,,,,,,,45,,,,,,,,,,,,,,,,,,,
"Ovo, de galinha, inteiro, cru",,,,,,,,,,,,,,,,,,,,,,,,,,,,,,45,,,,,,,,,,,,,,,,,,,
"Ovo, de galinha, inteiro, frito",,,,,,,,,,,,,,,,,,,,,,,,,,,,,,45,,,,,,,,,,,,,,,,,,,
"Ovo, galinha, branco, inteiro, cru,",,,,,,,,,,,,,,,,,,,,,,,,,,,,,,45,,,,,,,,,,,,,,,,,,,
"Ovo, galinha, clara, cozida/10 min, s/ sal,",,,,,,,,,,,,,,,,,,,,,,,,,,,,,,15,,7,,,,,,,,,,,,,,,,,
"Ovo, galinha, clara, crua,",,,,,,,,,,,,,,,,,,,,,,,,,,,,,,15,,7,,,,,,,,,,,,,,,,,
"Ovo, galinha, clara, desidratada, pasteurizada,",,,,,,,,,,,,,,,,,,,,,,,,,,,,,,15,,7,,,,,,,,,,,,,,,,,
"Ovo, galinha, frito, c/ sal",,,,,,,,,,,,,,,,,,,,,,,,,,,,,,50,,25,,,,,,,,,,,,,,,,,
"Ovo, galinha, frito, s/ sal",,,,,,,,,,,,,,,,,,,,,,,,,,,,,,50,,25,,,,,,,,,,,,,,,,,
"Ovo, galinha, gema, cozida/10 min, s/ sal,",,,,,,,,,,,,,,,,,,,,,,,,,,,,,,30,,,,,,,,,,,,,,,,,,,
"Ovo, galinha, gema, crua (média várias amostras)",,,,,,,,,,,,,,,,,,,,,,,,,,,,,,30,,,,,,,,,,,,,,,,,,,
"Ovo, galinha, gema, desidratada, pasteurizada,",,,,,,,,,,,,,,,,,,,,,,,,,,,,,,30,,,,,,,,,,,,,,,,,,,
"Ovo, galinha, integral, desidratada, pasteurizada,",,,,,,,,,,,,,,,,,,,,,,,,,,,,,,,,,,,,,,,,,,,,,,,,,
"Ovo, galinha, inteiro, cozido, s/ sal (média várias amostras)",,,,,,,,,,,,,,,,,,,,,,,,,,,,,,45,,22,,,,,,,,,,,,,,,,,
"Ovo, galinha, inteiro, cru (média várias amostras)",,,,,,,,,,,,,,,,,,,,,,,,,,,,,,45,,22,,,,,,,,,,,,,,,,,
"Ovo, galinha, mexido, c/ sal",,,,,,,,,,,,,,,,,,,,,,,,,,,,,,50,,25,,,,,,,,,,,,,,,,,
"Ovo, galinha, mexido, s/ sal",,,,,,,,,,,,,,,,,,,,,,,,,,,,,,50,,25,,,,,,,,,,,,,,,,,
"Ovo, galinha, omelete, c/ queijo muçarela, s/ sal",,,,,,,,,,,,,,,,,,,,,,,,,,,,,,,,,,,,,,,,,,,,,,,,,
"Ovo, galinha, omelete, c/ queijo, c/ sal",,,,,,,,,,,,,,,,,,,,,,,,,,,,,,,,,,,,,,,,,,,,,,,,,
"Ovo, galinha, orgânico, inteiro, cru,",,,,,,,,,,,,,,,,,,,,,,,,,,,,,,45,,22,,,,,,,,,,,,,,,,,
"Ovo, galinha, orgânico, inteiro, frito, s/ sal,",,,,,,,,,,,,,,,,,,,,,,,,,,,,,,50,,25,,,,,,,,,,,,,,,,,
"Ovo, galinha, semi-orgânico, cru,",,,,,,,,,,,,,,,,,,,,,,,,,,,,,,45,,22,,,,,,,,,,,,,,,,,
"Ovo, galinha, vermelho, inteiro, cru,",,,,,,,,,,,,,,,,,,,,,,,,,,,,,,45,,22,,,,,,,,,,,,,,,,,
"Ovo, pata, clara, crua.",,,,,,,,,,,,,,,,,,,,,,,,,,,,,,,,,,,,,,,,,,,,,,,,,
"Ovo, pata, gema, crua,",,,,,,,,,,,,,,,,,,,,,,,,,,,,,,,,,,,,,,,,,,,,,,,,,
"Ovo, pata, inteiro, cru,",,,,,,,,,,,,,,,,,,,,,,,,,,,,,,,,,,,,,,,,,,,,,,,,,
Ovomaltine,BEBIDAS DOCES,,,,,,,,,,,,,,,,,,,,,,,,,,,,,,,,,,,,,,,,,,,,,,,,
Ovomaltine flocos crocantesem pó - Ovomaltine®,,,,,,,,,,,,,,,,,,,,,,,,,,,,,,,,,,,,,,,,,,,,,,,,,
Pa com osso assado(a),,,,,,,,,,,,,,,,,,,,,,,,,,,,,,,,,,,,,,,,,,,,,,,,,
Pa com osso cozido(a),,,,,,,,,,,,,,,,,,,,,,,,,,,,,,,,,,,,,,,,,,,,,,,,,
Pa com osso grelhado(a)/brasa/churrasco,,,,,,,,,,,,,,,,,,,,,,,,,,,,,,,,,,,,,,,,,,,,,,,,,
Paçoca (IBGE),AÇUCARES/CONFEITARIA,,,,,,,,,,,,,,,,,,,,,,,,,,,,,,,,,,,,,,,,,,,,,,,,
Paçoca (Tucunduva),,,,,,,,,,,,,,,,,,,,,,,,,,,,,,,,,,,,,,,,,,,,,,,,,
Paçoca de amendoim -Yoki®,,,,,,,,,,,,,,,,,,,,,,,,,,,,,,22,,,,,,,,,,,,,,,,,,,
Paçoca de carne de sol (IBGE),AÇUCARES/CONFEITARIA,,,,,,,,,,,,,,,,,,,,,,,,,,,,,,,,,,,,,,,,,,,,,,,,
Paçoca de carne de sol (Tucunduva),,,,,,,,,,,,,,,,,,,,,,,,,,,,,,,,,,,,,,,,,,,,,,,,,
Paçoca de macaúba,,,,,,,,,,,,,,,,,,,,,,,,,,,,,,,,,,,,,,,,,,,,,,,,,
Paçoca diet,AÇUCARES/CONFEITARIA,,,,,,,,,,,,,,,,,,,,,,,,,,,,,,,,,,,,,,,,,,,,,,,,
"Paçoca, amendoim (TACO)",,,,,,,,,,,,,,,,,,,,,,,,,,,,,,,,,,,,,,,,,,,,,,,,,
"Paçoca, amendoim (TBCA)",,,,,,,,,,,,,,,,,,,,,,,,,,,,,,,,,,,,,,,,,,,,,,,,,
Pacoquinha de amendoim,AÇUCARES/CONFEITARIA,,,,,,,,,,,,,,,,,,,,,,,,,,,,,,,,,,,,,,,,,,,,,,,,
Pacova,,,,,,,,,,,,,,,,,,,,,,,,,,,,,,,,,,,,,,,,,,,,,,,,,
Pael la,,,,,,,,,,,,,,,,,,,,,,,,,,,,,,,,,,,,,,,,,,,,,,,,,
Pãezinhos especiais fofinhos - Seven BoysO,,,,,,,,,,,,,,,,,,,,,,,,,,,,,,,,,,,,,,,,,,,,,,,,,
Paio cozido(a),,,,,,,,,,,,,,,,,,,,,,,,,,,,,,,,,,,,,,,,,,,,,,,,,
Paleta  cozido(a),,,,,,,,,,,,,,,,,,,,,,,,,,,,,,,,,,,,,,,,,,,,,,,,,
Paleta  ensopado,,,,,,,,,,,,,,,,,,,,,,,,,,,,,,,,,,,,,,,,,,,,,,,,,
Paleta  frito(a),,,,,,,,,,,,,,,,,,,,,,,,,,,,,,,,,,,,,,,,,,,,,,,,,
Paleta  molho vermelho,,,,,,,,,,,,,,,,,,,,,,,,,,,,,,,,,,,,,,,,,,,,,,,,,
Paleta com gordura (crua),,,,,,,,,,,,,,,,,,,,,,,,,,,,,,,,,,,,,,,,,,,,,,,,,
Paleta sem gordura (cozida),,,,,,,,,,,,,,,,,,,,,,,,,,,,,,,,,,,,,,,,,,,,,,,,,
Paleta sem gordura (crua),,,,,,,,,,,,,,,,,,,,,,,,,,,,,,,,,,,,,,,,,,,,,,,,,
Palma,,,,,,,,,,,,,,,,,,,,,,,,,,,,,,,,,,,,,,,,,,,,,,,,,
Palma ensopadinha,,,,,,,,,,,,,,,,,,,,,,,,,,,,,,,,,,,,,,,,,,,,,,,,,
Palmito em conserva (IBGE),CONSERVAS,,,,,,,,,,,,,,,,,,,,,,,,,,,,,,,,,,,,,,,,,,,,,,,,
Palmito em conserva (Tucunduva),,,,,,,,,,,,,,,,,,,,,,,,,,,,,,,,,,,,,,,,,,,,,,,,,
Palmito em conserva -YCaray®,,,,,,,,,,,,,,,,,,,,,,,,,,,,,,,,,,,,,,,,,,,,,,,,,
Palmito in natura cozido(a),,,,,,,,,,,,,,,,,,,,,,,,,,,,,,,,,,,,,,,,,,,,,,,,,
Palmito in natura cru(a),,,,,,,,,,,,,,,,,,,,,,,,,,,,,,,,,,,,,,,,,,,,,,,,,
Palmito in natura ensopado,,,,,,,,,,,,,,,,,,,,,,,,,,,,,,,,,,,,,,,,,,,,,,,,,
Palmito in natura refogado(a),,,,,,,,,,,,,,,,,,,,,,,,,,,,,,,,,,,,,,,,,,,,,,,,,
"Palmito, juçara, em conserva",,,,,,,,,,,,,,,,,,,,,,,,,,,,,,,,,,,,,,,,,,,,,,,,,
"Palmito, pupunha, em conserva",,,,,,,,,,,,,,,,,,,,,,,,,,,,,,,,,,,,,,,,,,,,,,,,,
Pamonha (IBGE),TIPICOS,,,,,,,,,,,,,,,,,,,,,,,,,,,,,,,,,,,,,,,,,,,,,,,,
Pamonha (Tucunduva),,,,,,,,,,,,,,,,,,,,,,,,,,,,,,,,,,,,,,,,,,,,,,,,,
"Pamonha, barra para cozimento, pré-cozida",,,,,,,,,,,,,,,,,,,,,,,,,,,,,,,,,,,,,,,,,,,,,,,,,
Panelada (vísceras bovinas nao especificadas) cozido(a),VISCERAS,,,,,,,,,,,,,,,,,,,,,,,,,,,,,,,,,,,,,,,,,,,,,,,,
Panelada (vísceras bovinas nao especificadas) ensopado,VISCERAS,,,,,,,,,,,,,,,,,,,,,,,,,,,,,,,,,,,,,,,,,,,,,,,,
Panetone,FARINHAS/FÉCULAS/MASSAS,,,,,,,,,,,,,,,,,,,,,,,,,,,,,,,,,,,,,,,,,,,,,,,,
Panetone com gotas dechocolate -Village®,,,,,,,,,,,,,,,,,,,,,,,,,,,,,,,,,,,,,,,,,,,,,,,,,
Panetone de frutas -Bauducco®,,,,,,,,,,,,,,,,,,,,,,,,,,,,,,,,,,,,,,,,,,,,,,,,,
Panetone diet,FARINHAS/FÉCULAS/MASSAS,,,,,,,,,,,,,,,,,,,,,,,,,,,,,,,,,,,,,,,,,,,,,,,,
Panetone -Village®,,,,,,,,,,,,,,,,,,,,,,,,,,,,,,,,,,,,,,,,,,,,,,,,,
Panqueca,FARINHAS/FÉCULAS/MASSAS,,,,,,,,,,,,,,,,,,,,,,,,,,,,,,,,,,,,,,,,,,,,,,,,
Panqueca de carne moída,,,,,,,,,,,,,,,,,,,,,,,,,,,,,,,,,,,,,,,,,,,,,,,,,
"Panqueca, c/ recheio de carne moída, ao molho de tomate, c/ sal",,,,,,,,,,,,,,,,,,,,,,,,,,,,,,,,,,,,,,,,,,,,,,,,,
"Panqueca, c/ recheio de carne moída, c/ sal",,,,,,,,,,,,,,,,,,,,,,,,,,,,,,,,,,,,,,,,,,,,,,,,,
Pão 7 grãos Fit - Pullman®,,,,25,,,,,,,,,,,,,,,,,,,,,,,,,,,,,,,,,,,,,,,,,,,,,
Pão 9 grãos Vitagrão -Pullman®,,,,25,,,,,,,,,,,,,,,,,,,,,,,,,,,,,,,,,,,,,,,,,,,,,
Pão alemão - Pumpernickel®,,,,25,,,,,,,,,,,,,,,,,,,,,,,,,,,,,,,,,,,,,,,,,,,,,
Pão alemão 100% integralVollkorn Brot - Wickbold®,,,,25,,,,,,,,,,,,,,,,,,,,,,,,,,,,,,,,,,,,,,,,,,,,,
Pão alemão 3 grãos Korn Brot- Wickbold®,,,,25,,,,,,,,,,,,,,,,,,,,,,,,,,,,,,,,,,,,,,,,,,,,,
Pão alemão Fitness Brot - Wickbold®Pão alemão 100% integral,,,,25,,,,,,,,,,,,,,,,,,,,,,,,,,,,,,,,,,,,,,,,,,,,,
Pão caseiro,,,,30,,,,,,,,,,,,,,,,,,,,,,,,,,60,,,,,,,,,,,,,,,,,,,
Pão caseiro de coco - Panco®,,,,50,,,,,,,,,,,,,,,,,,,,,,,,,,60,,,,,,,,,,,,,,,,,,,
Pão caseiro de milho -Panco®,,,,50,,,,,,,,,,,,,,,,,,,,,,,,,,60,,,,,,,,,,,,,,,,,,,
Pão com 10 grãos Estar Leve - Wickbold®,,,,25,,,,,,,,,,,,,,,,,,,,,,,,,,,,,,,,,,,,,,,,,,,,,
Pão com grãos Grão Sabor -Wickbold®,,,,25,,,,,,,,,,,,,,,,,,,,,,,,,,,,,,,,,,,,,,,,,,,,,
Pão com manteiga,FARINHAS/FÉCULAS/MASSAS,,,30,30,,,,,,,,,,,,,,,,,,,,,,,,,60,,,,,,,,,,,,,,,,,,,
Pão com margarina,FARINHAS/FÉCULAS/MASSAS,,,30,30,,,,,,,,,,,,,,,,,,,,,,,,,60,,,,,,,,,,,,,,,,,,,
Pão com ovo,FARINHAS/FÉCULAS/MASSAS,,,,,,,,,,,,,,,,,,,,,,,,,,,,,,,,,,,,,,,,,,,,,,,,
Pão com tucumã,,,,,,,,,,,,,,,,,,,,,,,,,,,,,,,,,,,,,,,,,,,,,,,,,
Pão de alho temperado -Nosso Pão®,,,,30,30,,,,,,,,,,,,,,,,,,,,,,,,,60,,,,,,,,,,,,,,,,,,,
Pão de aveia e linhaça -Wickbold®,,,,25,,,,,,,,,,,,,,,,,,,,,,,,,,,,,,,,,,,,,,,,,,,,,
Pão de batata,,,,30,30,,,,,,,,,,,,,,,,,,,,,,,,,,,,,,,,,,,,,,,,,,,,
Pão de centeio,,,,30,30,,,,,,,,,,,,,,,,,,,,,,,,,,,,,,,,,,,,,,,,,,,,
Pão de centeio Os Clássicos - Wickbold®,,,,25,,,,,,,,,,,,,,,,,,,,,,,,,,,,,,,,,,,,,,,,,,,,,
Pão de forma - Panco®,,,,25,,,,,,,,,,,,,,,,,,,,,,,,,,,,,,,,,,,,,,,,,,,,,
Pão de forma 100% integralFit - Pullnnan®,,,,25,,,,,,,,,,,,,,,,,,,,,,,,,,,,,,,,,,,,,,,,,,,,,
Pão de forma 100% integrallinhaça Plus Vita - Pullman®,,,,25,,,,,,,,,,,,,,,,,,,,,,,,,,,,,,,,,,,,,,,,,,,,,
Pão de forma 12 grãos BomHumor - Nutrella®,,,,50,,,,,,,,,,,,,,,,,,,,,,,,,,,,,,,,,,,,,,,,,,,,,
Pão de forma 7 grãos BomHumor - Nutrella®,,,,25,,,,,,,,,,,,,,,,,,,,,,,,,,,,,,,,,,,,,,,,,,,,,
Pão de forma aveia lightPullman®,,,,25,,,,,,,,,,,,,,,,,,,,,,,,,,,,,,,,,,,,,,,,,,,,,
Pão de forma aveia -Wickbold®,,,,25,,,,,,,,,,,,,,,,,,,,,,,,,,,,,,,,,,,,,,,,,,,,,
Pão de forma baby -Pullman®,,,,25,,,,,,,,,,,,,,,,,,,,,,,,,,,,,,,,,,,,,,,,,,,,,
Pão de forma centeio -Pullman®,,,,25,,,,,,,,,,,,,,,,,,,,,,,,,,,,,,,,,,,,,,,,,,,,,
Pão de forma glúten lightFalkenburg®,,,,25,,,,,,,,,,,,,,,,,,,,,,,,,,,,,,,,,,,,,,,,,,,,,
Pão de forma industrializado de qualquer marca,FARINHAS/FÉCULAS/MASSAS,,,25,,,,,,,,,,,,,,,,,,,,,,,,,,,,,,,,,,,,,,,,,,,,,
Pão de forma integral 12 grãosVitagrão - Pullman®,,,,25,,,,,,,,,,,,,,,,,,,,,,,,,,,,,,,,,,,,,,,,,,,,,
Pão de forma libanês -Maxifour®,,,,25,,,,,,,,,,,,,,,,,,,,,,,,,,,,,,,,,,,,,,,,,,,,,
Pão de forma light 100% integral iogurte Plus Vita -Pullman®,,,,25,,,,,,,,,,,,,,,,,,,,,,,,,,,,,,,,,,,,,,,,,,,,,
Pão de forma light 100%integral linhaça e quinoa Plus Vita - Pullman®,,,,25,,,,,,,,,,,,,,,,,,,,,,,,,,,,,,,,,,,,,,,,,,,,,
Pão de forma light 100%integral trigo Plus Vita - Pullman®,,,,25,,,,,,,,,,,,,,,,,,,,,,,,,,,,,,,,,,,,,,,,,,,,,
Pão de forma light 100°/0integral cenoura Plus Vita - Pullman®,,,,25,,,,,,,,,,,,,,,,,,,,,,,,,,,,,,,,,,,,,,,,,,,,,
Pão de forma light Plus Vita -Pullman®,,,,25,,,,,,,,,,,,,,,,,,,,,,,,,,,,,,,,,,,,,,,,,,,,,
Pão de forma sem casca Estar Leve - Wickbold®Pão de forma tradicional - Pullman®,,,,25,,,,,,,,,,,,,,,,,,,,,,,,,,,,,,,,,,,,,,,,,,,,,
Pão de forma tradicional - Pullman®,,,,25,,,,,,,,,,,,,,,,,,,,,,,,,,,,,,,,,,,,,,,,,,,,,
Pão de forma tradicional - Wickbold®,,,,25,,,,,,,,,,,,,,,,,,,,,,,,,,,,,,,,,,,,,,,,,,,,,
Pão de girassol e castanha - Wickbold®,,,,25,,,,,,,,,,,,,,,,,,,,,,,,,,,,,,,,,,,,,,,,,,,,,
Pão de granola light,,,,25,,,,,,,,,,,,,,,,,,,,,,,,,,,,,,,,,,,,,,,,,,,,,
Pão de hamburguer,FARINHAS/FÉCULAS/MASSAS,,,,,,,,,,,,,,,,,,,,,,,,,,,,,70,50,35,,,,,,,,,,,,,,,,,
Pão de hambúrguer - Panco®,,,,,,,,,,,,,,,,,,,,,,,,,,,,,,50,,,,,,,,,,,,,,,,,,,
Pão de hambúrguer comgergelim -Wickbold®,,,,,,,,,,,,,,,,,,,,,,,,,,,,,,50,,,,,,,,,,,,,,,,,,,
Pão de hambúrguer original - Wickbold®,,,,,,,,,,,,,,,,,,,,,,,,,,,,,,50,,,,,,,,,,,,,,,,,,,
Pão de hambúrguer -Pullman®,,,,,,,,,,,,,,,,,,,,,,,,,,,,,,50,,,,,,,,,,,,,,,,,,,
Pão de hot dog - Panco®,,,,,,,,,,,,,,,,,,,,,,,,,,,,,,50,,,,,,,,,,,,,,,,,,,
Pão de hot dog - Pullman®,,,,,,,,,,,,,,,,,,,,,,,,,,,,,,50,,,,,,,,,,,,,,,,,,,
Pão de hot dog - Wickbold®,,,,,,,,,,,,,,,,,,,,,,,,,,,,,,50,,,,,,,,,,,,,,,,,,,
"Pão de iogurte, cenoura e mel- Nutrella®",,,,17,,,,,,,,,,,,,,,,,,,,,,,,,,,,,,,,,,,,,,,,,,,,,
Pão de linhaça e kummelGrão Sabor - Wickbold®,,,,25,,,,,,,,,,,,,,,,,,,,,,,,,,,,,,,,,,,,,,,,,,,,,
Pão de manteiga - Nutrella®,,,,25,,,,,,,,,,,,,,,,,,,,,,,,,,,,,,,,,,,,,,,,,,,,,
Pão de mel (IBGE),FARINHAS/FÉCULAS/MASSAS,,,,,,,,,,,,,,,,,,,,,,,,,,,,,12,,,,,,,,,,,,,,,,,,,
Pão de mel (Tucunduva),,,,,,,,,,,,,,,,,,,,,,,,,,,,,,12,,,,,,,,,,,,,,,,,,,
Pão de mel - Panco®,,,,,,,,,,,,,,,,,,,,,,,,,,,,,,12,,,,,,,,,,,,,,,,,,,
Pão de mel - Pane,,,,,,,,,,,,,,,,,,,,,,,,,,,,,,12,,,,,,,,,,,,,,,,,,,
Pão de mel diet,FARINHAS/FÉCULAS/MASSAS,,,,,,,,,,,,,,,,,,,,,,,,,,,,,12,,,,,,,,,,,,,,,,,,,
Pão de milho,FARINHAS/FÉCULAS/MASSAS,,,35,35,,,,,,,,,,,,,,,,,,,,,,,,,70,50,35,,,,,,,,,,,,,,,,,
Pão de milho - Seven Boys®,,,,,,,,,,,,,,,,,,,,,,,,,,,,,,70,50,35,,,,,,,,,,,,,,,,,
Pão de queijo (IBGE),FARINHAS/FÉCULAS/MASSAS,,,,,58,,,,,,,,,,,,,,,,,,,,,,,,20,,,,,,,,,,,,,,,,,,,
Pão de queijo (Tucunduva),,,,,,58,,,,,,,,,,,,,,,,,,,,,,,,,,,,,,,,,,,,,,,,,,,
Pão de queijo coquetel -Forno de Minas®,,,,,,58,,,,,,,,,,,,,,,,,,,,,,,,,,,,,,,,,,,,,,,,,,,
Pão de queijo coquetel -Qualitá®,,,,,,58,,,,,,,,,,,,,,,,,,,,,,,,,,,,,,,,,,,,,,,,,,,
Pão de queijo lanche - Fornode Minas®,,,,,,58,,,,,,,,,,,,,,,,,,,,,,,,,,,,,,,,,,,,,,,,,,,
Pão de queijo light,FARINHAS/FÉCULAS/MASSAS,,,,,58,,,,,,,,,,,,,,,,,,,,,,,,20,,,,,,,,,,,,,,,,,,,
Pão de queijo minastradicional - Forno de Minas®,,,,,,,,,,,,,,,,,,,,,,,,,,,,,,,,,,,,,,,,,,,,,,,,,
Pão de queijo mini - Casa doPão de Queijo,,,,,,58,,,,,,,,,,,,,,,,,,,,,,,,,,,,,,,,,,,,,,,,,,,
Pão de queijo preparado -Yoki®,,,,,,,,10,,,,,,,,,,,,,,,,,,,,,,,,,,,,,,,,,,,,,,,,,
"Pão de queijo, mistura p/",,,,,,,,,,,,,,,,,,,,,,,,,,,,,,,,,,,,,,,,,,,,,,,,,
"Pão de queijo, mistura p/, ""Hikari""",,,,,,,,,,,,,,,,,,,,,,,,,,,,,,,,,,,,,,,,,,,,,,,,,
Pão de sal,FARINHAS/FÉCULAS/MASSAS,,,,,,,,,,,,,,,,,,,,,,,,,,,,,50,,25,,,,,,,,,,,,,,,,,
Pão de trigo integral GrãoSabor -Wickbold®,,,,25,,,,,,,,,,,,,,,,,,,,,,,,,,,,,,,,,,,,,,,,,,,,,
Pão de turma sem cascaoriginal - Wickbold®,,,,25,,,,,,,,,,,,,,,,,,,,,,,,,,,,,,,,,,,,,,,,,,,,,
Pão diet (de forma industrializado),FARINHAS/FÉCULAS/MASSAS,,,25,,,,,,,,,,,,,,,,,,,,,,,,,,,,,,,,,,,,,,,,,,,,,
Pão doce,FARINHAS/FÉCULAS/MASSAS,,,35,35,,,,,,,,,,,,,,,,,,,,,,,,,70,,,,,,,,,,,,,,,,,,,
Pão doce diet,FARINHAS/FÉCULAS/MASSAS,,,35,35,,,,,,,,,,,,,,,,,,,,,,,,,70,,,,,,,,,,,,,,,,,,,
Pão em folha - Maxifour®,,,,,,,,,,,,,,,,,,,,,,,,,,,,,,,,,,,,,,,,,,,,,,,,,
Pão francês,,,,,,,,,,,,,,,,,,,,,,,,,,,,,,50,,25,,,,,,,,,,,,,,,,,
Pão francês (só miolo),,,,,,,,,,,,,,,,,,,,,,,,,,,,,,,,,,,,,,,,,,,,,,,,,
Pão integral,FARINHAS/FÉCULAS/MASSAS,,,25,,,,,,,,,,,,,,,,,,,,,,,,,,,,,,,,,,,,,,,,,,,,,
Pão integral - Wickbold®,,,,25,,,,,,,,,,,,,,,,,,,,,,,,,,,,,,,,,,,,,,,,,,,,,
Pão integral Graham Plus Vita- Pullman®,,,,25,,,,,,,,,,,,,,,,,,,,,,,,,,,,,,,,,,,,,,,,,,,,,
Pão integral Grão Sabor -Wickbold®,,,,25,,,,,,,,,,,,,,,,,,,,,,,,,,,,,,,,,,,,,,,,,,,,,
Pão integral light,FARINHAS/FÉCULAS/MASSAS,,,25,,,,,,,,,,,,,,,,,,,,,,,,,,,,,,,,,,,,,,,,,,,,,
Pão italiano,,,,25,,,,,,,,,,,,,,,,,,,,,,,,,,,,,,,,,,,,,,,,,,,,,
Pão light (de forma industrializado),FARINHAS/FÉCULAS/MASSAS,,,25,,,,,,,,,,,,,,,,,,,,,,,,,,,,,,,,,,,,,,,,,,,,,
Pão misto com canela e passas- Nutrella®,,,,25,,,,,,,,,,,,,,,,,,,,,,,,,,,,,,,,,,,,,,,,,,,,,
Pão na chapa,,,,,,,,,,,,,,,,,,,,,,,,,,,,,,,,,,,,,,,,,,,,,,,,,
Pão não especificado,FARINHAS/FÉCULAS/MASSAS,,,25,25,,,,,,,,,,,,,,,,,,,,,,,,,50,,,,,,,,,,,,,,,,,,,
Pão Nutrellinhas - Nutrella®,,,,,,,,,,,,,,,,,,,,,,,,,,,,,,,,,,,,,,,,,,,,,,,,,
Pão ômega - Nutrella Vitta®,,,,,,,,,,,,,,,,,,,,,,,,,,,,,,,,,,,,,,,,,,,,,,,,,
Pão preto - Nutrella®,,,,25,,,,,,,,,,,,,,,,,,,,,,,,,,,,,,,,,,,,,,,,,,,,,
Pão preto - Wickbold®,,,,50,,,,,,,,,,,,,,,,,,,,,,,,,,,,,,,,,,,,,,,,,,,,,
Pão preto com farinha integralde centeio e trigo integral -Wickbold®,,,,50,,,,,,,,,,,,,,,,,,,,,,,,,,,,,,,,,,,,,,,,,,,,,
Pão preto Plus Vita -Pullman0,,,,25,,,,,,,,,,,,,,,,,,,,,,,,,,,,,,,,,,,,,,,,,,,,,
Pão quadrado Grão Sabor -Wickbold®,,,,,,,,,,,,,,,,,,,,,,,,,,,,,,,,,,,,,,,,,,,,,,,,,
Pão rápido de sorgo,,,,,,,,,,,,,,,,,,,,,,,,,,,,,,,,,,,,,,,,,,,,,,,,,
Pão sírio extrafino - PitaBread®,,,,50,,,,,,,,,,,,,,,,,,,,,,,,,,,,,,,,,,,,,,,,,,,,,
Pão sírio integral - PitaBread®,,,,,,,,,,,,,,,,,,,,,,,,,,,,,,50,,,,,,,,,,,,,,,,,,,
Pão sírio médio - Pita Bread®,,,,,,,,,,,,,,,,,,,,,,,,,,,,,,,,,,,,,,,,,,,,,,,,,
Pão sírio mini - Pita Bread®,,,,,,,,,,,,,,,,,,,,,,,,,,,,,,,,,,,,,,,,,,,,,,,,,
Pão sírio para beirute - PitaBread®,,,,,,50,,,,,,,,,,,,,,,,,,,,,,,,,,,,,,,,,,,,,,,,,,,
Pão sírio pequeno - PitaBread®,,,,,,,,,,,,,,,,,,,,,,,,,,,,,,20,,,,,,,,,,,,,,,,,,,
Pão sírio tipo caseiro -Gergelim®,,,,,,,,,,,,,,,,,,,,,,,,,,,,,,,,,,,,,,,,,,,,,,,,,
Pão sovado - Lagoazul®,,,,,,,,,,,,,,,,,,,,,,,,,,,,,,,,,,,,,,,,,,,,,,,,,
Pão sovado - NutrellaS),,,,50,,,,,,,,,,,,,,,,,,,,,,,,,,,,,,,,,,,,,,,,,,,,,
Pão sovado - Panco®,,,,50,,,,,,,,,,,,,,,,,,,,,,,,,,,,,,,,,,,,,,,,,,,,,
"Pão, aveia, forma",,,,25,,,,,,,,,,,,,,,,,,,,,,,,,,,,,,,,,,,,,,,,,,,,,
"Pão, de queijo, assado",,,,,,,,,,,,,,,,,,,,,,,,,,,,,,,,,,,,,,,,,,,,,,,,,
"Pão, de queijo, cru",,,,,,,,,,,,,,,,,,,,,,,,,,,,,,,,,,,,,,,,,,,,,,,,,
"Pão, de soja",,,,25,,,,,,,,,,,,,,,,,,,,,,,,,,,,,,,,,,,,,,,,,,,,,
"Pão, glúten, forma",,,,25,,,,,,,,,,,,,,,,,,,,,,,,,,,,,,,,,,,,,,,,,,,,,
"Pão, milho, forma (TACO)",,,,25,,,,,,,,,,,,,,,,,,,,,,,,,,,,,,,,,,,,,,,,,,,,,
"Pão, milho, forma (TBCA)",,,,25,,,,,,,,,,,,,,,,,,,,,,,,,,,,,,,,,,,,,,,,,,,,,
"Pão, trigo, aveia, c/ fibras, forma, diet (TBCA)",,,,25,,,,,,,,,,,,,,,,,,,,,,,,,,,,,,,,,,,,,,,,,,,,,
"Pão, trigo, aveia, c/ fibras, forma, diet (TBCA)",,,,25,,,,,,,,,,,,,,,,,,,,,,,,,,,,,,,,,,,,,,,,,,,,,
"Pão, trigo, batata",,,,,,,,,,,,,,,,,,,,,,,,,,,,,,50,,25,,,,,,,,,,,,,,,,,
"Pão, trigo, bisnaguinha",,,,,,,,,,,,,,,,,,,,,,,,,,,,,,50,,25,,,,,,,,,,,,,,,,,
"Pão, trigo, branco, forma, tradicional (médias de diferentes marcas)",,,,,,,,,,,,,,,,,,,,,,,,,,,,,,,,,,,,,,,,,,,,,,,,,
"Pão, trigo, branco, francês (médias de diferentes amostras)",,,,,,,,,,,,,,,,,,,,,,,,,,,,,,50,,25,,,,,,,,,,,,,,,,,
"Pão, trigo, branco, hamburguer/hot dog/leite (média de diferentes amostras)",,,,,,,,,,,,,,,,,,,,,,,,,,,,,,70,,35,,,,,,,,,,,,,,,,,
"Pão, trigo, c/ fibras, forma, ""Diet Bread""",,,,25,,,,,,,,,,,,,,,,,,,,,,,,,,,,,,,,,,,,,,,,,,,,,
"Pão, trigo, c/ trigo/aveia/soja, forma, ""Energia""",,,,25,,,,,,,,,,,,,,,,,,,,,,,,,,,,,,,,,,,,,,,,,,,,,
"Pão, trigo, doce, c/ creme",,,,,,,,,,,,,,,,,,,,,,,,,,,,,,,,,,,,,,,,,,,,,,,,,
"Pão, trigo, fonte de fibra, forma (média de diferentes tipos)",,,,25,,,,,,,,,,,,,,,,,,,,,,,,,,,,,,,,,,,,,,,,,,,,,
"Pão, trigo, forma, diet/light (TBCA)",,,,25,,,,,,,,,,,,,,,,,,,,,,,,,,,,,,,,,,,,,,,,,,,,,
"Pão, trigo, forma, diet/light (TBCA)",,,,25,,,,,,,,,,,,,,,,,,,,,,,,,,,,,,,,,,,,,,,,,,,,,
"Pão, trigo, forma, integral",,,,25,,,,,,,,,,,,,,,,,,,,,,,,,,,,,,,,,,,,,,,,,,,,,
"Pão, trigo, francês",,,,,25,,,,,,,,,,,,,,,,,,,,,,,,,50,,25,,,,,,,,,,,,,,,,,
"Pão, trigo, gluten, forma",,,,25,,,,,,,,,,,,,,,,,,,,,,,,,,,,,,,,,,,,,,,,,,,,,
"Pão, trigo, hamburger",,,,,,,,,,,,,,,,,,,,,,,,,,,,,,70,,35,,,,,,,,,,,,,,,,,
"Pão, trigo, hot dog",,,,,,,,,,,,,,,,,,,,,,,,,,,,,,50,,25,,,,,,,,,,,,,,,,,
"Pão, trigo, integral, c/ fibras, forma, ""Grão Sabor""",,,,25,,,,,,,,,,,,,,,,,,,,,,,,,,,,,,,,,,,,,,,,,,,,,
"Pão, trigo, integral, c/ fibras, forma, ""Quadradinho""",,,,25,,,,,,,,,,,,,,,,,,,,,,,,,,,,,,,,,,,,,,,,,,,,,
"Pão, trigo, integral, caseiro",,,,,,,,,,,,,,,,,,,,,,,,,,,,,,,,,,,,,,,,,,,,,,,,,
"Pão, trigo, integral, forma (média diferentes marcas)",,,,25,,,,,,,,,,,,,,,,,,,,,,,,,,,,,,,,,,,,,,,,,,,,,
"Pão, trigo, leite (média de diferentes tipos)",,,,,,,,,,,,,,,,,,,,,,,,,,,,,,50,,25,,,,,,,,,,,,,,,,,
"Pão, trigo, sovado (TACO)",,,,35,35,,,,,,,,,,,,,,,,,,,,,,,,,70,,35,,,,,,,,,,,,,,,,,
"Pão, trigo, sovado (TBCA)",,,,,,,,,,,,,,,,,,,,,,,,,,,,,,50,,25,,,,,,,,,,,,,,,,,
"Pão, trigo/centeio, preto, forma",,,,,,,,,,,,,,,,,,,,,,,,,,,,,,50,,25,,,,,,,,,,,,,,,,,
Pão-de-leite - Nutrella®,,,,25,,,,,,,,,,,,,,,,,,,,,,,,,,50,,25,,,,,,,,,,,,,,,,,
Pão-de-leite - Wickbold®,,,,,,,,,,,,,,,,,,,,,,,,,,,,,,50,,,,,,,,,,,,,,,,,,,
Pão-de-ló,,,,,,,,,,,,,,,,,,,,,,,,,,,,,,50,,25,,,,,,,,,,,,,,,,,
Papaia,FRUTAS/SUCOS/VITAMINAS,,,170,120,,,,,,,,,,,,,,,,,,,,,,,,,310,270,155,155,,,,,,,,,,,,,,,,
Papinha banana com aveia Papinhas Nestlé Etapa 2 -Nestlé,,,,,,,,,,,,,,,,,,,,,,,,,,,,,,,,,,,,,,,,,,,,,,,,,
Papinha banana e maçãPapinhas Nestlé Etapa 2 - Nestlé®,,,,,,,,,,,,,,,,,,,,,,,,,,,,,,170,115,,,,,,,,,,,,,,,,,,
Papinha de creminho demilho com cenoura e peito de frango Papinhas Nestlé Etapa 3 - Nestlé®,,,,,,,,,,,,,,,,,,,,,,,,,,,,,,170,115,,,,,,,,,,,,,,,,,,
Papinha de lentilha com arroze peito de frango Papinhas Nestlé Etapa 3 - Nestlé®,,,,,,,,,,,,,,,,,,,,,,,,,,,,,,170,115,,,,,,,,,,,,,,,,,,
"Papinha de peito de frango, legumes e macarrão PapinhasNestlé Etapa 2 - Nestlé®",,,,,,,,,,,,,,,,,,,,,,,,,,,,,,170,115,,,,,,,,,,,,,,,,,,
"Papinha de peito de peru, legumes e arroz PapinhasNestlé Etapa 2 - Nestlé®",,,,,,,,,,,,,,,,,,,,,,,,,,,,,,170,115,,,,,,,,,,,,,,,,,,
Papinha de purezinhoPapinhas Nestlé Etapa Jr- Nestlé®,,,,,,,,,,,,,,,,,,,,,,,,,,,,,,170,115,,,,,,,,,,,,,,,,,,
Papinha frutas sortidas -Nestlé Baby®,,,,,,,,,,,,,,,,,,,,,,,,,,,,,,170,115,,,,,,,,,,,,,,,,,,
"Papinha gema de ovo, carne elegumes Papinhas Nestlé Etapa 2 - Nestlé®",,,,,,,,,,,,,,,,,,,,,,,,,,,,,,170,115,,,,,,,,,,,,,,,,,,
Papinha legumes com carnePapinhas Nestlé Etapa 2 - Nestlé®,,,,,,,,,,,,,,,,,,,,,,,,,,,,,,170,115,,,,,,,,,,,,,,,,,,
Papinha maçã Papinhas NestléEtapa 1 - Nestlé®,,,,,,,,,,,,,,,,,,,,,,,,,,,,,,170,115,,,,,,,,,,,,,,,,,,
"Papinha maçã, goiaba ebanana Papinhas Nestlé Purezinho de Frutas - Nestlé®",,,,,,,,,,,,,,,,,,,,,,,,,,,,,,170,115,,,,,,,,,,,,,,,,,,
"Papinha macarrão, carne elegumes Papinhas Nestlé Etapa 3 - Nestlé®",,,,,,,,,,,,,,,,,,,,,,,,,,,,,,170,115,,,,,,,,,,,,,,,,,,
Papinha mix de frutasPapinhas Nestlé Purezinho de Frutas - Nestlé®,,,,,,,,,,,,,,,,,,,,,,,,,,,,,,170,115,,,,,,,,,,,,,,,,,,
Papinha pêra e mangaPapinhas Nestlé Purezinho de Frutas - Nestlé®,,,,,,,,,,,,,,,,,,,,,,,,,,,,,,170,115,,,,,,,,,,,,,,,,,,
Papinha pêra Papinhas NestléEtapa 1 - Nestlé®,,,,,,,,,,,,,,,,,,,,,,,,,,,,,,170,115,,,,,,,,,,,,,,,,,,
Papinha picadinho de carnePapinhas Nestlé Etapa Jr.- Nestlé®,,,,,,,,,,,,,,,,,,,,,,,,,,,,,,170,115,,,,,,,,,,,,,,,,,,
Papinha risotinho de frangoPapinhas Nestlé Etapa ir - Nestlé®,,,,,,,,,,,,,,,,,,,,,,,,,,,,,,170,115,,,,,,,,,,,,,,,,,,
Páprica,,,,,,,,,,,,,,,,,,,,,,,,,,,,,,,,,,,,,,,,,,,,,,,,,
Paraguai refrigerante light,BEBIDAS INDUSTRIALIZADAS,,,,,,,,,,,,,,,,,,,,,,,,,,,,,,,,,,,,,,,,,,,,,,,,
Paraguai refrigerante tradicional,BEBIDAS INDUSTRIALIZADAS,,,,,,,,,,,,,,,,,,,,,,,,,,,,,,,,,,,,,,,,,,,,,,,,
Parte de galinha ou frango não especificada,AVES,100,100,,55,100,40,20,80,,,,,,,,,,,,,,,40,180,55,65,60,10,,,,,,,,,,,,,,,,,,,,
Parte de galinha ou frango não especificada assado(a),AVES,100,100,,55,100,40,20,80,,,,,,,,,,,,,,,40,180,55,65,60,10,,,,,,,,,,,,,,,,,,,,
Parte de galinha ou frango não especificada cozido(a),AVES,100,100,,55,100,40,20,80,,,,,,,,,,,,,,,40,180,55,65,60,10,,,,,,,,,,,,,,,,,,,,
Parte de galinha ou frango não especificada cru(a),AVES,100,100,,55,100,40,20,80,,,,,,,,,,,,,,,40,180,55,65,60,10,,,,,,,,,,,,,,,,,,,,
Parte de galinha ou frango não especificada empanado(a)/a milanesa,AVES,100,100,,55,100,40,20,80,,,,,,,,,,,,,,,40,180,55,65,60,10,,,,,,,,,,,,,,,,,,,,
Parte de galinha ou frango não especificada ensopado,AVES,100,100,,55,100,40,20,80,,,,,,,,,,,,,,,40,180,55,65,60,10,,,,,,,,,,,,,,,,,,,,
Parte de galinha ou frango não especificada frito(a),AVES,100,100,,55,100,40,20,80,,,,,,,,,,,,,,,40,180,55,65,60,10,,,,,,,,,,,,,,,,,,,,
Parte de galinha ou frango não especificada grelhado(a)/brasa/churrasco,AVES,100,100,,55,100,40,20,80,,,,,,,,,,,,,,,40,180,55,65,60,10,,,,,,,,,,,,,,,,,,,,
Parte de galinha ou frango não especificada molho vermelho,AVES,100,100,,55,100,40,20,80,,,,,,,,,,,,,,,40,180,55,65,60,10,,,,,,,,,,,,,,,,,,,,
Parte de galinha ou frango não especificada refogado(a),AVES,100,100,,55,100,40,20,80,,,,,,,,,,,,,,,40,180,55,65,60,10,,,,,,,,,,,,,,,,,,,,
Passa,FRUTAS/SUCOS/VITAMINAS,,,,,36,,18,,,,,,,,,,,,,,,,,,,,,,,,,,,,,,,,,,,,,,,,,
Pasta de amendoim,OLEAGINOSAS,,,,,,,,,,12,,,,,,,,,,,,,,,,,,,,,,,,,,,,,,,,,,,,,,
Pasta de carne em conserva,CONSERVAS,,,,,,,,,,,,,,,,,,,,,,,,,,,,,,,,,,,,,,,,,,,,,,,,
Pasta de galinha em conserva,CONSERVAS,,,,,,,,,,,,,,,,,,,,,,,,,,,,,,,,,,,,,,,,,,,,,,,,
Pasta de peixe em conserva,CONSERVAS,,,,,,,,,,,,,,,,,,,,,,,,,,,,,,,,,,,,,,,,,,,,,,,,
Pasta de presunto em conserva,CONSERVAS,,,,,,,,,,,,,,,,,,,,,,,,,,,,,,,,,,,,,,,,,,,,,,,,
Pasta de soja,LEGUMINOSAS,,,,,,,,,,,,,,,,,,,,,,,,,,,,,,,,,,,,,,,,,,,,,,,,
Pasteis de santa clara,SALGADOS,,,,,,,,,,,,,,,,,,,,,,,,,,,,,,,,,,,,,,,,,,,,,,,,
"Pastel (queijo, carne, palmito, etc)",SALGADOS,,,,,,,,,,,,,,,,,,,,,,,,,,,,,,,,,,,,,,,,,,,,,,,,
Pastel de carne,,,,,,,,,,,,,,,,,,,,,,,,,,,,,,,,,,,,,,,,,,,,,,,,,
Pastel de palmito,,,,,,,,,,,,,,,,,,,,,,,,,,,,,,,,,,,,,,,,,,,,,,,,,
Pastel de pizza,,,,,,,,,,,,,,,,,,,,,,,,,,,,,,,,,,,,,,,,,,,,,,,,,
Pastel de queijo,,,,,,,,,,,,,,,,,,,,,,,,,,,,,,,,,,,,,,,,,,,,,,,,,
Pastel especial,,,,,,,,,,,,,,,,,,,,,,,,,,,,,,,,,,,,,,,,,,,,,,,,,
"Pastel, de carne, cru",,,,,,,,,,,,,,,,,,,,,,,,,,,,,,,,,,,,,,,,,,,,,,,,,
"Pastel, de carne, frito",,,,,,,,,,,,,,,,,,,,,,,,,,,,,,,,,,,,,,,,,,,,,,,,,
"Pastel, de queijo, cru",,,,,,,,,,,,,,,,,,,,,,,,,,,,,,,,,,,,,,,,,,,,,,,,,
"Pastel, de queijo, frito",,,,,,,,,,,,,,,,,,,,,,,,,,,,,,,,,,,,,,,,,,,,,,,,,
"Pastel, frito, carne",,,,,,,,,,,,,,,,,,,,,,,,,,,,,,,,,,,,,,,,,,,,,,,,,
"Pastel, frito, diferentes recheios (média de diferentes recheios)",,,,,,,,,,,,,,,,,,,,,,,,,,,,,,,,,,,,,,,,,,,,,,,,,
"Pastel, frito, queijo",,,,,,,,,,,,,,,,,,,,,,,,,,,,,,,,,,,,,,,,,,,,,,,,,
"Pastel, massa fresca, carne, cru",,,,,,,,,,,,,,,,,,,,,,,,,,,,,,,,,,,,,,,,,,,,,,,,,
"Pastel, massa fresca, crua",,,,,,,,,,,,,,,,,,,,,,,,,,,,,,,,,,,,,,,,,,,,,,,,,
"Pastel, massa fresca, diferentes recheios, cru (média de diferentes recheios)",,,,,,,,,,,,,,,,,,,,,,,,,,,,,,,,,,,,,,,,,,,,,,,,,
"Pastel, massa fresca, frita",,,,,,,,,,,,,,,,,,,,,,,,,,,,,,,,,,,,,,,,,,,,,,,,,
"Pastel, massa fresca, queijo, cru",,,,,,,,,,,,,,,,,,,,,,,,,,,,,,,,,,,,,,,,,,,,,,,,,
"Pastel, massa, crua",,,,,,,,,,,,,,,,,,,,,,,,,,,,,,,,,,,,,,,,,,,,,,,,,
"Pastel, massa, frita",,,,,,,,,,,,,,,,,,,,,,,,,,,,,,,,,,,,,,,,,,,,,,,,,
Pastilha,,,,,,,,,,,,,,,,,,,,,,,,,,,,,,,,,,,,,,,,,,,,,,,,,
Pat (média diferentes sabores),,,,,,,,,,,,,,,,,,,,,,,,,,,,,,,,,,,,,,,,,,,,,,,,,
Pataua,,,,,,,,,,,,,,,,,,,,,,,,,,,,,,,,,,,,,,,,,,,,,,,,,
"Pate (fígado, calabresa, frango, presunto, etc)",CONSERVAS,,,,,,,,,,,,,,,,,,,,,,,,,,,,,,,,,,,,,,,,,,,,,,,,
Patê de cutite,,,,,,,,,,,,,,,,,,,,,,,,,,,,,,,,,,,,,,,,,,,,,,,,,
Patê de presunto - Sadia®,,,,,,,,10,,,,,,,,,,,,,,,,,,,,,,,,,,,,,,,,,,,,,,,,,
Patê de ricota,,,,,,,,,,,,,,,,,,,,,,,,,,,,,,,,,,,,,,,,,,,,,,,,,
"Patê, peito de peru, defumado, vidro, ""Sadia""",,,,,,,,10,,,,,,,,,,,,,,,,,,,,,,,,,,,,,,,,,,,,,,,,,
"Patê, presunto, vidro, ""Sadia""",,,,,,,,10,,,,,,,,,,,,,,,,,,,,,,,,,,,,,,,,,,,,,,,,,
Patinho assado(a),,100,100,90,35,75,70,30,140,70,,,,,,,,,,,,,,,,,,,,,,,,,,,,,,,,,,,,,,,
Patinho cozido(a),,100,100,90,35,75,70,30,140,70,,,,,,,,,,,,,,,,,,,,,,,,,,,,,,,,,,,,,,,
Patinho empanado(a)/a milanesa,,100,100,90,35,75,70,30,140,70,,,,,,,,,,,,,,,,,,,,,,,,,,,,,,,,,,,,,,,
Patinho ensopado,,100,100,90,35,75,70,30,140,70,,,,,,,,,,,,,,,,,,,,,,,,,,,,,,,,,,,,,,,
Patinho frito(a),,100,100,90,35,75,70,30,140,70,,,,,,,,,,,,,,,,,,,,,,,,,,,,,,,,,,,,,,,
Patinho grelhado(a)/brasa/churrasco,,100,100,90,35,75,70,30,140,70,,,,,,,,,,,,,,,,,,,,,,,,,,,,,,,,,,,,,,,
Patinho molho vermelho,,100,100,90,35,75,70,30,140,70,,,,,,,,,,,,,,,,,,,,,,,,,,,,,,,,,,,,,,,
Patinho sem gordura (cru) -carne bovina,,,,,,,,,,,,,,,,,,,,,,,,,,,,,,,,,,,,,,,,,,,,,,,,,
Patinho sem gordura(grelhado) - carne bovina,,,,,,,,,,,,,,,,,,,,,,,,,,,,,,,,,,,,,,,,,,,,,,,,,
Pato (cru),,,,,,,,,,,,,,,,,,,,,,,,,,,,,,,,,,,,,,,,,,,,,,,,,
Pato assado sem pele e sem sal,,,,,,,,,,,,,,,,,,,,,,,,,,,,,,,,,,,,,,,,,,,,,,,,,
Pato assado sem sal,,,,,,,,,,,,,,,,,,,,,,,,,,,,,,,,,,,,,,,,,,,,,,,,,
Pato em pedaços cozido(a),AVES,,,,80,,,,,,,,,,,,,,,,,,,,,,,,,,,,,,,,,,,,,,,,,,,,
Pato em pedaços ensopado,AVES,,,,80,,,,,,,,,,,,,,,,,,,,,,,,,,,,,,,,,,,,,,,,,,,,
Pato no tucupi,,,,,,,,,,,,,,,,,,,,,,,,,,,,,,,,,,,,,,,,,,,,,,,,,
Paulista assado(a),,,,,,,,,,,,,,,,,,,,,,,,,,,,,,,,,,,,,,,,,,,,,,,,,
Paulista cozido(a),,,,,,,,,,,,,,,,,,,,,,,,,,,,,,,,,,,,,,,,,,,,,,,,,
Pavê de amendoim,,,,,,,,,,,,,,,,,,,,,,,,,,,,,,,,,,,,,,,,,,,,,,,,,
Pave de qualquer sabor,,,,,,,,,,,,,,,,,,,,,,,,,,,,,,,,,,,,,,,,,,,,,,,,,
Pé de galinha ou frango assado(a),AVES,,,,,,,,,,,,,,,,,,,,,,,,,,,,,,,,,,,,,,,,,,,,,,,,
Pé de galinha ou frango cozido(a),AVES,,,,,,,,,,,,,,,,,,,,,,,,,,,,,,,,,,,,,,,,,,,,,,,,
Pé de galinha ou frango ensopado,AVES,,,,,,,,,,,,,,,,,,,,,,,,,,,,,,,,,,,,,,,,,,,,,,,,
Pé de galinha ou frango frito(a),AVES,,,,,,,,,,,,,,,,,,,,,,,,,,,,,,,,,,,,,,,,,,,,,,,,
Pé de galinha ou frango grelhado(a)/brasa/churrasco,AVES,,,,,,,,,,,,,,,,,,,,,,,,,,,,,,,,,,,,,,,,,,,,,,,,
Pé de galinha ou frango molho vermelho,AVES,,,,,,,,,,,,,,,,,,,,,,,,,,,,,,,,,,,,,,,,,,,,,,,,
Pé de galinha ou frango refogado(a),AVES,,,,,,,,,,,,,,,,,,,,,,,,,,,,,,,,,,,,,,,,,,,,,,,,
Pé de moleque,,,,,,,,,,,,,,,,,,,,,,,,,,,,,,,,,,,,,,,,,,,,,,,,,
Pé de moleque - Yoki®,,,,,,,,,,,,,,,,,,,,,,,,,,,,,,17,,,,,,,,,,,,,,,,,,,
Pé e asa de galinha ou frango assado(a),AVES,,,,,,,,,,,,,,,,,,,,,,,40,,,,,,,,,,,,,,,,,,,,,,,,,
Pé e asa de galinha ou frango cozido(a),AVES,,,,,,,,,,,,,,,,,,,,,,,40,,,,,,,,,,,,,,,,,,,,,,,,,
Pé e asa de galinha ou frango frito(a),AVES,,,,,,,,,,,,,,,,,,,,,,,40,,,,,,,,,,,,,,,,,,,,,,,,,
Pé suíno fresco cozido(a),,,,,,,,,,,,,,,,,,,,,,,,,,,,,,,,,,,,,,,,,,,,,,,,,
Pé suíno fresco frito(a),,,,,,,,,,,,,,,,,,,,,,,,,,,,,,,,,,,,,,,,,,,,,,,,,
Pé suíno fresco grelhado(a)/brasa/churrasco,,,,,,,,,,,,,,,,,,,,,,,,,,,,,,,,,,,,,,,,,,,,,,,,,
"Pé-de-moleque, amendoim (TACO)",,,,,,,,,,,,,,,,,,,,,,,,,,,,,,,,,,,,,,,,,,,,,,,,,
"Pé-de-moleque, amendoim (TBCA)",,,,,,,,,,,,,,,,,,,,,,,,,,,,,,,,,,,,,,,,,,,,,,,,,
Peito bovino cozido(a),,,,,,,,,,,,,,,,,,,,,,,,,,,,,,,,,,,,,,,,,,,,,,,,,
Peito bovino frito(a),,,,,,,,,,,,,,,,,,,,,,,,,,,,,,,,,,,,,,,,,,,,,,,,,
Peito de frango com arroz ecreme de milho congelado - Pão de Açúcar®,,,,,,,,,,,,,,,,,,,,,,,,,,,,,,,,,,,,,,,,,,,,,,,,,
Peito de frango com pele (cru),,100,100,,55,100,40,20,80,,,,,,,,,,,,,,,,180,,,,,,,,,,,,,,,,,,,,,,,,
Peito de frango com pele(assado),,100,100,,55,100,40,20,80,,,,,,,,,,,,,,,,180,,,,,,,,,,,,,,,,,,,,,,,,
"Peito de frango com pele, semosso (cru)",,100,100,,55,100,40,20,80,,,,,,,,,,,,,,,,180,,,,,,,,,,,,,,,,,,,,,,,,
Peito de frango em filé àmilanesa,,100,100,,55,100,40,20,80,,,,,,,,,,,,,,,,180,,,,,,,,,,,,,,,,,,,,,,,,
Peito de frango sem pele (cru),,100,100,,55,100,40,20,80,,,,,,,,,,,,,,,,180,,,,,,,,,,,,,,,,,,,,,,,,
Peito de frango sem pele light- Seara@,,100,100,,55,100,40,20,80,,,,,,,,,,,,,,,,180,,,,,,,,,,,,,,,,,,,,,,,,
Peito de frango sem pele(cozido),,100,100,,55,100,40,20,80,,,,,,,,,,,,,,,,180,,,,,,,,,,,,,,,,,,,,,,,,
Peito de frango sem pele(grelhado),,100,100,,55,100,40,20,80,,,,,,,,,,,,,,,,180,,,,,,,,,,,,,,,,,,,,,,,,
"Peito de frango sem pele, semosso (cru)",,100,100,,55,100,40,20,80,,,,,,,,,,,,,,,,180,,,,,,,,,,,,,,,,,,,,,,,,
Peito de galinha ou frango,AVES,100,100,,55,100,40,20,80,,,,,,,,,,,,,,,,180,,,,,,,,,,,,,,,,,,,,,,,,
Peito de galinha ou frango assado(a),AVES,100,100,,55,100,40,20,80,,,,,,,,,,,,,,,,180,,,,,,,,,,,,,,,,,,,,,,,,
Peito de galinha ou frango cozido(a),AVES,100,100,,55,100,40,20,80,,,,,,,,,,,,,,,,180,,,,,,,,,,,,,,,,,,,,,,,,
Peito de galinha ou frango cru(a),AVES,100,100,,55,100,40,20,80,,,,,,,,,,,,,,,,180,,,,,,,,,,,,,,,,,,,,,,,,
Peito de galinha ou frango empanado(a)/a milanesa,AVES,100,100,,55,100,40,20,80,,,,,,,,,,,,,,,,180,,,,,,,,,,,,,,,,,,,,,,,,
Peito de galinha ou frango ensopado,AVES,100,100,,55,100,40,20,80,,,,,,,,,,,,,,,,180,,,,,,,,,,,,,,,,,,,,,,,,
Peito de galinha ou frango frito(a),AVES,100,100,,55,100,40,20,80,,,,,,,,,,,,,,,,180,,,,,,,,,,,,,,,,,,,,,,,,
Peito de galinha ou frango grelhado(a)/brasa/churrasco,AVES,100,100,,55,100,40,20,80,,,,,,,,,,,,,,,,180,,,,,,,,,,,,,,,,,,,,,,,,
Peito de galinha ou frango molho branco,AVES,100,100,,55,100,40,20,80,,,,,,,,,,,,,,,,180,,,,,,,,,,,,,,,,,,,,,,,,
Peito de galinha ou frango molho vermelho,AVES,100,100,,55,100,40,20,80,,,,,,,,,,,,,,,,180,,,,,,,,,,,,,,,,,,,,,,,,
Peito de galinha ou frango refogado(a),AVES,100,100,,55,100,40,20,80,,,,,,,,,,,,,,,,180,,,,,,,,,,,,,,,,,,,,,,,,
Peito de galinha ou frango sopa,SOPAS/CALDOS/MINGAUS,,,,,,,,,,,,,,,,,,,,,,,,,,,,,,,,,,,,,,,,,,,,,,,,
Peito de pato frito(a),AVES,,,,80,,,,,,,,,,,,,,,,,,,,,,,,,,,,,,,,,,,,,,,,,,,,
Peito de peru,AVES,,,32,32,,,,,,,,,,,,,,,,,,,,,,,,,,,,,,,,,,,,,,,,,,,,
Peito de peru (cru),,,,32,32,,,,,,,,,,,,,,,,,,,,,,,,,,,,,,,,,,,,,,,,,,,,
Peito de peru ao molho deervas finas congelado - Pão de Açúcar®,,,,,,,,,,,,,,,,,,,,,,,,,,,,,,,,,,,,,,,,,,,,,,,,,
Peito de peru assado(a),AVES,,,32,32,,,,,,,,,,,,,,,,,,,,,,,,,,,,,,,,,,,,,,,,,,,,
Peito de peru cozido(a),AVES,,,32,32,,,,,,,,,,,,,,,,,,,,,,,,,,,,,,,,,,,,,,,,,,,,
Peito de peru cru(a),AVES,,,32,32,,,,,,,,,,,,,,,,,,,,,,,,,,,,,,,,,,,,,,,,,,,,
Peito de peru defumadoCalifórnia - Sadia@,,,,32,32,,,,,,,,,,,,,,,,,,,,,,,,,,,,,,,,,,,,,,,,,,,,
Peito de peru empanado(a)/a milanesa,AVES,,,32,32,,,,,,,,,,,,,,,,,,,,,,,,,,,,,,,,,,,,,,,,,,,,
Peito de peru frito(a),AVES,,,32,32,,,,,,,,,,,,,,,,,,,,,,,,,,,,,,,,,,,,,,,,,,,,
Peito de peru grelhado(a)/brasa/churrasco,AVES,,,32,32,,,,,,,,,,,,,,,,,,,,,,,,,,,,,,,,,,,,,,,,,,,,
Peito de peru light,AVES,,,32,32,,,,,,,,,,,,,,,,,,,,,,,,,,,,,,,,,,,,,,,,,,,,
Peito de peru light cozido(a),AVES,,,32,32,,,,,,,,,,,,,,,,,,,,,,,,,,,,,,,,,,,,,,,,,,,,
Peito de peru light cru(a),AVES,,,32,32,,,,,,,,,,,,,,,,,,,,,,,,,,,,,,,,,,,,,,,,,,,,
Peito defumado de chester -Perdigão®,,,,,,,,,,,,,,,,,,,,,,,,,,,,,,,,,,,,,,,,,,,,,,,,,
Peito sem gordura (cozido) -carne bovina,,,,,,,,,,,,,,,,,,,,,,,,,,,,,,,,,,,,,,,,,,,,,,,,,
Peito sem gordura (cru) -carne bovina,,,,,,,,,,,,,,,,,,,,,,,,,,,,,,,,,,,,,,,,,,,,,,,,,
Peixada,,,,,,,,,,,,,,,,,,,,,,,,,,,,,,,,,,,,,,,,,,,,,,,,,
"Peixe de água doce (inteiro, em posta, em filé, etc)",PESCADOS/FRUTOS DO MAR,,,,,,,,,,,,,,,,,,,,,,,,,,,,,,,,,,,,,,,,,,,,,,,,
"Peixe de água doce (inteiro, em posta, em filé, etc)  assado(a)",PESCADOS/FRUTOS DO MAR,,,,,,,,,,,,,,,,,,,,,,,,,,,,,,,,,,,,,,,,,,,,,,,,
"Peixe de água doce (inteiro, em posta, em filé, etc)  cozido(a)",PESCADOS/FRUTOS DO MAR,,,,,,,,,,,,,,,,,,,,,,,,,,,,,,,,,,,,,,,,,,,,,,,,
"Peixe de água doce (inteiro, em posta, em filé, etc)  cru(a)",PESCADOS/FRUTOS DO MAR,,,,,,,,,,,,,,,,,,,,,,,,,,,,,,,,,,,,,,,,,,,,,,,,
"Peixe de água doce (inteiro, em posta, em filé, etc)  empanado(a)/a milanesa",PESCADOS/FRUTOS DO MAR,,,,,,,,,,,,,,,,,,,,,,,,,,,,,,,,,,,,,,,,,,,,,,,,
"Peixe de água doce (inteiro, em posta, em filé, etc)  ensopado",PESCADOS/FRUTOS DO MAR,,,,,,,,,,,,,,,,,,,,,,,,,,,,,,,,,,,,,,,,,,,,,,,,
"Peixe de água doce (inteiro, em posta, em filé, etc)  frito(a)",PESCADOS/FRUTOS DO MAR,,,,,,,,,,,,,,,,,,,,,,,,,,,,,,,,,,,,,,,,,,,,,,,,
"Peixe de água doce (inteiro, em posta, em filé, etc)  grelhado(a)/brasa/churrasco",PESCADOS/FRUTOS DO MAR,,,,,,,,,,,,,,,,,,,,,,,,,,,,,,,,,,,,,,,,,,,,,,,,
"Peixe de água doce (inteiro, em posta, em filé, etc)  molho branco",PESCADOS/FRUTOS DO MAR,,,,,,,,,,,,,,,,,,,,,,,,,,,,,,,,,,,,,,,,,,,,,,,,
"Peixe de água doce (inteiro, em posta, em filé, etc)  molho vermelho",PESCADOS/FRUTOS DO MAR,,,,,,,,,,,,,,,,,,,,,,,,,,,,,,,,,,,,,,,,,,,,,,,,
"Peixe de água doce (inteiro, em posta, em filé, etc)  refogado(a)",PESCADOS/FRUTOS DO MAR,,,,,,,,,,,,,,,,,,,,,,,,,,,,,,,,,,,,,,,,,,,,,,,,
"Peixe de água doce salgado (inteiro, em posta, em filé, etc)  assado(a)",PESCADOS/FRUTOS DO MAR,,,,,,,,,,,,,,,,,,,,,,,,,,,,,,,,,,,,,,,,,,,,,,,,
"Peixe de água doce salgado (inteiro, em posta, em filé, etc)  cozido(a)",PESCADOS/FRUTOS DO MAR,,,,,,,,,,,,,,,,,,,,,,,,,,,,,,,,,,,,,,,,,,,,,,,,
"Peixe de água doce salgado (inteiro, em posta, em filé, etc)  empanado(a)/a milanesa",PESCADOS/FRUTOS DO MAR,,,,,,,,,,,,,,,,,,,,,,,,,,,,,,,,,,,,,,,,,,,,,,,,
"Peixe de água doce salgado (inteiro, em posta, em filé, etc)  ensopado",PESCADOS/FRUTOS DO MAR,,,,,,,,,,,,,,,,,,,,,,,,,,,,,,,,,,,,,,,,,,,,,,,,
"Peixe de água doce salgado (inteiro, em posta, em filé, etc)  frito(a)",PESCADOS/FRUTOS DO MAR,,,,,,,,,,,,,,,,,,,,,,,,,,,,,,,,,,,,,,,,,,,,,,,,
"Peixe de água doce salgado (inteiro, em posta, em filé, etc)  grelhado(a)/brasa/churrasco",PESCADOS/FRUTOS DO MAR,,,,,,,,,,,,,,,,,,,,,,,,,,,,,,,,,,,,,,,,,,,,,,,,
"Peixe de água doce salgado (inteiro, em posta, em filé, etc)  molho vermelho",PESCADOS/FRUTOS DO MAR,,,,,,,,,,,,,,,,,,,,,,,,,,,,,,,,,,,,,,,,,,,,,,,,
"Peixe de mar (inteiro, em posta, em filé, etc)   assado(a)",PESCADOS/FRUTOS DO MAR,,,,,,,,,,,,,,,,,,,,,,,,,,,,,,,,,,,,,,,,,,,,,,,,
"Peixe de mar (inteiro, em posta, em filé, etc)   cozido(a)",PESCADOS/FRUTOS DO MAR,,,,,,,,,,,,,,,,,,,,,,,,,,,,,,,,,,,,,,,,,,,,,,,,
"Peixe de mar (inteiro, em posta, em filé, etc)   cru(a)",PESCADOS/FRUTOS DO MAR,,,,,,,,,,,,,,,,,,,,,,,,,,,,,,,,,,,,,,,,,,,,,,,,
"Peixe de mar (inteiro, em posta, em filé, etc)   empanado(a)/a milanesa",PESCADOS/FRUTOS DO MAR,,,,,,,,,,,,,,,,,,,,,,,,,,,,,,,,,,,,,,,,,,,,,,,,
"Peixe de mar (inteiro, em posta, em filé, etc)   ensopado",PESCADOS/FRUTOS DO MAR,,,,,,,,,,,,,,,,,,,,,,,,,,,,,,,,,,,,,,,,,,,,,,,,
"Peixe de mar (inteiro, em posta, em filé, etc)   frito(a)",PESCADOS/FRUTOS DO MAR,,,,,,,,,,,,,,,,,,,,,,,,,,,,,,,,,,,,,,,,,,,,,,,,
"Peixe de mar (inteiro, em posta, em filé, etc)   grelhado(a)/brasa/churrasco",PESCADOS/FRUTOS DO MAR,,,,,,,,,,,,,,,,,,,,,,,,,,,,,,,,,,,,,,,,,,,,,,,,
"Peixe de mar (inteiro, em posta, em filé, etc)   molho branco",PESCADOS/FRUTOS DO MAR,,,,,,,,,,,,,,,,,,,,,,,,,,,,,,,,,,,,,,,,,,,,,,,,
"Peixe de mar (inteiro, em posta, em filé, etc)   molho vermelho",PESCADOS/FRUTOS DO MAR,,,,,,,,,,,,,,,,,,,,,,,,,,,,,,,,,,,,,,,,,,,,,,,,
"Peixe de mar salgado (inteiro, em posta, em filé, etc)  assado(a)",PESCADOS/FRUTOS DO MAR,,,,,,,,,,,,,,,,,,,,,,,,,,,,,,,,,,,,,,,,,,,,,,,,
"Peixe de mar salgado (inteiro, em posta, em filé, etc)  cozido(a)",PESCADOS/FRUTOS DO MAR,,,,,,,,,,,,,,,,,,,,,,,,,,,,,,,,,,,,,,,,,,,,,,,,
"Peixe de mar salgado (inteiro, em posta, em filé, etc)  empanado(a)/a milanesa",PESCADOS/FRUTOS DO MAR,,,,,,,,,,,,,,,,,,,,,,,,,,,,,,,,,,,,,,,,,,,,,,,,
"Peixe de mar salgado (inteiro, em posta, em filé, etc)  ensopado",PESCADOS/FRUTOS DO MAR,,,,,,,,,,,,,,,,,,,,,,,,,,,,,,,,,,,,,,,,,,,,,,,,
"Peixe de mar salgado (inteiro, em posta, em filé, etc)  frito(a)",PESCADOS/FRUTOS DO MAR,,,,,,,,,,,,,,,,,,,,,,,,,,,,,,,,,,,,,,,,,,,,,,,,
"Peixe de mar salgado (inteiro, em posta, em filé, etc)  grelhado(a)/brasa/churrasco",PESCADOS/FRUTOS DO MAR,,,,,,,,,,,,,,,,,,,,,,,,,,,,,,,,,,,,,,,,,,,,,,,,
"Peixe de mar salgado (inteiro, em posta, em filé, etc)  molho branco",PESCADOS/FRUTOS DO MAR,,,,,,,,,,,,,,,,,,,,,,,,,,,,,,,,,,,,,,,,,,,,,,,,
Peixe na telha,,,,,,,,,,,,,,,,,,,,,,,,,,,,,,,,,,,,,,,,,,,,,,,,,
"Peixe não especificado (inteiro, em posta, em filé, etc) assado(a)",PESCADOS/FRUTOS DO MAR,,,,,,,,,,,,,,,,,,,,,,,,,,,,,,,,,,,,,,,,,,,,,,,,
"Peixe não especificado (inteiro, em posta, em filé, etc) cozido(a)",PESCADOS/FRUTOS DO MAR,,,,,,,,,,,,,,,,,,,,,,,,,,,,,,,,,,,,,,,,,,,,,,,,
"Peixe não especificado (inteiro, em posta, em filé, etc) cru(a)",PESCADOS/FRUTOS DO MAR,,,,,,,,,,,,,,,,,,,,,,,,,,,,,,,,,,,,,,,,,,,,,,,,
"Peixe não especificado (inteiro, em posta, em filé, etc) empanado(a)/a milanesa",PESCADOS/FRUTOS DO MAR,,,,,,,,,,,,,,,,,,,,,,,,,,,,,,,,,,,,,,,,,,,,,,,,
"Peixe não especificado (inteiro, em posta, em filé, etc) ensopado",PESCADOS/FRUTOS DO MAR,,,,,,,,,,,,,,,,,,,,,,,,,,,,,,,,,,,,,,,,,,,,,,,,
"Peixe não especificado (inteiro, em posta, em filé, etc) frito(a)",PESCADOS/FRUTOS DO MAR,,,,,,,,,,,,,,,,,,,,,,,,,,,,,,,,,,,,,,,,,,,,,,,,
"Peixe não especificado (inteiro, em posta, em filé, etc) grelhado(a)/brasa/churrasco",PESCADOS/FRUTOS DO MAR,,,,,,,,,,,,,,,,,,,,,,,,,,,,,,,,,,,,,,,,,,,,,,,,
"Peixe não especificado (inteiro, em posta, em filé, etc) molho branco",PESCADOS/FRUTOS DO MAR,,,,,,,,,,,,,,,,,,,,,,,,,,,,,,,,,,,,,,,,,,,,,,,,
"Peixe não especificado (inteiro, em posta, em filé, etc) molho vermelho",PESCADOS/FRUTOS DO MAR,,,,,,,,,,,,,,,,,,,,,,,,,,,,,,,,,,,,,,,,,,,,,,,,
"Peixe não especificado (inteiro, em posta, em filé, etc) refogado(a)",PESCADOS/FRUTOS DO MAR,,,,,,,,,,,,,,,,,,,,,,,,,,,,,,,,,,,,,,,,,,,,,,,,
"Peixe não especificado salgado (inteiro, em posta, em filé, etc) assado(a)",PESCADOS/FRUTOS DO MAR,,,,,,,,,,,,,,,,,,,,,,,,,,,,,,,,,,,,,,,,,,,,,,,,
"Peixe não especificado salgado (inteiro, em posta, em filé, etc) cozido(a)",PESCADOS/FRUTOS DO MAR,,,,,,,,,,,,,,,,,,,,,,,,,,,,,,,,,,,,,,,,,,,,,,,,
"Peixe não especificado salgado (inteiro, em posta, em filé, etc) empanado(a)/a milanesa",PESCADOS/FRUTOS DO MAR,,,,,,,,,,,,,,,,,,,,,,,,,,,,,,,,,,,,,,,,,,,,,,,,
"Peixe não especificado salgado (inteiro, em posta, em filé, etc) frito(a)",PESCADOS/FRUTOS DO MAR,,,,,,,,,,,,,,,,,,,,,,,,,,,,,,,,,,,,,,,,,,,,,,,,
"Peixe não especificado salgado (inteiro, em posta, em filé, etc) grelhado(a)/brasa/churrasco",PESCADOS/FRUTOS DO MAR,,,,,,,,,,,,,,,,,,,,,,,,,,,,,,,,,,,,,,,,,,,,,,,,
"Peixe, água doce, corimba/curimatã, filé, cru, Prochilodus cearensis",,,,,,,,,,,,,,,,,,,,,,,,,,,,,,,,,,,,,,,,,,,,,,,,,
"Peixe, água doce, corimba/curimatã, inteiro, cru, Prochilodus cearensis",,,,,,,,,,,,,,,,,,,,,,,,,,,,,,,,,,,,,,,,,,,,,,,,,
"Peixe, água doce, corimbatá, assado, s/ sal, Prochilodus spp.",,,,,,,,,,,,,,,,,,,,,,,,,,,,,,,,,,,,,,,,,,,,,,,,,
"Peixe, água doce, Corimbatá, cozido, s/ sal",,,,,,,,,,,,,,,,,,,,,,,,,,,,,,,,,,,,,,,,,,,,,,,,,
"Peixe, água doce, corvina de água doce, crua, Plagioscions squamossissimus",,,,,,,,,,,,,,,,,,,,,,,,,,,,,,,,,,,,,,,,,,,,,,,,,
"Peixe, água doce, dourado, cru, Brachyplatistoma flavicans",,,,,,,,,,,,,,,,,,,,,,,,,,,,,,,,,,,,,,,,,,,,,,,,,
"Peixe, água doce, lambari, congelado, cru, Astyanax taeniatus",,,,,,,,,,,,,,,,,,,,,,,,,,,,,,,,,,,,,,,,,,,,,,,,,
"Peixe, água doce, lambari, congelado, frito, s/ sal",,,,,,,,,,,,,,,,,,,,,,,,,,,,,,,,,,,,,,,,,,,,,,,,,
"Peixe, água doce, lambari, fresco, cru, Astyanax fasciatus parahybae",,,,,,,,,,,,,,,,,,,,,,,,,,,,,,,,,,,,,,,,,,,,,,,,,
"Peixe, água doce, pintado, assado, s/ sal",,,,,,,,,,,,,,,,,,,,,,,,,,,,,,,,,,,,,,,,,,,,,,,,,
"Peixe, água doce, pintado, cru",,,,,,,,,,,,,,,,,,,,,,,,,,,,,,,,,,,,,,,,,,,,,,,,,
"Peixe, água doce, pintado, grelhado, s/ sal",,,,,,,,,,,,,,,,,,,,,,,,,,,,,,,,,,,,,,,,,,,,,,,,,
"Peixe, água doce, tilápia, filé, cru, Oreochromis niloticus",,,,,,,,,,,,,,,,,,,,,,,,,,,,,,,,,,,,,,,,,,,,,,,,,
"Peixe, água doce, tucunaré, filé, cru, Cichla ocellaris spp",,,,,,,,,,,,,,,,,,,,,,,,,,,,,,,,,,,,,,,,,,,,,,,,,
"Peixe, água doce, tucunaré, inteiro, cru, Cichla ocellaris spp",,,,,,,,,,,,,,,,,,,,,,,,,,,,,,,,,,,,,,,,,,,,,,,,,
"Peixe, água salgada, abadejo, filé, congelado, assado, s/ sal",,,,,,,,,,,,,,,,,,,,,,,,,,,,,,,,,,,,,,,,,,,,,,,,,
"Peixe, água salgada, abadejo, filé, congelado, cozido, s/ sal",,,,,,,,,,,,,,,,,,,,,,,,,,,,,,,,,,,,,,,,,,,,,,,,,
"Peixe, água salgada, abadejo, filé, congelado, cru",,,,,,,,,,,,,,,,,,,,,,,,,,,,,,,,,,,,,,,,,,,,,,,,,
"Peixe, água salgada, abadejo, filé, congelado, grelhado, s/ sal",,,,,,,,,,,,,,,,,,,,,,,,,,,,,,,,,,,,,,,,,,,,,,,,,
"Peixe, água salgada, anchova, filé, defumado, Pomatus saltatrix",,,,,,,,,,,,,,,,,,,,,,,,,,,,,,,,,,,,,,,,,,,,,,,,,
"Peixe, água salgada, atum, fresco, Thunnus thynnus",,,,,,,,,,,,,,,,,,,,,,,,,,,,,,,,,,,,,,,,,,,,,,,,,
"Peixe, água salgada, atum, ralado, conserva em óleo, ""Coqueiro""",,,,,,,,,,,,,,,,,,,,,,,,,,,,,,,,,,,,,,,,,,,,,,,,,
"Peixe, água salgada, atum, sólido, conserva em óleo (média de diferentes marcas)",,,,,,,,,,,,,,,,,,,,,,,,,,,,,,,,,,,,,,,,,,,,,,,,,
"Peixe, água salgada, atum, sólido, conserva em óleo, ""Coqueiro""",,,,,,,,,,,,,,,,,,,,,,,,,,,,,,,,,,,,,,,,,,,,,,,,,
"Peixe, água salgada, atum, sólido, conserva, light",,,,,,,,,,,,,,,,,,,,,,,,,,,,,,,,,,,,,,,,,,,,,,,,,
"Peixe, água salgada, bacalhau, salgado, cru",,,,,,,,,,,,,,,,,,,,,,,,,,,,,,,,,,,,,,,,,,,,,,,,,
"Peixe, água salgada, bacalhau, salgado, dessalgado, refogado",,,,,,,,,,,,,,,,,,,,,,,,,,,,,,,,,,,,,,,,,,,,,,,,,
"Peixe, água salgada, cação posta, c/ farinha de trigo, frito, s/ sal",,,,,,,,,,,,,,,,,,,,,,,,,,,,,,,,,,,,,,,,,,,,,,,,,
"Peixe, água salgada, cação, cru (média de diferentes espécies)",,,,,,,,,,,,,,,,,,,,,,,,,,,,,,,,,,,,,,,,,,,,,,,,,
"Peixe, água salgada, cação, cru, Prionace glauca",,,,,,,,,,,,,,,,,,,,,,,,,,,,,,,,,,,,,,,,,,,,,,,,,
"Peixe, água salgada, cavalinha, escabeche, s/ sal",,,,,,,,,,,,,,,,,,,,,,,,,,,,,,,,,,,,,,,,,,,,,,,,,
"Peixe, água salgada, corvina do mar, crua, Micropogon furnieri",,,,,,,,,,,,,,,,,,,,,,,,,,,,,,,,,,,,,,,,,,,,,,,,,
"Peixe, água salgada, corvina, assado, s/ sal",,,,,,,,,,,,,,,,,,,,,,,,,,,,,,,,,,,,,,,,,,,,,,,,,
"Peixe, água salgada, corvina, cozido, s/ sal",,,,,,,,,,,,,,,,,,,,,,,,,,,,,,,,,,,,,,,,,,,,,,,,,
"Peixe, água salgada, Manjuba, c/ farinha de trigo, frito, s/ sal",,,,,,,,,,,,,,,,,,,,,,,,,,,,,,,,,,,,,,,,,,,,,,,,,
"Peixe, água salgada, Manjuba, frita, s/ sal",,,,,,,,,,,,,,,,,,,,,,,,,,,,,,,,,,,,,,,,,,,,,,,,,
"Peixe, água salgada, Merluza, filé, assado, s/ sal",,,,,,,,,,,,,,,,,,,,,,,,,,,,,,,,,,,,,,,,,,,,,,,,,
"Peixe, água salgada, merluza, filé, cru, Merlucius hubbsi",,,,,,,,,,,,,,,,,,,,,,,,,,,,,,,,,,,,,,,,,,,,,,,,,
"Peixe, água salgada, Merluza, filé, frito, s/ sal",,,,,,,,,,,,,,,,,,,,,,,,,,,,,,,,,,,,,,,,,,,,,,,,,
"Peixe, água salgada, pescada branca, cru",,,,,,,,,,,,,,,,,,,,,,,,,,,,,,,,,,,,,,,,,,,,,,,,,
"Peixe, água salgada, pescada branca, frita, s/ sal",,,,,,,,,,,,,,,,,,,,,,,,,,,,,,,,,,,,,,,,,,,,,,,,,
"Peixe, água salgada, pescada, filé empanado, frito, s/ sal",,,,,,,,,,,,,,,,,,,,,,,,,,,,,,,,,,,,,,,,,,,,,,,,,
"Peixe, água salgada, pescada, filé, cru",,,,,,,,,,,,,,,,,,,,,,,,,,,,,,,,,,,,,,,,,,,,,,,,,
"Peixe, água salgada, pescada, filé, escabeche, s/ sal",,,,,,,,,,,,,,,,,,,,,,,,,,,,,,,,,,,,,,,,,,,,,,,,,
"Peixe, água salgada, pescada, filé, frito, s/ sal",,,,,,,,,,,,,,,,,,,,,,,,,,,,,,,,,,,,,,,,,,,,,,,,,
"Peixe, água salgada, pescadinha/tortinha, cru, Isopisthus parvipinnis",,,,,,,,,,,,,,,,,,,,,,,,,,,,,,,,,,,,,,,,,,,,,,,,,
"Peixe, água salgada, porquinho, cru, Balistes carolinensis",,,,,,,,,,,,,,,,,,,,,,,,,,,,,,,,,,,,,,,,,,,,,,,,,
"Peixe, água salgada, salmão, filé, c/ pele, fresco, grelhado, s/ sal",,,,,,,,,,,,,,,,,,,,,,,,,,,,,,,,,,,,,,,,,,,,,,,,,
"Peixe, água salgada, salmão, s/ pele, fresco, cru",,,,,,,,,,,,,,,,,,,,,,,,,,,,,,,,,,,,,,,,,,,,,,,,,
"Peixe, água salgada, salmão, s/ pele, fresco, grelhado, s/ sal",,,,,,,,,,,,,,,,,,,,,,,,,,,,,,,,,,,,,,,,,,,,,,,,,
"Peixe, água salgada, sardinha, assado, s/ sal",,,,,,,,,,,,,,,,,,,,,,,,,,,,,,,,,,,,,,,,,,,,,,,,,
"Peixe, água salgada, sardinha, conserva, c/ molho de tomate",,,,,,,,,,,,,,,,,,,,,,,,,,,,,,,,,,,,,,,,,,,,,,,,,
"Peixe, água salgada, sardinha, filé, c/ cebola e louro, conserva, ""Coqueiro""",,,,,,,,,,,,,,,,,,,,,,,,,,,,,,,,,,,,,,,,,,,,,,,,,
"Peixe, água salgada, sardinha, filé, conserva, c/ molho de tomate temperado, ""Coqueiro""",,,,,,,,,,,,,,,,,,,,,,,,,,,,,,,,,,,,,,,,,,,,,,,,,
"Peixe, água salgada, sardinha, filé, conserva, em óleo",,,,,,,,,,,,,,,,,,,,,,,,,,,,,,,,,,,,,,,,,,,,,,,,,
"Peixe, água salgada, sardinha, filé, cozido/30 min, s/ sal, Sardinella brasiliensis",,,,,,,,,,,,,,,,,,,,,,,,,,,,,,,,,,,,,,,,,,,,,,,,,
"Peixe, água salgada, sardinha, filé, crua",,,,,,,,,,,,,,,,,,,,,,,,,,,,,,,,,,,,,,,,,,,,,,,,,
"Peixe, água salgada, sardinha, frita, s/ sal",,,,,,,,,,,,,,,,,,,,,,,,,,,,,,,,,,,,,,,,,,,,,,,,,
"Peixe, água salgada, sardinha, inteira, crua",,,,,,,,,,,,,,,,,,,,,,,,,,,,,,,,,,,,,,,,,,,,,,,,,
"Peixe, água salgada, surimi",,,,,,,,,,,,,,,,,,,,,,,,,,,,,,,,,,,,,,,,,,,,,,,,,
"Peixe, água salgada, surumi, cru",,,,,,,,,,,,,,,,,,,,,,,,,,,,,,,,,,,,,,,,,,,,,,,,,
"Peixe, água salgada, tainha, filé, assado/45 min, s/ sal, Mugil cephalus",,,,,,,,,,,,,,,,,,,,,,,,,,,,,,,,,,,,,,,,,,,,,,,,,
"Peixe, água salgada, tainha, filé, cozido/30 min, s/ sal, Mugil cephalus",,,,,,,,,,,,,,,,,,,,,,,,,,,,,,,,,,,,,,,,,,,,,,,,,
"Peixe, água salgada, tainha, filé, cru, Mugil cephalus",,,,,,,,,,,,,,,,,,,,,,,,,,,,,,,,,,,,,,,,,,,,,,,,,
"Peixe, água salgada, tainha, filé, preparado em micro-ondas, s/ sal",,,,,,,,,,,,,,,,,,,,,,,,,,,,,,,,,,,,,,,,,,,,,,,,,
"Peixe, sardinha, filé, micro-ondas/10 min, s/ sal, Sardinella brasiliensis",,,,,,,,,,,,,,,,,,,,,,,,,,,,,,,,,,,,,,,,,,,,,,,,,
Peixe-espada (cozido),,,,,,,,,,,,,,,,,,,,,,,,,,,,,,,,,,,,,,,,,,,,,,,,,
Peixe-espada (cru),,,,,,,,,,,,,,,,,,,,,,,,,,,,,,,,,,,,,,,,,,,,,,,,,
Pele de porco preparada (pururuca),,,,,,,,,,,,,,,,,,,,,,,,,,,,,,,,,,,,,,,,,,,,,,,,,
Pepininho (maxixe) ao vinagrete,,,,,,,,,,,,,,,,,,,,,,,,,,,,,,,,,,,,,,,,,,,,,,,,,
Pepininho (maxixe) cozido(a),,,,,,,,,,,,,,,,,,,,,,,,,,,,,,,,,,,,,,,,,,,,,,,,,
Pepino (IBGE),VERDURAS,,,3,,36,36,18,,,,,,,,,,,,,36,,,,,,,,,100,75,50,,,,,,,,,,,,,,,,,
Pepino (Tucunduva),,,,3,,36,36,18,,,,,,,,,,,,,36,,,,,,,,,100,75,50,,,,,,,,,,,,,,,,,
Pepino (casca),,,,3,,36,36,18,,,,,,,,,,,,,36,,,,,,,,,100,75,50,,,,,,,,,,,,,,,,,
Pepino em conserva,CONSERVAS,,,3,,36,36,18,,,,,,,,,,,,,36,,,,,,,,,100,75,50,,,,,,,,,,,,,,,,,
"Pepino, cru",,,,3,,36,36,18,,,,,,,,,,,,,36,,,,,,,,,100,75,50,,,,,,,,,,,,,,,,,
Peptamen 1.5 líquido -Nestlé®,,,,,,,,,,,,,,,,,,,,,,,,,,,,,,,,,,,,,,,,,,,,,,,,,
Peptamen Junior líquido -Nestlée,,,,,,,,,,,,,,,,,,,,,,,,,,,,,,,,,,,,,,,,,,,,,,,,,
Peptamen Junior pó - Nestlé@,,,,,,,,,,,,,,,,,,,,,,,,,,,,,,,,,,,,,,,,,,,,,,,,,
Peptamen pó - Nestlé®,,,,,,,,,,,,,,,,,,,,,,,,,,,,,,,,,,,,,,,,,,,,,,,,,
Peptamen Prebio líquido -Nestlé®,,,,,,,,,,,,,,,,,,,,,,,,,,,,,,,,,,,,,,,,,,,,,,,,,
Peptamen UTI líquido -Nestlé®,,,,,,,,,,,,,,,,,,,,,,,,,,,,,,,,,,,,,,,,,,,,,,,,,
Pequi,FRUTAS/SUCOS/VITAMINAS,,,,,,,,,,,,,,,,,,,,,,,,,,,,,,,,,,,,,,,,,,,,,,,,
Pequi ao molho,,,,,,,,,,,,,,,,,,,,,,,,,,,,,,,,,,,,,,,,,,,,,,,,,
"Pequi, cru",,,,,,,,,,,,,,,,,,,,,,,,,,,,,,,,,,,,,,,,,,,,,,,,,
"Pequi, polpa, maduro, cru, Caryocar brasiliense Camb.",,,,,,,,,,,,,,,,,,,,,,,,,,,,,,,,,,,,,,,,,,,,,,,,,
Pequizada,,,,,,,,,,,,,,,,,,,,,,,,,,,,,,,,,,,,,,,,,,,,,,,,,
Pera (IBGE),FRUTAS/SUCOS/VITAMINAS,,,32,32,,,,,,,,,,,,,,,,,,,,,,,,,130,98,65,65,,,,,,,,,,,,,,,,
Pera (Tucunduva),,,,32,32,,,,,,,,,,,,,,,,,,,,,,,,,130,98,65,65,,,,,,,,,,,,,,,,
Pera (casca),,,,32,32,,,,,,,,,,,,,,,,,,,,,,,,,130,98,65,65,,,,,,,,,,,,,,,,
"Pera, in natura, Pyrus communis",,,,32,32,,,,,,,,,,,,,,,,,,,,,,,,,130,98,65,65,,,,,,,,,,,,,,,,
"Pêra, Park, crua",,,,32,32,,,,,,,,,,,,,,,,,,,,,,,,,130,98,65,65,,,,,,,,,,,,,,,,
"Pera, Park, in natura, Pyrus communis L.",,,,32,32,,,,,,,,,,,,,,,,,,,,,,,,,130,98,65,65,,,,,,,,,,,,,,,,
"Pêra, Williams, crua",,,,32,32,,,,,,,,,,,,,,,,,,,,,,,,,130,98,65,65,,,,,,,,,,,,,,,,
"Pera, Williams, in natura, Pyrus communis L.",,,,32,32,,,,,,,,,,,,,,,,,,,,,,,,,130,98,65,65,,,,,,,,,,,,,,,,
Perna de cordeiro assadosem sal,,,,,,,,,,,,,,,,,,,,,,,,,,,,,,,,,,,,,,,,,,,,,,,,,
Pernil  assado(a),,,,,,,,,,,,,,,,,,,,,,,,,,,,,,,,,,,,,,,,,,,,,,,,,
Pernil  cozido(a),,,,,,,,,,,,,,,,,,,,,,,,,,,,,,,,,,,,,,,,,,,,,,,,,
Pernil  frito(a),,,,,,,,,,,,,,,,,,,,,,,,,,,,,,,,,,,,,,,,,,,,,,,,,
Pernil  grelhado(a)/brasa/churrasco,,,,,,,,,,,,,,,,,,,,,,,,,,,,,,,,,,,,,,,,,,,,,,,,,
Pernil assado com molho,,,,,,,,,,,,,,,,,,,,,,,,,,,,,,,,,,,,,,,,,,,,,,,,,
Pernil de porco (assado),,,,,,,,,,,,,,,,,,,,,,,,,,,,,,,,,,,,,,,,,,,,,,,,,
Pernil de porco (cru),,,,,,,,,,,,,,,,,,,,,,,,,,,,,,,,,,,,,,,,,,,,,,,,,
Pernil suíno assado(a),,,,,,,,,,,,,,,,,,,,,,,,,,,,,,,,,,,,,,,,,,,,,,,,,
Pernil suíno cozido(a),,,,,,,,,,,,,,,,,,,,,,,,,,,,,,,,,,,,,,,,,,,,,,,,,
Pernil suíno frito(a),,,,,,,,,,,,,,,,,,,,,,,,,,,,,,,,,,,,,,,,,,,,,,,,,
Pernil suíno refogado(a),,,,,,,,,,,,,,,,,,,,,,,,,,,,,,,,,,,,,,,,,,,,,,,,,
Peru (assado),,,,,,,,,,,,,,,,,,,,,,,,,,,,,,,,,,,,,,,,,,,,,,,,,
Peru (cru),,,,,,,,,,,,,,,,,,,,,,,,,,,,,,,,,,,,,,,,,,,,,,,,,
Peru assado sem pele sem sal,,,,,,,,,,,,,,,,,,,,,,,,,,,,,,,,,,,,,,,,,,,,,,,,,
Peru em pedaço não especificado  assado(a),AVES,,,,32,,,,,,,,,,,,,,,,,,,,,,,,,,,,,,,,,,,,,,,,,,,,
Peru em pedaço não especificado cozido(a),AVES,,,,32,,,,,,,,,,,,,,,,,,,,,,,,,,,,,,,,,,,,,,,,,,,,
Peru em pedaço não especificado ensopado,AVES,,,,32,,,,,,,,,,,,,,,,,,,,,,,,,,,,,,,,,,,,,,,,,,,,
Peru em pedaço não especificado frito(a),AVES,,,,32,,,,,,,,,,,,,,,,,,,,,,,,,,,,,,,,,,,,,,,,,,,,
"Peru, congelado, assado (TACO)",,,,,32,,,,,,,,,,,,,,,,,,,,,,,,,,,,,,,,,,,,,,,,,,,,
"Peru, congelado, assado (TBCA)",,,,,32,,,,,,,,,,,,,,,,,,,,,,,,,,,,,,,,,,,,,,,,,,,,
"Peru, congelado, cru (TACO)",,,,,32,,,,,,,,,,,,,,,,,,,,,,,,,,,,,,,,,,,,,,,,,,,,
"Peru, congelado, cru (TBCA)",,,,,32,,,,,,,,,,,,,,,,,,,,,,,,,,,,,,,,,,,,,,,,,,,,
"Peru, peito, defumado",,,,,32,,,,,,,,,,,,,,,,,,,,,,,,,,,,,,,,,,,,,,,,,,,,
Pescada branca (crua),,,,,,,,,,,,,,,,,,,,,,,,,,,,,,,,,,,,,,,,,,,,,,,,,
Pescada branca (frita),,,,,,,,,,,,,,,,,,,,,,,,,,,,,,,,,,,,,,,,,,,,,,,,,
Pescada no tucupi,,,,,,,,,,,,,,,,,,,,,,,,,,,,,,,,,,,,,,,,,,,,,,,,,
"Pescada, branca, crua",,,,,,,,,,,,,,,,,,,,,,,,,,,,,,,,,,,,,,,,,,,,,,,,,
"Pescada, branca, frita",,,,,,,,,,,,,,,,,,,,,,,,,,,,,,,,,,,,,,,,,,,,,,,,,
"Pescada, filé, com farinha de trigo, frito",,,,,,,,,,,,,,,,,,,,,,,,,,,,,,,,,,,,,,,,,,,,,,,,,
"Pescada, filé, cru",,,,,,,,,,,,,,,,,,,,,,,,,,,,,,,,,,,,,,,,,,,,,,,,,
"Pescada, filé, frito",,,,,,,,,,,,,,,,,,,,,,,,,,,,,,,,,,,,,,,,,,,,,,,,,
"Pescada, filé, molho escabeche",,,,,,,,,,,,,,,,,,,,,,,,,,,,,,,,,,,,,,,,,,,,,,,,,
"Pescadinha, crua",,,,,,,,,,,,,,,,,,,,,,,,,,,,,,,,,,,,,,,,,,,,,,,,,
Pescoço de galinha ou frango assado(a),AVES,,,,,,,,,,,,,,,,,,,,,,,,,,,,10,,,,,,,,,,,,,,,,,,,,
Pescoço de galinha ou frango cozido(a),AVES,,,,,,,,,,,,,,,,,,,,,,,,,,,,10,,,,,,,,,,,,,,,,,,,,
Pescoço de galinha ou frango frito(a),AVES,,,,,,,,,,,,,,,,,,,,,,,,,,,,10,,,,,,,,,,,,,,,,,,,,
Pescoço de galinha ou frango molho branco,AVES,,,,,,,,,,,,,,,,,,,,,,,,,,,,10,,,,,,,,,,,,,,,,,,,,
Pescoço de galinha ou frango refogado(a),AVES,,,,,,,,,,,,,,,,,,,,,,,,,,,,10,,,,,,,,,,,,,,,,,,,,
Pessegada,AÇUCARES/CONFEITARIA,,,,,,,,,,,,,,,,,,,,,,,,,,,,,,,,,,,,,,,,,,,,,,,,
Pêssego (IBGE),FRUTAS/SUCOS/VITAMINAS,,,,15,226,,,,,,,,,,,,,,,,80,,,,,,,,60,62,,,,,,,,,,,,,,,,,,
Pêssego (Tucunduva),,,,,15,226,,,,,,,,,,,,,,,,80,,,,,,,,60,62,,,,,,,,,,,,,,,,,,
Pêssego em calda - Casino®,,,,,,,,,,,,,,,,,,,,,,,,,,,,,,,,,,,,,,,,,,,,,,,,,
"Pêssego, Aurora, cru",,,,,15,226,,,,,,,,,,,,,,,,80,,,,,,,,60,62,,,,,,,,,,,,,,,,,,
"Pêssego, enlatado, em calda",,,,,,,,,,,,,,,,,,,,,,,,,,,,,,,,,,,,,,,,,,,,,,,,,
"Pêssego, enlatado, em calda, drenado",,,,,,,,,,,,,,,,,,,,,,,,,,,,,,,,,,,,,,,,,,,,,,,,,
"Pêssego, enlatado, em calda, suco",,,,,,,,,,,,,,150,240,300,,,,,,,,,,,,,,300,,,,,200,300,,,,,,,,,,,,,
"Pêssego, in natura, Prunus persica",,,,,,,,,,,,,,,,,,,,,,,,,,,,,,,,,,,,,,,,,,,,,,,,,
Pêssegos em calda diet - IaPastina®,,,,,,,,,,,,,,,,,,,,,,,,,,,,,,,,,,,,,,,,,,,,,,,,,
Petit gateau de chocolate lightcongelado - Alibey®,,,,,,,,,,,,,,,,,,,,,,,,,,,,,,,,,,,,,,,,,,,,,,,,,
Petit gateau de chocolatecongelado - Alibey®,,,,,,,,,,,,,,,,,,,,,,,,,,,,,,,,,,,,,,,,,,,,,,,,,
Petit pois,,,,,,,,,,,,,,,,,,,,,,,,,,,,,,,,,,,,,,,,,,,,,,,,,
Petit Suisse chocolate MaxiChambinho - Nestlé®,,,,,,,,,,,,,,,,,,,,,,,,,,,,,,,,,,,,,,,,,,,,,,,,,
"Petit Suisse maçã, banana, cereais e uva Batavinho -Batavo@",,,,,,,,,,,,,,,,,,,,,,,,,,,,,,,,,,,,,,,,,,,,,,,,,
Petit Suisse meio a meio (uvaverde/ uva roxa) Danoninho - Danonee,,,,,,,,,,,,,,,,,,,,,,,,,,,,,,,,,,,,,,,,,,,,,,,,,
Petit Suisse morango e maçãbanana Ninho Soleil - Nestlé@,,,,,,,,,,,,,,,,,,,,,,,,,,,,,,,,,,,,,,,,,,,,,,,,,
Petit Suisse morango e melNinho Soleil - Nestlé®,,,,,,,,,,,,,,,,,,,,,,,,,,,,,,,,,,,,,,,,,,,,,,,,,
Petit Suisse morango MaxiChambinho Nestlé®,,,,,,,,,,,,,,,,,,,,,,,,,,,,,,,,,,,,,,,,,,,,,,,,,
Petit Suisse morango NinhoSoleil - Nestlé®,,,,,,,,,,,,,,,,,,,,,,,,,,,,,,,,,,,,,,,,,,,,,,,,,
Petit Suisse morangoBatavinho - Batavo®,,,,,,,,,,,,,,,,,,,,,,,,,,,,,,,,,,,,,,,,,,,,,,,,,
Petit Suisse morangoChambinho - Nestlé®,,,,,,,,,,,,,,,,,,,,,,,,,,,,,,,,,,,,,,,,,,,,,,,,,
Petit Suisse morangoDanoninho - Danone®,,,,,,,,,,,,,,,,,,,,,,,,,,,,,,,,,,,,,,,,,,,,,,,,,
"Phos 3+B, 60Caps, 2Caps/1,8G",,,,,,,,,,,,,,,,,,,,,,,,,,,,,,,,,,,,,,,,,,,,,,,,,
Picadinho com ora-pro-nóbis,,,,,,,,,,,,,,,,,,,,,,,,,,,,,,,,,,,,,,,,,,,,,,,,,
Picadinho de carne com frutas,,,,,,,,,,,,,,,,,,,,,,,,,,,,,,,,,,,,,,,,,,,,,,,,,
Picadinho de tartaruga,,,,,,,,,,,,,,,,,,,,,,,,,,,,,,,,,,,,,,,,,,,,,,,,,
Picanha  ensopado,,,,,,,,,,,,,,,,,,,,,,,,,,,,,,,,,,,,,,,,,,,,,,,,,
Picanha - Fríboi®,,,,,,,,,,,,,,,,,,,,,,,,,,,,,,,,,,,,,,,,,,,,,,,,,
Picanha  frito(a),,,,,,,,,,,,,,,,,,,,,,,,,,,,,,,,,,,,,,,,,,,,,,,,,
Picanha assado(a),,,,,,,,,,,,,,,,,,,,,,,,,,,,,,,,,,,,,,,,,,,,,,,,,
Picanha com gordura (crua) -carne bovina,,,,,,,,,,,,,,,,,,,,,,,,,,,,,,,,,,,,,,,,,,,,,,,,,
Picanha cozido(a),,,,,,,,,,,,,,,,,,,,,,,,,,,,,,,,,,,,,,,,,,,,,,,,,
Picanha grelhado(a)/brasa/churrasco,,,,,,,,,,,,,,,,,,,,,,,,,,,,,,,,,,,,,,,,,,,,,,,,,
Picanha sem gordura (crua) -carne bovina,,,,,,,,,,,,,,,,,,,,,,,,,,,,,,,,,,,,,,,,,,,,,,,,,
Picanha sem gordura(grelhada) - carne bovina,,,,,,,,,,,,,,,,,,,,,,,,,,,,,,,,,,,,,,,,,,,,,,,,,
Picles (IBGE),,,,,,,,,,,,,,,,,,,,,,,,,,,,,,,,,,,,,,,,,,,,,,,,,
Picles (Tucunduva),,,,,,,,,,,,,,,,,,,,,,,,,,,,,,,,,,,,,,,,,,,,,,,,,
Picolé de qualquer sabor industrializado,,,,,,,,,,,,,,,,,,,,,,,,,,,,,,,,,,,,,,,,,,,,,,,,,
Picolé ensacado,,,,,,,,,,,,,,,,,,,,,,,,,,,,,,,,,,,,,,,,,,,,,,,,,
Pimenta em pó,CONDIMENTOS,,,,,,,,,,,,,,,,,,,,,,,,,,,,,,,,,,,,,,,,,,,,,,,,
Pimenta -Tabasco®,,,,,,,,,,,,,,,,,,,,,,,,,,,,,,,,,,,,,,,,,,,,,,,,,
Pimenta-caiena,,,,,,,,,,,,,,,,,,,,,,,,,,,,,,,,,,,,,,,,,,,,,,,,,
Pimenta-do-reino em pó,,,,,,,,,,,,,,,,,,,,,,,,,,,,,,,,,,,,,,,,,,,,,,,,,
Pimentão,VERDURAS,,,6,,,26,13,52,,,,,,,,,,,,,,,,,,,,,55,38,28,,,,,,,,,,,,,,,,,
Pimentão (miolo),,,,,,,,,,,,,,,,,,,,,,,,,,,,,,,,,,,,,,,,,,,,,,,,,
Pimentão amarelo,,,,6,,,26,13,52,,,,,,,,,,,,,,,,,,,,,55,38,28,,,,,,,,,,,,,,,,,
Pimentão orgânico,VERDURAS,,,6,,,26,13,52,,,,,,,,,,,,,,,,,,,,,55,38,28,,,,,,,,,,,,,,,,,
Pimentão verde,,,,6,,,26,13,52,,,,,,,,,,,,,,,,,,,,,55,38,28,,,,,,,,,,,,,,,,,
Pimentão vermelho,,,,6,,,26,13,52,,,,,,,,,,,,,,,,,,,,,55,38,28,,,,,,,,,,,,,,,,,
"Pimentão, amarelo, cru",,,,6,,,26,13,52,,,,,,,,,,,,,,,,,,,,,55,38,28,,,,,,,,,,,,,,,,,
"Pimentão, verde, cru",,,,6,,,26,13,52,,,,,,,,,,,,,,,,,,,,,55,38,28,,,,,,,,,,,,,,,,,
"Pimentão, vermelho, cru",,,,6,,,26,13,52,,,,,,,,,,,,,,,,,,,,,55,38,28,,,,,,,,,,,,,,,,,
"Pineapple Whey Box, 15Uni/34G",,,,,,,,,,,,,,,,,,,,,,,,,,,,,,,,,,,,,,,,,,,,,,,,,
"Pineapple Whey Lata, 510G, 15Doses",,,,,,,,,,,,,,,,,,,,,,,,,,,,,,,,,,,,,,,,,,,,,,,,,
"Pineapple Whey Sachê, 1Uni/34G",,,,,,,,,,,,,,,,,,,,,,,,,,,,,,,,,,,,,,,,,,,,,,,,,
Pinga,,,,,,,,,,,,,,,,,,,,,,,,,,,,,,,,,,,,,,,,,,,,,,,,,
Pingado,,,,,,,,,,,,,,,,,,,,,,,,,,,,,,,,,,,,,,,,,,,,,,,,,
Pingo Douro - Elma Chips®,,,,,,,,,,,,,,,,,,,,,,,,,,,,,,90,48,,,,,,,,,,,,,,,,,,
Pinha,,,,,,,,,,,,,,,,,,,,,,,,,,,,,,,,,,,,,,,,,,,,,,,,,
Pinha (fruta de conde),FRUTAS/SUCOS/VITAMINAS,,,,,,,,,,,,,,,,,,,,,,,,,,,,,,,,,,,,,,,,,,,,,,,,
"Pinha, crua",,,,,,,,,,,,,,,,,,,,,,,,,,,,,,,,,,,,,,,,,,,,,,,,,
"Pinha, in natura, Annona squamosa L.",,,,,,,,,,,,,,,,,,,,,,,,,,,,,,,,,,,,,,,,,,,,,,,,,
Pinhão,OLEAGINOSAS,,,,,,,,,,,,,,,,,,,,,,,,,,,,,4,,,,,,,,,,,,,,,,,,,
Pinhão (cozido),,,,,,,,,,,,,,,,,,,,,,,,,,,,,,4,,,,,,,,,,,,,,,,,,,
Pinhão (cru),,,,,,,,,,,,,,,,,,,,,,,,,,,,,,4,,,,,,,,,,,,,,,,,,,
"Pinhão, cozido",,,,,,,,,,,,,,,,,,,,,,,,,,,,,,4,,,,,,,,,,,,,,,,,,,
"Pinhão, cozido, s/ sal, Araucaria angustifolia (Bertol.) Kuntze",,,,,,,,,,,,,,,,,,,,,,,,,,,,,,,,,,,,,,,,,,,,,,,,,
Pintado (assado),,,,,,,,,,,,,,,,,,,,,,,,,,,,,,,,,,,,,,,,,,,,,,,,,
Pintado (cru),,,,,,,,,,,,,,,,,,,,,,,,,,,,,,,,,,,,,,,,,,,,,,,,,
Pintado ao molho demandioca,,,,,,,,,,,,,,,,,,,,,,,,,,,,,,,,,,,,,,,,,,,,,,,,,
Pintado na telha,,,,,,,,,,,,,,,,,,,,,,,,,,,,,,,,,,,,,,,,,,,,,,,,,
"Pintado, assado",,,,,,,,,,,,,,,,,,,,,,,,,,,,,,,,,,,,,,,,,,,,,,,,,
"Pintado, cru",,,,,,,,,,,,,,,,,,,,,,,,,,,,,,,,,,,,,,,,,,,,,,,,,
"Pintado, grelhado",,,,,,,,,,,,,,,,,,,,,,,,,,,,,,,,,,,,,,,,,,,,,,,,,
Pipoca  light,,,,,,,,,,,,,,,,,,,,,,,25,,,,,,,,,,,,,,,,,,,,,,,,,,
Pipoca doce de milhocaramelizada - Clac®,,,,,,,,,,,,,,,,,,,,,,,25,,,,,,,,,,,,,,,,,,,,,,,,,,
Pipoca doce industrializada,,,,,,,,,,,,,,,,,,,,,,,25,,,,,,,,,,,,,,,,,,,,,,,,,,
Pipoca doce ou salgada,AÇUCARES/CONFEITARIA,,,,,,,,,,,,,,,,,,,,,,25,,,,,,,,,,,,,,,,,,,,,,,,,,
Pipoca para micro-ondas demanteiga suave -Yoki®,,,,,,,,,,,,,,,,,,,,,,,25,,,,,,,,,,,,,,,,,,,,,,,,,,
Pipoca para micro-ondasnatural -Yoki®,,,,,,,,,,,,,,,,,,,,,,,25,,,,,,,,,,,,,,,,,,,,,,,,,,
Pipoca salgada,,,,,,,,,,,,,,,,,,,,,,,25,,,,,,,,,,,,,,,,,,,,,,,,,,
Pipoca salgada com manteiga,,,,,,,,,,,,,,,,,,,,,,,25,,,,,,,,,,,,,,,,,,,,,,,,,,
Pipoca sem sal,,,,,,,,,,,,,,,,,,,,,,,25,,,,,,,,,,,,,,,,,,,,,,,,,,
"Pipoca, com óleo de soja, sem sal",,,,,,,,,,,,,,,,,,,,,,,25,,,,,,,,,,,,,,,,,,,,,,,,,,
Pirão,SOPAS/CALDOS/MINGAUS,,,,,,,,,,,,,,,,,,,,,,,,,,,,,,,,,,,,,,,,,,,,,,,,
Pirarucu de casaca,,,,,,,,,,,,,,,,,,,,,,,,,,,,,,,,,,,,,,,,,,,,,,,,,
Pirarucu no leite de castanha,,,,,,,,,,,,,,,,,,,,,,,,,,,,,,,,,,,,,,,,,,,,,,,,,
Pirulito,,,,,,,,,,,,,,,,,,,,,,,,,,,,,,,,,,,,,,,,,,,,,,,,,
Pistache (IBGE),OLEAGINOSAS,,,,,,,,,,,,,,,,,,,,,,,,,,,,,,,,,,,,,,,,,,,,,,,,
Pistache (Tucunduva),,,,,,,,,,,,,,,,,,,,,,,,,,,,,,,,,,,,,,,,,,,,,,,,,
Pistache torrado sem sal,,,,,,,,,,,,,,,,,,,,,,,,,,,,,,,,,,,,,,,,,,,,,,,,,
"Pistache, cru, s/ sal, Pistacia vera",,,,,,,,,,,,,,,,,,,,,,,,,,,,,,,,,,,,,,,,,,,,,,,,,
Pitanga (IBGE),FRUTAS/SUCOS/VITAMINAS,,,,,,,,,,,,,,,,,,,,,,,,,,,,,,,,,,,,,,,,,,,,,,,,
Pitanga (Tucunduva),,,,,,,,,,,,,,,,,,,,,,,,,,,,,,,,,,,,,,,,,,,,,,,,,
"Pitanga, crua",,,,,,,,,,,,,,,,,,,,,,,,,,,,,,,,,,,,,,,,,,,,,,,,,
"Pitanga, in natura, Eugenia uniflora L.",,,,,,,,,,,,,,,,,,,,,,,,,,,,,,,,,,,,,,,,,,,,,,,,,
"Pitanga, polpa, congelada (TACO)",,,,,,,,,,,,,,,,,,,,,,,,,,,,,,,,,,,,,,,,,,,,,,,,,
"Pitanga, polpa, congelada (TBCA)",,,,,,,,,,,,,,,,,,,,,,,,,,,,,,,,,,,,,,,,,,,,,,,,,
Pitomba,FRUTAS/SUCOS/VITAMINAS,,,,,,,,,,,,,,,,,,,,,,,,,,,,,,,,,,,,,,,,,,,,,,,,
Pizza,FARINHAS/FÉCULAS/MASSAS,,,,,77,,,,,,,,,,,,,,,,,,,,,,,,,,,,,,,,,,,,,,,,,,,
Pizza calabreza,FARINHAS/FÉCULAS/MASSAS,,,,,77,,,,,,,,,,,,,,,,,,,,,,,,,,,,,,,,,,,,,,,,,,,
Pizza de calabresa,,,,,,77,,,,,,,,,,,,,,,,,,,,,,,,,,,,,,,,,,,,,,,,,,,
Pizza de calabresa Apreciattacongelada - Perdigão®,,,,,,77,,,,,,,,,,,,,,,,,,,,,,,,,,,,,,,,,,,,,,,,,,,
Pizza de calabresa congelada- Sadia®,,,,,,77,,,,,,,,,,,,,,,,,,,,,,,,,,,,,,,,,,,,,,,,,,,
Pizza de catupiry,,,,,,77,,,,,,,,,,,,,,,,,,,,,,,,,,,,,,,,,,,,,,,,,,,
Pizza de frango com catupiryApreciatta congelada - Perdigão®,,,,,,77,,,,,,,,,,,,,,,,,,,,,,,,,,,,,,,,,,,,,,,,,,,
Pizza de frango com catupirye muçarela congelada - Sadia®,,,,,,77,,,,,,,,,,,,,,,,,,,,,,,,,,,,,,,,,,,,,,,,,,,
Pizza de lombo com catupirye muçarela congelada - Sadia®,,,,,,77,,,,,,,,,,,,,,,,,,,,,,,,,,,,,,,,,,,,,,,,,,,
Pizza de muçarela,,,,,,77,,,,,,,,,,,,,,,,,,,,,,,,,,,,,,,,,,,,,,,,,,,
Pizza de muçarela Apreciattacongelada - Perdigão®,,,,,,77,,,,,,,,,,,,,,,,,,,,,,,,,,,,,,,,,,,,,,,,,,,
Pizza de muçarela congelada- Sadia®,,,,,,77,,,,,,,,,,,,,,,,,,,,,,,,,,,,,,,,,,,,,,,,,,,
"Pizza de muçarela de búfala, rúcula e tomate seco",,,,,,77,,,,,,,,,,,,,,,,,,,,,,,,,,,,,,,,,,,,,,,,,,,
Pizza de peito de peruLight & Elegant congelada - Perdigão®,,,,,,77,,,,,,,,,,,,,,,,,,,,,,,,,,,,,,,,,,,,,,,,,,,
Pizza de presunto comchampignon Apreciatta congelada - Perdigão®,,,,,,77,,,,,,,,,,,,,,,,,,,,,,,,,,,,,,,,,,,,,,,,,,,
"Pizza de presunto, muçarelae champignon congelada - Sadia®",,,,,,77,,,,,,,,,,,,,,,,,,,,,,,,,,,,,,,,,,,,,,,,,,,
Pizza de quatro queijosApreciatta congelada - Perdigão®,,,,,,77,,,,,,,,,,,,,,,,,,,,,,,,,,,,,,,,,,,,,,,,,,,
Pizza de quatro queijoscongelada - Sadia®,,,,,,77,,,,,,,,,,,,,,,,,,,,,,,,,,,,,,,,,,,,,,,,,,,
Pizza marguerita Apreciattacongelada - Perdigão®,,,,,,77,,,,,,,,,,,,,,,,,,,,,,,,,,,,,,,,,,,,,,,,,,,
Pizza meia calabresameia muçarela Apreciatta congelada - Perdigão®,,,,,,77,,,,,,,,,,,,,,,,,,,,,,,,,,,,,,,,,,,,,,,,,,,
Pizza meia muçarela meiaFrango com catupiry Apreciatta congelada - Perdigão(),,,,,,77,,,,,,,,,,,,,,,,,,,,,,,,,,,,,,,,,,,,,,,,,,,
Pizza muzzarela,FARINHAS/FÉCULAS/MASSAS,,,,,77,,,,,,,,,,,,,,,,,,,,,,,,,,,,,,,,,,,,,,,,,,,
Pizza portuguesa,FARINHAS/FÉCULAS/MASSAS,,,,,77,,,,,,,,,,,,,,,,,,,,,,,,,,,,,,,,,,,,,,,,,,,
Pizza portuguesa light,FARINHAS/FÉCULAS/MASSAS,,,,,77,,,,,,,,,,,,,,,,,,,,,,,,,,,,,,,,,,,,,,,,,,,
Pizza presunto,FARINHAS/FÉCULAS/MASSAS,,,,,77,,,,,,,,,,,,,,,,,,,,,,,,,,,,,,,,,,,,,,,,,,,
Pizza pronta light,FARINHAS/FÉCULAS/MASSAS,,,,,77,,,,,,,,,,,,,,,,,,,,,,,,,,,,,,,,,,,,,,,,,,,
Pizza vegetariana congeladaPão de Açúcar®,,,,,,77,,,,,,,,,,,,,,,,,,,,,,,,,,,,,,,,,,,,,,,,,,,
"Pizza, massa, assada",,,,,,77,,,,,,,,,,,,,,,,,,,,,,,,,,,,,,,,,,,,,,,,,,,
"Pizza, muçarela, assada",,,,,,77,,,,,,,,,,,,,,,,,,,,,,,,,,,,,,,,,,,,,,,,,,,
PKU Nutri 2 Concentrated,,,,,,,,,,,,,,,,,,,,,,,,,,,,,,,,,,,,,,,,,,,,,,,,,
PKU Nutri 3 Concentrated,,,,,,,,,,,,,,,,,,,,,,,,,,,,,,,,,,,,,,,,,,,,,,,,,
Polenguinho - Polenghi®,,,,,,,,,,,,,,,,,,,,,,,,,,,,,,,,,,,,,,,,,,,,,,,,,
Polenguinho light - Polenghi®,,,,,,,,,,,,,,,,,,,,,,,,,,,,,,,,,,,,,,,,,,,,,,,,,
Polenta (IBGE),TIPICOS,,,,,,,,,,,,,,,,,,,,,,,,,,,,,,,,,,,,,,,,,,,,,,,,
Polenta (Tucunduva),,,,,,,,,,,,,,,,,,,,,,,,,,,,,,,,,,,,,,,,,,,,,,,,,
Polenta à brasileira,,,,,,,,,,,,,,,,,,,,,,,,,,,,,,,,,,,,,,,,,,,,,,,,,
Polenta básica,,,,,,,,,,,,,,,,,,,,,,,,,,,,,,,,,,,,,,,,,,,,,,,,,
Polenta com dente-de-leão,,,,,,,,,,,,,,,,,,,,,,,,,,,,,,,,,,,,,,,,,,,,,,,,,
Polenta com molho de carne,,,,,,,,,,,,,,,,,,,,,,,,,,,,,,,,,,,,,,,,,,,,,,,,,
Polenta palito congelada -Pratigel®,,,,,,,,,,,,,,,,,,,,,,,,,,,,,,,,,,,,,,,,,,,,,,,,,
Polenta temperada,,,,,,,,,,,,,,,,,,,,,,,,,,,,,,,,,,,,,,,,,,,,,,,,,
"Polenta, pré-cozida",,,,,,,,,,,,,,,,,,,,,,,,,,,,,,,,,,,,,,,,,,,,,,,,,
Polentina com sal - Quaker®,,,,,,,,,,,,,,,,,,,,,,,90,,,,,,,,,,,,,,,,,,,,,,,,,,
Polentina temperada -Quaker®,,,,,,,,,,,,,,,,,,,,,,,90,,,,,,,,,,,,,,,,,,,,,,,,,,
Polpa de abacaxi congelada- Maisa®,,,,,,,,,,,,,,,,,,,,,,,,,,,,,,,,,,,,,,,,,,,,,,,,,
Polpa de açaí congelada -Maisa®,,,,,,100,,10,,,,,,,,,,,,,,,,,,,,,,,,,,,,,,,,,,,,,,,,,
Polpa de açaí e guaranácongelada Açaí Sport - DeMarchi®,,,,,,100,,10,,,,,,,,,,,,,,,,,,,,,,,,,,,,,,,,,,,,,,,,,
Polpa de açaí naturalcongelada - Frooty®,,,,,,100,,10,,,,,,,,,,,,,,,,,,,,,,,,,,,,,,,,,,,,,,,,,
Polpa de acerola congelada -Maisa®,,,,,,,,,,,,,,,,,,,,,,,,,,,,,,,,,,,,,,,,,,,,,,,,,
Polpa de caju congelada -Maisa®,,,,,,,,,,,,,,,,,,,,,,,,,,,,,,,,,,,,,,,,,,,,,,,,,
Polpa de coco,FRUTAS/SUCOS/VITAMINAS,,,,40,,,,,,,,,,,,,,,,,,,,,,,,,,,20,20,,,,,,,,,,,,,,,,
Polpa de cupuaçu congelada- Maisa®,,,,,,,,,,,,,,,,,,,,,,,,,,,,,,,,,,,,,,,,,,,,,,,,,
Polpa de fruta acerola -Maisa®,,,,,,,,,,,,,,,,,,,,,,,,,,,,,,,,,,,,,,,,,,,,,,,,,
Polpa de fruta de açaí -Maisa®,,,,,,100,,10,,,,,,,,,,,,,,,,,,,,,,,,,,,,,,,,,,,,,,,,,
Polpa de goiaba congelada -Ma i sa(C),,,,,,,,,,,,,,,,,,,,,,,,,,,,,,,,,,,,,,,,,,,,,,,,,
Polpa de graviola congelada- Maisa®,,,,,,,,,,,,,,,,,,,,,,,,,,,,,,,,,,,,,,,,,,,,,,,,,
Polpa de manga congelada -Maisa®,,,,,,,,,,,,,,,,,,,,,,,,,,,,,,,,,,,,,,,,,,,,,,,,,
Polpa de maracujá congelada- Maisa®,,,,,,,,,,,,,,,,,,,,,,,,,,,,,,,,,,,,,,,,,,,,,,,,,
Polpa de morango congelada- Maisa®,,,,,,,,,,,,,,,,,,,,,,,,,,,,,,,,,,,,,,,,,,,,,,,,,
Polpa de uva congelada -Maisa®,,,,,,,,,,,,,,,,,,,,,,,,,,,,,,,,,,,,,,,,,,,,,,,,,
Polvilho,,,,,,,,,,,,,,,,,,,,,,,,,,,,,,,,,,,,,,,,,,,,,,,,,
"Polvilho, doce",,,,,,,,,,,,,,,,,,,,,,,,,,,,,,,,,,,,,,,,,,,,,,,,,
Polvo (cozido),,,,,,,,,,,,,,,,,,,,,,,,,,,,,,,,,,,,,,,,,,,,,,,,,
Polvo (cru),,,,,,,,,,,,,,,,,,,,,,,,,,,,,,,,,,,,,,,,,,,,,,,,,
Ponta de agulha (crua) - carnebovina,,,,,,,,,,,,,,,,,,,,,,,,,,,,,,,,,,,,,,,,,,,,,,,,,
Porco no ro I ete,,,,,,,,,,,,,,,,,,,,,,,,,,,,,,,,,,,,,,,,,,,,,,,,,
Porco no tucupi,,,,,,,,,,,,,,,,,,,,,,,,,,,,,,,,,,,,,,,,,,,,,,,,,
"Porco, bisteca, crua",,,,,,,,,,,,,,,,,,,,,,,,,,,,,,,,,,,,,,,,,,,,,,,,,
"Porco, bisteca, frita",,,,,,,,,,,,,,,,,,,,,,,,,,,,,,,,,,,,,,,,,,,,,,,,,
"Porco, bisteca, grelhada",,,,,,,,,,,,,,,,,,,,,,,,,,,,,,,,,,,,,,,,,,,,,,,,,
"Porco, costela, assada",,,,,,,,,,,,,,,,,,,,,,,,,,,,,,,,,,,,,,,,,,,,,,,,,
"Porco, costela, crua",,,,,,,,,,,,,,,,,,,,,,,,,,,,,,,,,,,,,,,,,,,,,,,,,
"Porco, lombo, assado",,,,,,,,,,,,,,,,,,,,,,,,,,,,,,,,,,,,,,,,,,,,,,,,,
"Porco, lombo, cru",,,,,,,,,,,,,,,,,,,,,,,,,,,,,,,,,,,,,,,,,,,,,,,,,
"Porco, orelha, salgada, crua",,,,,,,,,,,,,,,,,,,,,,,,,,,,,,,,,,,,,,,,,,,,,,,,,
"Porco, pernil, assado",,,,,,,,,,,,,,,,,,,,,,,,,,,,,,,,,,,,,,,,,,,,,,,,,
"Porco, pernil, cru",,,,,,,,,,,,,,,,,,,,,,,,,,,,,,,,,,,,,,,,,,,,,,,,,
"Porco, rabo, salgado, cru",,,,,,,,,,,,,,,,,,,,,,,,,,,,,,,,,,,,,,,,,,,,,,,,,
Porquinho (cru),,,,,,,,,,,,,,,,,,,,,,,,,,,,,,,,,,,,,,,,,,,,,,,,,
"Porquinho, cru",,,,,,,,,,,,,,,,,,,,,,,,,,,,,,,,,,,,,,,,,,,,,,,,,
Posta branca cozido(a),,,,,,,,,,,,,,,,,,,,,,,,,,,,,,,,,,,,,,,,,,,,,,,,,
Posta branca frito(a),,,,,,,,,,,,,,,,,,,,,,,,,,,,,,,,,,,,,,,,,,,,,,,,,
Posta branca molho vermelho,,,,,,,,,,,,,,,,,,,,,,,,,,,,,,,,,,,,,,,,,,,,,,,,,
Posta vermelha cozido(a),,,,,,,,,,,,,,,,,,,,,,,,,,,,,,,,,,,,,,,,,,,,,,,,,
Prato de comida brasileiro,,,,,,,,,,,,,,,,,,,,,,,,,,,,,,,,,,,,,,,,,,,,,,,,,
Prato de comida co,,,,,,,,,,,,,,,,,,,,,,,,,,,,,,,,,,,,,,,,,,,,,,,,,
Prato de comida n,,,,,,,,,,,,,,,,,,,,,,,,,,,,,,,,,,,,,,,,,,,,,,,,,
Prato de comida ne,,,,,,,,,,,,,,,,,,,,,,,,,,,,,,,,,,,,,,,,,,,,,,,,,
Prato de comida se,,,,,,,,,,,,,,,,,,,,,,,,,,,,,,,,,,,,,,,,,,,,,,,,,
Prato de comida sul,,,,,,,,,,,,,,,,,,,,,,,,,,,,,,,,,,,,,,,,,,,,,,,,,
Pre Nan - Nestlé®,,,,,,,,,,,,,,,,,,,,,,,,,,,,,,,,,,,,,,,,,,,,,,,,,
"Pre-Action Energy Drink Abacaxi Box, 540G, 20Sachês/27G",,,,,,,,,,,,,,,,,,,,,,,,,,,,,,,,,,,,,,,,,,,,,,,,,
"Pre-Action Energy Drink Maçã E Limão, 540G, 20Sachês/27G",,,,,,,,,,,,,,,,,,,,,,,,,,,,,,,,,,,,,,,,,,,,,,,,,
Pregestimil Premium - MeadJohnson®,,,,,,,,,,,,,,,,,,,,,,,,,,,,,,,,,,,,,,,,,,,,,,,,,
Presuntada,CARNES INDUSTRIALIZADAS,,,,,,,,,,,,,,,,,,,,,,,,,,,,,,,,,,,,,,,,,,,,,,,,
Presuntinho biscoito,FARINHAS/FÉCULAS/MASSAS,,,,,,,,,,,,,,,,,,,,,,,,,,,,,,,,,,,,,,,,,,,,,,,,
Presunto,CARNES INDUSTRIALIZADAS,,,20,,,,,,,,,,,,,,,,,,,,,,,,,,,,,,,,,,,,,,,,,,,,,
Presunto de peru Califórnia -Sadia®,,,,20,,,,,,,,,,,,,,,,,,,,,,,,,,,,,,,,,,,,,,,,,,,,,
Presunto de peru defumadoCalifórnia - Sadia®,,,,20,,,,,,,,,,,,,,,,,,,,,,,,,,,,,,,,,,,,,,,,,,,,,
Presunto de porco,,,,20,,,,,,,,,,,,,,,,,,,,,,,,,,,,,,,,,,,,,,,,,,,,,
"Presunto, c/ capa de gordura, cozido, fatiado",,,,20,,,,,,,,,,,,,,,,,,,,,,,,,,,,,,,,,,,,,,,,,,,,,
"Presunto, com capa de gordura",,,,20,,,,,,,,,,,,,,,,,,,,,,,,,,,,,,,,,,,,,,,,,,,,,
"Presunto, lanche, Presunto, ""Wilson""",,,,20,,,,,,,,,,,,,,,,,,,,,,,,,,,,,,,,,,,,,,,,,,,,,
"Presunto, peru, lanche",,,,20,,,,,,,,,,,,,,,,,,,,,,,,,,,,,,,,,,,,,,,,,,,,,
"Presunto, porco, c/ capa de gordura (média de diferentes amostras)",,,,20,,,,,,,,,,,,,,,,,,,,,,,,,,,,,,,,,,,,,,,,,,,,,
"Presunto, porco, lanche, cozido (média de diferentes amostras)",,,,20,,,,,,,,,,,,,,,,,,,,,,,,,,,,,,,,,,,,,,,,,,,,,
"Presunto, porco, s/ capa de gordura (média de diferentes amostras)",,,,20,,,,,,,,,,,,,,,,,,,,,,,,,,,,,,,,,,,,,,,,,,,,,
"Presunto, Presunto, cozido, ""Seara""",,,,20,,,,,,,,,,,,,,,,,,,,,,,,,,,,,,,,,,,,,,,,,,,,,
"Presunto, s/ capa de gordura, fatiado",,,,20,,,,,,,,,,,,,,,,,,,,,,,,,,,,,,,,,,,,,,,,,,,,,
"Presunto, sem capa de gordura",,,,20,,,,,,,,,,,,,,,,,,,,,,,,,,,,,,,,,,,,,,,,,,,,,
Proteína de soja,LEGUMINOSAS,,,,,,48,24,48,,,,,,,,,,,,,,,,,,,,,,,,,,,,,,,,,,,,,,,,
Proteína de soja orgânica,LEGUMINOSAS,,,,,,48,24,48,,,,,,,,,,,,,,,,,,,,,,,,,,,,,,,,,,,,,,,,
Proteína texturizada de soja,,,,,,,,,,,,,,,,,,,,,,,,,,,,,,,,,,,,,,,,,,,,,,,,,
Proteína vegetal,,,,,,,,,,,,,,,,,,,,,,,,,,,,,,,,,,,,,,,,,,,,,,,,,
Puba de fuba,,,,,,,,,,,,,,,,,,,,,,,,,,,,,,,,,,,,,,,,,,,,,,,,,
Puba de milho,FARINHAS/FÉCULAS/MASSAS,,,60,,,,,,,,,,,,,,,,,,,,,,,,,,,,,,,,,,,,,,,,,,,,,
Pudim danette light,,,,,,,,,,,,,,,,,,,,,,,,,,,,,,,,,,,,,,,,,,,,,,,,,
Pudim de açaí,,,,,,,,,,,,,,,,,,,,,,,,,,,,,,,,,,,,,,,,,,,,,,,,,
Pudim de bacuri,,,,,,,,,,,,,,,,,,,,,,,,,,,,,,,,,,,,,,,,,,,,,,,,,
Pudim de chocolate - Royal®*,,,,,,,,,,,,,,,,,,,,,,,,,,,,,,,,,,,,,,,,,,,,,,,,,
Pudim de claras,,,,,,,,,,,,,,,,,,,,,,,,,,,,,,,,,,,,,,,,,,,,,,,,,
Pudim de coco - Royale*,,,,,,,,,,,,,,,,,,,,,,,,,,,,,,,,,,,,,,,,,,,,,,,,,
Pudim de coco diet - Royal® (com leite integral)*Pudim de leite condensado,,,,,,,,,,,,,,,,,,,,,,,,,,,,,,,,,,,,,,,,,,,,,,,,,
Pudim de coco diet - Royal®(com leite desnatado)*,,,,,,,,,,,,,,,,,,,,,,,,,,,,,,,,,,,,,,,,,,,,,,,,,
Pudim de leite condensado,,,,,,,,,,,,,,,,,,,,,,,,,,,,,,,,,,,,,,,,,,,,,,,,,
Pudim de leite Moça -Nestlé®,,,,,,,,,,,,,,,,,,,,,,,,,,,,,,,,,,,,,,,,,,,,,,,,,
Pudim de morango - Royale*,,,,,,,,,,,,,,,,,,,,,,,,,,,,,,,,,,,,,,,,,,,,,,,,,
Pudim de qualquer sabor,,,,,,,,,,,,,,,,,,,,,,,,,,,,,,,,,,,,,,,,,,,,,,,,,
Pudim de qualquer sabor diet,,,,,,,,,,,,,,,,,,,,,,,,,,,,,,,,,,,,,,,,,,,,,,,,,
Pudim de qualquer sabor light,,,,,,,,,,,,,,,,,,,,,,,,,,,,,,,,,,,,,,,,,,,,,,,,,
Pudim de tapioca,,,,,,,,,,,,,,,,,,,,,,,,,,,,,,,,,,,,,,,,,,,,,,,,,
"Pudim, baunilha, mistura p/, ""Ducoco""",,,,,,,,,,,,,,,,,,,,,,,,,,,,,,,,,,,,,,,,,,,,,,,,,
"Pudim, baunilha, mistura p/, ""Oetker""",,,,,,,,11,,,,,,,,,,,,,,,,,,,,,,,,,,,,,,,,,,,,,,,,,
"Pudim, baunilha, mistura p/, (média diferentes marcas)",,,,,,,,,,,,,,,,,,,,,,,,,,,,,,,,,,,,,,,,,,,,,,,,,
"Pudim, baunilha, mistura p/, diet",,,,,,,,,,,,,,,,,,,,,,,,,,,,,,,,,,,,,,,,,,,,,,,,,
"Pudim, baunilha, pó, preparado, ""Oetker""",,,,,,,,11,,,,,,,,,,,,,,,,,,,,,,,,,,,,,,,,,,,,,,,,,
"Pudim, brigadeirão, c/ chcolate granulado, mistura p/, ""Ducoco""",,,,,,,,,,,,,,,,,,,,,,,,,,,,,,,,,,,,,,,,,,,,,,,,,
"Pudim, caramelo, mistura p/, ""Oetker"" (TBCA)",,,,,,,,11,,,,,,,,,,,,,,,,,,,,,,,,,,,,,,,,,,,,,,,,,
"Pudim, caramelo, mistura p/, ""Oetker"" (TBCA)",,,,,,,,11,,,,,,,,,,,,,,,,,,,,,,,,,,,,,,,,,,,,,,,,,
"Pudim, caramelo, mistura p/, diet, ""Ducoco""",,,,,,,,,,,,,,,,,,,,,,,,,,,,,,,,,,,,,,,,,,,,,,,,,
"Pudim, caramelo, pó, preparado, ""Oetker""",,,,,,,,11,,,,,,,,,,,,,,,,,,,,,,,,,,,,,,,,,,,,,,,,,
"Pudim, chocolate c/ coco, mistura p/, ""Ducoco""",,,,,,,,,,,,,,,,,,,,,,,,,,,,,,,,,,,,,,,,,,,,,,,,,
"Pudim, chocolate, mistura p/, ""Oetker""",,,,,,,,11,,,,,,,,,,,,,,,,,,,,,,,,,,,,,,,,,,,,,,,,,
"Pudim, chocolate, mistura p/, diet, ""Ducoco""",,,,,,,,,,,,,,,,,,,,,,,,,,,,,,,,,,,,,,,,,,,,,,,,,
"Pudim, chocolate, mistura p/, diet, ""Oetker""",,,,,,,,11,,,,,,,,,,,,,,,,,,,,,,,,,,,,,,,,,,,,,,,,,
"Pudim, chocolate, pó, preparado, ""Oetker""",,,,,,,,11,,,,,,,,,,,,,,,,,,,,,,,,,,,,,,,,,,,,,,,,,
"Pudim, coco, mistura p/, ""Ducoco""",,,,,,,,,,,,,,,,,,,,,,,,,,,,,,,,,,,,,,,,,,,,,,,,,
"Pudim, coco, mistura p/, ""Oetker""",,,,,,,,11,,,,,,,,,,,,,,,,,,,,,,,,,,,,,,,,,,,,,,,,,
"Pudim, coco, mistura p/, diet, ""Ducoco""",,,,,,,,,,,,,,,,,,,,,,,,,,,,,,,,,,,,,,,,,,,,,,,,,
"Pudim, coco, pó, preparado, ""Oetker""",,,,,,,,11,,,,,,,,,,,,,,,,,,,,,,,,,,,,,,,,,,,,,,,,,
"Pudim, leite c/ calda de caramelo, pó, preparado, ""Oetker""",,,,,,,,11,,,,,,,,,,,,,,,,,,,,,,,,,,,,,,,,,,,,,,,,,
"pudim, leite, c/ calda caramelo, mistura p/, ""Oetker""",,,,,,,,11,,,,,,,,,,,,,,,,,,,,,,,,,,,,,,,,,,,,,,,,,
"pudim, leite, mistura p/, ""Ducoco""",,,,,,,,,,,,,,,,,,,,,,,,,,,,,,,,,,,,,,,,,,,,,,,,,
"Pudim, mistura p/ (média diferentes marcas)",,,,,,,,,,,,,,,,,,,,,,,,,,,,,,,,,,,,,,,,,,,,,,,,,
"Pudim, mistura p/, diet (média diferentes sabores)",,,,,,,,,,,,,,,,,,,,,,,,,,,,,,,,,,,,,,,,,,,,,,,,,
"pudim, morango, mistura p/, ""Oetker""",,,,,,,,11,,,,,,,,,,,,,,,,,,,,,,,,,,,,,,,,,,,,,,,,,
"Pudim, morango, pó, preparado, ""Oetker""",,,,,,,,11,,,,,,,,,,,,,,,,,,,,,,,,,,,,,,,,,,,,,,,,,
"Pudim, pó, mistura p/, (média diferentes sabores)",,,,,,,,,,,,,,,,,,,,,,,,,,,,,,,,,,,,,,,,,,,,,,,,,
"Pudim, pó, preparado, (média diferentes sabores)",,,,,,,,,,,,,,,,,,,,,,,,,,,,,,,,,,,,,,,,,,,,,,,,,
Pupunha (IBGE),FRUTAS/SUCOS/VITAMINAS,,,,,,,,,,,,,,,,,,,,,,,,,,,,,,,,,,,,,,,,,,,,,,,,
Pupunha (Tucunduva),,,,,,,,,,,,,,,,,,,,,,,,,,,,,,,,,,,,,,,,,,,,,,,,,
Pupunha (cozida),,,,,,,,,,,,,,,,,,,,,,,,,,,,,,,,,,,,,,,,,,,,,,,,,
"Pupunha, cozida",,,,,,,,,,,,,,,,,,,,,,,,,,,,,,,,,,,,,,,,,,,,,,,,,
"Pupunha, fruto, cozido, Bactris gasipaes",,,,,,,,,,,,,,,,,,,,,,,,,,,,,,,,,,,,,,,,,,,,,,,,,
Purê de abóbora ou jerimum,,,,,,,,,,,,,,,,,,,,,,,,,,,,,,,,,,,,,,,,,,,,,,,,,
Pure de batata,,,,,,,,,,,,,,,,,,,,,,,,,,,,,,,,,,,,,,,,,,,,,,,,,
Purê de batatas,,,,,,,,,,,,,,,,,,,,,,,,,,,,,,,,,,,,,,,,,,,,,,,,,
Purity 69A - Lorenal®,,,,,,,,,,,,,,,,,,,,,,,,,,,,,,,,,,,,,,,,,,,,,,,,,
Pururuca de porco,,,,,,,,,,,,,,,,,,,,,,,,,,,,,,,,,,,,,,,,,,,,,,,,,
Qrefresko,,,,,,,,,,,,,,,,,,,,,,,,,,,,,,,,,,,,,,,,,,,,,,,,,
Qrefresko light,,,,,,,,,,,,,,,,,,,,,,,,,,,,,,,,,,,,,,,,,,,,,,,,,
Qsuco,,,,,,,,,,,,,,150,240,300,,,,,,,,,,,,,,300,,,,,200,300,,,,,,,,,,,,,
Qsuco diet,,,,,,,,,,,,,,150,240,300,,,,,,,,,,,,,,300,,,,,200,300,,,,,,,,,,,,,
Qsuco light,,,,,,,,,,,,,,150,240,300,,,,,,,,,,,,,,300,,,,,200,300,,,,,,,,,,,,,
"Quantum Leap, 269Ml, Ginger Lemon",,,,,,,,,,,,,,,,,,,,,,,,,,,,,,,,,,,,,,,,,,,,,,,,,
Quarteirão com queijo - McDonald'se,,,,,,,,,,,,,,,,,,,,,,,,,,,,,,,,,,,,,,,,,,,,,,,,,
Quarto suíno cozido(a),,,,,,,,,,,,,,,,,,,,,,,,,,,,,,,,,,,,,,,,,,,,,,,,,
Quebra quebra,,,,,,,,,,,,,,,,,,,,,,,,,,,,,,,,,,,,,,,,,,,,,,,,,
Quebra queixo,,,,,,,,,,,,,,,,,,,,,,,,,,,,,,,,,,,,,,,,,,,,,,,,,
Quechimia,,,,,,,,,,,,,,,,,,,,,,,,,,,,,,,,,,,,,,,,,,,,,,,,,
Queijadinha (IBGE),,,,,,,,,,,,,,,,,,,,,,,,,,,,,,,,,,,,,,,,,,,,,,,,,
Queijadinha (Tucunduva),,,,,,,,,,,,,,,,,,,,,,,,,,,,,,,,,,,,,,,,,,,,,,,,,
Queijo brie,,,,,,,,,,,,,,,,,,,,,,,,,,,,,,,,,,,,,,,,,,,,,,,,,
Queijo camembert,,,,,,,,,,,,,,,,,,,,,,,,,,,,,,,,,,,,,,,,,,,,,,,,,
Queijo canastra,LATICINIOS,,,45,,,,,,,,,,,,,,,,,,,,,,,,,,,,,,,,,,,,,,,,,,,,,
Queijo cheddar,,,,15,,,,,,,,,,,,,,,,,,,,,,,,,,,,,,,,,,,,,,,,,,,,,
Queijo colonial,LATICINIOS,,,45,,,,,,,,,,,,,,,,,,,,,,,,,,,,,,,,,,,,,,,,,,,,,
Queijo cottage - Lacreme@,,,,,,,,25,,,,,,,,,,,,,,,,,,,,,,,,,,,,,,,,,,,,,,,,,
Queijo cottage (1% gordura),,,,,,,,25,,,,,,,,,,,,,,,,,,,,,,,,,,,,,,,,,,,,,,,,,
Queijo cream cheese -Danúbio®,,,,,,,,30,,,,,,,,,,,,,,,,,,,,,,,,,,,,,,,,,,,,,,,,,
Queijo cremoso,LATICINIOS,,,,,,,30,,,,,,,,,,,,,,,,,,,,,,,,,,,,,,,,,,,,,,,,,
Queijo de bufalo,LATICINIOS,,,,20,,,,,,,,,,,,,,,,,,,,,,,,,,,,,,,,,,,,,,,,,,,,
Queijo de coalho,LATICINIOS,,,45,100,,,,,,,,,,,,,,,,,,,,,,,,,,,,,,,,,,,,,,,,,,,,
Queijo de coalho frescal orgânico,LATICINIOS,,,45,100,,,,,,,,,,,,,,,,,,,,,,,,,,,,,,,,,,,,,,,,,,,,
Queijo de coalho light,LATICINIOS,,,45,100,50,,,,,,,,,,,,,,,,,,,,,,,,,,,,,,,,,,,,,,,,,,,
Queijo de colonia,LATICINIOS,,,45,,,,,,,,,,,,,,,,,,,,,,,,,,,,,,,,,,,,,,,,,,,,,
Queijo de manteiga,LATICINIOS,,,45,,,,,,,,,,,,,,,,,,,,,,,,,,,,,,,,,,,,,,,,,,,,,
Queijo de minas,LATICINIOS,,,45,,,,,,,,,,,,,,,,,,,,,,,,,,,,,,,,,,,,,,,,,,,,,
Queijo de minas frescal orgânico,LATICINIOS,,,45,,,,,,,,,,,,,,,,,,,,,,,,,,,,,,,,,,,,,,,,,,,,,
Queijo de minas light,LATICINIOS,,,45,,,,,,,,,,,,,,,,,,,,,,,,,,,,,,,,,,,,,,,,,,,,,
Queijo de reino,LATICINIOS,,,45,,,,,,,,,,,,,,,,,,,,,,,,,,,,,,,,,,,,,,,,,,,,,
Queijo ementai - Polenghi0,,,,,,,,,,,,,,,,,,,,,,,,,,,,,,,,,,,,,,,,,,,,,,,,,
Queijo frescal light -Danúbio@,,,,,,,,,,,,,,,,,,,,,,,,,,,,,,,,,,,,,,,,,,,,,,,,,
Queijo frescal tradicional -Danúbio@,,,,,,,,,,,,,,,,,,,,,,,,,,,,,,,,,,,,,,,,,,,,,,,,,
Queijo fundido,,,,,,,,,,,,,,,,,,,,,,,,,,,,,,,,,,,,,,,,,,,,,,,,,
Queijo gorgonzola,LATICINIOS,,,38,,,,,,,,,,,,,,,,,,,,,,,,,,,,,,,,,,,,,,,,,,,,,
Queijo gouda,,,,,,,,,,,,,,,,,,,,,,,,,,,,,,,,,,,,,,,,,,,,,,,,,
Queijo gruyère,,,,,,,,,,,,,,,,,,,,,,,,,,,,,,,,,,,,,,,,,,,,,,,,,
Queijo minas,,,,45,,,,,,,,,,,,,,,,,,,,,,,,,,,,,,,,,,,,,,,,,,,,,
Queijo minas frescal,,,,45,,,,,,,,,,,,,,,,,,,,,,,,,,,,,,,,,,,,,,,,,,,,,
Queijo muçarela,,,,20,,45,,,,,,,,,,,,,,,,,,,,,,,,,,,,,,,,,,,,,,,,,,,
Queijo muçarela com leite debúfala -Valle d'Oro®,,,,20,,45,,,,,,,,,,,,,,,,,,,,,,,,,,,,,,,,,,,,,,,,,,,
Queijo mussarela light,LATICINIOS,,,20,,45,,,,,,,,,,,,,,,,,,,,,,,,,,,,,,,,,,,,,,,,,,,
Queijo muzarella,LATICINIOS,,,20,,45,,,,,,,,,,,,,,,,,,,,,,,,,,,,,,,,,,,,,,,,,,,
Queijo não especificado,LATICINIOS,,,20,,45,,,,,,,,,,,,,,,,,,,,,,,,,,,,,,,,,,,,,,,,,,,
Queijo não especificado light,LATICINIOS,,,20,,45,,,,,,,,,,,,,,,,,,,,,,,,,,,,,,,,,,,,,,,,,,,
Queijo parmesão,,,,30,,,,,,,,,,,,,,,,,,,,,,,,,,,,,,,,,,,,,,,,,,,,,
Queijo parmesão - Quatá0,,,,30,,,,,,,,,,,,,,,,,,,,,,,,,,,,,,,,,,,,,,,,,,,,,
Queijo parmesão ralado,,,,,,,,,,,,,,,,,,,,,,,,,,,,,,,,,,,,,,,,,,,,,,,,,
Queijo parmesão ralado -Keijobon®,,,,,,,,,,,,,,,,,,,,,,,,,,,,,,,,,,,,,,,,,,,,,,,,,
Queijo parmesão ralado -Vigor®,,,,,,,,30,,,,,,,,,,,,,,,,,,,,,,,,,,,,,,,,,,,,,,,,,
Queijo pasteurizadoemmental - Catari®,,,,,,,,,,,,,,,,,,,,,,,,,,,,,,,,,,,,,,,,,,,,,,,,,
Queijo polenguinho,LATICINIOS,,,,,,,,,,,,,,,,,,,,,,,,,,,,,20,,,,,,,,,,,,,,,,,,,
Queijo polenguinho light,LATICINIOS,,,,,,,,,,,,,,,,,,,,,,,,,,,,,20,,,,,,,,,,,,,,,,,,,
Queijo port salut,,,,,,,,,,,,,,,,,,,,,,,,,,,,,,,,,,,,,,,,,,,,,,,,,
Queijo prato (IBGE),LATICINIOS,,,15,,30,,,,,,,,,,,,,,,,,,,,,,,,,,,,,,,,,,,,,,,,,,,
Queijo prato (Tucunduva),,,,15,,30,,,,,,,,,,,,,,,,,,,,,,,,,,,,,,,,,,,,,,,,,,,
Queijo prato - Polenghi®,,,,15,,30,,,,,,,,,,,,,,,,,,,,,,,,,,,,,,,,,,,,,,,,,,,
Queijo prato light,LATICINIOS,,,15,,30,,,,,,,,,,,,,,,,,,,,,,,,,,,,,,,,,,,,,,,,,,,
Queijo prato processado emfatias - Barateiro®,,,,15,,30,,,,,,,,,,,,,,,,,,,,,,,,,,,,,,,,,,,,,,,,,,,
Queijo provolone (IBGE),LATICINIOS,,,25,,,,,,,,,,,,,,,,,,,,,,,,,,,,,,,,,,,,,,,,,,,,,
Queijo provolone (Tucunduva),,,,25,,,,,,,,,,,,,,,,,,,,,,,,,,,,,,,,,,,,,,,,,,,,,
Queijo ralado,LATICINIOS,,,,,30,30,15,,,4,2,8,74,,,,,,,,,,,,,,,,,,,,,,,,,,,,,,,,,,,
Queijo ralado light,LATICINIOS,,,,,30,30,15,,,4,2,8,74,,,,,,,,,,,,,,,,,,,,,,,,,,,,,,,,,,,
Queijo ricota,LATICINIOS,,,35,,100,,44,,,,,,,,,,,,,,,,,,,,,,,,,,,,,,,,,,,,,,,,,
Queijo ricota light,LATICINIOS,,,35,,100,,44,,,,,,,,,,,,,,,,,,,,,,,,,,,,,,,,,,,,,,,,,
Queijo roquefort,,,,,,,,,,,,,,,,,,,,,,,,,,,,,,,,,,,,,,,,,,,,,,,,,
Queijo suíço,,,,,,,,,,,,,,,,,,,,,,,,,,,,,,,,,,,,,,,,,,,,,,,,,
Queijo tilsit com kümmel,,,,,,,,,,,,,,,,,,,,,,,,,,,,,,,,,,,,,,,,,,,,,,,,,
"Queijo, coalho",,,,30,,,,,,,,,,,,,,,,,,,,,,,,,,,,,,,,,,,,,,,,,,,,,
"Queijo, fundido, fundido",,,,,,,,,,,,,,,,,,,,,,,,,,,,,,,,,,,,,,,,,,,,,,,,,
"Queijo, leite de vaca e búfala, muçarela",,,,45,,,,,,,,,,,,,,,,,,,,,,,,,,,,,,,,,,,,,,,,,,,,,
"Queijo, minas, frescal (TACO)",,,,45,,,,,,,,,,,,,,,,,,,,,,,,,,,,,,,,,,,,,,,,,,,,,
"Queijo, minas, frescal (TBCA)",,,,45,,,,,,,,,,,,,,,,,,,,,,,,,,,,,,,,,,,,,,,,,,,,,
"Queijo, minas, frescal, light",,,,45,,,,,,,,,,,,,,,,,,,,,,,,,,,,,,,,,,,,,,,,,,,,,
"Queijo, minas, frescal, light, ""Danúbio""",,,,45,,,,,,,,,,,,,,,,,,,,,,,,,,,,,,,,,,,,,,,,,,,,,
"Queijo, minas, meia cura",,,,45,,,,,,,,,,,,,,,,,,,,,,,,,,,,,,,,,,,,,,,,,,,,,
"Queijo, minas, padrão (média de diferentes amostras)",,,,45,,,,,,,,,,,,,,,,,,,,,,,,,,,,,,,,,,,,,,,,,,,,,
"Queijo, minas, padrão, ""Teixeira""",,,,45,,,,,,,,,,,,,,,,,,,,,,,,,,,,,,,,,,,,,,,,,,,,,
"Queijo, minas, padrão, light, ""Teixeira""",,,,45,,,,,,,,,,,,,,,,,,,,,,,,,,,,,,,,,,,,,,,,,,,,,
"Queijo, minas, padrão, zero% gordura",,,,45,,,,,,,,,,,,,,,,,,,,,,,,,,,,,,,,,,,,,,,,,,,,,
"Queijo, minas, tipo parmesão",,,,45,,,,,,,,,,,,,,,,,,,,,,,,,,,,,,,,,,,,,,,,,,,,,
"Queijo, mozarela",,,,20,,,,,,,,,,,,,,,,,,,,,,,,,,,,,,,,,,,,,,,,,,,,,
"Queijo, muçarela (média de diferentes amostras)",,,,20,,,,,,,,,,,,,,,,,,,,,,,,,,,,,,,,,,,,,,,,,,,,,
"Queijo, parmesão",,,,20,,,,,,,,,,,,,,,,,,,,,,,,,,,,,,,,,,,,,,,,,,,,,
"Queijo, parmesão, ralado, ""Teixeira""",,,,,,,,,,,,,,,,,,,,,,,,,,,,,,,,,,,,,,,,,,,,,,,,,
"Queijo, pasteurizado",,,,20,,,,,,,,,,,,,,,,,,,,,,,,,,,,,,,,,,,,,,,,,,,,,
"Queijo, pasteurizado (média de diferentes amostras)",,,,20,,,,,,,,,,,,,,,,,,,,,,,,,,,,,,,,,,,,,,,,,,,,,
"Queijo, pasteurizado, ""Polenguinho""",,,,,,,,,,,,,,,,,,,,,,,,,,,,,,,,,,,,,,,,,,,,,,,,,
"Queijo, petit suisse",,,,,,,,,,,,,,,,,,,,,,,,,,,,,,,,,,,,,,,,,,,,,,,,,
"Queijo, petit suisse, morango",,,,,,,,,,,,,,,,,,,,,,,,,,,,,,,,,,,,,,,,,,,,,,,,,
"Queijo, prato (TACO)",,,,15,,30,,,,,,,,,,,,,,,,,,,,,,,,,,,,,,,,,,,,,,,,,,,
"Queijo, prato (TBCA)",,,,15,,30,,,,,,,,,,,,,,,,,,,,,,,,,,,,,,,,,,,,,,,,,,,
"Queijo, provolone",,,,25,,,,,,,,,,,,,,,,,,,,,,,,,,,,,,,,,,,,,,,,,,,,,
"Queijo, requeijão (média de diferentes amostras)",,,,,,,,,,,,,,,,,,,,,,,,,,,,,,,,,,,,,,,,,,,,,,,,,
"Queijo, requeijao do norte",,,,,,,,,,,,,,,,,,,,,,,,,,,,,,,,,,,,,,,,,,,,,,,,,
"Queijo, requeijão, ""Danúbio""",,,,,,,,,,,,,,,,,,,,,,,,,,,,,,,,,,,,,,,,,,,,,,,,,
"Queijo, requeijão, ""Vigor""",,,,,,,,,,,,,,,,,,,,,,,,,,,,,,,,,,,,,,,,,,,,,,,,,
"Queijo, requeijão, cremoso",,,,,,,,30,,,,,,,,,,,,,,,,,,,,,,,,,,,,,,,,,,,,,,,,,
"Queijo, requeijão, light, ""Danúbio""",,,,,,,,,,,,,,,,,,,,,,,,,,,,,,,,,,,,,,,,,,,,,,,,,
"Queijo, requeijão, zero % gordura, ""Danúbio""",,,,,,,,,,,,,,,,,,,,,,,,,,,,,,,,,,,,,,,,,,,,,,,,,
"Queijo, ricota (TACO)",,,,35,,100,,44,,,,,,,,,,,,,,,,,,,,,,,,,,,,,,,,,,,,,,,,,
"Queijo, ricota (TBCA)",,,,35,,100,,44,,,,,,,,,,,,,,,,,,,,,,,,,,,,,,,,,,,,,,,,,
"Queijo, tilst",,,,,,,,,,,,,,,,,,,,,,,,,,,,,,,,,,,,,,,,,,,,,,,,,
Quentão,,,,,,,,,,,,,,,,,,,,,,,,,,,,,,,,,,,,,,,,,,,,,,,,,
Quiabo (IBGE),VERDURAS,,,5,5,,80,40,160,,,,,,,,,,,,,,,,,,,,,18,,,,,,,,,,,,,,,,,,,
Quiabo (Tucunduva),,,,5,5,,80,40,160,,,,,,,,,,,,,,,,,,,,,18,,,,,,,,,,,,,,,,,,,
Quiabo  cozido(a),VERDURAS,,,5,5,,80,40,160,,,,,,,,,,,,,,,,,,,,,18,,,,,,,,,,,,,,,,,,,
Quiabo  empanado(a)/a milanesa,VERDURAS,,,,,,,40,,,,,,,,,,,,,,,,,,,,,,,,,,,,,,,,,,,,,,,,,
Quiabo  ensopado,VERDURAS,,,5,5,,80,40,160,,,,,,,,,,,,,,,,,,,,,18,,,,,,,,,,,,,,,,,,,
Quiabo  frito(a),VERDURAS,,,5,5,,80,40,160,,,,,,,,,,,,,,,,,,,,,18,,,,,,,,,,,,,,,,,,,
Quiabo  refogado(a),VERDURAS,,,5,5,,80,40,160,,,,,,,,,,,,,,,,,,,,,18,,,,,,,,,,,,,,,,,,,
Quiabo cru(a),VERDURAS,,,5,5,,80,40,160,,,,,,,,,,,,,,,,,,,,,18,,,,,,,,,,,,,,,,,,,
"Quiabo, cru",,,,5,5,,80,40,160,,,,,,,,,,,,,,,,,,,,,18,,,,,,,,,,,,,,,,,,,
Quibe,SALGADOS,,,,,,,,,,,,,,,,,,,,,,,,,,,,,,,,,,,,,,,,,,,,,,,,
Quibe assado,,,,,,,,,,,,,,,,,,,,,,,,,,,,,,,,,,,,,,,,,,,,,,,,,
Quibe de berinjela,,,,,,,,,,,,,,,,,,,,,,,,,,,,,,,,,,,,,,,,,,,,,,,,,
"Quibe, assado",,,,,,,,,,,,,,,,,,,,,,,,,,,,,,,,,,,,,,,,,,,,,,,,,
"Quibe, cru",,,,,,,,,,,,,,,,,,,,,,,,,,,,,,,,,,,,,,,,,,,,,,,,,
"Quibe, cru, s/ sal",,,,,,,,,,,,,,,,,,,,,,,,,,,,,,,,,,,,,,,,,,,,,,,,,
"Quibe, frito",,,,,,,,,,,,,,,,,,,,,,,,,,,,,,,,,,,,,,,,,,,,,,,,,
"Quibe, s/ sal, sal frito, frito",,,,,,,,,,,,,,,,,,,,,,,,,,,,,,,,,,,,,,,,,,,,,,,,,
"Quibe, s/ sal, salassado, assado",,,,,,,,,,,,,,,,,,,,,,,,,,,,,,,,,,,,,,,,,,,,,,,,,
"Quibe, soja, mini",,,,,,,,,,,,,,,,,,,,,,,,,,,,,,,,,,,,,,,,,,,,,,,,,
Quibebe (IBGE),SALGADOS,,,,,,,,,,,,,,,,,,,,,,,,,,,,,,,,,,,,,,,,,,,,,,,,
Quibebe (TACO),,,,,,,,,,,,,,,,,,,,,,,,,,,,,,,,,,,,,,,,,,,,,,,,,
Quicare,,,,,,,,,,,,,,,,,,,,,,,,,,,,,,,,,,,,,,,,,,,,,,,,,
Quiche,,,,,,,,,,,,,,,,,,,,,,,,,,,,,,,,,,,,,,,,,,,,,,,,,
Quiche de cebola congelada - Pão de Açúcar®,,,,40,,,,,,,,,,,,,,,,,,,,,,,,,,,,,,,,,,,,,,,,,,,,,
Quiche de frango congelada - Melhor Bocado®,,,,,,,,,,,,,,,,,,,,,,,,,,,,,,,,,,,,,,,,,,,,,,,,,
Quiche de tomate seco congelada - Melhor Bocado®,,,,,,,,,,,,,,,,,,,,,,,,,,,,,,,,,,,,,,,,,,,,,,,,,
Quiche de tomate seco congelada - Pão de Açúcar®,,,,40,,,,,,,,,,,,,,,,,,,,,,,,,,,,,,,,,,,,,,,,,,,,,
Quiche lorraine congelada - Melhor Bocado®,,,,,,,,,,,,,,,,,,,,,,,,,,,,,,,,,,,,,,,,,,,,,,,,,
Quindim (IBGE),,,,,,,,,,,,,,,,,,,,,,,,,,,,,,,,,,,,,,,,,,,,,,,,,
Quindim (TACO),,,,,,,,,,,,,,,,,,,,,,,,,,,,,,,,,,,,,,,,,,,,,,,,,
Quindim (TBCA),,,,,,,,,,,,,,,,,,,,,,,,,,,,,,,,,,,,,,,,,,,,,,,,,
Quindim ,,,,,,,,,,,,,,,,,,,,,,,,,,,,,,,,,,,,,,,,,,,,,,,,,
Quinoa,,,,,,,,,,,,,,,,,,,,,,,,,,,,,,,,,,,,,,,,,,,,,,,,,
"Quinoa, cozida, Chenopodium quinoa",,,,,,,,,,,,,,,,,,,,,,,,,,,,,,,,,,,,,,,,,,,,,,,,,
"Quinoa, crua, Chenopodium quinoa",,,,,,,,,,,,,,,,,,,,,,,,,,,,,,,,,,,,,,,,,,,,,,,,,
Quirera lapiana ,,,,,,,,,,,,,,,,,,,,,,,,,,,,,,,,,,,,,,,,,,,,,,,,,
Quirera não especificada,,,,,,,,,,,,,,,,,,,,,,,,,,,,,,,,,,,,,,,,,,,,,,,,,
Rã (cozida) ,,,,,,,,,,,,,,,,,,,,,,,,,,,,,,,,,,,,,,,,,,,,,,,,,
Rã (crua) ,,,,,,,,,,,,,,,,,,,,,,,,,,,,,,,,,,,,,,,,,,,,,,,,,
Rabada de boi,,,,,,,,,,,,,,,,,,,,,,,,,,,,,,,,,,,,,,,,,,,,,,,,,
Rabanada,,,,,,,,,,,,,,,,,,,,,,,,,,,,,,,,,,,,,,,,,,,,,,,,,
Rabanete (cru) ,,,,,,90,,11,,,,,,,,,11,,,,,,,,,,,,,25,,,,,,,,,,,,,,,,,,,
Rabanete (folha) ,,,,,,90,,11,,,,,,,,,11,,,,,,,,,,,,,25,,,,,,,,,,,,,,,,,,,
Rabanete ao vinagrete,,,,,,90,,11,,,,,,,,,11,,,,,,,,,,,,,25,,,,,,,,,,,,,,,,,,,
Rabanete cozido(a),,,,,,90,,11,,,,,,,,,11,,,,,,,,,,,,,25,,,,,,,,,,,,,,,,,,,
Rabanete cru(a),,,,,,90,,11,,,,,,,,,11,,,,,,,,,,,,,25,,,,,,,,,,,,,,,,,,,
"Rabanete, cru",,,,,,90,,11,,,,,,,,,11,,,,,,,,,,,,,25,,,,,,,,,,,,,,,,,,,
Rabo de porco (cozido) ,,,,,,,,,,,,,,,,,,,,,,,,,,,,,,,,,,,,,,,,,,,,,,,,,
"Radiance Berries + White Chocolate Box, 8Barras/70G",,,,,,,,,,,,,,,,,,,,,,,,,,,,,,,,,,,,,,,,,,,,,,,,,
"Radiance Berries + White Chocolate, 70G",,,,,,,,,,,,,,,,,,,,,,,,,,,,,,,,,,,,,,,,,,,,,,,,,
"Radiance Gourmet Chocolate Box, 560G, 8Barras/70G",,,,,,,,,,,,,,,,,,,,,,,,,,,,,,,,,,,,,,,,,,,,,,,,,
"Radiance Gourmet Chocolate, 70G",,,,,,,,,,,,,,,,,,,,,,,,,,,,,,,,,,,,,,,,,,,,,,,,,
"Radiance Nibs De Cacao Box, 560G, 8Unid/70G",,,,,,,,,,,,,,,,,,,,,,,,,,,,,,,,,,,,,,,,,,,,,,,,,
"Radiance Nibs De Cacao, Barra 70G",,,,,,,,,,,,,,,,,,,,,,,,,,,,,,,,,,,,,,,,,,,,,,,,,
Radite ao vinagrete,,,,,,42,,,,,,,,,,,,,,,,,,,,,,,,,,,,,,,12,,,,,,,,,,,,
Radite cru(a),,,,,,42,,,,,,,,,,,,,,,,,,,,,,,,,,,,,,,12,,,,,,,,,,,,
Radite refogado(a),,,,,,42,,,,,,,,,,,,,,,,,,,,,,,,,,,,,,,12,,,,,,,,,,,,
Rapadura (IBGE),AÇUCARES/CONFEITARIA,,,,,,,,,,,,,,,,,,,,,,,,,,,,,,,,,,,,,,,,,,,,,,,,
Rapadura (TACO),,,,,,,,,,,,,,,,,,,,,,,,,,,,,,,,,,,,,,,,,,,,,,,,,
Rapadura (TBCA),,,,,,,,,,,,,,,,,,,,,,,,,,,,,,,,,,,,,,,,,,,,,,,,,
Ravioli,,,,,,,,,,,,,,,,,,,,,,,,,,,,,,,,,,,,,,,,,,,,,,,,,
Ravióli de carne - Frescarini® ,,,,,,,,,,,,,,,,,,,,,,,,,,,,,,,,,,,,,,,,,,,,,,,,,
Ravióli de ricota e espinafre - Frescarini®,,,,35,,100,,44,,,,,,,,,,,,,,,,,,,,,,,,,,,,,,,,,,,,,,,,,
Recheio de ameixa Moça Fiesta - Nestlé®,,,,,,,,,,,,,,,,,,,,,,,,,,,,,,,,,,,,,,,,,,,,,,,,,
Recheio de chocolate Moça Fiesta - Nestlé®,,,,,,,,,,,,,,,,,,,,,,,,,,,,,,,,,,,,,,,,,,,,,,,,,
Recheio doce de leite com coco Moça Fiesta - Nestlé®,,,,,,,,,,,,,,,,,,,,,,,,,,,,,,,,,,,,,,,,,,,,,,,,,
"Red Berry Whey Box, 15Uni/34G",,,,,,,,,,,,,,,,,,,,,,,,,,,,,,,,,,,,,,,,,,,,,,,,,
"Red Berry Whey Lata, 510G, 15Doses",,,,,,,,,,,,,,,,,,,,,,,,,,,,,,,,,,,,,,,,,,,,,,,,,
"Red Berry Whey Sachê, 1Uni/34G",,,,,,,,,,,,,,,,,,,,,,,,,,,,,,,,,,,,,,,,,,,,,,,,,
Red Bull® (energético),,,,,,,,,,,,,,,,,,,,,,,,,,,,,,,,,,,,,,,,,,,,,,,,,
Refresco,FRUTAS/SUCOS/VITAMINAS,,,,,,,,,,,,,150,240,300,,,,,,,,,,,,,,300,,,,,200,300,,,,,,,,,,,,,
Refresco de cajú,FRUTAS/SUCOS/VITAMINAS,,,,,,,,,,,,,150,240,300,,,,,,,,,,,,,,300,,,,,200,300,,,,,,,,,,,,,
Refresco de groselha,FRUTAS/SUCOS/VITAMINAS,,,,,,,,,,,,,150,240,300,,,,,,,,,,,,,,300,,,,,200,300,,,,,,,,,,,,,
Refresco de laranja,FRUTAS/SUCOS/VITAMINAS,,,,,,,,,,,,,150,240,300,,,,,,,,,,,,,,300,,,,,200,300,,,,,,,,,,,,,
Refresco de limão,FRUTAS/SUCOS/VITAMINAS,,,,,,,,,,,,,150,240,300,,,,,,,,,,,,,,300,,,,,200,300,,,,,,,,,,,,,
Refresco de maracujá,FRUTAS/SUCOS/VITAMINAS,,,,,,,,,,,,,150,240,300,,,,,,,,,,,,,,300,,,,,200,300,,,,,,,,,,,,,
Refrigerante de cola diet,,,,,,,,,,,,,,150,240,300,,,,,,,,,,,,,,300,,,,,200,300,,,,,,,,,,,,,
Refrigerante de cola light,,,,,,,,,,,,,,150,240,300,,,,,,,,,,,,,,300,,,,,200,300,,,,,,,,,,,,,
Refrigerante de cola tradicional,,,,,,,,,,,,,,150,240,300,,,,,,,,,,,,,,300,,,,,200,300,,,,,,,,,,,,,
Refrigerante de guaraná diet,,,,,,,,,,,,,,150,240,300,,,,,,,,,,,,,,300,,,,,200,300,,,,,,,,,,,,,
Refrigerante de guaraná light,,,,,,,,,,,,,,150,240,300,,,,,,,,,,,,,,300,,,,,200,300,,,,,,,,,,,,,
Refrigerante de guaraná tradicional,,,,,,,,,,,,,,150,240,300,,,,,,,,,,,,,,300,,,,,200,300,,,,,,,,,,,,,
Refrigerante de limão diet,,,,,,,,,,,,,,150,240,300,,,,,,,,,,,,,,300,,,,,200,300,,,,,,,,,,,,,
Refrigerante de quinino dietetico,,,,,,,,,,,,,,150,240,300,,,,,,,,,,,,,,300,,,,,200,300,,,,,,,,,,,,,
Refrigerante não especificado,,,,,,,,,,,,,,150,240,300,,,,,,,,,,,,,,300,,,,,200,300,,,,,,,,,,,,,
"Refrigerante, c/ adoçante, (média de diferentes amostras)",,,,,,,,,,,,,,150,240,300,,,,,,,,,,,,,,300,,,,,200,300,,,,,,,,,,,,,
"Refrigerante, regular, c/açúcar, (média de diferentes amostras)",,,,,,,,,,,,,,150,240,300,,,,,,,,,,,,,,300,,,,,200,300,,,,,,,,,,,,,
"Refrigerante, tipo água tônica",,,,,,,,,,,,,,150,240,300,,,,,,,,,,,,,,300,,,,,200,300,,,,,,,,,,,,,
"Refrigerante, tipo água tônica, c/ adoçante",,,,,,,,,,,,,,150,240,300,,,,,,,,,,,,,,300,,,,,200,300,,,,,,,,,,,,,
"Refrigerante, tipo água tônica, regular, c/ açúcar",,,,,,,,,,,,,,150,240,300,,,,,,,,,,,,,,300,,,,,200,300,,,,,,,,,,,,,
"Refrigerante, tipo cola",,,,,,,,,,,,,,150,240,300,,,,,,,,,,,,,,300,,,,,200,300,,,,,,,,,,,,,
"Refrigerante, tipo cola, c/ adoçante",,,,,,,,,,,,,,150,240,300,,,,,,,,,,,,,,300,,,,,200,300,,,,,,,,,,,,,
"Refrigerante, tipo cola, regular, c/ açúcar",,,,,,,,,,,,,,150,240,300,,,,,,,,,,,,,,300,,,,,200,300,,,,,,,,,,,,,
"Refrigerante, tipo guaraná",,,,,,,,,,,,,,150,240,300,,,,,,,,,,,,,,300,,,,,200,300,,,,,,,,,,,,,
"Refrigerante, tipo guaraná, c/ adoçante",,,,,,,,,,,,,,150,240,300,,,,,,,,,,,,,,300,,,,,200,300,,,,,,,,,,,,,
"Refrigerante, tipo guaraná, regular, c/ açúcar",,,,,,,,,,,,,,150,240,300,,,,,,,,,,,,,,300,,,,,200,300,,,,,,,,,,,,,
"Refrigerante, tipo laranja",,,,,,,,,,,,,,150,240,300,,,,,,,,,,,,,,300,,,,,200,300,,,,,,,,,,,,,
"Refrigerante, tipo laranja, c/ adoçante",,,,,,,,,,,,,,150,240,300,,,,,,,,,,,,,,300,,,,,200,300,,,,,,,,,,,,,
"Refrigerante, tipo laranja, regular, c/ açúcar",,,,,,,,,,,,,,150,240,300,,,,,,,,,,,,,,300,,,,,200,300,,,,,,,,,,,,,
"Refrigerante, tipo limão",,,,,,,,,,,,,,150,240,300,,,,,,,,,,,,,,300,,,,,200,300,,,,,,,,,,,,,
"Refrigerante, tipo limão, c/ adoçante",,,,,,,,,,,,,,150,240,300,,,,,,,,,,,,,,300,,,,,200,300,,,,,,,,,,,,,
"Refrigerante, tipo limão, regular, c/ açúcar",,,,,,,,,,,,,,150,240,300,,,,,,,,,,,,,,300,,,,,200,300,,,,,,,,,,,,,
Repolho,HORTALIÇAS,,,,,75,45,20,50,45,,,,,,,20,,,,,,,,,,,,,,,,,,,,26,,,,,,,,,,,,
Repolho ao alho e oleo,HORTALIÇAS,,,,,75,45,20,50,45,,,,,,,20,,,,,,,,,,,,,,,,,,,,26,,,,,,,,,,,,
Repolho ao vinagrete,HORTALIÇAS,,,,,75,45,20,50,45,,,,,,,20,,,,,,,,,,,,,,,,,,,,26,,,,,,,,,,,,
Repolho cozido(a),HORTALIÇAS,,,,,75,45,20,50,45,,,,,,,20,,,,,,,,,,,,,,,,,,,,26,,,,,,,,,,,,
Repolho cru(a),HORTALIÇAS,,,,,75,45,20,50,45,,,,,,,20,,,,,,,,,,,,,,,,,,,,26,,,,,,,,,,,,
Repolho em conserva,CONSERVAS,,,,,,,,,,,,,,,,,,,,,,,,,,,,,,,,,,,,,,,,,,,,,,,,
Repolho ensopado,HORTALIÇAS,,,,,75,45,20,50,45,,,,,,,20,,,,,,,,,,,,,,,,,,,,26,,,,,,,,,,,,
Repolho frito(a),HORTALIÇAS,,,,,75,45,20,50,45,,,,,,,20,,,,,,,,,,,,,,,,,,,,26,,,,,,,,,,,,
Repolho molho branco,HORTALIÇAS,,,,,75,45,20,50,45,,,,,,,20,,,,,,,,,,,,,,,,,,,,26,,,,,,,,,,,,
Repolho refogado(a),HORTALIÇAS,,,,,75,45,20,50,45,,,,,,,20,,,,,,,,,,,,,,,,,,,,26,,,,,,,,,,,,
Repolho sopa,SOPAS/CALDOS/MINGAUS,,,,,,,,,,,,,,,,,,,,,,,,,,,,,,,,,,,,,,,,,,,,,,,,
"Repolho, branco, cru",,,,,,75,45,20,50,45,,,,,,,20,,,,,,,,,,,,,,,,,,,,26,,,,,,,,,,,,
"Repolho, roxo, cru",,,,,,75,45,20,50,45,,,,,,,20,,,,,,,,,,,,,,,,,,,,26,,,,,,,,,,,,
"Repolho, roxo, refogado",,,,,,75,45,20,50,45,,,,,,,20,,,,,,,,,,,,,,,,,,,,26,,,,,,,,,,,,
Repolho-branco (cozido),,,,,,75,45,20,50,45,,,,,,,20,,,,,,,,,,,,,,,,,,,,26,,,,,,,,,,,,
Repolho-branco (cru),,,,,,75,45,20,50,45,,,,,,,20,,,,,,,,,,,,,,,,,,,,26,,,,,,,,,,,,
Repolho-roxo (cozido),,,,,,75,45,20,50,45,,,,,,,20,,,,,,,,,,,,,,,,,,,,26,,,,,,,,,,,,
Repolho-Roxo (cru),,,,,,75,45,20,50,45,,,,,,,20,,,,,,,,,,,,,,,,,,,,26,,,,,,,,,,,,
Requeijão,,,,,,,,,,,,,,,,,,,,,,,,,,,,,,,,,,,,,,,,,,,,,,,,,
Requeijão - Nestlê®,,,,,,,,30,,,,,,,,,,,,,,,,,,,,,,,,,,,,,,,,,,,,,,,,,
Requeijão cremoso - Poços de Calda®,,,,,,,,30,,,,,,,,,,,,,,,,,,,,,,,,,,,,,,,,,,,,,,,,,
Requeijão cremoso light - Danúbio®,,,,,,,,30,,,,,,,,,,,,,,,,,,,,,,,,,,,,,,,,,,,,,,,,,
Requeijão cremoso light - Poços de Calda®,,,,,,,,30,,,,,,,,,,,,,,,,,,,,,,,,,,,,,,,,,,,,,,,,,
Requeijão cremoso tradicional - Danúbio®,,,,,,,,30,,,,,,,,,,,,,,,,,,,,,,,,,,,,,,,,,,,,,,,,,
Requeijão light,,,,,,,,30,,,,,,,,,,,,,,,,,,,,,,,,,,,,,,,,,,,,,,,,,
Resource breeze - Nestlé®,,,,,,,,,,,,,,,,,,,,,,,,,,,,,,,,,,,,,,,,,,,,,,,,,
Resource diabetic - Nestlê®,,,,,,,,,,,,,,,,,,,,,,,,,,,,,,,,,,,,,,,,,,,,,,,,,
Resource glutamina - Nestlé®,,,,,,,,,,,,,,,,,,,,,,,,,,,,,,,,,,,,,,,,,,,,,,,,,
Resource just for kids - Nestlé®,,,,,,,,,,,,,,,,,,,,,,,,,,,,,,,,,,,,,,,,,,,,,,,,,
Resource plus - Nestlé®,,,,,,,,,,,,,,,,,,,,,,,,,,,,,,,,,,,,,,,,,,,,,,,,,
Resource protein - Nestlé®,,,,,,,,,,,,,,,,,,,,,,,,,,,,,,,,,,,,,,,,,,,,,,,,,
Resource purê instant carne com ervilhas - Nestlé®,,,,,,,,,,,,,,,,,,,,,,,,,,,,,,,,,,,,,,,,,,,,,,,,,
Resource purê instant peru com champignon - Nestlé®,,,,,,,,,,,,,,,,,,,,,,,,,,,,,,,,,,,,,,,,,,,,,,,,,
Resource Thicken up - Nestlé®,,,,,,,,,,,,,,,,,,,,,,,,,,,,,,,,,,,,,,,,,,,,,,,,,
Resource ultra plus - Nestlé®,,,,,,,,,,,,,,,,,,,,,,,,,,,,,,,,,,,,,,,,,,,,,,,,,
Ricota,,,,35,,100,,44,,,,,,,,,,,,,,,,,,,,,,,,,,,,,,,,,,,,,,,,,
Rim bovino (cru),,,,,,,,,,,,,,,,,,,,,,,,,,,,,,,,,,,,,,,,,,,,,,,,,
Rim de boi  cozido(a),,,,,,,,,,,,,,,,,,,,,,,,,,,,,,,,,,,,,,,,,,,,,,,,,
Risoto,,,,,,,,,,,,,,,,,,,,,,,,,,,,,,,,,,,,,,,,,,,,,,,,,
Risoto à milanese com açafrão - Italian Pasta & Risotti®,,,,,,,,,,,,,,,,,,,,,,,,,,,,,,,,,,,,,,,,,,,,,,,,,
Risoto com funghi porcini - Passarotti®,,,,,,,,,,,,,,,,,,,,,,,,,,,,,,,,,,,,,,,,,,,,,,,,,
Risoto de frango,,,,,,,,,,,,,,,,,,,,,,,,,,,,,,,,,,,,,,,,,,,,,,,,,
Rissoles de carne,,,,,,,,,,,,,,,,,,,,,,,,,,,,,,,,,,,,,,,,,,,,,,,,,
Rissoles de catupiri,,,,,,,,,,,,,,,,,,,,,,,,,,,,,,,,,,,,,,,,,,,,,,,,,
Rissoles de palmito,,,,,,,,,,,,,,,,,,,,,,,,,,,,,,,,,,,,,,,,,,,,,,,,,
"Rizole  (queijo, carne, camarão, etc)",PREPARADOS,,,,,,,,,,,,,,,,,,,,,,,,,,,,,,,,,,,,,,,,,,,,,,,,
Robalo,,,,,,,,,,,,,,,,,,,,,,,,,,,,,,,,,,,,,,,,,,,,,,,,,
Rocambole,,,,,,,,,,,,,,,,,,,,,,,,,,,,,,,,,,,,,,,,,,,,,,,,,
Rocambole recheio de docede leite,,,,,,,,,,,,,,,,,,,,,,,,,,,,,,,,,,,,,,,,,,,,,,,,,
Rocambole recheio de goiaba- Pullman®,,,,,,,,,,,,,,,,,,,,,,,,,,,,,,,,,,,,,,,,,,,,,,,,,
Rocambole recheio demorango - Pullman®,,,,,,,,,,,,,,,,,,,,,,,,,,,,,,,,,,,,,,,,,,,,,,,,,
Roma,FRUTAS/SUCOS/VITAMINAS,,,,,,,,,,,,,,,,,,,,,,,,,,,,,,,,,,,,,,,,,,,,,,,,
Romã,,,,,,,,,,,,,,,,,,,,,,,,,,,,,,,,,,,,,,,,,,,,,,,,,
"Romã, crua",,,,,,,,,,,,,,,,,,,,,,,,,,,,,,,,,,,,,,,,,,,,,,,,,
"Romã, in natura, Punica granatum L.",,,,,,,,,,,,,,,,,,,,,,,,,,,,,,,,,,,,,,,,,,,,,,,,,
Rosca doce,AÇUCARES/CONFEITARIA,,,,,,,,,,,,,,,,,,,,,,,,,,,,,,,,,,,,,,,,,,,,,,,,
Rosca recheada,AÇUCARES/CONFEITARIA,,,,,,,,,,,,,,,,,,,,,,,,,,,,,,,,,,,,,,,,,,,,,,,,
Rosca salgada,FARINHAS/FÉCULAS/MASSAS,,,,,,,,,,,,,,,,,,,,,,,,,,,,,,,,,,,,,,,,,,,,,,,,
Rosquinha de jaracatiá,,,,,,,,,,,,,,,,,,,,,,,,,,,,,,,,,,,,,,,,,,,,,,,,,
Rosquinha doce,AÇUCARES/CONFEITARIA,,,,,,,,,,,,,,,,,,,,,,,,,,,,,,,,,,,,,,,,,,,,,,,,
Rosquinha recheada de qualquer sabor,AÇUCARES/CONFEITARIA,,,,,,,,,,,,,,,,,,,,,,,,,,,,,,,,,,,,,,,,,,,,,,,,
Rosquinha recheada de qualquer sabor diet,AÇUCARES/CONFEITARIA,,,,,,,,,,,,,,,,,,,,,,,,,,,,,,,,,,,,,,,,,,,,,,,,
Rosquinha salgada,,,,,,,,,,,,,,,,,,,,,,,,,,,,,,,,,,,,,,,,,,,,,,,,,
"Rosquinha, doce, frita, c/ açúcar e canela",,,,,,,,,,,,,,,,,,,,,,,,,,,,,,,,,,,,,,,,,,,,,,,,,
Rucula,HORTALIÇAS,,,,,,16,8,,16,,,,,,,8,,,80,60,,,,,,,,,,,,,,,,,,,,,,,,,,,,
Rúcula,,,,,,,16,8,,16,,,,,,,8,,,80,60,,,,,,,,,,,,,,,,,,,,,,,,,,,,
"Rúcula, crua",,,,,,,16,8,,16,,,,,,,8,,,80,60,,,,,,,,,,,,,,,,,,,,,,,,,,,,
Ruffles cebola e salsa -Pepsico®,,,,,,,,,,,,,,,,,,,,,,,,,,,,,,84,57,,,,,,,,,,,,,,,,,,
Ruffles original - Pepsico®,,,,,,,,,,,,,,,,,,,,,,,,,,,,,,84,57,,,,,,,,,,,,,,,,,,
Rum,,,,,,,,,,,,,,,,,,,,,,,,,,,,,,,,,,,,,,,,,,,,,,,,,
Sagu (cru),,,,,,,,,,,,,,,,,,,,,,,,,,,,,,,,,,,,,,,,,,,,,,,,,
Sagu com vinho tinto,,,,,,,,,,,,,,,,,,,,,,,,,,,,,,,,,,,,,,,,,,,,,,,,,
Sagu de mandioca,,,,,,,,,,,,,,,,,,,,,,,,,,,,,,,,,,,,,,,,,,,,,,,,,
Sagu de tapioca,FARINHAS/FÉCULAS/MASSAS,,,,,,,,,,,,,,,,,,,,,,,,,,,,,,,,,,,,,,,,,,,,,,,,
Sagu sabor morango - Yoki®,,,,,,,,,,,,,,,,,,,,,,,,,,,,,,,,,,,,,,,,,,,,,,,,,
"Sagu, cereja, mistura p/, preparada",,,,,,,,,,,,,,,,,,,,,,,,,,,,,,,,,,,,,,,,,,,,,,,,,
"Sagu, framboesa, mistura p/, ""Ducoco""",,,,,,,,,,,,,,,,,,,,,,,,,,,,,,,,,,,,,,,,,,,,,,,,,
"Sagu, framboesa, mistura p/, preparada",,,,,,,,,,,,,,,,,,,,,,,,,,,,,,,,,,,,,,,,,,,,,,,,,
"Sagu, mandioca, preparado c/ suco de uva, c/ açúcar",,,,,,,,,,,,,,,,,,,,,,,,,,,,,,,,,,,,,,,,,,,,,,,,,
"Sagu, maracujá, mistura p/, ""Ducoco""",,,,,,,,,,,,,,,,,,,,,,,,,,,,,,,,,,,,,,,,,,,,,,,,,
"Sagu, mistura p/ (média diferentes sabores)",,,,,,,,,,,,,,,,,,,,,,,,,,,,,,,,,,,,,,,,,,,,,,,,,
"Sagu, mistura p/, preparada, (média diferentes sabores)",,,,,,,,,,,,,,,,,,,,,,,,,,,,,,,,,,,,,,,,,,,,,,,,,
"Sagu, morango, mistura p/, ""Ducoco""",,,,,,,,,,,,,,,,,,,,,,,,,,,,,,,,,,,,,,,,,,,,,,,,,
"Sagu, morango, mistura p/, ""Oetker""",,,,,,,,,,,,,,,,,,,,,,,,,,,,,,,,,,,,,,,,,,,,,,,,,
"Sagu, morango, mistura p/, preparada",,,,,,,,,,,,,,,,,,,,,,,,,,,,,,,,,,,,,,,,,,,,,,,,,
"Sagu, uva, mistura p/, ""Ducoco""",,,,,,,,,,,,,,,,,,,,,,,,,,,,,,,,,,,,,,,,,,,,,,,,,
"Sagu, uva, mistura p/, ""Oetker""",,,,,,,,,,,,,,,,,,,,,,,,,,,,,,,,,,,,,,,,,,,,,,,,,
"Sagu, uva, mistura p/, preparada",,,,,,,,,,,,,,,,,,,,,,,,,,,,,,,,,,,,,,,,,,,,,,,,,
Sake mirin®,,,,,,,,,,,,,,,,,,,,,,,,,,,,,,,,,,,,,,,,,,,,,,,,,
Sal grosso - Lebre®,,,,,,,,,,,,,,,,,,,,,,,,,,,,,,,,,,,,,,,,,,,,,,,,,
Sal refinado,,,,,,,,,,,,,,,,,,,,,,,,,,,,,,,,,,,,,,,,,,,,,,,,,
Sal refinado - Cisne®,,,,,,,,,,,,,,,,,,,,,,,,,,,,,,,,,,,,,,,,,,,,,,,,,
"Sal rosa, Himalaia",,,,,,,,,,,,,,,,,,,,,,,,,,,,,,,,,,,,,,,,,,,,,,,,,
"Sal, dietético (TACO)",,,,,,,,,,,,,,,,,,,,,,,,,,,,,,,,,,,,,,,,,,,,,,,,,
"Sal, dietético (TBCA)",,,,,,,,,,,,,,,,,,,,,,,,,,,,,,,,,,,,,,,,,,,,,,,,,
"Sal, grosso (TACO)",,,,,,,,,,,,,,,,,,,,,,,,,,,,,,,,,,,,,,,,,,,,,,,,,
"Sal, grosso (TBCA)",,,,,,,,,,,,,,,,,,,,,,,,,,,,,,,,,,,,,,,,,,,,,,,,,
"Sal, refinado",,,,,,,,,,,,,,,,,,,,,,,,,,,,,,,,,,,,,,,,,,,,,,,,,
Salada de fava,,,,,,,,,,,,,,,,,,,,,,,,,,,,,,,,,,,,,,,,,,,,,,,,,
Salada de frutas,,,,,,,,,,,,,,,,,,,,,,,,,,,,,,,,,,,,,,,,,,,,,,,,,
"Salada de frutas (mamão, melão, pêssego em caldas)",,,,,,,,,,,,,,,,,,,,,,,,,,,,,,,,,,,,,,,,,,,,,,,,,
Salada de frutas completa comsuco de laranja,,,,,,,,,,,,,,,,,,,,,,,,,,,,,,,,,,,,,,,,,,,,,,,,,
"Salada de frutas completa(laranja, banana, mamão, abacaxi, uva, melão, maçã, pera, kiwi)",,,,,,,,,,,,,,,,,,,,,,,,,,,,,,,,,,,,,,,,,,,,,,,,,
"Salada de frutas simples(banana, maçã, laranja, mamão)",,,,,,,,,,,,,,,,,,,,,,,,,,,,,,,,,,,,,,,,,,,,,,,,,
Salada de maionese,,,,,,,,,,,,,,,,,,,,,,,,,,,,,,,,,,,,,,,,,,,,,,,,,
"Salada de maionese (batata, cenoura, vagem e maionese)",,,,,,,,,,,,,,,,,,,,,,,,,,,,,,,,,,,,,,,,,,,,,,,,,
Salada de pinhão,,,,,,,,,,,,,,,,,,,,,,,,,,,,,,,,,,,,,,,,,,,,,,,,,
Salada de repolho comabacaxi- e uva passa,,,,,,,,,,,,,,,,,,,,,,,,,,,,,,,,,,,,,,,,,,,,,,,,,
"Salada ou verdura cozida, exceto de fruta",,,,,,,,,,,,,,,,,,,,,,,,,,,,,,,,,,,,,,,,,,,,,,,,,
"Salada ou verdura crua, exceto de fruta",,,,,,,,,,,,,,,,,,,,,,,,,,,,,,,,,,,,,,,,,,,,,,,,,
Salada russa congelada -Daucy®,,,,,,,,,,,,,,,,,,,,,,,,,,,,,,,,,,,,,,,,,,,,,,,,,
Salada verão congelada -Daucy®,,,,,,,,,,,,,,,,,,,,,,,,,,,,,,,,,,,,,,,,,,,,,,,,,
"Salada, de legumes, com maionese",,,,,,,,,,,,,,,,,,,,,,,,,,,,,,,,,,,,,,,,,,,,,,,,,
"Salada, de legumes, cozida no vapor",,,,,,,,,,,,,,,,,,,,,,,,,,,,,,,,,,,,,,,,,,,,,,,,,
Salame (IBGE),CARNES INDUSTRIALIZADAS,,,,,,,,,,,,,,,,,,,,,,,,,,,,,,,,,,,,,,,,,,,,,,,,
Salame (TACO),,,,,,,,,,,,,,,,,,,,,,,,,,,,,,,,,,,,,,,,,,,,,,,,,
Salame (Tucunduva),,,,,,,,,,,,,,,,,,,,,,,,,,,,,,,,,,,,,,,,,,,,,,,,,
Salame light,CARNES INDUSTRIALIZADAS,,,,,,,,,,,,,,,,,,,,,,,,,,,,,,,,,,,,,,,,,,,,,,,,
"Salame, lanche, lanche (médiamédia",,,,,,,,,,,,,,,,,,,,,,,,,,,,,,,,,,,,,,,,,,,,,,,,,
"Salame, porco, hamburguês, ""Sadia""",,,,6,,40,,,,,,,,,,,,,,,,,,,,,,,,,,,,,,,,,,,,,,,,,,,
"Salame, porco, italiano, ""Sadia""",,,,6,,40,,,,,,,,,,,,,,,,,,,,,,,,,,,,,,,,,,,,,,,,,,,
"Salame, porco, milano, ""Sadia""",,,,6,,40,,,,,,,,,,,,,,,,,,,,,,,,,,,,,,,,,,,,,,,,,,,
Salaminho,,,,,,,,,,,,,,,,,,,,,,,,,,,,,,,,,,,,,,,,,,,,,,,,,
"Salaminho, porco, ""Sadia""",,,,4,,40,,,,,,,,,,,,,,,,,,,,,,,,,,,,,,,,,,,,,,,,,,,
Salgadinho,,,,,,,,,,,,,,,,,,,,,,,,,,,,,,,,,,,,,,,,,,,,,,,,,
Salgadinho de aipim(mandioca) - Naturabella®,,,,,,,,,,,,,,,,,,,,,,,,,,,,,,,,,,,,,,,,,,,,,,,,,
Salgadinho de calabresaTorcida - Pepsico®,,,,,,,,,,,,,,,,,,,,,,,,,,,,,,,,,,,,,,,,,,,,,,,,,
Salgadinho de churrascoTorcida - Pepsico®,,,,,,,,,,,,,,,,,,,,,,,,,,,,,,,,,,,,,,,,,,,,,,,,,
Salgadinho de presunto -Piraquê®,,,,,,,,,,,,,,,,,,,,,,,,,,,,,,,,,,,,,,,,,,,,,,,,,
Salmão (cozido),,,,,,,,,,,,,,,,,,,,,,,,,,,,,,,,,,,,,,,,,,,,,,,,,
Salmão (cru),,,,,,,,,,,,,,,,,,,,,,,,,,,,,,,,,,,,,,,,,,,,,,,,,
Salmão defumado,,,,,,,,,,,,,,,,,,,,,,,,,,,,,,,,,,,,,,,,,,,,,,,,,
Salmão em conserva,CONSERVAS,,,,,,,,,,,,,,,,,,,,,,,,,,,,,,,,,,,,,,,,,,,,,,,,
"Salmão, filé, com pele, fresco,  grelhado",,,,,,,,,,,,,,,,,,,,,,,,,,,,,,,,,,,,,,,,,,,,,,,,,
"Salmão, sem pele, fresco, cru",,,,,,,,,,,,,,,,,,,,,,,,,,,,,,,,,,,,,,,,,,,,,,,,,
"Salmão, sem pele, fresco, grelhado",,,,,,,,,,,,,,,,,,,,,,,,,,,,,,,,,,,,,,,,,,,,,,,,,
Salpicão,PREPARADOS,,,,,,,,,,,,,,,,,,,,,,,,,,,,,,,,,,,,,,,,,,,,,,,,
"Salpicão, de frango",,,,,,,,,,,,,,,,,,,,,,,,,,,,,,,,,,,,,,,,,,,,,,,,,
"Salsa, crua",,,,,,,,,,,,,,,,,,,,,,,,,,,,,,,,,,,,,,,,,,,,,,,,,
Salsão,,,,,,,,14,,,,,,,,,,,,,,,,,,,,,,,,,,,,,,,,,,,,,,,,,
Salsão (aipo) refogado(a),HORTALIÇAS,,,,,,,14,,,,,,,,,,,,,,,,,,,,,,,,,,,,,,,,,,,,,,,,,
Salsicha,,,,,,,,,,,,,,,,,,,,,,,,,,,,,,50,,25,,,,,,,,,,,,,,,,,
Salsicha de frango,,,,,,,,,,,,,,,,,,,,,,,,,,,,,,50,,25,,,,,,,,,,,,,,,,,
Salsicha de frango - Seara®,,,,,,,,,,,,,,,,,,,,,,,,,,,,,,50,,25,,,,,,,,,,,,,,,,,
Salsicha de peru - Sadia®,,,,,,,,,,,,,,,,,,,,,,,,,,,,,,50,,25,,,,,,,,,,,,,,,,,
Salsicha em conserva,CONSERVAS,,,,,,,,,,,,,,,,,,,,,,,,,,,,,50,,25,,,,,,,,,,,,,,,,,
Salsicha no varejo,CARNES INDUSTRIALIZADAS,,,,,,,,,,,,,,,,,,,,,,,,,,,,,50,,25,,,,,,,,,,,,,,,,,
Salsicha no varejo ao alho e oleo,CARNES INDUSTRIALIZADAS,,,,,,,,,,,,,,,,,,,,,,,,,,,,,50,,25,,,,,,,,,,,,,,,,,
Salsicha no varejo assado(a),CARNES INDUSTRIALIZADAS,,,,,,,,,,,,,,,,,,,,,,,,,,,,,50,,25,,,,,,,,,,,,,,,,,
Salsicha no varejo com manteiga/oleo,CARNES INDUSTRIALIZADAS,,,,,,,,,,,,,,,,,,,,,,,,,,,,,50,,25,,,,,,,,,,,,,,,,,
Salsicha no varejo cozido(a),CARNES INDUSTRIALIZADAS,,,,,,,,,,,,,,,,,,,,,,,,,,,,,50,,25,,,,,,,,,,,,,,,,,
Salsicha no varejo cru(a),CARNES INDUSTRIALIZADAS,,,,,,,,,,,,,,,,,,,,,,,,,,,,,50,,25,,,,,,,,,,,,,,,,,
Salsicha no varejo ensopado,CARNES INDUSTRIALIZADAS,,,,,,,,,,,,,,,,,,,,,,,,,,,,,50,,25,,,,,,,,,,,,,,,,,
Salsicha no varejo frito(a),CARNES INDUSTRIALIZADAS,,,,,,,,,,,,,,,,,,,,,,,,,,,,,50,,25,,,,,,,,,,,,,,,,,
Salsicha no varejo grelhado(a)/brasa/churrasco,CARNES INDUSTRIALIZADAS,,,,,,,,,,,,,,,,,,,,,,,,,,,,,50,,25,,,,,,,,,,,,,,,,,
Salsicha no varejo light frito(a),CARNES INDUSTRIALIZADAS,,,,,,,,,,,,,,,,,,,,,,,,,,,,,50,,25,,,,,,,,,,,,,,,,,
Salsicha no varejo molho branco,CARNES INDUSTRIALIZADAS,,,,,,,,,,,,,,,,,,,,,,,,,,,,,50,,25,,,,,,,,,,,,,,,,,
Salsicha no varejo molho vermelho,CARNES INDUSTRIALIZADAS,,,,,,,,,,,,,,,,,,,,,,,,,,,,,50,,25,,,,,,,,,,,,,,,,,
Salsicha no varejo refogado(a),CARNES INDUSTRIALIZADAS,,,,,,,,,,,,,,,,,,,,,,,,,,,,,50,,25,,,,,,,,,,,,,,,,,
"Salsicha, frango, não aquecida, ""Sadia"" (média de diferentes amostras)",,,,,,,,,,,,,,,,,,,,,,,,,,,,,,50,,25,,,,,,,,,,,,,,,,,
"Salsicha, hot dog, não aquecida, ""Sadia""",,,,,,,,,,,,,,,,,,,,,,,,,,,,,,50,,25,,,,,,,,,,,,,,,,,
"Salsicha, Ionguette, não aquecida, ""Sadia""",,,,,,,,,,,,,,,,,,,,,,,,,,,,,,50,,25,,,,,,,,,,,,,,,,,
"Salsicha, não aquecida",,,,,,,,,,,,,,,,,,,,,,,,,,,,,,50,,25,,,,,,,,,,,,,,,,,
"Salsicha, soja",,,,,,,,,,,,,,,,,,,,,,,,,,,,,,50,,25,,,,,,,,,,,,,,,,,
Salsichão com picles SantoAmaro - Eder®,,,,,,,,,,,,,,,,,,,,,,,,,,,,,,,,,,,,,,,,,,,,,,,,,
"Salsichão, não aquecido",,,,,,,,,,,,,,,,,,,,,,,,,,,,,,,,,,,,,,,,,,,,,,,,,
Salsinha,,,,,,,,,,,,,,,,,,,,,,,,,,,,,,,,,,,,,,,,,,,,,,,,,
Salsinha (talo),,,,,,,,,,,,,,,,,,,,,,,,,,,,,,,,,,,,,,,,,,,,,,,,,
Salsinha seca,,,,,,,,,,,,,,,,,,,,,,,,,,,,,,,,,,,,,,,,,,,,,,,,,
Sálvia fresca,,,,,,,,,,,,,,,,,,,,,,,,,,,,,,,,,,,,,,,,,,,,,,,,,
Sálvia seca,,,,,,,,,,,,,,,,,,,,,,,,,,,,,,,,,,,,,,,,,,,,,,,,,
Sanduíche americano,,,,,,,,,,,,,,,,,,,,,,,,,,,,,,,,,,,,,,,,,,,,,,,,,
Sanduíche de calabresa,,,,,,,,,,,,,,,,,,,,,,,,,,,,,,,,,,,,,,,,,,,,,,,,,
Sanduíche de mortadela,LANCHES,,,,,,,,,,,,,,,,,,,,,,,,,,,,,,,,,,,,,,,,,,,,,,,,
Sanduíche de pernil,,,,,,,,,,,,,,,,,,,,,,,,,,,,,,,,,,,,,,,,,,,,,,,,,
Sanduíche de presunto,LANCHES,,,,,,,,,,,,,,,,,,,,,,,,,,,,,,,,,,,,,,,,,,,,,,,,
Sanduíche de queijo minas,LANCHES,,,,,,,,,,,,,,,,,,,,,,,,,,,,,,,,,,,,,,,,,,,,,,,,
Sanduíche de queijo prato,LANCHES,,,,,,,,,,,,,,,,,,,,,,,,,,,,,,,,,,,,,,,,,,,,,,,,
Sanduíche de queijo prato com presunto,LANCHES,,,,,,,,,,,,,,,,,,,,,,,,,,,,,,,,,,,,,,,,,,,,,,,,
Sanduíche de salame,LANCHES,,,,,,,,,,,,,,,,,,,,,,,,,,,,,,,,,,,,,,,,,,,,,,,,
Sanduíche de sorvete baunilha- Hãagen Dazs®,,,,,,,,,,,,,,,,,,,,,,,,,,,,,,,,,,,,,,,,,,,,,,,,,
Sanduíche de sorvetecaramelo - Hãagen Dazs®,,,,,,,,,,,,,,,,,,,,,,,,,,,,,,,,,,,,,,,,,,,,,,,,,
Sanduíche de sorvetechocolate - Hãagen Dazs®,,,,,,,,,,,,,,,,,,,,,,,,,,,,,,,,,,,,,,,,,,,,,,,,,
Sanduíche natural,LANCHES,,,,,,,,,,,,,,,,,,,,,,,,,,,,,,,,,,,,,,,,,,,,,,,,
Sanduíche natural de atum,,,,,,,,,,,,,,,,,,,,,,,,,,,,,,,,,,,,,,,,,,,,,,,,,
Sanduíche natural de frango,,,,,,,,,,,,,,,,,,,,,,,,,,,,,,,,,,,,,,,,,,,,,,,,,
"Sanduíche, americano (pão forma tradicional, presunto, queijo muçarela, alface, tomate, e ovo frito), c/ maionese",,,,,,,,,,,,,,,,,,,,,,,,,,,,,,,,,,,,,,,,,,,,,,,,,
"Sanduíche, americano (pão forma tradicional, presunto, queijo muçarela, alface, tomate, maionese e ovo frito)",,,,,,,,,,,,,,,,,,,,,,,,,,,,,,,,,,,,,,,,,,,,,,,,,
"Sanduíche, baguete c/ queijo muçarela, alface, tomate e mortadela",,,,,,,,,,,,,,,,,,,,,,,,,,,,,,,,,,,,,,,,,,,,,,,,,
"Sanduíche, baguete c/ queijo muçarela, alface, tomate e presunto",,,,,,,,,,,,,,,,,,,,,,,,,,,,,,,,,,,,,,,,,,,,,,,,,
"Sanduíche, baguete c/ queijo muçarela, alface, tomate e salame",,,,,,,,,,,,,,,,,,,,,,,,,,,,,,,,,,,,,,,,,,,,,,,,,
"Sanduíche, baguete c/ queijo muçarela, alface, tomate, atum em conserva e maionese",,,,,,,,,,,,,,,,,,,,,,,,,,,,,,,,,,,,,,,,,,,,,,,,,
"Sanduíche, baguete c/ queijo muçarela, alface, tomate, peito de frango grelhado e maionese",,,,,,,,,,,,,,,,,,,,,,,,,,,,,,,,,,,,,,,,,,,,,,,,,
"Sanduíche, cachorro quente (c/ pão hot dog e salsicha), c/ catchup, mostarda e maionese",,,,,,,,,,,,,,,,,,,,,,,,,,,,,,,,,,,,,,,,,,,,,,,,,
"Sanduíche, cachorro quente (c/ pão hot dog e salsicha), c/ catchup, mostarda, maionese, milho, ervilha, purê de batata, molho vinagrete e batata palha",,,,,,,,,,,,,,,,,,,,,,,,,,,,,,,,,,,,,,,,,,,,,,,,,
"Sanduíche, cachorro quente (c/ pão hot dog e salsicha), c/ milho, ervilha, batata palha e molho de tomate",,,,,,,,,,,,,,,,,,,,,,,,,,,,,,,,,,,,,,,,,,,,,,,,,
"Sanduíche, cachorro quente (c/ pão hot dog e salsicha), c/ molho de tomate",,,,,,,,,,,,,,,,,,,,,,,,,,,,,,,,,,,,,,,,,,,,,,,,,
"Sanduíche, cachorro quente c/ salsicha de frango (pão para hot dog), c/ catchup, mostarda e maionese",,,,,,,,,,,,,,,,,,,,,,,,,,,,,,,,,,,,,,,,,,,,,,,,,
"Sanduíche, cachorro quente c/ salsicha de frango (pão para hot dog), c/ catchup, mostarda, maionese, milho, ervilha, purê de batata, molho vinagrete e batata palha",,,,,,,,,,,,,,,,,,,,,,,,,,,,,,,,,,,,,,,,,,,,,,,,,
"Sanduíche, cachorro quente c/ salsicha de frango (pão para hot dog), c/ milho, ervilha, batata palha e molho de tomate",,,,,,,,,,,,,,,,,,,,,,,,,,,,,,,,,,,,,,,,,,,,,,,,,
"Sanduíche, cachorro quente c/ salsicha de frango (pão para hot dog), c/ molho de tomate",,,,,,,,,,,,,,,,,,,,,,,,,,,,,,,,,,,,,,,,,,,,,,,,,
"Sanduíche, hambúrguer bovino grelhado (c/ pão hambúrguer)",,,,,,,,,,,,,,,,,,,,,,,,,,,,,,,,,,,,,,,,,,,,,,,,,
"Sanduíche, hambúrguer bovino grelhado (c/ pão hambúrguer), c/ alface e tomate",,,,,,,,,,,,,,,,,,,,,,,,,,,,,,,,,,,,,,,,,,,,,,,,,
"Sanduíche, hambúrguer bovino grelhado (c/ pão hambúrguer), c/ alface, tomate e maionese",,,,,,,,,,,,,,,,,,,,,,,,,,,,,,,,,,,,,,,,,,,,,,,,,
"Sanduíche, hambúrguer bovino grelhado (c/ pão hambúrguer), c/ catchup, mostarda e maionese",,,,,,,,,,,,,,,,,,,,,,,,,,,,,,,,,,,,,,,,,,,,,,,,,
"Sanduíche, hambúrguer bovino grelhado (c/ pão hambúrguer), c/ maionese",,,,,,,,,,,,,,,,,,,,,,,,,,,,,,,,,,,,,,,,,,,,,,,,,
"Sanduíche, hambúrguer bovino grelhado (c/ pão hambúrguer), c/ queijo prato",,,,,,,,,,,,,,,,,,,,,,,,,,,,,,,,,,,,,,,,,,,,,,,,,
"Sanduíche, hambúrguer bovino grelhado (c/ pão hambúrguer), c/ queijo prato e maionese",,,,,,,,,,,,,,,,,,,,,,,,,,,,,,,,,,,,,,,,,,,,,,,,,
"Sanduíche, hambúrguer bovino grelhado (c/ pão hambúrguer), c/ queijo prato, alface, tomate e maionese",,,,,,,,,,,,,,,,,,,,,,,,,,,,,,,,,,,,,,,,,,,,,,,,,
"Sanduíche, hambúrguer bovino grelhado (c/ pão hambúrguer), c/ queijo prato, cebola e pepino",,,,,,,,,,,,,,,,,,,,,,,,,,,,,,,,,,,,,,,,,,,,,,,,,
"Sanduíche, hambúrguer bovino grelhado (c/ pão hambúrguer), queijo prato, alface e tomate",,,,,,,,,,,,,,,,,,,,,,,,,,,,,,,,,,,,,,,,,,,,,,,,,
"Sanduíche, hambúrguer bovino grelhado(c/ pão hambúrguer), c/ alface, tomate e ovo frito",,,,,,,,,,,,,,,,,,,,,,,,,,,,,,,,,,,,,,,,,,,,,,,,,
"Sanduíche, hambúrguer bovino grelhado(c/ pão hambúrguer), c/ alface, tomate, maionese e ovo frito",,,,,,,,,,,,,,,,,,,,,,,,,,,,,,,,,,,,,,,,,,,,,,,,,
"Sanduíche, hambúrguer bovino grelhado(c/ pão hambúrguer), c/ ovo frito",,,,,,,,,,,,,,,,,,,,,,,,,,,,,,,,,,,,,,,,,,,,,,,,,
"Sanduíche, hambúrguer bovino grelhado(c/ pão hambúrguer), c/ ovo frito e maionese",,,,,,,,,,,,,,,,,,,,,,,,,,,,,,,,,,,,,,,,,,,,,,,,,
"Sanduíche, hambúrguer grelhado (c/ pão hambúrguer), c/ alface, tomate, queijo prato, bacon, maionese e ovo frito",,,,,,,,,,,,,,,,,,,,,,,,,,,,,,,,,,,,,,,,,,,,,,,,,
"Sanduíche, hambúrguer grelhado (c/ pão hambúrguer), c/ alface, tomate, queijo prato, maionese e ovo frito",,,,,,,,,,,,,,,,,,,,,,,,,,,,,,,,,,,,,,,,,,,,,,,,,
"Sanduíche, pão branco tradicional, c/ queijo muçarela e manteiga",,,,,,,,,,,,,,,,,,,,,,,,,,,,,,,,,,,,,,,,,,,,,,,,,
"Sanduíche, pão branco tradicional, c/ queijo muçarela e margarina",,,,,,,,,,,,,,,,,,,,,,,,,,,,,,,,,,,,,,,,,,,,,,,,,
"Sanduíche, pão branco tradicional, c/ queijo prato e manteiga",,,,,,,,,,,,,,,,,,,,,,,,,,,,,,,,,,,,,,,,,,,,,,,,,
"Sanduíche, pão branco tradicional, c/ queijo prato e margarina",,,,,,,,,,,,,,,,,,,,,,,,,,,,,,,,,,,,,,,,,,,,,,,,,
"Sanduíche, pão forma integral c/ peito de frango grelhado, alface americana, cenoura crua e tomate",,,,,,,,,,,,,,,,,,,,,,,,,,,,,,,,,,,,,,,,,,,,,,,,,
"Sanduíche, pão forma integral c/ peito de frango grelhado, alface americana, cenoura crua, tomate e molho de iogurte",,,,,,,,,,,,,,,,,,,,,,,,,,,,,,,,,,,,,,,,,,,,,,,,,
"Sanduíche, pão forma integral c/ peito de peru defumado e queijo minas frescal",,,,,,,,,,,,,,,,,,,,,,,,,,,,,,,,,,,,,,,,,,,,,,,,,
"Sanduíche, pão forma integral c/ peito de peru defumado e queijo muçarela",,,,,,,,,,,,,,,,,,,,,,,,,,,,,,,,,,,,,,,,,,,,,,,,,
"Sanduíche, pão forma integral c/ peito de peru defumado e queijo prato",,,,,,,,,,,,,,,,,,,,,,,,,,,,,,,,,,,,,,,,,,,,,,,,,
"Sanduíche, pão forma integral c/ peito de peru defumado, queijo minas frescal e maionese",,,,,,,,,,,,,,,,,,,,,,,,,,,,,,,,,,,,,,,,,,,,,,,,,
"Sanduíche, pão forma integral c/ peito de peru defumado, queijo minas frescal e manteiga",,,,,,,,,,,,,,,,,,,,,,,,,,,,,,,,,,,,,,,,,,,,,,,,,
"Sanduíche, pão forma integral c/ peito de peru defumado, queijo minas frescal e margarina",,,,,,,,,,,,,,,,,,,,,,,,,,,,,,,,,,,,,,,,,,,,,,,,,
"Sanduíche, pão forma integral c/ peito de peru defumado, queijo muçarela e maionese",,,,,,,,,,,,,,,,,,,,,,,,,,,,,,,,,,,,,,,,,,,,,,,,,
"Sanduíche, pão forma integral c/ peito de peru defumado, queijo muçarela e manteiga",,,,,,,,,,,,,,,,,,,,,,,,,,,,,,,,,,,,,,,,,,,,,,,,,
"Sanduíche, pão forma integral c/ peito de peru defumado, queijo muçarela e margarina",,,,,,,,,,,,,,,,,,,,,,,,,,,,,,,,,,,,,,,,,,,,,,,,,
"Sanduíche, pão forma integral c/ peito de peru defumado, queijo prato e maionese",,,,,,,,,,,,,,,,,,,,,,,,,,,,,,,,,,,,,,,,,,,,,,,,,
"Sanduíche, pão forma integral c/ peito de peru defumado, queijo prato e manteiga",,,,,,,,,,,,,,,,,,,,,,,,,,,,,,,,,,,,,,,,,,,,,,,,,
"Sanduíche, pão forma integral c/ peito de peru defumado, queijo prato e margarina",,,,,,,,,,,,,,,,,,,,,,,,,,,,,,,,,,,,,,,,,,,,,,,,,
"Sanduíche, pão forma integral c/ presunto (TBCA)",,,,,,,,,,,,,,,,,,,,,,,,,,,,,,,,,,,,,,,,,,,,,,,,,
"Sanduíche, pão forma integral c/ presunto (TBCA)",,,,,,,,,,,,,,,,,,,,,,,,,,,,,,,,,,,,,,,,,,,,,,,,,
"Sanduíche, pão forma integral c/ presunto e maionese",,,,,,,,,,,,,,,,,,,,,,,,,,,,,,,,,,,,,,,,,,,,,,,,,
"Sanduíche, pão forma integral c/ presunto e manteiga",,,,,,,,,,,,,,,,,,,,,,,,,,,,,,,,,,,,,,,,,,,,,,,,,
"Sanduíche, pão forma integral c/ presunto e margarina",,,,,,,,,,,,,,,,,,,,,,,,,,,,,,,,,,,,,,,,,,,,,,,,,
"Sanduíche, pão forma integral c/ presunto, queijo muçarela e cream cheese",,,,,,,,,,,,,,,,,,,,,,,,,,,,,,,,,,,,,,,,,,,,,,,,,
"Sanduíche, pão forma integral c/ presunto, queijo muçarela e requeijão",,,,,,,,,,,,,,,,,,,,,,,,,,,,,,,,,,,,,,,,,,,,,,,,,
"Sanduíche, pão forma integral c/ presunto, queijo muçarela, alface, tomate e ovo frito , c/ maionese",,,,,,,,,,,,,,,,,,,,,,,,,,,,,,,,,,,,,,,,,,,,,,,,,
"Sanduíche, pão forma integral c/ presunto, queijo muçarela, alface, tomate, maionese e ovo frito",,,,,,,,,,,,,,,,,,,,,,,,,,,,,,,,,,,,,,,,,,,,,,,,,
"Sanduíche, pão forma integral c/ queijo minas frescal, alface americana, atum em conserva em conserva, tomate e molho de iogurte",,,,,,,,,,,,,,,,,,,,,,,,,,,,,,,,,,,,,,,,,,,,,,,,,
"Sanduíche, pão forma integral c/ queijo minas frescal, alface americana, tomate, peito de peru defumado, pepino e maionese",,,,,,,,,,,,,,,,,,,,,,,,,,,,,,,,,,,,,,,,,,,,,,,,,
"Sanduíche, pão forma integral c/ queijo minas frescal, alface americana, tomate, peito de peru defumado, pepino e molho de iogurte",,,,,,,,,,,,,,,,,,,,,,,,,,,,,,,,,,,,,,,,,,,,,,,,,
"Sanduíche, pão forma integral c/ queijo minas frescal, c/ alface americana, atum em conserva em conserva, tomate e maionese",,,,,,,,,,,,,,,,,,,,,,,,,,,,,,,,,,,,,,,,,,,,,,,,,
"Sanduíche, pão forma integral c/ queijo minas frescal, c/ alface americana, cenoura crua, tomate e maionese",,,,,,,,,,,,,,,,,,,,,,,,,,,,,,,,,,,,,,,,,,,,,,,,,
"Sanduíche, pão forma integral c/ queijo minas frescal, c/ alface americana, cenoura crua, tomate e molho de iogurte",,,,,,,,,,,,,,,,,,,,,,,,,,,,,,,,,,,,,,,,,,,,,,,,,
"Sanduíche, pão forma integral c/ queijo minas frescal, rúcula, maionese de frango com maçã",,,,,,,,,,,,,,,,,,,,,,,,,,,,,,,,,,,,,,,,,,,,,,,,,
"Sanduíche, pão forma integral c/ queijo minas frescal, rúcula, molho de iogurte com frango e maçã",,,,,,,,,,,,,,,,,,,,,,,,,,,,,,,,,,,,,,,,,,,,,,,,,
"Sanduíche, pão forma integral c/ queijo prato e maionese",,,,,,,,,,,,,,,,,,,,,,,,,,,,,,,,,,,,,,,,,,,,,,,,,
"Sanduíche, pão forma integral c/presunto, queijo muçarela, alface, tomate e ovo frito",,,,,,,,,,,,,,,,,,,,,,,,,,,,,,,,,,,,,,,,,,,,,,,,,
"Sanduíche, pão forma integral, c/ presunto e queijo muçarela",,,,,,,,,,,,,,,,,,,,,,,,,,,,,,,,,,,,,,,,,,,,,,,,,
"Sanduíche, pão forma integral, c/ presunto, queijo muçarela e maionese",,,,,,,,,,,,,,,,,,,,,,,,,,,,,,,,,,,,,,,,,,,,,,,,,
"Sanduíche, pão forma integral, c/ presunto, queijo muçarela e manteiga",,,,,,,,,,,,,,,,,,,,,,,,,,,,,,,,,,,,,,,,,,,,,,,,,
"Sanduíche, pão forma integral, c/ presunto, queijo muçarela e margarina",,,,,,,,,,,,,,,,,,,,,,,,,,,,,,,,,,,,,,,,,,,,,,,,,
"Sanduíche, pão forma integral, c/ queijo muçarela",,,,,,,,,,,,,,,,,,,,,,,,,,,,,,,,,,,,,,,,,,,,,,,,,
"Sanduíche, pão forma integral, c/ queijo muçarela e maionese",,,,,,,,,,,,,,,,,,,,,,,,,,,,,,,,,,,,,,,,,,,,,,,,,
"Sanduíche, pão forma integral, c/ queijo muçarela e manteiga",,,,,,,,,,,,,,,,,,,,,,,,,,,,,,,,,,,,,,,,,,,,,,,,,
"Sanduíche, pão forma integral, c/ queijo muçarela e margarina",,,,,,,,,,,,,,,,,,,,,,,,,,,,,,,,,,,,,,,,,,,,,,,,,
"Sanduíche, pão forma integral, c/ queijo prato",,,,,,,,,,,,,,,,,,,,,,,,,,,,,,,,,,,,,,,,,,,,,,,,,
"Sanduíche, pão forma integral, c/ queijo prato e manteiga",,,,,,,,,,,,,,,,,,,,,,,,,,,,,,,,,,,,,,,,,,,,,,,,,
"Sanduíche, pão forma integral, c/ queijo prato e margarina",,,,,,,,,,,,,,,,,,,,,,,,,,,,,,,,,,,,,,,,,,,,,,,,,
"Sanduíche, pão forma integral, c/queijo prato e maionese",,,,,,,,,,,,,,,,,,,,,,,,,,,,,,,,,,,,,,,,,,,,,,,,,
"Sanduíche, pão forma tradicional c/ peito de frango grelhado, alface americana, cenoura crua e tomate",,,,,,,,,,,,,,,,,,,,,,,,,,,,,,,,,,,,,,,,,,,,,,,,,
"Sanduíche, pão forma tradicional c/ peito de frango grelhado, alface americana, cenoura crua, tomate e maionese",,,,,,,,,,,,,,,,,,,,,,,,,,,,,,,,,,,,,,,,,,,,,,,,,
"Sanduíche, pão forma tradicional c/ peito de frango grelhado, alface americana, cenoura crua, tomate e molho de iogurte",,,,,,,,,,,,,,,,,,,,,,,,,,,,,,,,,,,,,,,,,,,,,,,,,
"Sanduíche, pão forma tradicional c/ peito de peru defumado and queijo minas frescal",,,,,,,,,,,,,,,,,,,,,,,,,,,,,,,,,,,,,,,,,,,,,,,,,
"Sanduíche, pão forma tradicional c/ peito de peru defumado and queijo muçarela",,,,,,,,,,,,,,,,,,,,,,,,,,,,,,,,,,,,,,,,,,,,,,,,,
"Sanduíche, pão forma tradicional c/ peito de peru defumado and queijo prato",,,,,,,,,,,,,,,,,,,,,,,,,,,,,,,,,,,,,,,,,,,,,,,,,
"Sanduíche, pão forma tradicional c/ peito de peru defumado, queijo minas frescal e maionese",,,,,,,,,,,,,,,,,,,,,,,,,,,,,,,,,,,,,,,,,,,,,,,,,
"Sanduíche, pão forma tradicional c/ peito de peru defumado, queijo minas frescal e manteiga",,,,,,,,,,,,,,,,,,,,,,,,,,,,,,,,,,,,,,,,,,,,,,,,,
"Sanduíche, pão forma tradicional c/ peito de peru defumado, queijo minas frescal e margarina",,,,,,,,,,,,,,,,,,,,,,,,,,,,,,,,,,,,,,,,,,,,,,,,,
"Sanduíche, pão forma tradicional c/ peito de peru defumado, queijo muçarela e maionese",,,,,,,,,,,,,,,,,,,,,,,,,,,,,,,,,,,,,,,,,,,,,,,,,
"Sanduíche, pão forma tradicional c/ peito de peru defumado, queijo muçarela e manteiga",,,,,,,,,,,,,,,,,,,,,,,,,,,,,,,,,,,,,,,,,,,,,,,,,
"Sanduíche, pão forma tradicional c/ peito de peru defumado, queijo muçarela e margarina",,,,,,,,,,,,,,,,,,,,,,,,,,,,,,,,,,,,,,,,,,,,,,,,,
"Sanduíche, pão forma tradicional c/ peito de peru defumado, queijo prato e maionese",,,,,,,,,,,,,,,,,,,,,,,,,,,,,,,,,,,,,,,,,,,,,,,,,
"Sanduíche, pão forma tradicional c/ peito de peru defumado, queijo prato e manteiga",,,,,,,,,,,,,,,,,,,,,,,,,,,,,,,,,,,,,,,,,,,,,,,,,
"Sanduíche, pão forma tradicional c/ peito de peru defumado, queijo prato e margarina",,,,,,,,,,,,,,,,,,,,,,,,,,,,,,,,,,,,,,,,,,,,,,,,,
"Sanduíche, pão forma tradicional c/ presunto e maionese",,,,,,,,,,,,,,,,,,,,,,,,,,,,,,,,,,,,,,,,,,,,,,,,,
"Sanduíche, pão forma tradicional c/ presunto e manteiga",,,,,,,,,,,,,,,,,,,,,,,,,,,,,,,,,,,,,,,,,,,,,,,,,
"Sanduíche, pão forma tradicional c/ presunto e margarina",,,,,,,,,,,,,,,,,,,,,,,,,,,,,,,,,,,,,,,,,,,,,,,,,
"Sanduíche, pão forma tradicional c/ presunto, queijo muçarela e cream cheese",,,,,,,,,,,,,,,,,,,,,,,,,,,,,,,,,,,,,,,,,,,,,,,,,
"Sanduíche, pão forma tradicional c/ presunto, queijo muçarela e maionese",,,,,,,,,,,,,,,,,,,,,,,,,,,,,,,,,,,,,,,,,,,,,,,,,
"Sanduíche, pão forma tradicional c/ presunto, queijo muçarela e manteiga",,,,,,,,,,,,,,,,,,,,,,,,,,,,,,,,,,,,,,,,,,,,,,,,,
"Sanduíche, pão forma tradicional c/ presunto, queijo muçarela e requeijão",,,,,,,,,,,,,,,,,,,,,,,,,,,,,,,,,,,,,,,,,,,,,,,,,
"Sanduíche, pão forma tradicional c/ queijo prato e maionese",,,,,,,,,,,,,,,,,,,,,,,,,,,,,,,,,,,,,,,,,,,,,,,,,
"Sanduíche, pão forma tradicional, c/ presunto, queijo muçarela e margarina",,,,,,,,,,,,,,,,,,,,,,,,,,,,,,,,,,,,,,,,,,,,,,,,,
"Sanduíche, pão francês c/ mortadela",,,,,,,,,,,,,,,,,,,,,,,,,,,,,,,,,,,,,,,,,,,,,,,,,
"Sanduíche, pão francês c/ mortadela e manteiga",,,,,,,,,,,,,,,,,,,,,,,,,,,,,,,,,,,,,,,,,,,,,,,,,
"Sanduíche, pão francês c/ mortadela e margarina",,,,,,,,,,,,,,,,,,,,,,,,,,,,,,,,,,,,,,,,,,,,,,,,,
"Sanduíche, pão francês c/ mortadela, queijo prato, rúcula e tomate",,,,,,,,,,,,,,,,,,,,,,,,,,,,,,,,,,,,,,,,,,,,,,,,,
"Sanduíche, pão francês c/ peito de peru defumado e queijo minas frescal",,,,,,,,,,,,,,,,,,,,,,,,,,,,,,,,,,,,,,,,,,,,,,,,,
"Sanduíche, pão francês c/ peito de peru defumado e queijo muçarela",,,,,,,,,,,,,,,,,,,,,,,,,,,,,,,,,,,,,,,,,,,,,,,,,
"Sanduíche, pão francês c/ peito de peru defumado e queijo prato",,,,,,,,,,,,,,,,,,,,,,,,,,,,,,,,,,,,,,,,,,,,,,,,,
"Sanduíche, pão francês c/ peito de peru defumado, queijo minas frescal e maionese",,,,,,,,,,,,,,,,,,,,,,,,,,,,,,,,,,,,,,,,,,,,,,,,,
"Sanduíche, pão francês c/ peito de peru defumado, queijo minas frescal e manteiga",,,,,,,,,,,,,,,,,,,,,,,,,,,,,,,,,,,,,,,,,,,,,,,,,
"Sanduíche, pão francês c/ peito de peru defumado, queijo minas frescal e margarina",,,,,,,,,,,,,,,,,,,,,,,,,,,,,,,,,,,,,,,,,,,,,,,,,
"Sanduíche, pão francês c/ peito de peru defumado, queijo muçarela e maionese",,,,,,,,,,,,,,,,,,,,,,,,,,,,,,,,,,,,,,,,,,,,,,,,,
"Sanduíche, pão francês c/ peito de peru defumado, queijo muçarela e manteiga",,,,,,,,,,,,,,,,,,,,,,,,,,,,,,,,,,,,,,,,,,,,,,,,,
"Sanduíche, pão francês c/ peito de peru defumado, queijo muçarela e margarina",,,,,,,,,,,,,,,,,,,,,,,,,,,,,,,,,,,,,,,,,,,,,,,,,
"Sanduíche, pão francês c/ peito de peru defumado, queijo prato e maionese",,,,,,,,,,,,,,,,,,,,,,,,,,,,,,,,,,,,,,,,,,,,,,,,,
"Sanduíche, pão francês c/ peito de peru defumado, queijo prato e manteiga",,,,,,,,,,,,,,,,,,,,,,,,,,,,,,,,,,,,,,,,,,,,,,,,,
"Sanduíche, pão francês c/ peito de peru defumado, queijo prato e margarina",,,,,,,,,,,,,,,,,,,,,,,,,,,,,,,,,,,,,,,,,,,,,,,,,
"Sanduíche, pão francês c/ presunto e manteiga",,,,,,,,,,,,,,,,,,,,,,,,,,,,,,,,,,,,,,,,,,,,,,,,,
"Sanduíche, pão francês c/ presunto e margarina (TBCA)",,,,,,,,,,,,,,,,,,,,,,,,,,,,,,,,,,,,,,,,,,,,,,,,,
"Sanduíche, pão francês c/ presunto e margarina (TBCA)",,,,,,,,,,,,,,,,,,,,,,,,,,,,,,,,,,,,,,,,,,,,,,,,,
"Sanduíche, pão francês c/ presunto e margarina (TBCA)",,,,,,,,,,,,,,,,,,,,,,,,,,,,,,,,,,,,,,,,,,,,,,,,,
"Sanduíche, pão francês c/ presunto, queijo muçarela e cream cheese",,,,,,,,,,,,,,,,,,,,,,,,,,,,,,,,,,,,,,,,,,,,,,,,,
"Sanduíche, pão francês c/ presunto, queijo muçarela e requeijão",,,,,,,,,,,,,,,,,,,,,,,,,,,,,,,,,,,,,,,,,,,,,,,,,
"Sanduíche, pão francês c/ queijo minas frescal",,,,,,,,,,,,,,,,,,,,,,,,,,,,,,,,,,,,,,,,,,,,,,,,,
"Sanduíche, pão francês c/ queijo muçarela",,,,,,,,,,,,,,,,,,,,,,,,,,,,,,,,,,,,,,,,,,,,,,,,,
"Sanduíche, pão francês c/ salame (TBCA)",,,,,,,,,,,,,,,,,,,,,,,,,,,,,,,,,,,,,,,,,,,,,,,,,
"Sanduíche, pão francês c/ salame (TBCA)",,,,,,,,,,,,,,,,,,,,,,,,,,,,,,,,,,,,,,,,,,,,,,,,,
"Sanduíche, pão francês c/ salame e manteiga",,,,,,,,,,,,,,,,,,,,,,,,,,,,,,,,,,,,,,,,,,,,,,,,,
"Sanduíche, pão francês c/ salame e margarina",,,,,,,,,,,,,,,,,,,,,,,,,,,,,,,,,,,,,,,,,,,,,,,,,
"Sanduíche, pão francês, c/ presunto e queijo muçarela",,,,,,,,,,,,,,,,,,,,,,,,,,,,,,,,,,,,,,,,,,,,,,,,,
"Sanduíche, pão francês, c/ presunto, queijo muçarela e maionese",,,,,,,,,,,,,,,,,,,,,,,,,,,,,,,,,,,,,,,,,,,,,,,,,
"Sanduíche, pão francês, c/ presunto, queijo muçarela e manteiga",,,,,,,,,,,,,,,,,,,,,,,,,,,,,,,,,,,,,,,,,,,,,,,,,
"Sanduíche, pão francês, c/ presunto, queijo muçarela e margarina",,,,,,,,,,,,,,,,,,,,,,,,,,,,,,,,,,,,,,,,,,,,,,,,,
"Sanduíche, pão francês, c/ presunto, queijo muçarela, alface e tomate",,,,,,,,,,,,,,,,,,,,,,,,,,,,,,,,,,,,,,,,,,,,,,,,,
"Sanduíche, pão francês, c/ presunto, queijo muçarela, alface, tomate e maionese",,,,,,,,,,,,,,,,,,,,,,,,,,,,,,,,,,,,,,,,,,,,,,,,,
"Sanduíche, pão francês, c/ queijo minas frescal e manteiga",,,,,,,,,,,,,,,,,,,,,,,,,,,,,,,,,,,,,,,,,,,,,,,,,
"Sanduíche, pão francês, c/ queijo muçarela e maionese",,,,,,,,,,,,,,,,,,,,,,,,,,,,,,,,,,,,,,,,,,,,,,,,,
"Sanduíche, pão francês, c/ queijo muçarela e manteiga",,,,,,,,,,,,,,,,,,,,,,,,,,,,,,,,,,,,,,,,,,,,,,,,,
"Sanduíche, pão francês, c/ queijo muçarela e margarina",,,,,,,,,,,,,,,,,,,,,,,,,,,,,,,,,,,,,,,,,,,,,,,,,
"Sanduíche, pão francês, c/ queijo prato",,,,,,,,,,,,,,,,,,,,,,,,,,,,,,,,,,,,,,,,,,,,,,,,,
"Sanduíche, pão francês, c/ queijo prato e maionese",,,,,,,,,,,,,,,,,,,,,,,,,,,,,,,,,,,,,,,,,,,,,,,,,
"Sanduíche, pão francês, c/ queijo prato e manteiga",,,,,,,,,,,,,,,,,,,,,,,,,,,,,,,,,,,,,,,,,,,,,,,,,
"Sanduíche, pão francês, c/ queijo prato e margarina",,,,,,,,,,,,,,,,,,,,,,,,,,,,,,,,,,,,,,,,,,,,,,,,,
"Sanduíche, peito de frango grelhado (pão de hambúrguer)",,,,,,,,,,,,,,,,,,,,,,,,,,,,,,,,,,,,,,,,,,,,,,,,,
"Sanduíche, peito de frango grelhado (pão de hambúrguer) , c/ alface e tomate",,,,,,,,,,,,,,,,,,,,,,,,,,,,,,,,,,,,,,,,,,,,,,,,,
"Sanduíche, peito de frango grelhado (pão de hambúrguer) , c/ alface, tomate e maionese",,,,,,,,,,,,,,,,,,,,,,,,,,,,,,,,,,,,,,,,,,,,,,,,,
"Sanduíche, peito de frango grelhado (pão de hambúrguer) , c/ catchup, mostarda e maionese",,,,,,,,,,,,,,,,,,,,,,,,,,,,,,,,,,,,,,,,,,,,,,,,,
"Sanduíche, peito de frango grelhado (pão de hambúrguer) , c/ queijo prato",,,,,,,,,,,,,,,,,,,,,,,,,,,,,,,,,,,,,,,,,,,,,,,,,
"Sanduíche, peito de frango grelhado (pão de hambúrguer) , c/ queijo prato e maionese",,,,,,,,,,,,,,,,,,,,,,,,,,,,,,,,,,,,,,,,,,,,,,,,,
"Sanduíche, peito de frango grelhado (pão de hambúrguer) , c/ queijo prato, alface e tomate (TBCA)",,,,,,,,,,,,,,,,,,,,,,,,,,,,,,,,,,,,,,,,,,,,,,,,,
"Sanduíche, peito de frango grelhado (pão de hambúrguer) , c/ queijo prato, alface e tomate (TBCA)",,,,,,,,,,,,,,,,,,,,,,,,,,,,,,,,,,,,,,,,,,,,,,,,,
"Sanduíche, peito de frango grelhado (pão de hambúrguer) , c/ queijo prato, cebola e pepino",,,,,,,,,,,,,,,,,,,,,,,,,,,,,,,,,,,,,,,,,,,,,,,,,
"Sanduíche, peito de frango grelhado (pão de hambúrguer), c/ maionese",,,,,,,,,,,,,,,,,,,,,,,,,,,,,,,,,,,,,,,,,,,,,,,,,
Sapoti,,,,,,,,,,,,,,,,,,,,,,,,,,,,,,,,,,,,,,,,,,,,,,,,,
Sarapatel (TACO),,,,,,,,,,,,,,,,,,,,,,,,,,,,,,,,,,,,,,,,,,,,,,,,,
Sarapatel (Tucunduva),,,,,,,,,,,,,,,,,,,,,,,,,,,,,,,,,,,,,,,,,,,,,,,,,
Sarapatel de tartaruga,,,,,,,,,,,,,,,,,,,,,,,,,,,,,,,,,,,,,,,,,,,,,,,,,
Sarapatel suíno fresco,VISCERAS,,,,,,,,,,,,,,,,,,,,,,,,,,,,,,,,,,,,,,,,,,,,,,,,
"Sarapatel, c/ miúdos de porco, c/ temperos, c/ sal",,,,,,,,,,,,,,,,,,,,,,,,,,,,,,,,,,,,,,,,,,,,,,,,,
Sardinha (assada),,,,,,,,,,,,,,,,,,,,,,,,,,,,,,,,,,,,,,,,,,,,,,,,,
Sardinha (frita),,,,,,,,,,,,,,,,,,,,,,,,,,,,,,,,,,,,,,,,,,,,,,,,,
Sardinha em conserva,CONSERVAS,,,,,,,,,,,,,,,,,,,,,,,,,,,,,,,,,,,,,,,,,,,,,,,,
Sardinha em molho de tomate- Coqueiro®,,,,,,,,,,,,,,,,,,,,,,,,,,,,,,,,,,,,,,,,,,,,,,,,,
Sardinha em óleo -Coqueiro®,,,,,,,,,,,,,,,,,,,,,,,,,,,,,,,,,,,,,,,,,,,,,,,,,
Sardinha enlatada com molhode tomate,,,,,,,,,,,,,,,,,,,,,,,,,,,,,,,,,,,,,,,,,,,,,,,,,
Sardinha escabeche,,,,,,,,,,,,,,,,,,,,,,,,,,,,,,,,,,,,,,,,,,,,,,,,,
Sardinha inteira (crua),,,,,,,,,,,,,,,,,,,,,,,,,,,,,,,,,,,,,,,,,,,,,,,,,
"Sardinha, assada",,,,,,,,,,,,,,,,,,,,,,,,,,,,,,,,,,,,,,,,,,,,,,,,,
"Sardinha, conserva em óleo",,,,,,,,,,,,,,,,,,,,,,,,,,,,,,,,,,,,,,,,,,,,,,,,,
"Sardinha, frita",,,,,,,,,,,,,,,,,,,,,,,,,,,,,,,,,,,,,,,,,,,,,,,,,
"Sardinha, inteira, crua",,,,,,,,,,,,,,,,,,,,,,,,,,,,,,,,,,,,,,,,,,,,,,,,,
Sarolho,,,,,,,,,,,,,,,,,,,,,,,,,,,,,,,,,,,,,,,,,,,,,,,,,
Sarrabulho,,,,,,,,,,,,,,,,,,,,,,,,,,,,,,,,,,,,,,,,,,,,,,,,,
Sashimi de atum,,,,,,,,,,,,,,,,,,,,,,,,,,,,,,,,,,,,,,,,,,,,,,,,,
Sashimi de salmão,,,,,,,,,,,,,,,,,,,,,,,,,,,,,,,,,,,,,,,,,,,,,,,,,
Schimier de cana,,,,,,,,,,,,,,,,,,,,,,,,,,,,,,,,,,,,,,,,,,,,,,,,,
Schimier de fruta (exceto de cana),,,,,,,,,,,,,,,,,,,,,,,,,,,,,,,,,,,,,,,,,,,,,,,,,
Seleta (jardineira),,,,,,,,,,,,,,,,,,,,,,,,,,,,,,,,,,,,,,,,,,,,,,,,,
Seleta de legumes emconserva - Jurema®,,,,,,,,,,,,,,,,,,,,,,,,,,,,,,,,,,,,,,,,,,,,,,,,,
"Seleta de legumes, enlatada",,,,,,,,,,,,,,,,,,,,,,,,,,,,,,,,,,,,,,,,,,,,,,,,,
Sembereba,,,,,,,,,,,,,,,,,,,,,,,,,,,,,,,,,,,,,,,,,,,,,,,,,
Semente de abóbora com sal,,,,,,30,,15,,,,,,,,,,,,,,,,,,,,,,,,,,,,,,,,,,,,,,,,,
Semente de abóbora sem sal,,,,,,30,,15,,,,,,,,,,,,,,,,,,,,,,,,,,,,,,,,,,,,,,,,,
Semente de girassol,,,,,,30,,15,,,,,,,,,,,,,,,,,,,,,,,,,,,,,,,,,,,,,,,,,
Semente de linhaça,OLEAGINOSAS,,,,,30,,15,,,,,,,,,,,,,,,,,,,,,,,,,,,,,,,,,,,,,,,,,
Sequilho,,,,,,,,,,,,,,,,,,,,,,,,,,,,,,,,,,,,,,,,,,,,,,,,,
Serralha (refogada),,,,,,,,,,,,,,,,,,,,,,,,,,,,,,,,,,,,,,,,,,,,,,,,,
Serralha cozido(a),,,,,,,,,,,,,,,,,,,,,,,,,,,,,,,,,,,,,,,,,,,,,,,,,
Serralha cru(a),,,,,,,,,,,,,,,,,,,,,,,,,,,,,,,,,,,,,,,,,,,,,,,,,
Serralha refogado(a),,,,,,,,,,,,,,,,,,,,,,,,,,,,,,,,,,,,,,,,,,,,,,,,,
"Serralha, crua",,,,,,,,,,,,,,,,,,,,,,,,,,,,,,,,,,,,,,,,,,,,,,,,,
Shimeji,,,,,,,,,,,,,,,,,,,,,,,,,,,,,,,,,,,,,,,,,,,,,,,,,
Shitake,,,,,,,,,,,,,,,,,,,,,,,,,,,,,,,,,,,,,,,,,,,,,,,,,
Shoyo,CONDIMENTOS,,,,,,,,,,,,,,,,,,,,,,,,,,,,,,,,,,,,,,,,,,,,,,,,
Shoyu,,,,,,,,,,,,,,,,,,,,,,,,,,,,,,,,,,,,,,,,,,,,,,,,,
Shoyu - Sakura®,,,,,,,,,,,,,,,,,,,,,,,,,,,,,,,,,,,,,,,,,,,,,,,,,
Shoyu light - Sakura®,,,,,,,,,,,,,,,,,,,,,,,,,,,,,,,,,,,,,,,,,,,,,,,,,
Sidra champanhe,,,,,,,,,,,,,,,,,,,,,,,,,,,,,,,,,,,,,,,,,,,,,,,,,
Siri cozido(a),PESCADOS/FRUTOS DO MAR,,,,,,,,,,,,,,,,,,,,,,,,,,,,,,,,,,,,,,,,,,,,,,,,
Siri empanado(a)/a milanesa,PESCADOS/FRUTOS DO MAR,,,,,,,,,,,,,,,,,,,,,,,,,,,,,,,,,,,,,,,,,,,,,,,,
Siri refogado(a),PESCADOS/FRUTOS DO MAR,,,,,,,,,,,,,,,,,,,,,,,,,,,,,,,,,,,,,,,,,,,,,,,,
Sobrecoxa de frango com pele(assada),,,,,,,,,,,,,,,,,,,,,,,,,,,65,,,,,,,,,,,,,,,,,,,,,,
Sobrecoxa de frango com pele(crua),,,,,,,,,,,,,,,,,,,,,,,,,,,65,,,,,,,,,,,,,,,,,,,,,,
Sobrecoxa de frango cozidacom molho de tomate,,,,,,,,,,,,,,,,,,,,,,,,,,,65,,,,,,,,,,,,,,,,,,,,,,
Sobrecoxa de frango cozidasem pele com molho de tomate,,,,,,,,,,,,,,,,,,,,,,,,,,,65,,,,,,,,,,,,,,,,,,,,,,
Sobrecoxa de frango sem pele(assada),,,,,,,,,,,,,,,,,,,,,,,,,,,65,,,,,,,,,,,,,,,,,,,,,,
Sobrecoxa de frango sem pele(crua),,,,,,,,,,,,,,,,,,,,,,,,,,,65,,,,,,,,,,,,,,,,,,,,,,
Sobremesa de qualquer tipo (exceto infantil),AÇUCARES/CONFEITARIA,,,,,,,,,,,,,,,,,,,,,,,,,,,,,,,,,,,,,,,,,,,,,,,,
Soja (cozida),,,,,,,,,,,,,,,,,,,,,,,,,,,,,,,,,,,,,,,,,,,,,,,,,
Soja (crua),,,,,,,,,,,,,,,,,,,,,,,,,,,,,,,,,,,,,,,,,,,,,,,,,
Soja à grega,,,,,,,,,,,,,,,,,,,,,,,,,,,,,,,,,,,,,,,,,,,,,,,,,
Soja em grão,LEGUMINOSAS,,,,,43,29,24,57,,,,,,,,,,,,,,,,,,,,,,,,,,,,,,,,,,,,,,,,
Soja em grãos - Mais Vita®,,,,,,43,29,24,57,,,,,,,,,,,,,,,,,,,,,,,,,,,,,,,,,,,,,,,,
"Soja, extrato solúvel, natural, fluido",,,,,,38,36,18,,,4,2,8,,,,,,,,,,,,,,,,,,,,,,,,,,,,,,,,,,,,
"Soja, extrato solúvel, pó",,,,,,38,36,18,,,4,2,8,,,,,,,,,,,,,,,,,,,,,,,,,,,,,,,,,,,,
"Soja, extrato, bebida (média diferentes sabores)",,,,,,,,,,,,,,,,,,,,,,,,,,,,,,,,,,,,,,,,,,,,,,,,,
"Soja, extrato, bebida natural, fluído (méida diferentes amostras)",,,,,,,,,,,,,,,,,,,,,,,,,,,,,,,,,,,,,,,,,,,,,,,,,
"Soja, extrato, c/suco de abacaxi, ""Tonyu""",,,,,,,,,,,,,,,,,,,,,,,,,,,,,,,,,,,,,,,,,,,,,,,,,
"Soja, extrato, c/suco de maçã, ""Tonyu""",,,,,,,,,,,,,,,,,,,,,,,,,,,,,,,,,,,,,,,,,,,,,,,,,
"Soja, extrato, c/suco de maracujá, ""Tonyu""",,,,,,,,,,,,,,,,,,,,,,,,,,,,,,,,,,,,,,,,,,,,,,,,,
"Soja, extrato, c/suco de morango, ""Tonyu""",,,,,,,,,,,,,,,,,,,,,,,,,,,,,,,,,,,,,,,,,,,,,,,,,
"Soja, extrato, solúvel, pó",,,,,,38,36,18,,,4,2,8,,,,,,,,,,,,,,,,,,,,,,,,,,,,,,,,,,,,
"Soja, farinha",,,,,,38,36,18,,,4,2,8,,,,,,,,,,,,,,,,,,,,,,,,,,,,,,,,,,,,
"Soja, farinha, c/ casca, desengordurada, Glycine max L.",,,,,,38,36,18,,,4,2,8,,,,,,,,,,,,,,,,,,,,,,,,,,,,,,,,,,,,
"Soja, farinha, c/ casca, Glycine max L.",,,,,,38,36,18,,,4,2,8,,,,,,,,,,,,,,,,,,,,,,,,,,,,,,,,,,,,
"Soja, farinha, s/ casca, Glycine max L. (média diferentes variedades)",,,,,,38,36,18,,,4,2,8,,,,,,,,,,,,,,,,,,,,,,,,,,,,,,,,,,,,
"Soja, grão, descascada, cozida, Glycine max L. Merril",,,,,,43,29,24,57,,,,,,,,,,,,,,,,,,,,,,,,,,,,,,,,,,,,,,,,
"Soja, grão, Glycine max L. Merril (média diferentes variedades)",,,,,,43,29,24,57,,,,,,,,,,,,,,,,,,,,,,,,,,,,,,,,,,,,,,,,
"Soja, grão, orgânica, cozida, Glycine max L. Merril",,,,,,43,29,24,57,,,,,,,,,,,,,,,,,,,,,,,,,,,,,,,,,,,,,,,,
"Soja, grão, s/ pele, tostada, moída, Glycine max L. Merril",,,,,,43,29,24,57,,,,,,,,,,,,,,,,,,,,,,,,,,,,,,,,,,,,,,,,
"Soja, grão, seco em estufa, Glycine max L. Merril",,,,,,43,29,24,57,,,,,,,,,,,,,,,,,,,,,,,,,,,,,,,,,,,,,,,,
"Soja, grão, torrada, Glycine max L. Merril",,,,,,43,29,24,57,,,,,,,,,,,,,,,,,,,,,,,,,,,,,,,,,,,,,,,,
"Soja, proteína, texturizada, Glycine max L. Merril",,,,,,,,,,,,,,,,,,,,,,,,,,,,,,,,,,,,,,,,,,,,,,,,,
"Soja, queijo (tofu)",,,,,,,,,,,,,,,,,,,,,,,,,,,,,,,,,,,,,,,,,,,,,,,,,
"Soja, tofu",,,,,,,,,,,,,,,,,,,,,,,,,,,,,,,,,,,,,,,,,,,,,,,,,
Solda,,,,,,,,,,,,,,,,,,,,,,,,,,,,,,,,,,,,,,,,,,,,,,,,,
Sonho,AÇUCARES/CONFEITARIA,,,,,,,,,,,,,,,,,,,,,,,,,,,,,,,,,,,,,,,,,,,,,,,,
"Sonho, frito, c/ creme",,,,,,,,,,,,,,,,,,,,,,,,,,,,,,,,,,,,,,,,,,,,,,,,,
"Sopa (legumes, carne, etc)",SOPAS/CALDOS/MINGAUS,,,,,,,,,,,,,,,,,,,,,,,,,,,,,,,,,,,,,,,,,,,,,,,,
Sopa creme de cebola -Knorr®,,,,,,,,,,,,,,,,,,,,,,,,,,,,,,,,,,,,,,,,,,,,,,,,,
Sopa creme de cebola -Maggi®,,,,,,,,,,,,,,,,,,,,,,,,,,,,,,68,,,,,,,,,,,,,,,,,,,
Sopa creme de ervilha,,,,,,,,,,,,,,,,,,,,,,,,,,,,,,,,,,,,,,,,,,,,,,,,,
Sopa creme de ervilha ebacon - Knorr®,,,,,,,,,,,,,,,,,,,,,,,,,,,,,,,,,,,,,,,,,,,,,,,,,
Sopa creme de ervilha ebacon - Maggi®,,,,,,,,,,,,,,,,,,,,,,,,,,,,,,,,,,,,,,,,,,,,,,,,,
Sopa creme de galinha -Knorr®,,,,,,,,,,,,,,,,,,,,,,,,,,,,,,,,,,,,,,,,,,,,,,,,,
Sopa creme de legumes -Knorr®,,,,,,,,,,,,,,,,,,,,,,,,,,,,,,,,,,,,,,,,,,,,,,,,,
Sopa creme de queijo -Knorr®,,,,,,,,,,,,,,,,,,,,,,,,,,,,,,,,,,,,,,,,,,,,,,,,,
Sopa creme de tomate,,,,,,,,,,,,,,,,,,,,,,,,,,,,,,,,,,,,,,,,,,,,,,,,,
Sopa de carne com pinhão,,,,,,,,,,,,,,,,,,,,,,,,,,,,,,,,,,,,,,,,,,,,,,,,,
Sopa de carne conchinha -Maggi®,,,,,,,,,,,,,,,,,,,,,,,,,,,,,,63,,,,,,,,,,,,,,,,,,,
Sopa de carne espaguetinho- Maggi®,,,,,,,,,,,,,,,,,,,,,,,,,,,,,,,,,,,,,,,,,,,,,,,,,
"Sopa de carne, macarrão elegumes Sopão - Knorr®",,,,,,,,,,,,,,,,,,,,,,,,,,,,,,,,,,,,,,,,,,,,,,,,,
"Sopa de carne, macarrão elegumes Sopão - Maggi®",,,,,,,,,,,,,,,,,,,,,,,,,,,,,,200,,,,,,,,,,,,,,,,,,,
Sopa de cebola - Maggi®,,,,,,,,,,,,,,,,,,,,,,,,,,,,,,68,,,,,,,,,,,,,,,,,,,
Sopa de feijão branco,,,,,,,,,,,,,,,,,,,,,,,,,,,,,,,,,,,,,,,,,,,,,,,,,
Sopa de feijão com macarrão,,,,,,,,,,,,,,,,,,,,,,,,,,,,,,,,,,,,,,,,,,,,,,,,,
"Sopa de feijão, macarrão ecouve Sopão - Knorr(R)",,,,,,,,,,,,,,,,,,,,,,,,,,,,,,,,,,,,,,,,,,,,,,,,,
Sopa de fruta-pão,,,,,,,,,,,,,,,,,,,,,,,,,,,,,,,,,,,,,,,,,,,,,,,,,
Sopa de galinha com arroz elegumes Canjão - Knorr®,,,,,,,,,,,,,,,,,,,,,,,,,,,,,,,,,,,,,,,,,,,,,,,,,
Sopa de galinha com arroz elegumes Canjão - Maggi®,,,,,,,,,,,,,,,,,,,,,,,,,,,,,,70,,,,,,,,,,,,,,,,,,,
Sopa de galinha com arroz -Maggi4b,,,,,,,,,,,,,,,,,,,,,,,,,,,,,,70,,,,,,,,,,,,,,,,,,,
Sopa de galinha fideline -Maggi®,,,,,,,,,,,,,,,,,,,,,,,,,,,,,,60,,,,,,,,,,,,,,,,,,,
"Sopa de galinha, macarrão elegumes Sopão - Knorr®",,,,,,,,,,,,,,,,,,,,,,,,,,,,,,,,,,,,,,,,,,,,,,,,,
"Sopa de galinha, macarrão elegumes Sopão - Maggi®",,,,,,,,,,,,,,,,,,,,,,,,,,,,,,60,,,,,,,,,,,,,,,,,,,
Sopa de legumes e macarrão,,,,,,,,,,,,,,,,,,,,,,,,,,,,,,,,,,,,,,,,,,,,,,,,,
"Sopa de legumes, carne emacarrão",,,,,,,,,,,,,,,,,,,,,,,,,,,,,,,,,,,,,,,,,,,,,,,,,
Sopa de pinhão,,,,,,,,,,,,,,,,,,,,,,,,,,,,,,,,,,,,,,,,,,,,,,,,,
Sopa infantil com carne,,,,,,,,,,,,,,,,,,,,,,,,,,,,,,,,,,,,,,,,,,,,,,,,,
Sopa infantil sem carne,,,,,,,,,,,,,,,,,,,,,,,,,,,,,,,,,,,,,,,,,,,,,,,,,
"Sopa, Canjão (galinha c/ arroz e legumes), desidratada, ""Maggi""",,,,,,,,,,,,,,,,,,,,,,,,,,,,,,200,,,,,,,,,,,,,,,,,,,
"Sopa, carne, c/ macarrão e legumes, desidratada, ""Maggi""",,,,,,,,,,,,,,,,,,,,,,,,,,,,,,200,,,,,,,,,,,,,,,,,,,
"Sopa, cebola, desidratada, ""Maggi""",,,,,,,,,,,,,,,,,,,,,,,,,,,,,,68,,,,,,,,,,,,,,,,,,,
"Sopa, creme de cebola, desidratada, ""Maggi""",,,,,,,,,,,,,,,,,,,,,,,,,,,,,,68,,,,,,,,,,,,,,,,,,,
"Sopa, creme de evilhas , c/ bacon, desidratada, ""Maggi""",,,,,,,,,,,,,,,,,,,,,,,,,,,,,,68,,,,,,,,,,,,,,,,,,,
"Sopa, creme de galinha, desidratada, ""Maggi""",,,,,,,,,,,,,,,,,,,,,,,,,,,,,,68,,,,,,,,,,,,,,,,,,,
"Sopa, desidratada, (média diferentes sabores)",,,,,,,,,,,,,,,,,,,,,,,,,,,,,,,,,,,,,,,,,,,,,,,,,
"Sopa, galinha, c/ macarrão e legumes, desidratada, ""Maggi""",,,,,,,,,,,,,,,,,,,,,,,,,,,,,,200,,,,,,,,,,,,,,,,,,,
Sopinha com pedaços carne elegumes - Nestlé baby®,,,,,,,,,,,,,,,,,,,,,,,,,,,,,,170,115,,,,,,,,,,,,,,,,,,
"Sopinha com pedaços carne, caldo de feijão e arroz -Nestlé baby®",,,,,,,,,,,,,,,,,,,,,,,,,,,,,,170,115,,,,,,,,,,,,,,,,,,
"Sopinha com pedaços carne, legumes e macarrão - Nestlé baby®",,,,,,,,,,,,,,,,,,,,,,,,,,,,,,170,115,,,,,,,,,,,,,,,,,,
Sopinha com pedaços galinhae legumes - Nestlé baby®,,,,,,,,,,,,,,,,,,,,,,,,,,,,,,170,115,,,,,,,,,,,,,,,,,,
"Sopinha desidratada carne, legumes e macarrão - Nestlé baby®",,,,,,,,,,,,,,,,,,,,,,,,,,,,,,170,115,,,,,,,,,,,,,,,,,,
Sopinha desidratada compedaços carne com legumes - Nestlé baby®,,,,,,,,,,,,,,,,,,,,,,,,,,,,,,170,115,,,,,,,,,,,,,,,,,,
"Sopinha desidratada compedaços carne, legumes e macarrão - Nestlé baby®",,,,,,,,,,,,,,,,,,,,,,,,,,,,,,170,115,,,,,,,,,,,,,,,,,,
Sopinha desidratada compedaços galinha com arroz - Nestlé haby®,,,,,,,,,,,,,,,,,,,,,,,,,,,,,,170,115,,,,,,,,,,,,,,,,,,
Sopinha desidratada cremosacarne com legumes - Nestlé baby®,,,,,,,,,,,,,,,,,,,,,,,,,,,,,,170,115,,,,,,,,,,,,,,,,,,
"Sopinha desidratada cremosacarne, legumes e macarrão - Nestlé baby®",,,,,,,,,,,,,,,,,,,,,,,,,,,,,,170,115,,,,,,,,,,,,,,,,,,
Sopinha desidratada cremosagalinha com arroz - Nestlé baby®,,,,,,,,,,,,,,,,,,,,,,,,,,,,,,170,115,,,,,,,,,,,,,,,,,,
Sopinha desidratada cremosalegumes - Nestlé baby®,,,,,,,,,,,,,,,,,,,,,,,,,,,,,,170,115,,,,,,,,,,,,,,,,,,
Sorvete crocante - LaBasque®,,,,,,60,,,,,,,,,,,,,,,,,,,,,,,,,,,,,,,,,,,,,,,,,,,
Sorvete de abacaxi-do-cerrado,,,,,,60,,,,,,,,,,,,,,,,,,,,,,,,,,,,,,,,,,,,,,,,,,,
Sorvete de gueroba,,,,,,60,,,,,,,,,,,,,,,,,,,,,,,,,,,,,,,,,,,,,,,,,,,
Sorvete de massa baunilha -Hãagen Dazs®,,,,,,60,,,,,,,,,,,,,,,,,,,,,,,,,,,,,,,,,,,,,,,,,,,
Sorvete de massa brigadeiroMoça - Nestlé®,,,,,,60,,,,,,,,,,,,,,,,,,,,,,,,,,,,,,,,,,,,,,,,,,,
Sorvete de massa Chicabon -Kibon®,,,,,,60,,,,,,,,,,,,,,,,,,,,,,,,,,,,,,,,,,,,,,,,,,,
Sorvete de massa chocolate -La Basque®,,,,,,60,,,,,,,,,,,,,,,,,,,,,,,,,,,,,,,,,,,,,,,,,,,
Sorvete de massa chocolate -Pão de Açúcar®,,,,,,60,,,,,,,,,,,,,,,,,,,,,,,,,,,,,,,,,,,,,,,,,,,
Sorvete de massa chocolate0% gordura Carte d'Or - Kibon®,,,,,,60,,,,,,,,,,,,,,,,,,,,,,,,,,,,,,,,,,,,,,,,,,,
Sorvete de massa chocolatecom amêndoas - La Basque®,,,,,,60,,,,,,,,,,,,,,,,,,,,,,,,,,,,,,,,,,,,,,,,,,,
Sorvete de massa chocolatecom cookies - Baden Baden®,,,,,,60,,,,,,,,,,,,,,,,,,,,,,,,,,,,,,,,,,,,,,,,,,,
Sorvete de massa chocolatecom raspas Carte d'Or - Kibon®,,,,,,60,,,,,,,,,,,,,,,,,,,,,,,,,,,,,,,,,,,,,,,,,,,
Sorvete de massa chocolatecom trufa - Baden Baden®,,,,,,60,,,,,,,,,,,,,,,,,,,,,,,,,,,,,,,,,,,,,,,,,,,
Sorvete de massa coco comnozes - La BasqueO,,,,,,60,,,,,,,,,,,,,,,,,,,,,,,,,,,,,,,,,,,,,,,,,,,
Sorvete de massa creme - Pãode Açúcar®,,,,,,60,,,,,,,,,,,,,,,,,,,,,,,,,,,,,,,,,,,,,,,,,,,
Sorvete de massa creme -Barateiro®,,,,,,60,,,,,,,,,,,,,,,,,,,,,,,,,,,,,,,,,,,,,,,,,,,
Sorvete de massa creme comcookies - Baden Baden®,,,,,,60,,,,,,,,,,,,,,,,,,,,,,,,,,,,,,,,,,,,,,,,,,,
Sorvete de massa creme -Kibon®,,,,,,60,,,,,,,,,,,,,,,,,,,,,,,,,,,,,,,,,,,,,,,,,,,
Sorvete de massa creme trufaCarte d'Or - Kibon®,,,,,,60,,,,,,,,,,,,,,,,,,,,,,,,,,,,,,,,,,,,,,,,,,,
Sorvete de massa cremecrocante - Baden Baden®,,,,,,60,,,,,,,,,,,,,,,,,,,,,,,,,,,,,,,,,,,,,,,,,,,
Sorvete de massa cremegourmet - Nestlé®,,,,,,60,,,,,,,,,,,,,,,,,,,,,,,,,,,,,,,,,,,,,,,,,,,
Sorvete de massa DiamanteNegro - Kibon®,,,,,,60,,,,,,,,,,,,,,,,,,,,,,,,,,,,,,,,,,,,,,,,,,,
Sorvete de massa doce de leitecom brownie - Baden Baden®,,,,,,60,,,,,,,,,,,,,,,,,,,,,,,,,,,,,,,,,,,,,,,,,,,
Sorvete de massa doce de leitecom nozes - La Basque®,,,,,,60,,,,,,,,,,,,,,,,,,,,,,,,,,,,,,,,,,,,,,,,,,,
Sorvete de massa flocos -Kibon®,,,,,,60,,,,,,,,,,,,,,,,,,,,,,,,,,,,,,,,,,,,,,,,,,,
Sorvete de massa flocosclassic - Nestlé®,,,,,,60,,,,,,,,,,,,,,,,,,,,,,,,,,,,,,,,,,,,,,,,,,,
Sorvete de massa flocosQualitá - Pão de Açúcar®,,,,,,60,,,,,,,,,,,,,,,,,,,,,,,,,,,,,,,,,,,,,,,,,,,
Sorvete de massa framboesaO% gordura Carte d'Or - Kibon®,,,,,,60,,,,,,,,,,,,,,,,,,,,,,,,,,,,,,,,,,,,,,,,,,,
Sorvete de massa Galak -Nestlé®,,,,,,60,,,,,,,,,,,,,,,,,,,,,,,,,,,,,,,,,,,,,,,,,,,
Sorvete de massa iogurte comfrutas vermelhas - Taeq®,,,,,,60,,,,,,,,,,,,,,,,,,,,,,,,,,,,,,,,,,,,,,,,,,,
Sorvete de massa Laka -Kibon®,,,,,,60,,,,,,,,,,,,,,,,,,,,,,,,,,,,,,,,,,,,,,,,,,,
Sorvete de massa macadâmia- Hãagen Dazs®,,,,,,60,,,,,,,,,,,,,,,,,,,,,,,,,,,,,,,,,,,,,,,,,,,
Sorvete de massa maracujá0% gordura Carte d'Or - Kibon®,,,,,,60,,,,,,,,,,,,,,,,,,,,,,,,,,,,,,,,,,,,,,,,,,,
Sorvete de massa morango -Hãagen Dazs®,,,,,,60,,,,,,,,,,,,,,,,,,,,,,,,,,,,,,,,,,,,,,,,,,,
Sorvete de massa morangoQualitá - Pão de Açúcar®,,,,,,60,,,,,,,,,,,,,,,,,,,,,,,,,,,,,,,,,,,,,,,,,,,
Sorvete de massa napolitano- Kibon®,,,,,,60,,,,,,,,,,,,,,,,,,,,,,,,,,,,,,,,,,,,,,,,,,,
Sorvete de massa napolitanoespecialidades - Nestlé®,,,,,,60,,,,,,,,,,,,,,,,,,,,,,,,,,,,,,,,,,,,,,,,,,,
Sorvete de massa napolitanoQualitá - Pão de Açúcar®,,,,,,60,,,,,,,,,,,,,,,,,,,,,,,,,,,,,,,,,,,,,,,,,,,
Sorvete de massa papaya comcassis Carte d'Or - Kibon®,,,,,,60,,,,,,,,,,,,,,,,,,,,,,,,,,,,,,,,,,,,,,,,,,,
Sorvete de massa passas aorum - Kibon®,,,,,,60,,,,,,,,,,,,,,,,,,,,,,,,,,,,,,,,,,,,,,,,,,,
Sorvete de massa pavê dechocolate Carte d'Or - Kíbon@,,,,,,60,,,,,,,,,,,,,,,,,,,,,,,,,,,,,,,,,,,,,,,,,,,
Sorvete de massa pavê decreme crocante Carte d'Or - Kibon®,,,,,,60,,,,,,,,,,,,,,,,,,,,,,,,,,,,,,,,,,,,,,,,,,,
Sorvete de massa pistachecom pistache torrado - La Basque®,,,,,,60,,,,,,,,,,,,,,,,,,,,,,,,,,,,,,,,,,,,,,,,,,,
Sorvete de massa prestígio -Nestlé®,,,,,,60,,,,,,,,,,,,,,,,,,,,,,,,,,,,,,,,,,,,,,,,,,,
Sorvete de massa torta demorango Carte d'Or - Kibon®,,,,,,60,,,,,,,,,,,,,,,,,,,,,,,,,,,,,,,,,,,,,,,,,,,
Sorvete de muriti,,,,,,60,,,,,,,,,,,,,,,,,,,,,,,,,,,,,,,,,,,,,,,,,,,
Sorvete de palito abacaxiFruttare - Kibon®,,,,,,,,,,,,,,,,,,,,,,,,,,,,,,60,,,,,,,,,,,,,,,,,,,
Sorvete de palito brigadeiro -Kibon®,,,,,,,,,,,,,,,,,,,,,,,,,,,,,,60,,,,,,,,,,,,,,,,,,,
Sorvete de palito brigadeiro -Nestlé®,,,,,,,,,,,,,,,,,,,,,,,,,,,,,,60,,,,,,,,,,,,,,,,,,,
Sorvete de palito chocolateChicabon - KibonO,,,,,,,,,,,,,,,,,,,,,,,,,,,,,,60,,,,,,,,,,,,,,,,,,,
Sorvete de palito coco Fruttare- Kibon,,,,,,,,,,,,,,,,,,,,,,,,,,,,,,60,,,,,,,,,,,,,,,,,,,
Sorvete de palito coco -Nestlé0,,,,,,,,,,,,,,,,,,,,,,,,,,,,,,60,,,,,,,,,,,,,,,,,,,
Sorvete de palito limãoFruttare - Kibon®,,,,,,,,,,,,,,,,,,,,,,,,,,,,,,60,,,,,,,,,,,,,,,,,,,
Sorvete de palito Mega -Nestlé®,,,,,,,,,,,,,,,,,,,,,,,,,,,,,,60,,,,,,,,,,,,,,,,,,,
Sorvete de palito morangoFruttare Caseiro - Kibon®,,,,,,,,,,,,,,,,,,,,,,,,,,,,,,60,,,,,,,,,,,,,,,,,,,
Sorvete de palito Tablito -Kibon®,,,,,,,,,,,,,,,,,,,,,,,,,,,,,,60,,,,,,,,,,,,,,,,,,,
Sorvete de palito uva FruttareKibon®,,,,,,,,,,,,,,,,,,,,,,,,,,,,,,60,,,,,,,,,,,,,,,,,,,
Sorvete de qualquer sabor industrializado,AÇUCARES/CONFEITARIA,,,,,,,,,,,,,,,,,,,,,,,,,,,,,60,,,,,,,,,,,,,,,,,,,
Sorvete de qualquer sabor industrializado diet,AÇUCARES/CONFEITARIA,,,,,,,,,,,,,,,,,,,,,,,,,,,,,60,,,,,,,,,,,,,,,,,,,
Sorvete de qualquer sabor industrializado light,AÇUCARES/CONFEITARIA,,,,,,,,,,,,,,,,,,,,,,,,,,,,,60,,,,,,,,,,,,,,,,,,,
Sorvete Eskibon - Kibon®,,,,,,,,,,,,,,,,,,,,,,,,,,,,,,48,,,,,,,,,,,,,,,,,,,
"Soup Lift - Batata-Baroa Com Couve Sachê, 1Uni/31G",,,,,,,,,,,,,,,,,,,,,,,,,,,,,,,,,,,,,,,,,,,,,,,,,
"Soup Lift - Batata-Baroa Com Couve, 10Sachês/31G",,,,,,,,,,,,,,,,,,,,,,,,,,,,,,,,,,,,,,,,,,,,,,,,,
"Soup Lift - Frango Com Batata-Doce Sachê, 1Uni/37G",,,,,,,,,,,,,,,,,,,,,,,,,,,,,,,,,,,,,,,,,,,,,,,,,
"Soup Lift - Frango Com Batata-Doce, 10Sachês/37G",,,,,,,,,,,,,,,,,,,,,,,,,,,,,,,,,,,,,,,,,,,,,,,,,
"Soup Lift - Tomate Com Cúrcuma Sachê, 1Uni/35G",,,,,,,,,,,,,,,,,,,,,,,,,,,,,,,,,,,,,,,,,,,,,,,,,
"Soup Lift - Tomate Com Cúrcuma, 10Sachês/35G",,,,,,,,,,,,,,,,,,,,,,,,,,,,,,,,,,,,,,,,,,,,,,,,,
Souvenaid,,,,,,,,,,,,,,,,,,,,,,,,,,,,,,,,,,,,,,,,,,,,,,,,,
Sportade® tangerina,,,,,,,,,,,,,,,,,,,,,,,,,,,,,,,,,,,,,,,,,,,,,,,,,
Sprit refrigerante tradicional,OUTRAS BEBIDAS,,,,,,,,,,,,,,,,,,,,,,,,,,,,,,,,,,,,,,,,,,,,,,,,
Sprite Zero - Mc Donald's0,,,,,,,,,,,,,,,,,,,,,,,,,,,,,,,,,,,,,,,,,,,,,,,,,
Steak de frango,CARNES INDUSTRIALIZADAS,,,,,100,,,,,,,,,,,,,,,,,,,,,,,,,,,,,,,,,,,,,,,,,,,
Steak de frango assado(a),CARNES INDUSTRIALIZADAS,,,,,100,,,,,,,,,,,,,,,,,,,,,,,,,,,,,,,,,,,,,,,,,,,
Steak de frango congelado -Aurora@,,,,,,100,,,,,,,,,,,,,,,,,,,,,,,,,,,,,,,,,,,,,,,,,,,
Steak de frango cozido(a),CARNES INDUSTRIALIZADAS,,,,,100,,,,,,,,,,,,,,,,,,,,,,,,,,,,,,,,,,,,,,,,,,,
Steak de frango empanado(a)/a milanesa,CARNES INDUSTRIALIZADAS,,,,,100,,,,,,,,,,,,,,,,,,,,,,,,,,,,,,,,,,,,,,,,,,,
Steak de frango frito(a),CARNES INDUSTRIALIZADAS,,,,,100,,,,,,,,,,,,,,,,,,,,,,,,,,,,,,,,,,,,,,,,,,,
Steak de frango grelhado(a)/brasa/churrasco,CARNES INDUSTRIALIZADAS,,,,,100,,,,,,,,,,,,,,,,,,,,,,,,,,,,,,,,,,,,,,,,,,,
Steak de peixe congeladoCosta Sul®,,,,,,100,,,,,,,,,,,,,,,,,,,,,,,,,,,,,,,,,,,,,,,,,,,
Steak empanado de frangocongelado - Perdigão®,,,,,,100,,,,,,,,,,,,,,,,,,,,,,,,,,,,,,,,,,,,,,,,,,,
Sticks de frango com presuntoe queijo congelados - Perdigão®,,,,,,,,,,,,,,,,,,,,,,,,,,,,,,,,,,,,,,,,,,,,,,,,,
Stiksy - Elma Chips®,,,,,,,,,,,,,,,,,,,,,,,,,,,,,,90,48,,,,,,,,,,,,,,,,,,
Stimulance,,,,,,,,,,,,,,,,,,,,,,,,,,,,,,,,,,,,,,,,,,,,,,,,,
Strogonoff,PREPARADOS,,,,,,,,,,,,,,,,,,,,,,,,,,,,,,,,,,,,,,,,,,,,,,,,
"Strogonoff, frango, congelado, ""Sadia""",,,,,,,,,,,,,,,,,,,,,,,,,,,,,,,,,,,,,,,,,,,,,,,,,
Sua suína cozido(a),OUTRAS CARNES,,100,90,35,75,70,30,140,70,,,,,,,,,,,,,,,,,,,,,,,,,,,,,,,,,,,,,,,
Sua suína frito(a),OUTRAS CARNES,,100,90,35,75,70,30,140,70,,,,,,,,,,,,,,,,,,,,,,,,,,,,,,,,,,,,,,,
Suco,OUTRAS BEBIDAS,,,,,,,,,,,,,150,240,300,,,,,,,,,,,,,,300,,,,,200,300,,,,,,,,,,,,,
Suco concentrado de caju -Maguary®,,,,,,,,,,,,,,150,240,300,,,,,,,,,,,,,,300,,,,,200,300,,,,,,,,,,,,,
Suco concentrado de caju -Serigy®*,,,,,,,,,,,,,,150,240,300,,,,,,,,,,,,,,300,,,,,200,300,,,,,,,,,,,,,
Suco de abacaxi,FRUTAS/SUCOS/VITAMINAS,,,,,,,,,,,,,150,240,300,,,,,,,,,,,,,,300,,,,,200,300,,,,,,,,,,,,,
Suco de abacaxi com açúcar,,,,,,,,,,,,,,150,240,300,,,,,,,,,,,,,,300,,,,,200,300,,,,,,,,,,,,,
Suco de abacaxi com hortelãe açúcar,,,,,,,,,,,,,,150,240,300,,,,,,,,,,,,,,300,,,,,200,300,,,,,,,,,,,,,
Suco de abacaxi com hortelãsem açúcar,,,,,,,,,,,,,,150,240,300,,,,,,,,,,,,,,300,,,,,200,300,,,,,,,,,,,,,
Suco de abacaxi orgânico,FRUTAS/SUCOS/VITAMINAS,,,,,,,,,,,,,150,240,300,,,,,,,,,,,,,,300,,,,,200,300,,,,,,,,,,,,,
Suco de abacaxi sem açúcar,,,,,,,,,,,,,,150,240,300,,,,,,,,,,,,,,300,,,,,200,300,,,,,,,,,,,,,
Suco de abacaxi Tonyu -Yakult®,,,,,,,,,,,,,,150,240,300,,,,,,,,,,,,,,300,,,,,200,300,,,,,,,,,,,,,
Suco de acerola,FRUTAS/SUCOS/VITAMINAS,,,,,,,,,,,,,150,240,300,,,,,,,,,,,,,,300,,,,,200,300,,,,,,,,,,,,,
Suco de acerola orgânico,FRUTAS/SUCOS/VITAMINAS,,,,,,,,,,,,,150,240,300,,,,,,,,,,,,,,300,,,,,200,300,,,,,,,,,,,,,
Suco de beterraba,FRUTAS/SUCOS/VITAMINAS,,,,,,,,,,,,,150,240,300,,,,,,,,,,,,,,300,,,,,200,300,,,,,,,,,,,,,
Suco de carambola,,,,,,,,,,,,,,150,240,300,,,,,,,,,,,,,,300,,,,,200,300,,,,,,,,,,,,,
Suco de carambola Clight -Nutra Sweet®*,,,,,,,,,,,,,,150,240,300,,,,,,,,,,,,,,300,,,,,200,300,,,,,,,,,,,,,
Suco de clorofila,FRUTAS/SUCOS/VITAMINAS,,,,,,,,,,,,,150,240,300,,,,,,,,,,,,,,300,,,,,200,300,,,,,,,,,,,,,
Suco de cupuacu,FRUTAS/SUCOS/VITAMINAS,,,,,,,,,,,,,150,240,300,,,,,,,,,,,,,,300,,,,,200,300,,,,,,,,,,,,,
Suco de cupuaçu,,,,,,,,,,,,,,150,240,300,,,,,,,,,,,,,,300,,,,,200,300,,,,,,,,,,,,,
Suco de folha de vinagreira,,,,,,,,,,,,,,150,240,300,,,,,,,,,,,,,,300,,,,,200,300,,,,,,,,,,,,,
Suco de goiaba,FRUTAS/SUCOS/VITAMINAS,,,,,,,,,,,,,150,240,300,,,,,,,,,,,,,,300,,,,,200,300,,,,,,,,,,,,,
Suco de goiaba orgânico,FRUTAS/SUCOS/VITAMINAS,,,,,,,,,,,,,150,240,300,,,,,,,,,,,,,,300,,,,,200,300,,,,,,,,,,,,,
Suco de laranja,FRUTAS/SUCOS/VITAMINAS,,,,,,,,,,,,,150,240,300,,,,,,,,,,,,,,300,,,,,200,300,,,,,,,,,,,,,
Suco de laranja - Leco®,,,,,,,,,,,,,,150,240,300,,,,,,,,,,,,,,300,,,,,200,300,,,,,,,,,,,,,
Suco de laranja cenoura e beterraba,FRUTAS/SUCOS/VITAMINAS,,,,,,,,,,,,,150,240,300,,,,,,,,,,,,,,300,,,,,200,300,,,,,,,,,,,,,
Suco de laranja cenoura e beterraba orgânico,FRUTAS/SUCOS/VITAMINAS,,,,,,,,,,,,,150,240,300,,,,,,,,,,,,,,300,,,,,200,300,,,,,,,,,,,,,
Suco de laranja Clight - NutraSweet®,,,,,,,,,,,,,,150,240,300,,,,,,,,,,,,,,300,,,,,200,300,,,,,,,,,,,,,
Suco de laranja com acerolae açúcar,,,,,,,,,,,,,,150,240,300,,,,,,,,,,,,,,300,,,,,200,300,,,,,,,,,,,,,
Suco de laranja com acerolasem açúcar,,,,,,,,,,,,,,150,240,300,,,,,,,,,,,,,,300,,,,,200,300,,,,,,,,,,,,,
Suco de laranja com açúcar,,,,,,,,,,,,,,150,240,300,,,,,,,,,,,,,,300,,,,,200,300,,,,,,,,,,,,,
Suco de laranja com banana,FRUTAS/SUCOS/VITAMINAS,,,,,,,,,,,,,150,240,300,,,,,,,,,,,,,,300,,,,,200,300,,,,,,,,,,,,,
Suco de laranja com berinjela,,,,,,,,,,,,,,150,240,300,,,,,,,,,,,,,,300,,,,,200,300,,,,,,,,,,,,,
Suco de laranja com cenoura sem açúcar,,,,,,,,,,,,,,150,240,300,,,,,,,,,,,,,,300,,,,,200,300,,,,,,,,,,,,,
Suco de laranja com cenourae açúcar,,,,,,,,,,,,,,150,240,300,,,,,,,,,,,,,,300,,,,,200,300,,,,,,,,,,,,,
Suco de laranja diet Clight -Nutra Sweet®*,,,,,,,,,,,,,,150,240,300,,,,,,,,,,,,,,300,,,,,200,300,,,,,,,,,,,,,
Suco de laranja e beterraba,FRUTAS/SUCOS/VITAMINAS,,,,,,,,,,,,,150,240,300,,,,,,,,,,,,,,300,,,,,200,300,,,,,,,,,,,,,
Suco de laranja e cenoura,FRUTAS/SUCOS/VITAMINAS,,,,,,,,,,,,,150,240,300,,,,,,,,,,,,,,300,,,,,200,300,,,,,,,,,,,,,
Suco de laranja integralpasteurizado - Xandô®,,,,,,,,,,,,,,150,240,300,,,,,,,,,,,,,,300,,,,,200,300,,,,,,,,,,,,,
Suco de laranja orgânico,FRUTAS/SUCOS/VITAMINAS,,,,,,,,,,,,,150,240,300,,,,,,,,,,,,,,300,,,,,200,300,,,,,,,,,,,,,
Suco de laranja sem açúcar -Fazenda Bela Vista®,,,,,,,,,,,,,,150,240,300,,,,,,,,,,,,,,300,,,,,200,300,,,,,,,,,,,,,
Suco de laranja -Tange)*,,,,,,,,,,,,,,150,240,300,,,,,,,,,,,,,,300,,,,,200,300,,,,,,,,,,,,,
Suco de lima-limão Clight -Nutra Sweet®,,,,,,,,,,,,,,150,240,300,,,,,,,,,,,,,,300,,,,,200,300,,,,,,,,,,,,,
Suco de lima-limão diet Clight- Nutra Sweet®*,,,,,,,,,,,,,,150,240,300,,,,,,,,,,,,,,300,,,,,200,300,,,,,,,,,,,,,
Suco de limão - Ta ng0*,,,,,,,,,,,,,,150,240,300,,,,,,,,,,,,,,300,,,,,200,300,,,,,,,,,,,,,
Suco de limão MID -Ajinomotoe*,,,,,,,,,,,,,,150,240,300,,,,,,,,,,,,,,300,,,,,200,300,,,,,,,,,,,,,
Suco de maçã Tonyu Yakult®,,,,,,,,,,,,,,150,240,300,,,,,,,,,,,,,,300,,,,,200,300,,,,,,,,,,,,,
Suco de mamão,FRUTAS/SUCOS/VITAMINAS,,,,,,,,,,,,,150,240,300,,,,,,,,,,,,,,300,,,,,200,300,,,,,,,,,,,,,
Suco de manga,FRUTAS/SUCOS/VITAMINAS,,,,,,,,,,,,,150,240,300,,,,,,,,,,,,,,300,,,,,200,300,,,,,,,,,,,,,
Suco de manga - Tang0,,,,,,,,,,,,,,150,240,300,,,,,,,,,,,,,,300,,,,,200,300,,,,,,,,,,,,,
Suco de manga orgânico,FRUTAS/SUCOS/VITAMINAS,,,,,,,,,,,,,150,240,300,,,,,,,,,,,,,,300,,,,,200,300,,,,,,,,,,,,,
Suco de maracujá,FRUTAS/SUCOS/VITAMINAS,,,,,,,,,,,,,150,240,300,,,,,,,,,,,,,,300,,,,,200,300,,,,,,,,,,,,,
Suco de maracujá Clight -Nutra Sweet®,,,,,,,,,,,,,,150,240,300,,,,,,,,,,,,,,300,,,,,200,300,,,,,,,,,,,,,
Suco de maracujá com açúcar,,,,,,,,,,,,,,150,240,300,,,,,,,,,,,,,,300,,,,,200,300,,,,,,,,,,,,,
Suco de maracujá orgânico,FRUTAS/SUCOS/VITAMINAS,,,,,,,,,,,,,150,240,300,,,,,,,,,,,,,,300,,,,,200,300,,,,,,,,,,,,,
Suco de maracujá -Tan,,,,,,,,,,,,,,150,240,300,,,,,,,,,,,,,,300,,,,,200,300,,,,,,,,,,,,,
Suco de maracujá -Tial®,,,,,,,,,,,,,,150,240,300,,,,,,,,,,,,,,300,,,,,200,300,,,,,,,,,,,,,
Suco de maracujá Tonyu -Yakult®,,,,,,,,,,,,,,150,240,300,,,,,,,,,,,,,,300,,,,,200,300,,,,,,,,,,,,,
Suco de melancia com açúcar,,,,,,,,,,,,,,150,240,300,,,,,,,,,,,,,,300,,,,,200,300,,,,,,,,,,,,,
Suco de melancia sem açúcar,,,,,,,,,,,,,,150,240,300,,,,,,,,,,,,,,300,,,,,200,300,,,,,,,,,,,,,
Suco de melão,FRUTAS/SUCOS/VITAMINAS,,,,,,,,,,,,,150,240,300,,,,,,,,,,,,,,300,,,,,200,300,,,,,,,,,,,,,
Suco de melão com açúcar,,,,,,,,,,,,,,150,240,300,,,,,,,,,,,,,,300,,,,,200,300,,,,,,,,,,,,,
Suco de melão sem açúcar,,,,,,,,,,,,,,150,240,300,,,,,,,,,,,,,,300,,,,,200,300,,,,,,,,,,,,,
Suco de morango,FRUTAS/SUCOS/VITAMINAS,,,,,,,,,,,,,150,240,300,,,,,,,,,,,,,,300,,,,,200,300,,,,,,,,,,,,,
Suco de morango - Yakult®,,,,,,,,,,,,,,150,240,300,,,,,,,,,,,,,,300,,,,,200,300,,,,,,,,,,,,,
Suco de morango orgânico,FRUTAS/SUCOS/VITAMINAS,,,,,,,,,,,,,150,240,300,,,,,,,,,,,,,,300,,,,,200,300,,,,,,,,,,,,,
Suco de pera diet Clight -Nutra Sweet®*,,,,,,,,,,,,,,150,240,300,,,,,,,,,,,,,,300,,,,,200,300,,,,,,,,,,,,,
Suco de pêssego,FRUTAS/SUCOS/VITAMINAS,,,,,,,,,,,,,150,240,300,,,,,,,,,,,,,,300,,,,,200,300,,,,,,,,,,,,,
Suco de pêssego em calda,FRUTAS/SUCOS/VITAMINAS,,,,,,,,,,,,,150,240,300,,,,,,,,,,,,,,300,,,,,200,300,,,,,,,,,,,,,
Suco de pêssego em calda organico,FRUTAS/SUCOS/VITAMINAS,,,,,,,,,,,,,150,240,300,,,,,,,,,,,,,,300,,,,,200,300,,,,,,,,,,,,,
Suco de pêssego light - DelValle®,,,,,,,,,,,,,,150,240,300,,,,,,,,,,,,,,300,,,,,200,300,,,,,,,,,,,,,
Suco de pêssego organico,FRUTAS/SUCOS/VITAMINAS,,,,,,,,,,,,,150,240,300,,,,,,,,,,,,,,300,,,,,200,300,,,,,,,,,,,,,
Suco de pêssego -Tial®,,,,,,,,,,,,,,150,240,300,,,,,,,,,,,,,,300,,,,,200,300,,,,,,,,,,,,,
Suco de tangerina Clight -Nutra Sweet®,,,,,,,,,,,,,,150,240,300,,,,,,,,,,,,,,300,,,,,200,300,,,,,,,,,,,,,
Suco de tomate integral -Superbom®,,,,,,,,,,,,,,150,240,300,,,,,,,,,,,,,,300,,,,,200,300,,,,,,,,,,,,,
Suco de uva - Tang®*,,,,,,,,,,,,,,150,240,300,,,,,,,,,,,,,,300,,,,,200,300,,,,,,,,,,,,,
Suco de uva integral -Superbom®,,,,,,,,,,,,,,150,240,300,,,,,,,,,,,,,,300,,,,,200,300,,,,,,,,,,,,,
Suco orgânico,FRUTAS/SUCOS/VITAMINAS,,,,,,,,,,,,,150,240,300,,,,,,,,,,,,,,300,,,,,200,300,,,,,,,,,,,,,
"Suco vitaminado (laranja, limão, cenoura, tomate, mamão e açúcar)",,,,,,,,,,,,,,150,240,300,,,,,,,,,,,,,,300,,,,,200,300,,,,,,,,,,,,,
Sucri lhos - Kellogg's®,,,,,,,,,,,,,,,,,,,,,,,30,,,,,,,,,,,,,,,,,,,,,,,,,,
Sucrilhos de milho,FARINHAS/FÉCULAS/MASSAS,,,,,,,,,,,,,,,,,,,,,,,,,,,,,,,,,,,,,,,,,,,,,,,,
Sucrilhos de milho light,FARINHAS/FÉCULAS/MASSAS,,,,,,,,,,,,,,,,,,,,,,,,,,,,,,,,,,,,,,,,,,,,,,,,
Sufle,,,,,,,,,,,,,,,,,,,,,,,,,,,,,,,,,,,,,,,,,,,,,,,,,
Suflê de aspargos,,,,,,,,,,,,,,,,,,,,,,,,,,,,,,,,,,,,,,,,,,,,,,,,,
Suflê de espinafre,,,,,,,,,,,,,,,,,,,,,,,,,,,,,,,,,,,,,,,,,,,,,,,,,
Suflê de pinhão,,,,,,,,,,,,,,,,,,,,,,,,,,,,,,,,,,,,,,,,,,,,,,,,,
Suflê de queijo,,,,,,,,,,,,,,,,,,,,,,,,,,,,,,,,,,,,,,,,,,,,,,,,,
Sukita tradicional,OUTRAS BEBIDAS,,,,,,,,,,,,,,,,,,,,,,,,,,,,,,,,,,,,,,,,,,,,,,,,
Sundae de caramelo - McDonald's®,,,,,,156,,,,,,,,,,,,,,,,,,,,,,,,,,,,,,,,,,,,,,,,,,,
Sundae de chocolate - McDonald's®,,,,,,146,,,,,,,,,,,,,,,,,,,,,,,,,,,,,,,,,,,,,,,,,,,
Sundae de morango - McDonald's®,,,,,,163,,,,,,,,,,,,,,,,,,,,,,,,,,,,,,,,,,,,,,,,,,,
"Super Ômega 3 Tg, 120Caps, 2Caps/2000Mg",,,,,,,,,,,,,,,,,,,,,,,,,,,,,,,,,,,,,,,,,,,,,,,,,
"Super Ômega 3 Tg, 180Caps/1000Mg",,,,,,,,,,,,,,,,,,,,,,,,,,,,,,,,,,,,,,,,,,,,,,,,,
"Super Ômega 3 Tg, 240Caps/500Mg",,,,,,,,,,,,,,,,,,,,,,,,,,,,,,,,,,,,,,,,,,,,,,,,,
"Super Ômega 3 Tg, 60Caps/1000Mg",,,,,,,,,,,,,,,,,,,,,,,,,,,,,,,,,,,,,,,,,,,,,,,,,
"Super Ômega 3 Tg, 90Caps, 2Caps/2000Mg",,,,,,,,,,,,,,,,,,,,,,,,,,,,,,,,,,,,,,,,,,,,,,,,,
Suprinutri Sênior saborbaunilha - Sanavita®,,,,,,,,,,,,,,,,,,,,,,,,,,,,,,,,,,,,,,,,,,,,,,,,,
Sururu cozido(a),PESCADOS/FRUTOS DO MAR,,,,,,,,,,,,,,,,,,,,,,,,,,,,,,,,,,,,,,,,,,,,,,,,
Sururu ensopado,PESCADOS/FRUTOS DO MAR,,,,,,,,,,,,,,,,,,,,,,,,,,,,,,,,,,,,,,,,,,,,,,,,
Sushi,PESCADOS/FRUTOS DO MAR,,,,,,,,,,,,,,,,,,,,,,,,,,,,,,,,,,,,,,,,,,,,,,,,
Sushi de atum,,,,,,,,,,,,,,,,,,,,,,,,,,,,,,,,,,,,,,,,,,,,,,,,,
Sushi de salmão,,,,,,,,,,,,,,,,,,,,,,,,,,,,,,,,,,,,,,,,,,,,,,,,,
Suspiro (IBGE),AÇUCARES/CONFEITARIA,,,,,,,,,,,,,,,,,,,,,,,,,,,,,,,,,,,,,,,,,,,,,,,,
Suspiro (Tucunduva),,,,,,,,,,,,,,,,,,,,,,,,,,,,,,,,,,,,,,,,,,,,,,,,,
Sustagem,FRUTAS/SUCOS/VITAMINAS,,,,,,,,,,,,,,,,,,,,,,,,,,,,,,,,,,,,,,,,,,,,,,,,
Sustagem sabor banana -Sustagem®,,,,,,,,,,,,,,,,,,,,,,,,,,,,,,,,,,,,,,,,,,,,,,,,,
"Sweetlift Box, 40G, 50Sachês/0,8G",,,,,,,,,,,,,,,,,,,,,,,,,,,,,,,,,,,,,,,,,,,,,,,,,
"Sweetlift Cook, 300G",,,,,,,,,,,,,,,,,,,,,,,,,,,,,,,,,,,,,,,,,,,,,,,,,
Tablete de chocolate,AÇUCARES/CONFEITARIA,,,,,,,,,,,,,,,,,,,,,,,,,,,,,,,,,,,,,,,,,,,,,,,,
Tabule,,,,,,,,,,,,,,,,,,,,,,,,,,,,,,,,,,,,,,,,,,,,,,,,,
Tacaca,TIPICOS,,,,,,,,,,,,,,,,,,,,,,,,,,,,,,,,,,,,,,,,,,,,,,,,
Tacacá,,,,,,,,,,,,,,,,,,,,,,,,,,,,,,,,,,,,,,,,,,,,,,,,,
Taff Man-E -Yakult®,,,,,,,,,,,,,,,,,,,,,,,,,,,,,,,,,,,,,,,,,,,,,,,,,
Taioba (refogada),,,,,,,,,,,,,,,,,,,,,,,,,,,,,,,,,,,,,,,,,,,,,,,,,
Taioba cozido(a),HORTALIÇAS,,,,,42,,20,,,,,,,,,23,,,,,,,,,,,,,,,,,,,,,,,,,,,,,,,,
Taioba cru(a),HORTALIÇAS,,,,,42,,20,,,,,,,,,23,,,,,,,,,,,,,,,,,,,,,,,,,,,,,,,,
Taioba refogado(a),HORTALIÇAS,,,,,42,,20,,,,,,,,,23,,,,,,,,,,,,,,,,,,,,,,,,,,,,,,,,
"Taioba, crua",,,,,,,,,,,,,,,,,,,,,,,,,,,,,,,,,,,,,,,,,,,,,,,,,
Tamarindo (IBGE),FRUTAS/SUCOS/VITAMINAS,,,,,,,,,,,,,,,,,,,,,,,,,,,,,,,,,,,,,,,,,,,,,,,,
Tamarindo (Tucunduva),,,,,,,,,,,,,,,,,,,,,,,,,,,,,,,,,,,,,,,,,,,,,,,,,
"Tamarindo, cru",,,,,,,,,,,,,,,,,,,,,,,,,,,,,,,,,,,,,,,,,,,,,,,,,
"Tamarindo, in natura, Tamarindus indica L.",,,,,,,,,,,,,,,,,,,,,,,,,,,,,,,,,,,,,,,,,,,,,,,,,
Tamuatá no tucupi,,,,,,,,,,,,,,,,,,,,,,,,,,,,,,,,,,,,,,,,,,,,,,,,,
Tangerina,FRUTAS/SUCOS/VITAMINAS,,,,,,,,,,,,,62,100,125,,,,,,,,,,,,,,135,100,68,68,,,,,,,,,,,,,,,,
"Tangerina, in natura, Citrus reticulata var. Ponkã",,,,,,,,,,,,,,62,100,125,,,,,,,,,,,,,,135,100,68,68,,,,,,,,,,,,,,,,
"Tangerina, Poncã, crua",,,,,,,,,,,,,,62,100,125,,,,,,,,,,,,,,135,100,68,68,,,,,,,,,,,,,,,,
"Tangerina, Poncã, suco",,,,,,,,,,,,,,150,240,300,,,,,,,,,,,,,,300,,,,,200,300,,,,,,,,,,,,,
"Tangerina, Poncã, suco, s/ açúcar",,,,,,,,,,,,,,150,240,300,,,,,,,,,,,,,,300,,,,,200,300,,,,,,,,,,,,,
Tanja,FRUTAS/SUCOS/VITAMINAS,,,,,,,,,,,,,,,,,,,,,,,,,,,,,,,,,,,,,,,,,,,,,,,,
Tapereba,FRUTAS/SUCOS/VITAMINAS,,,,,,,,,,,,,,,,,,,,,,,,,,,,,,,,,,,,,,,,,,,,,,,,
Taperebá,,,,,,,,,,,,,,,,,,,,,,,,,,,,,,,,,,,,,,,,,,,,,,,,,
Tapioca (com queijo e cocoralado),,,,,,,,,,,,,,,,,,,,,,,,,,,,,,,,,,,,,,,,,,,,,,,,,
Tapioca de goma,FARINHAS/FÉCULAS/MASSAS,,,,12,,,,,,,,,,,,,,,,,,,,,,,,,50,,25,,,,,,,,,,,,,,,,,
Tapioca seca,,,,,12,,,,,,,,,,,,,,,,,,,,,,,,,50,,25,,,,,,,,,,,,,,,,,
"Tapioca, com manteiga",,,,,12,,,,,,,,,,,,,,,,,,,,,,,,,50,,25,,,,,,,,,,,,,,,,,
Tapioquinha,,,,,,,,,,,,,,,,,,,,,,,,,,,,,,,,,,,,,,,,,,,,,,,,,
Tareco,TIPICOS,,,,,,,,,,,,,,,,,,,,,,,,,,,,,,,,,,,,,,,,,,,,,,,,
Tatu (lagarto redondo),OUTRAS CARNES,,100,90,35,75,70,30,140,70,,,,,,,,,,,,,,,,,,,,,,,,,,,,,,,,,,,,,,,
Tatu (lagarto redondo) assado(a),OUTRAS CARNES,,100,90,35,75,70,30,140,70,,,,,,,,,,,,,,,,,,,,,,,,,,,,,,,,,,,,,,,
Tatu (lagarto redondo) cozido(a),OUTRAS CARNES,,100,90,35,75,70,30,140,70,,,,,,,,,,,,,,,,,,,,,,,,,,,,,,,,,,,,,,,
Tatu (lagarto redondo) orgânico assado(a),OUTRAS CARNES,,100,90,35,75,70,30,140,70,,,,,,,,,,,,,,,,,,,,,,,,,,,,,,,,,,,,,,,
Tatu (lagarto redondo) refogado(a),OUTRAS CARNES,,100,90,35,75,70,30,140,70,,,,,,,,,,,,,,,,,,,,,,,,,,,,,,,,,,,,,,,
Tempero a base de sal,,,,,,,,,,,,,,,,,,,,,,,,,,,,,,,,,,,,,,,,,,,,,,,,,
Tempero Fonclor - Maggi(E0,,,,,,,,,,,,,,,,,,,,,,,,,,,,,,,,,,,,,,,,,,,,,,,,,
Tempero Grill - Maggi®,,,,,,,,,,,,,,,,,,,,,,,,,,,,,,,,,,,,,,,,,,,,,,,,,
Tempero Sazón - Ajinomoto®,,,,,,,,,,,,,,,,,,,,,,,,,,,,,,,,,,,,,,,,,,,,,,,,,
"Tempero, base de sal",,,,,,,,,,,,,,,,,,,,,,,,,,,,,,,,,,,,,,,,,,,,,,,,,
Tender assado(a),AVES,,,,,,,,,,,,,,,,,,,,,,,,,,,,,,,,,,,,,,,,,,,,,,,,
"Tender, frango, ""Sadia""",,,,20,,,,,,,,,,,,,,,,,,,,,,,,,,,,,,,,,,,,,,,,,,,,,
"Tender, porco, bolinha, ""Sadia""",,,,20,,,,,,,,,,,,,,,,,,,,,,,,,,,,,,,,,,,,,,,,,,,,,
Terere,BEBIDAS QUENTES,,,,,,,,,,,,,,,,,,,,,,,,,,,,,,,,,,,,,,,,,,,,,,,,
Ti kuwa,,,,,,,,,,,,,,,,,,,,,,,,,,,,,,,,,,,,,,,,,,,,,,,,,
Tic Tac® menta,,,,,,,,,,,,,,,,,,,,,,,,,,,,,,,,,,,,,,,,,,,,,,,,,
"Tiras de carne com legumes, purê de batata e arroz congeladas -Taeq®",,,,,,,,,,,,,,,,,,,,,,,,,,,,,,,,,,,,,,,,,,,,,,,,,
Tirinhas de frango congeladas- Seara®,,,,,,130,,,,,,,,,,,,,,,,,,,,,,,,,,,,,,,,,,,,,,,,,,,
Toddy®,,,,,,,,,,,,,,,,,,,,,,,,,,,,,,,,,,,,,,,,,,,,,,,,,
Toddynho,BEBIDAS DOCES,,,,,,,,,,,,,,,,,,,,,,,,,,,,,,,,,,,,,,,,,,,,,,,,
Toddynho diet,BEBIDAS DOCES,,,,,,,,,,,,,,,,,,,,,,,,,,,,,,,,,,,,,,,,,,,,,,,,
Toddynho®,,,,,,,,,,,,,,,,,,,,,,,,,,,,,,,,,,,,,,,,,,,,,,,,,
Tofu (IBGE),CEREAIS,,,,,,,,,,,,,,,,,,,,,,,,,,,,,,,,,,,,,,,,,,,,,,,,
Tofu (Tucunduva),,,,,,,,,,,,,,,,,,,,,,,,,,,,,,,,,,,,,,,,,,,,,,,,,
Tomate (IBGE),VERDURAS,,,,,80,,30,,,,,,,,,,,,,,,,,,,,,,100,,,,,,,,,,,,,,,,,,,
Tomate (Tucunduva),,,,,,80,,30,,,,,,,,,,,,,,,,,,,,,,100,,,,,,,,,,,,,,,,,,,
Tomate orgânico,VERDURAS,,,,,80,,30,,,,,,,,,,,,,,,,,,,,,,100,,,,,,,,,,,,,,,,,,,
Tomate seco (IBGE),VERDURAS,,,,,35,,18,,,,,,,,,,,,,,,,,,,,,,100,,,,35,,,,,,,,,,,,,,,
Tomate seco (Tucunduva),,,,,,35,,18,,,,,,,,,,,,,,,,,,,,,,100,,,,35,,,,,,,,,,,,,,,
"Tomate, com semente, cru",,,,,,80,,30,,,,,,,,,,,,,,,,,,,,,,100,,,,,,,,,,,,,,,,,,,
"Tomate, extrato",,,,,,,,,,,,,,,,,,,,,,,,,,,,,,,,,,,,,,,,,,,,,,,,,
"Tomate, molho industrializado",,,,,,,,,,,,,,,,,,,,,,,,,,,,,,,,,,,,,,,,,,,,,,,,,
"Tomate, purê",,,,,,,,,,,,,,,,,,,,,,,,,,,,,,,,,,,,,,,,,,,,,,,,,
"Tomate, salada",,,,,,,,,,,,,,,,,,,,,,,,,,,,,,,,,,,,,,,,,,,,,,,,,
Tomate-cereja,,,,,,,,,,,,,,,,,,,,,,,,,,,,,,,,,,,,,,,,,,,,,,,,,
Tomilho (seco),,,,,,,,,,,,,,,,,,,,,,,,,,,,,,,,,,,,,,,,,,,,,,,,,
Tomilho fresco,,,,,,,,,,,,,,,,,,,,,,,,,,,,,,,,,,,,,,,,,,,,,,,,,
Tonyu maçã - Yakult®,,,,,,,,,,,,,,,,,,,,,,,,,,,,,,,,,,,,,,,,,,,,,,,,,
Top Sundae caramelo - McDonald's®,,,,,,229,,,,,,,,,,,,,,,,,,,,,,,,,,,,,,,,,,,,,,,,,,,
Top Sundae chocolate - McDonald'se,,,,,,219,,,,,,,,,,,,,,,,,,,,,,,,,,,,,,,,,,,,,,,,,,,
Top Sundae morango - McDonald's0,,,,,,236,,,,,,,,,,,,,,,,,,,,,,,,,,,,,,,,,,,,,,,,,,,
Toranja,,,,,,,,,,,,,,,,,,,,,,,,,,,,,,,,,,,,,,,,,,,,,,,,,
Torrada de pão francês,,,,25,,,,,,,,,,,,,,,,,,,,,,,,,,,,,,,,,,,,,,,,,,,,,
Torrada de qualquer pão,FARINHAS/FÉCULAS/MASSAS,,,25,,,,,,,,,,,,,,,,,,,,,,,,,,8,,,,,,,,,,,,,,,,,,,
Torrada glúten light -D'aosta®,,,,,,,,,,,,,,,,,,,,,,,,,,,,,,,,,,,,,,,,,,,,,,,,,
Torrada integral - Bauducco®,,,,8,,,,,,,,,,,,,,,,,,,,,,,,,,8,,,,,,,,,,,,,,,,,,,
Torrada integral Pita ToastO,,,,,,,,,,,,,,,,,,,,,,,,,,,,,,,,,,,,,,,,,,,,,,,,,
Torrada levemente salgadaBauducco®,,,,8,,,,,,,,,,,,,,,,,,,,,,,,,,8,,,,,,,,,,,,,,,,,,,
Torrada light Magic Toast -Marilan®,,,,5,,,,,,,,,,,,,,,,,,,,,,,,,,5,,,,,,,,,,,,,,,,,,,
Torrada multigrãos -Bauducco®,,,,8,,,,,,,,,,,,,,,,,,,,,,,,,,8,,,,,,,,,,,,,,,,,,,
Torrada original Magic Toast - Marilan®,,,,5,,,,,,,,,,,,,,,,,,,,,,,,,,5,,,,,,,,,,,,,,,,,,,
Torrada para canapé -Bauducco®,,,,8,,,,,,,,,,,,,,,,,,,,,,,,,,8,,,,,,,,,,,,,,,,,,,
"Torrada, integral, ""Bauducco""",,,,8,,,,,,,,,,,,,,,,,,,,,,,,,,8,,,,,,,,,,,,,,,,,,,
"Torrada, levemente doce, ""Bauducco""",,,,8,,,,,,,,,,,,,,,,,,,,,,,,,,8,,,,,,,,,,,,,,,,,,,
"Torrada, levemente salgada, ""Bauducco""",,,,8,,,,,,,,,,,,,,,,,,,,,,,,,,8,,,,,,,,,,,,,,,,,,,
"Torrada, pão francês (TACO)",,,,25,,,,,,,,,,,,,,,,,,,,,,,,,,,,,,,,,,,,,,,,,,,,,
"Torrada, pão francês (TBCA)",,,,25,,,,,,,,,,,,,,,,,,,,,,,,,,,,,,,,,,,,,,,,,,,,,
"Torrada, trigo, tradicional",,,,25,,,,,,,,,,,,,,,,,,,,,,,,,,,,,,,,,,,,,,,,,,,,,
Torradas para canapés alho -Peter Pão,,,,,,,,,,,,,,,,,,,,,,,,,,,,,,,,,,,,,,,,,,,,,,,,,
Torrão de amendoim,OLEAGINOSAS,,,,,,,,,,,,,,,,,,,,,,,,,,,,,,,,,,,,,,,,,,,,,,,,
Torresmo,GORDURAS/OLEOS,,,,,,,,,,,,,,,,,,,,,,,,,,,,,,,,,,,,,,,,,,,,,,,,
Torrone,AÇUCARES/CONFEITARIA,,,,,,,,,,,,,,,,,,,,,,,,,,,,,,,,,,,,,,,,,,,,,,,,
Torrone Montevergine®,,,,,,,,,,,,,,,,,,,,,,,,,,,,,,,,,,,,,,,,,,,,,,,,,
Torta 3 queijos congelada -Casino®,,,,,,,,,,,,,,,,,,,,,,,,,,,,,,,,,,,,,,,,,,,,,,,,,
Torta à la provençalecongelada - Casino®,,,,,,,,,,,,,,,,,,,,,,,,,,,,,,,,,,,,,,,,,,,,,,,,,
Torta com recheio de frangocom requeijão congelada - Massa Leve®,,,,,,,,,,,,,,,,,,,,,,,,,,,,,,125,,,,,,,,,,,,,,,,,,,
Torta com recheio de palmitocom requeijão congelada - Massa Leve®,,,,,,,,,,,,,,,,,,,,,,,,,,,,,,125,,,,,,,,,,,,,,,,,,,
Torta de banana - McDonald's®,,,,,,,,,,,,,,,,,,,,,,,,,,,,,,80,,,,,,,,,,,,,,,,,,,
Torta de frango,,,,,,,,,,,,,,,,,,,,,,,,,,,,,,,,,,,,,,,,,,,,,,,,,
Torta de frango com catupiry- Sadia®,,,,,,,,,,,,,,,,,,,,,,,,,,,,,,,,,,,,,,,,,,,,,,,,,
Torta de frango com catupirycongelada - Sadia®,,,,,,,,,,,,,,,,,,,,,,,,,,,,,,,,,,,,,,,,,,,,,,,,,
Torta de iogurte de palmitotom catupiry congelada - Sadia®,,,,,,,,,,,,,,,,,,,,,,,,,,,,,,,,,,,,,,,,,,,,,,,,,
Torta de limão,,,,,,,,,,,,,,,,,,,,,,,,,,,,,,,,,,,,,,,,,,,,,,,,,
Torta de maçã - McDonald's®,,,,,,,,,,,,,,,,,,,,,,,,,,,,,,80,,,,,,,,,,,,,,,,,,,
Torta de marmelada-de--cachorro,,,,,,,,,,,,,,,,,,,,,,,,,,,,,,,,,,,,,,,,,,,,,,,,,
Torta de peito de Perudefumado corn creme de queijo congelada - Sadia®,,,,,,,,,,,,,,,,,,,,,,,,,,,,,,,,,,,,,,,,,,,,,,,,,
Torta de pinho,,,,,,,,,,,,,,,,,,,,,,,,,,,,,,,,,,,,,,,,,,,,,,,,,
Torta de queijo de cabracongelada - Casino®,,,,,,,,,,,,,,,,,,,,,,,,,,,,,,,,,,,,,,,,,,,,,,,,,
Torta de sardinha,,,,,,,,,,,,,,,,,,,,,,,,,,,,,,,,,,,,,,,,,,,,,,,,,
Torta holandesa congeladaMiss Daisy - Sadia®,,,,,,,,,,,,,,,,,,,,,,,,,,,,,,,,,,,,,,,,,,,,,,,,,
Torta mousse de maracujiMiss Daisy - Sadia®,,,,,,,,,,,,,,,,,,,,,,,,,,,,,,,,,,,,,,,,,,,,,,,,,
Torta napolitana Nestle0,,,,,,,,,,,,,,,,,,,,,,,,,,,,,,,,,,,,,,,,,,,,,,,,,
"Torta, mousse , chocolate c/ baunilha, ""Sadia""",,,,,,,,,,,,,,,,,,,,,,,,,,,,,,,,,,,,,,,,,,,,,,,,,
"Torta, mousse , chocolate, c/ raspas de chocolate, ""Sadia""",,,,,,,,,,,,,,,,,,,,,,,,,,,,,,,,,,,,,,,,,,,,,,,,,
"Torta, mousse , limão, ""Sadia""",,,,,,,,,,,,,,,,,,,,,,,,,,,,,,,,,,,,,,,,,,,,,,,,,
"Torta, mousse , maracujá, ""Sadia""",,,,,,,,,,,,,,,,,,,,,,,,,,,,,,,,,,,,,,,,,,,,,,,,,
"Torta, mousse, (média diversos sabores)",,,,,,,,,,,,,,,,,,,,,,,,,,,,,,,,,,,,,,,,,,,,,,,,,
"Torta, sabor maracujá",,,,,,,,,,,,,,,,,,,,,,,,,,,,,,,,,,,,,,,,,,,,,,,,,
"Torta, sabor morango",,,,,,,,,,,,,,,,,,,,,,,,,,,,,,,,,,,,,,,,,,,,,,,,,
"Torta, salgada, mistura p/, ""Oetker""",,,,,,,,,,,,,,,,,,,,,,,,,,,,,,,,,,,,,,,,,,,,,,,,,
"Torta, salgada, mistura p/, preparada ""Oetker""",,,,,,,,,,,,,,,,,,,,,,,,,,,,,,,,,,,,,,,,,,,,,,,,,
Tortas doces de qualquer sabor,AÇUCARES/CONFEITARIA,,,,,,,,,,,,,,,,,,,,,,,,,,,,,,,,,,,,,,,,,,,,,,,,
Tortas doces de qualquer sabor diet,AÇUCARES/CONFEITARIA,,,,,,,,,,,,,,,,,,,,,,,,,,,,,,,,,,,,,,,,,,,,,,,,
Tortas doces de qualquer sabor light,AÇUCARES/CONFEITARIA,,,,,,,,,,,,,,,,,,,,,,,,,,,,,,,,,,,,,,,,,,,,,,,,
Tortas salgadas de qualquer sabor,FARINHAS/FÉCULAS/MASSAS,,,,,,,,,,,,,,,,,,,,,,,,,,,,,,,,,,,,,,,,,,,,,,,,
Torts de morangn,,,,,,,,,,,,,,,,,,,,,,,,,,,,,,,,,,,,,,,,,,,,,,,,,
Torts mousse de chocolatecorn raspas de chocolate Miss Daisy - Sadia,,,,,,,,,,,,,,,,,,,,,,,,,,,,,,,,,,,,,,,,,,,,,,,,,
Torts mousse de I im5o MissDaisy - Sadia®,,,,,,,,,,,,,,,,,,,,,,,,,,,,,,,,,,,,,,,,,,,,,,,,,
Toucinho,GORDURAS/OLEOS,,,,,,,,,,,,,,,,,,,,,,,,,,,,,,,,,,,,,,,,,,,,,,,,
Toucinho (cru),,,,,,,,,,,,,,,,,,,,,,,,,,,,,,,,,,,,,,,,,,,,,,,,,
Toucinho (frito),,,,,,,,,,,,,,,,,,,,,,,,,,,,,,,,,,,,,,,,,,,,,,,,,
"Toucinho, cru",,,,,,,,,,,,,,,,,,,,,,,,,,,,,,,,,,,,,,,,,,,,,,,,,
"Toucinho, frito",,,,,,,,,,,,,,,,,,,,,,,,,,,,,,,,,,,,,,,,,,,,,,,,,
Tracaja cozido(a),OUTRAS CARNES,,100,90,35,75,70,30,140,70,,,,,,,,,,,,,,,,,,,,,,,,,,,,,,,,,,,,,,,
"Tremoço, conserva",,,,,,,,,,,,,,,,,,,,,,,,,,,,,,,,,,,,,,,,,,,,,,,,,
"Tremoço, cru (TACO)",,,,,,,,,,,,,,,,,,,,,,,,,,,,,,,,,,,,,,,,,,,,,,,,,
"Tremoço, cru (TBCA)",,,,,,,,,,,,,,,,,,,,,,,,,,,,,,,,,,,,,,,,,,,,,,,,,
"Tremoço, em conserva",,,,,,,,,,,,,,,,,,,,,,,,,,,,,,,,,,,,,,,,,,,,,,,,,
Trigo para quibe,,,,,,,,,,,,,,,,,,,,,,,,,,,,,,,,,,,,,,,,,,,,,,,,,
"Trigo para quibe, cozido, s/ sal, Triticum spp.",,,,,,,,,,,,,,,,,,,,,,,,,,,,,,,,,,,,,,,,,,,,,,,,,
"Trigo para quibe, cru, Triticum spp.",,,,,,,,,,,,,,,,,,,,,,,,,,,,,,,,,,,,,,,,,,,,,,,,,
"Trigo, farelo",,,,,,,,,,,,,,,,,,,,,,,,,,,,,,,,,,,,,,,,,,,,,,,,,
"Trigo, farinha, branca, fortificada com ferro e ácido fólico, crua (média de diferentes amostras)",,,,,,38,36,18,,,4,2,8,,,,,,,,,,,,,,,,,,,,,,,,,,,,,,,,,,,,
"Trigo, farinha, integral, crua (média diferentes amostras)",,,,,,38,36,18,,,4,2,8,,,,,,,,,,,,,,,,,,,,,,,,,,,,,,,,,,,,
"Trigo, grão, cru, Triticum spp.",,,,,,,,,,,,,,,,,,,,,,,,,,,,,,,,,,,,,,,,,,,,,,,,,
"Trio banana, aveia e mel light-Grain Mills®",,,,,,,,,,,,,,,,,,,,,,,,,,,,,,,,,,,,,,,,,,,,,,,,,
"Trio cereais, morango cornchocolate light - Grain Mills®",,,,,,,,,,,,,,,,,,,,,,,,,,,,,,,,,,,,,,,,,,,,,,,,,
"Trio light cereais, ayela- ecastanha corn chocolate light - Grain Mills®",,,,,,,,,,,,,,,,,,,,,,,,,,,,,,,,,,,,,,,,,,,,,,,,,
Tripa bovina assado(a),VISCERAS,,,,,,,,,,,,,,,,,,,,,,,,,,,,,,,,,,,,,,,,,,,,,,,,
Tripa bovina cozido(a),VISCERAS,,,,,,,,,,,,,,,,,,,,,,,,,,,,,,,,,,,,,,,,,,,,,,,,
Tripa bovina frito(a),VISCERAS,,,,,,,,,,,,,,,,,,,,,,,,,,,,,,,,,,,,,,,,,,,,,,,,
Tripa bovina grelhado(a)/brasa/churrasco,VISCERAS,,,,,,,,,,,,,,,,,,,,,,,,,,,,,,,,,,,,,,,,,,,,,,,,
Tripa suína frito(a),VISCERAS,,,,,,,,,,,,,,,,,,,,,,,,,,,,,,,,,,,,,,,,,,,,,,,,
Tripa suína grelhado(a)/brasa/churrasco,VISCERAS,,,,,,,,,,,,,,,,,,,,,,,,,,,,,,,,,,,,,,,,,,,,,,,,
Trufa,AÇUCARES/CONFEITARIA,,,,,,,,,,,,,,,,,,,,,,,,,,,,,,,,,,,,,,,,,,,,,,,,
Trufa de chocolate,,,,,,,,,,,,,,,,,,,,,,,,,,,,,,,,,,,,,,,,,,,,,,,,,
Trufa° tradicional - SantaEdwiges®,,,,,,,,,,,,,,,,,,,,,,,,,,,,,,,,,,,,,,,,,,,,,,,,,
Truta (cozida),,,,,,,,,,,,,,,,,,,,,,,,,,,,,,,,,,,,,,,,,,,,,,,,,
Truta (crua),,,,,,,,,,,,,,,,,,,,,,,,,,,,,,,,,,,,,,,,,,,,,,,,,
Tubaína,,,,,,,,,,,,,,,,,,,,,,,,,,,,,,,,,,,,,,,,,,,,,,,,,
Tubaina light,OUTRAS BEBIDAS,,,,,,,,,,,,,,,,,,,,,,,,,,,,,,,,,,,,,,,,,,,,,,,,
Tubaina tradicional,OUTRAS BEBIDAS,,,,,,,,,,,,,,,,,,,,,,,,,,,,,,,,,,,,,,,,,,,,,,,,
Tucuma,FRUTAS/SUCOS/VITAMINAS,,,,,,,,,,,,,,,,,,,,,,,,,,,,,,,,,,,,,,,,,,,,,,,,
"Tucumã, cru",,,,,,,,,,,,,,,,,,,,,,,,,,,,,,,,,,,,,,,,,,,,,,,,,
"Tucumã, in natura, Astrocaryum vulgare",,,,,,,,,,,,,,,,,,,,,,,,,,,,,,,,,,,,,,,,,,,,,,,,,
Tucunaré (cru),,,,,,,,,,,,,,,,,,,,,,,,,,,,,,,,,,,,,,,,,,,,,,,,,
"Tucunaré, filé, congelado, cru",,,,,,,,,,,,,,,,,,,,,,,,,,,,,,,,,,,,,,,,,,,,,,,,,
Tucupi,,,,,,,,,,,,,,,,,,,,,,,,,,,,,,,,,,,,,,,,,,,,,,,,,
Tucupi em caldo sem pimenta,SOPAS/CALDOS/MINGAUS,,,,,,,,,,,,,,,,,,,,,,,,,,,,,,,,,,,,,,,,,,,,,,,,
"Tucupi, com pimenta-de-cheiro",,,,,,,,,,,,,,,,,,,,,,,,,,,,,,,,,,,,,,,,,,,,,,,,,
Tutu,TIPICOS,,,,,,,,,,,,,,,,,,,,,,,,,,,,,,,,,,,,,,,,,,,,,,,,
Tutu à mineira,,,,,,,,,,,,,,,,,,,,,,,,,,,,,,,,,,,,,,,,,,,,,,,,,
Uaçai,FRUTAS/SUCOS/VITAMINAS,,,,,,,,,,,,,,,,,,,,,,,,,,,,,,,,,,,,,,,,,,,,,,,,
Udon,,,,,,,,,,,,,,,,,,,,,,,,,,,,,,,,,,,,,,,,,,,,,,,,,
Uisque,BEBIDAS ALCOOLICAS,,,,,,,,,,,,,,,,,,,,,,,,,,,,,,,,,,,,,,,,,,,,,,,,
Uísque,,,,,,,,,,,,,,,,,,,,,,,,,,,,,,,,,,,,,,,,,,,,,,,,,
Umbu (IBGE),FRUTAS/SUCOS/VITAMINAS,,,,,,,,,,,,,32,100,125,,,,,,,,,,,,,,33,,,,,,,,,,,,,,,,,,,
Umbu (Tucunduva),,,,,,,,,,,,,,,,,,,,,,,,,,,,,,,,,,,,,,,,,,,,,,,,,
"Umbu, cru",,,,,,,,,,,,,,,,,,,,,,,,,,,,,,,,,,,,,,,,,,,,,,,,,
"Umbu, in natura, Spondias tuberosa Arruda ex. Koster",,,,,,,,,,,,,,,,,,,,,,,,,,,,,,,,,,,,,,,,,,,,,,,,,
"Umbu, polpa, congelada (TACO)",,,,,,,,,,,,,,,,,,,,,,,,,,,,,,,,,,,,,,,,,,,,,,,,,
"Umbu, polpa, congelada (TBCA)",,,,,,,,,,,,,,,,,,,,,,,,,,,,,,,,,,,,,,,,,,,,,,,,,
Umbuzada,,,,,,,,,,,,,,,,,,,,,,,,,,,,,,,,,,,,,,,,,,,,,,,,,
"Uplift Box, 40Caps, 2Caps/1,67G",,,,,,,,,,,,,,,,,,,,,,,,,,,,,,,,,,,,,,,,,,,,,,,,,
Uva,FRUTAS/SUCOS/VITAMINAS,,,,,99,,,,,,,,70,,140,,,,,,,,,,,,,,8,4,,,170,,,,,,,,,,,,,,,
Uva passa,FRUTAS/SUCOS/VITAMINAS,,,,,36,,18,,,,,9,,,,,,,,,,,,,,,,,,,,,,,,,,,,,,,,,,,,
"Uva passa, s/ caroço",,,,,,,,,,,,,,,,,,,,,,,,,,,,,,,,,,,,,,,,,,,,,,,,,
"Uva, in natura, Mangifera indica L.",,,,,,99,,,,,,,,70,,140,,,,,,,,,,,,,,8,4,,,170,,,,,,,,,,,,,,,
"Uva, in natura, Mangifera indica L. Itália",,,,,,99,,,,,,,,70,,140,,,,,,,,,,,,,,8,4,,,170,,,,,,,,,,,,,,,
"Uva, in natura, Mangifera indica L. Rubi",,,,,,99,,,,,,,,70,,140,,,,,,,,,,,,,,8,4,,,170,,,,,,,,,,,,,,,
"Uva, Itália, crua",,,,,,99,,,,,,,,70,,140,,,,,,,,,,,,,,8,4,,,170,,,,,,,,,,,,,,,
"Uva, Rubi, crua",,,,,,99,,,,,,,,70,,140,,,,,,,,,,,,,,8,4,,,170,,,,,,,,,,,,,,,
"Uva, suco concentrado, envasado",,,,,,,,,,,,,,150,240,300,,,,,,,,,,,,,,300,,,,,200,300,,,,,,,,,,,,,
"Uva, suco, concentrado, envasado",,,,,,,,,,,,,,150,240,300,,,,,,,,,,,,,,300,,,,,200,300,,,,,,,,,,,,,
Uva-itália,,,,,,99,,,,,,,,70,,140,,,,,,,,,,,,,,8,4,,,170,,,,,,,,,,,,,,,
Uva-passa,,,,,,36,,18,,,,,9,,,,,,,,,,,,,,,,,8,4,,,170,,,,,,,,,,,,,,,
Uva-rubi,,,,,,,,,,,,,,,,,,,,,,,,,,,,,,,,,,,,,,,,,,,,,,,,,
Uxi,FRUTAS/SUCOS/VITAMINAS,,,,,,,,,,,,,,,,,,,,,,,,,,,,,,,,,,,,,,,,,,,,,,,,
Vaca atolada (IBGE),SOPAS/CALDOS/MINGAUS,,,,,,,,,,,,,,,,,,,,,,,,,,,,,,,,,,,,,,,,,,,,,,,,
Vaca atolada (TACO),,,,,,,,,,,,,,,,,,,,,,,,,,,,,,,,,,,,,,,,,,,,,,,,,
"Vaca atolada, c/ costela de boi e mandioca, c/ temperos",,,,,,,,,,,,,,,,,,,,,,,,,,,,,,,,,,,,,,,,,,,,,,,,,
Vagem,LEGUMINOSAS,,,,,44,73,20,73,,,,,,,,,,,,,,,,,,,,,,,,,,,,,,,,,,,,,,,,
Vagem (cozida),,,,,,44,73,20,73,,,,,,,,,,,,,,,,,,,,,,,,,,,,,,,,,,,,,,,,
Vagem (crua),,,,,,44,73,20,73,,,,,,,,,,,,,,,,,,,,,,,,,,,,,,,,,,,,,,,,
Vagem com manteiga/oleo,LEGUMINOSAS,,,,,44,73,20,73,,,,,,,,,,,,,,,,,,,,,,,,,,,,,,,,,,,,,,,,
Vagem cozido(a),LEGUMINOSAS,,,,,44,73,20,73,,,,,,,,,,,,,,,,,,,,,,,,,,,,,,,,,,,,,,,,
Vagem cru(a),LEGUMINOSAS,,,,,44,73,20,73,,,,,,,,,,,,,,,,,,,,,,,,,,,,,,,,,,,,,,,,
Vagem ensopado,LEGUMINOSAS,,,,,44,73,20,73,,,,,,,,,,,,,,,,,,,,,,,,,,,,,,,,,,,,,,,,
Vagem fina congelada -Daucy®,,,,,,,,,,,,,,,,,,,,,,,,,,,,,,,,,,,,,,,,,,,,,,,,,
Vagem refogado(a),LEGUMINOSAS,,,,,44,73,20,73,,,,,,,,,,,,,,,,,,,,,,,,,,,,,,,,,,,,,,,,
"Vagem, cozida, c/ sal, drenada, Phaseolus vulgaris",,,,,,44,73,20,73,,,,,,,,,,,,,,,,,,,,,,,,,,,,,,,,,,,,,,,,
"Vagem, cozida, drenada, c/ óleo de soja, c/ sal, Phaseolus vulgaris",,,,,,44,73,20,73,,,,,,,,,,,,,,,,,,,,,,,,,,,,,,,,,,,,,,,,
"Vagem, cozida, drenada, c/ óleo de soja, s/ sal, Phaseolus vulgaris",,,,,,44,73,20,73,,,,,,,,,,,,,,,,,,,,,,,,,,,,,,,,,,,,,,,,
"Vagem, cozida, s/ sal, drenada, Phaseolus vulgaris",,,,,,44,73,20,73,,,,,,,,,,,,,,,,,,,,,,,,,,,,,,,,,,,,,,,,
"Vagem, crua",,,,,,44,73,20,73,,,,,,,,,,,,,,,,,,,,,,,,,,,,,,,,,,,,,,,,
"Vagem, crua, Phaseolus vulgaris",,,,,,44,73,20,73,,,,,,,,,,,,,,,,,,,,,,,,,,,,,,,,,,,,,,,,
"Vagem, macarrão, cozida, s/ sal, Phaseolus vulgaris",,,,,,,,,,,,,,,,,,,,,,,,,,,,,,,,,,,,,,,,,,,,,,,,,
"Vagem, macarrão, crua, Phaseolus vulgaris",,,,,,,,,,,,,,,,,,,,,,,,,,,,,,,,,,,,,,,,,,,,,,,,,
"Vagem, manteiga, cozida, Phaseolus vulgaris",,,,,,44,73,20,73,,,,,,,,,,,,,,,,,,,,,,,,,,,,,,,,,,,,,,,,
"Vagem, manteiga, crua, Phaseolus vulgaris",,,,,,44,73,20,73,,,,,,,,,,,,,,,,,,,,,,,,,,,,,,,,,,,,,,,,
"Vagem, refogada, c/ sal, Phaseolus vulgaris",,,,,,44,73,20,73,,,,,,,,,,,,,,,,,,,,,,,,,,,,,,,,,,,,,,,,
"Vagem, refogada, s/ sal, Phaseolus vulgaris",,,,,,44,73,20,73,,,,,,,,,,,,,,,,,,,,,,,,,,,,,,,,,,,,,,,,
"Vanilla Whey Box, 15Uni/30G",,,,,,,,,,,,,,,,,,,,,,,,,,,,,,,,,,,,,,,,,,,,,,,,,
"Vanilla Whey Lata, 450G, 15Doses",,,,,,,,,,,,,,,,,,,,,,,,,,,,,,,,,,,,,,,,,,,,,,,,,
"Vanilla Whey Lata, 900G, 30Doses",,,,,,,,,,,,,,,,,,,,,,,,,,,,,,,,,,,,,,,,,,,,,,,,,
"Vanilla Whey Sachê, 1Uni/30G",,,,,,,,,,,,,,,,,,,,,,,,,,,,,,,,,,,,,,,,,,,,,,,,,
Vatapá (IBGE),TIPICOS,,,,,,,,,,,,,,,,,,,,,,,,,,,,,,,,,,,,,,,,,,,,,,,,
Vatapá (TACO),,,,,,,,,,,,,,,,,,,,,,,,,,,,,,,,,,,,,,,,,,,,,,,,,
Vatapá (Tucunduva),,,,,,,,,,,,,,,,,,,,,,,,,,,,,,,,,,,,,,,,,,,,,,,,,
Vatapá (TBCA),,,,,,,,,,,,,,,,,,,,,,,,,,,,,,,,,,,,,,,,,,,,,,,,,
Vatapá paraense,,,,,,,,,,,,,,,,,,,,,,,,,,,,,,,,,,,,,,,,,,,,,,,,,
Vazio (carne bovina) cozido(a),CARNE BOVINA,100,100,90,35,75,70,30,140,70,,,,,,,,,,,,,,,,,,,,,,,,,,,,,,,,,,,,,,,
Vazio (carne bovina) frito(a),CARNE BOVINA,100,100,90,35,75,70,30,140,70,,,,,,,,,,,,,,,,,,,,,,,,,,,,,,,,,,,,,,,
Vazio (carne bovina) grelhado(a)/brasa/churrasco,CARNE BOVINA,100,100,90,35,75,70,30,140,70,,,,,,,,,,,,,,,,,,,,,,,,,,,,,,,,,,,,,,,
"Vegan Delight Lata, 250G, 8Doses",,,,,,,,,,,,,,,,,,,,,,,,,,,,,,,,,,,,,,,,,,,,,,,,,
"Veggie Protein Banana Com Canela Lata, 462G, 14Doses",,,,,,,,,,,,,,,,,,,,,,,,,,,,,,,,,,,,,,,,,,,,,,,,,
"Veggie Protein Banana Com Canela, 14Uni/33G",,,,,,,,,,,,,,,,,,,,,,,,,,,,,,,,,,,,,,,,,,,,,,,,,
"Veggie Protein Banana Com Canela, 1Uni/33G",,,,,,,,,,,,,,,,,,,,,,,,,,,,,,,,,,,,,,,,,,,,,,,,,
"Veggie Protein Cacao Box, 15Uni/35G",,,,,,,,,,,,,,,,,,,,,,,,,,,,,,,,,,,,,,,,,,,,,,,,,
"Veggie Protein Cacao Lata, 455G, 13Doses",,,,,,,,,,,,,,,,,,,,,,,,,,,,,,,,,,,,,,,,,,,,,,,,,
"Veggie Protein Cacao Sachê, 1Uni/35G",,,,,,,,,,,,,,,,,,,,,,,,,,,,,,,,,,,,,,,,,,,,,,,,,
"Veggie Protein Neutro Lata, 405G, 15Doses",,,,,,,,,,,,,,,,,,,,,,,,,,,,,,,,,,,,,,,,,,,,,,,,,
"Veggie Protein Vanilla Box, 450G, 15Sachês/30G",,,,,,,,,,,,,,,,,,,,,,,,,,,,,,,,,,,,,,,,,,,,,,,,,
"Veggie Protein Vanilla Lata, 450G, 15Doses",,,,,,,,,,,,,,,,,,,,,,,,,,,,,,,,,,,,,,,,,,,,,,,,,
"Veggie Protein Vanilla Sachê, 1Uni/30G",,,,,,,,,,,,,,,,,,,,,,,,,,,,,,,,,,,,,,,,,,,,,,,,,
Vermouth doce,,,,,,,,,,,,,,,,,,,,,,,,,,,,,,,,,,,,,,,,,,,,,,,,,
Vermouth seco,,,,,,,,,,,,,,,,,,,,,,,,,,,,,,,,,,,,,,,,,,,,,,,,,
Vinagre,,,,,,,,,,,,,,,,,,,,,,,,,,,,,,,,,,,,,,,,,,,,,,,,,
Vinagre de arroz,,,,,,,,,,,,,,,,,,,,,,,,,,,,,,,,,,,,,,,,,,,,,,,,,
Vinagre de maca - Castelo®,,,,,,,,,,,,,,,,,,,,,,,,,,,,,,,,,,,,,,,,,,,,,,,,,
"Vinagre, maçã",,,,,,,,,,,,,,,,,,,,,,,,,,,,,,,,,,,,,,,,,,,,,,,,,
Vinagreira,CONDIMENTOS,,,,,,,,,,,,,,,,,,,,,,,,,,,,,,,,,,,,,,,,,,,,,,,,
Vinagrete,CONDIMENTOS,,,,,,,,,,,,,,,,,,,,,,,,,,,,,,,,,,,,,,,,,,,,,,,,
Vinho,BEBIDAS ALCOOLICAS,,,,,,,,,,,,,,,,,,,,,,,,,,,,,,,,,,,,,,,,,,,,,,,,
Vinho branco seco,,,,,,,,,,,,,,,,,,,,,,,,,,,,,,,,,,,,,,,,,,,,,,,,,
Vinho orgânico,BEBIDAS ALCOOLICAS,,,,,,,,,,,,,,,,,,,,,,,,,,,,,,,,,,,,,,,,,,,,,,,,
Vinho rose,,,,,,,,,,,,,,,,,,,,,,,,,,,,,,,,,,,,,,,,,,,,,,,,,
Vinho tinto,,,,,,,,,,,,,,,,,,,,,,,,,,,,,,,,,,,,,,,,,,,,,,,,,
Virado a paulista,,,,,,,,,,,,,,,,,,,,,,,,,,,,,,,,,,,,,,,,,,,,,,,,,
Virado à paulista (TACO),,,,,,,,,,,,,,,,,,,,,,,,,,,,,,,,,,,,,,,,,,,,,,,,,
Virado à Paulista (TBCA),,,,,,,,,,,,,,,,,,,,,,,,,,,,,,,,,,,,,,,,,,,,,,,,,
Virado de feijao lapiano,,,,,,,,,,,,,,,,,,,,,,,,,,,,,,,,,,,,,,,,,,,,,,,,,
Víscera bovina  cozido(a),VISCERAS,,,,,,,,,,,,,,,,,,,,,,,,,,,,,,,,,,,,,,,,,,,,,,,,
Víscera bovina  frito(a),VISCERAS,,,,,,,,,,,,,,,,,,,,,,,,,,,,,,,,,,,,,,,,,,,,,,,,
Vitaflocos,TIPICOS,,,,,,,,,,,,,,,,,,,,,,,,,,,,,,,,,,,,,,,,,,,,,,,,
"Vitalift, 90Caps, 1Cap/0,79G",,,,,,,,,,,,,,,,,,,,,,,,,,,,,,,,,,,,,,,,,,,,,,,,,
Vitamilho,FARINHAS/FÉCULAS/MASSAS,,,,,,,,,,,,,,,,,,,,,,,,,,,,,,,,,,,,,,,,,,,,,,,,
Vitamina,FRUTAS/SUCOS/VITAMINAS,,,,,,,,,,,,,150,240,300,,,,,,,,,,,,,,,,,,,,300,,,,,,,,,,,,,
"Vitamina (mama°, macs, banana, leite e acticar)",,,,,,,,,,,,,,150,240,300,,,,,,,,,,,,,,,,,,,,300,,,,,,,,,,,,,
Vitamina de abacate,OLEAGINOSAS,,,,,,,,,,,,,150,240,300,,,,,,,,,,,,,,,,,,,,300,,,,,,,,,,,,,
Vitamina de banana,FRUTAS/SUCOS/VITAMINAS,,,,,,,,,,,,,150,240,300,,,,,,,,,,,,,,,,,,,,300,,,,,,,,,,,,,
Vitamina de banana com aveia,FRUTAS/SUCOS/VITAMINAS,,,,,,,,,,,,,150,240,300,,,,,,,,,,,,,,,,,,,,300,,,,,,,,,,,,,
Vitamina de jenipapo,,,,,,,,,,,,,,150,240,300,,,,,,,,,,,,,,,,,,,,300,,,,,,,,,,,,,
Vitamina de maçã,FRUTAS/SUCOS/VITAMINAS,,,,,,,,,,,,,150,240,300,,,,,,,,,,,,,,,,,,,,300,,,,,,,,,,,,,
Vitamina de mamão,FRUTAS/SUCOS/VITAMINAS,,,,,,,,,,,,,150,240,300,,,,,,,,,,,,,,,,,,,,300,,,,,,,,,,,,,
Vitamina de morango,FRUTAS/SUCOS/VITAMINAS,,,,,,,,,,,,,150,240,300,,,,,,,,,,,,,,,,,,,,300,,,,,,,,,,,,,
Vitamina mista,FRUTAS/SUCOS/VITAMINAS,,,,,,,,,,,,,150,240,300,,,,,,,,,,,,,,,,,,,,300,,,,,,,,,,,,,
"Vitamina, leite de vaca integral c/ abacate, c/ açúcar",,,,,,,,,,,,,,150,240,300,,,,,,,,,,,,,,,,,,,,300,,,,,,,,,,,,,
"Vitamina, leite de vaca integral c/ abacate, s/ açúcar",,,,,,,,,,,,,,150,240,300,,,,,,,,,,,,,,,,,,,,300,,,,,,,,,,,,,
"Vitamina, leite de vaca integral c/ banana e aveia, c/ açúcar",,,,,,,,,,,,,,150,240,300,,,,,,,,,,,,,,,,,,,,300,,,,,,,,,,,,,
"Vitamina, leite de vaca integral c/ banana e aveia, s/ açúcar",,,,,,,,,,,,,,150,240,300,,,,,,,,,,,,,,,,,,,,300,,,,,,,,,,,,,
"Vitamina, leite de vaca integral c/ banana, c/ açúcar",,,,,,,,,,,,,,150,240,300,,,,,,,,,,,,,,,,,,,,300,,,,,,,,,,,,,
"Vitamina, leite de vaca integral c/ banana, mamão e maçã, c/ açúcar",,,,,,,,,,,,,,150,240,300,,,,,,,,,,,,,,,,,,,,300,,,,,,,,,,,,,
"Vitamina, leite de vaca integral c/ banana, mamão e maçã, s/ açúcar",,,,,,,,,,,,,,150,240,300,,,,,,,,,,,,,,,,,,,,300,,,,,,,,,,,,,
"Vitamina, leite de vaca integral c/ banana, s/ açúcar",,,,,,,,,,,,,,150,240,300,,,,,,,,,,,,,,,,,,,,300,,,,,,,,,,,,,
"Vitamina, leite de vaca integral c/ maçã, c/ açúcar",,,,,,,,,,,,,,150,240,300,,,,,,,,,,,,,,,,,,,,300,,,,,,,,,,,,,
"Vitamina, leite de vaca integral c/ maçã, s/ açúcar",,,,,,,,,,,,,,150,240,300,,,,,,,,,,,,,,,,,,,,300,,,,,,,,,,,,,
"Vitamina, leite de vaca integral c/ mamão, c/ açúcar",,,,,,,,,,,,,,150,240,300,,,,,,,,,,,,,,,,,,,,300,,,,,,,,,,,,,
"Vitamina, leite de vaca integral c/ mamão, s/ açúcar",,,,,,,,,,,,,,150,240,300,,,,,,,,,,,,,,,,,,,,300,,,,,,,,,,,,,
"Vitamina, leite de vaca integral c/ morango, c/ açúcar",,,,,,,,,,,,,,150,240,300,,,,,,,,,,,,,,,,,,,,300,,,,,,,,,,,,,
"Vitamina, leite de vaca integral c/ morango, s/ açúcar",,,,,,,,,,,,,,150,240,300,,,,,,,,,,,,,,,,,,,,300,,,,,,,,,,,,,
"Vitannina de frutas (maniac), maca e banana) - Batavo®",,,,,,,,,,,,,,150,240,300,,,,,,,,,,,,,,,,,,,,300,,,,,,,,,,,,,
Vitela (assada) - came bovina,,,,,,,,,,,,,,,,,,,,,,,,,,,,,,,,,,,,,,,,,,,,,,,,,
Vitela file (cru) - carne bovina,,,,,,,,,,,,,,,,,,,,,,,,,,,,,,,,,,,,,,,,,,,,,,,,,
Vivonex plus - Nestle°,,,,,,,,,,,,,,,,,,,,,,,,,,,,,,,,,,,,,,,,,,,,,,,,,
Vodka,BEBIDAS ALCOOLICAS,,,,,,,,,,,,,,,,,,,,,,,,,,,,,,,,,,,,,,,,,,,,,,,,
Waffer (biscoito),AÇUCARES/CONFEITARIA,,,,,,,,,,,,,,,,,,,,,,,,,,,,,,,,,,,,,,,,,,,,,,,,
Waffer (biscoito) light,AÇUCARES/CONFEITARIA,,,,,,,,,,,,,,,,,,,,,,,,,,,,,,,,,,,,,,,,,,,,,,,,
Waffles belgian congelados -Guli Guli®,,,,,,,,,,,,,,,,,,,,,,,,,,,,,,,,,,,,,,,,,,,,,,,,,
Wassabi (pO),,,,,,,,,,,,,,,,,,,,,,,,,,,,,,,,,,,,,,,,,,,,,,,,,
Whisky,BEBIDAS ALCOOLICAS,,,,,,,,,,,,,,,,,,,,,,,,,,,,,,,,,,,,,,,,,,,,,,,,
Xerém de milho,SOPAS/CALDOS/MINGAUS,,,,,,,,,,,,,,,,,,,,,,,,,,,,,,,,,,,,,,,,,,,,,,,,
Xinxim de galinha,,,,,,,,,,,,,,,,,,,,,,,,,,,,,,,,,,,,,,,,,,,,,,,,,
XMET Maxamum,,,,,,,,,,,,,,,,,,,,,,,,,,,,,,,,,,,,,,,,,,,,,,,,,
XMTVI Maxamaid,,,,,,,,,,,,,,,,,,,,,,,,,,,,,,,,,,,,,,,,,,,,,,,,,
XPT Maxamaid,,,,,,,,,,,,,,,,,,,,,,,,,,,,,,,,,,,,,,,,,,,,,,,,,
"Xylitol Box, 250G, 50Sachês/5G",,,,,,,,,,,,,,,,,,,,,,,,,,,,,,,,,,,,,,,,,,,,,,,,,
"Xylitol Lata, 300G, 90Doses/3,3G",,,,,,,,,,,,,,,,,,,,,,,,,,,,,,,,,,,,,,,,,,,,,,,,,
"Xylitol Lata, 900G, 272Doses/3,3G",,,,,,,,,,,,,,,,,,,,,,,,,,,,,,,,,,,,,,,,,,,,,,,,,
Ya kult 40®,,,,,,,,,,,,,,,,,,,,,,,,,,,,,,,,,,,,,,,,,,,,,,,,,
Yakisoba,,,,,,,,,,,,,,,,,,,,,,,,,,,,,,,,,,,,,,,,,,,,,,,,,
Yakissoba (IBGE),SOPAS/CALDOS/MINGAUS,,,,,,,,,,,,,,,,,,,,,,,,,,,,,,,,,,,,,,,,,,,,,,,,
Yakissoba (TBCA),,,,,,,,,,,,,,,,,,,,,,,,,,,,,,,,,,,,,,,,,,,,,,,,,
Yakissoba (sopa de legumes desidratada) light,SOPAS/CALDOS/MINGAUS,,,,,,,,,,,,,,,,,,,,,,,,,,,,,,,,,,,,,,,,,,,,,,,,
Yakissoba congelado - Sadia®,,,,,,,,,,,,,,,,,,,,,,,,,,,,,,,,,,,,,,,,,,,,,,,,,
Yakult de qualquer sabor,BEBIDAS DOCES,,,,,,,,,,,,,,,,,,,,,,,,,,,,,,,,,,,,,,,,,,,,,,,,
Yakult®,,,,,,,,,,,,,,,,,,,,,,,,,,,,,,,,,,,,,,,,,,,,,,,,,
"Zymelift, 90G, 30Sachês/3G",,,,,,,,,,,,,,,,,,,,,,,,,,,,,,,,,,,,,,,,,,,,,,,,,
Achocolatado em pó Toddy,,,,,,,30,16,,,4,2,11,,,,,,,,,,,,,,,,,,,,,,,,,,,,,,,,,,,,
Damasco desidratado,,,,,,,,,,,,,,,,,,,,,,,,,,,,,,,,,,,,,,,,,,,,,,,,,
Kefir de leite,,,,,,,,,,,,,,,,,,,,,,,,,,,,,,,,,,,,,,,,,,,,,,,,,
Pasta de amendoim Max Titanium,,,,,,,,,,,,,,,,,,,,,,,,,,,,,,,,,,,,,,,,,,,,,,,,,
Semente de abóbora torradas,,,,,,,,,,,,,,,,,,,,,,,,,,,,,,,,,,,,,,,,,,,,,,,,,
Semente de girassol sem casca,,,,,,,,,,,,,,,,,,,,,,,,,,,,,,,,,,,,,,,,,,,,,,,,,
Semente de girassol tostadas e salgadas,,,,,,,,,,,,,,,,,,,,,,,,,,,,,,,,,,,,,,,,,,,,,,,,,
Whey Protein Isolado Integralmedica,,,,,,,,,,,,,,,,,,,,,,,,,,,,,,,,,,,,,,,,,,,,,,,,,
Rap10,,,,,,,,,,,,,,,,,,,,,,,,,,,,,,,,,,,,,,,,,,,,,,,,,
Doce de leite La Sereníssima,,,,,,,,,,,,,,,,,,,,,,,,,,,,,,,,,,,,,,,,,,,,,,,,,
Leite Ninho,,,,,,,,,,,,,,,,,,,,,,,,,,,,,,,,,,,,,,,,,,,,,,,,,
Iogurte pense zero batavo ,,,,,,,,,,,,,,,,,,,,,,,,,,,,,,,,,,,,,,,,,,,,,,,,,
Iogurte pense zero batavo (batido),,,,,,,,,,,,,,,,,,,,,,,,,,,,,,,,,,,,,,,,,,,,,,,,,
Iogurte pense zero pedaços,,,,,,,,,,,,,,,,,,,,,,,,,,,,,,,,,,,,,,,,,,,,,,,,,
Whey 100% Integralmedica,,,,,,,,,,,,,,,,,,,,,,,,,,,,,,,,,,,,,,,,,,,,,,,,,
Filé de Tilápia,,,,,,,,,,,,,,,,,,,,,,,,,,,,,,,,,,,,,,,,,,,,,,,,,
Pão Francês (sem miolo),,,,,,,,,,,,,,,,,,,,,,,,,,,,,,,,,,,,,,,,,,,,,,,,,
Chia em grãos,,,,,,,,,,,,,,,,,,,,,,,,,,,,,,,,,,,,,,,,,,,,,,,,,
Psyllium,,,,,,,,,,,,,,,,,,,,,,,,,,,,,,,,,,,,,,,,,,,,,,,,,
Creme de Ricota Ligth,,,,,,,,,,,,,,,,,,,,,,,,,,,,,,,,,,,,,,,,,,,,,,,,,
